layer,split,rank_abs_mean_difference,feature_id,mean_safe,mean_unsafe,unsafe_minus_safe,prevalence_safe,prevalence_unsafe
20,train,1,14068,4.819307804107666,4.713897705078125,-0.10541009902954102,1.0,1.0
20,train,2,422,1.0416984558105469,1.1348605155944824,0.09316205978393555,1.0,1.0
20,train,3,6774,0.43161582946777344,0.34265100955963135,-0.08896481990814209,1.0,1.0
20,train,4,6557,0.9059532284736633,0.8176327347755432,-0.08832049369812012,1.0,1.0
20,train,5,9619,1.2363654375076294,1.320803165435791,0.08443772792816162,1.0,1.0
20,train,6,2251,0.5242780447006226,0.4430018663406372,-0.08127617835998535,1.0,1.0
20,train,7,9444,1.9698389768600464,2.050248384475708,0.08040940761566162,1.0,1.0
20,train,8,13068,0.861349880695343,0.7854837775230408,-0.07586610317230225,1.0,1.0
20,train,9,1582,0.8647980093955994,0.9395104646682739,0.07471245527267456,1.0,1.0
20,train,10,16472,1.8649349212646484,1.7913175821304321,-0.07361733913421631,1.0,1.0
20,train,11,21729,1.5639095306396484,1.4912370443344116,-0.07267248630523682,1.0,1.0
20,train,12,6278,1.5844062566757202,1.5126738548278809,-0.07173240184783936,1.0,1.0
20,train,13,27987,0.9250400066375732,0.853571355342865,-0.07146865129470825,1.0,1.0
20,train,14,1681,2.5416619777679443,2.4705207347869873,-0.07114124298095703,1.0,1.0
20,train,15,15029,1.9852186441421509,1.9143420457839966,-0.0708765983581543,1.0,1.0
20,train,16,509,0.7385774254798889,0.6680236458778381,-0.07055377960205078,1.0,1.0
20,train,17,24682,1.0676497220993042,1.137249231338501,0.06959950923919678,1.0,1.0
20,train,18,17969,1.6404589414596558,1.709553837776184,0.06909489631652832,1.0,1.0
20,train,19,6637,1.2916371822357178,1.3604739904403687,0.06883680820465088,1.0,1.0
20,train,20,22847,1.0610069036483765,0.9931163787841797,-0.06789052486419678,1.0,1.0
20,train,21,17655,0.5293934941291809,0.46176373958587646,-0.06762975454330444,1.0,1.0
20,train,22,4153,1.1302672624588013,1.0630180835723877,-0.06724917888641357,1.0,1.0
20,train,23,6749,0.9353398680686951,1.0016788244247437,0.06633895635604858,1.0,1.0
20,train,24,12837,0.5888315439224243,0.6551572680473328,0.06632572412490845,1.0,1.0
20,train,25,4920,0.9648123383522034,0.8984963893890381,-0.06631594896316528,1.0,1.0
20,train,26,16985,2.5534451007843018,2.619753122329712,0.06630802154541016,1.0,1.0
20,train,27,26748,0.7078917026519775,0.6418581604957581,-0.06603354215621948,1.0,1.0
20,train,28,1132,0.8352013230323792,0.9011828303337097,0.06598150730133057,1.0,1.0
20,train,29,777,0.8681087493896484,0.9334057569503784,0.06529700756072998,1.0,1.0
20,train,30,17914,1.1193784475326538,1.0541058778762817,-0.06527256965637207,1.0,1.0
20,train,31,3358,0.7537445425987244,0.6885724067687988,-0.06517213582992554,1.0,1.0
20,train,32,6576,1.740486979484558,1.6753565073013306,-0.06513047218322754,1.0,1.0
20,train,33,22970,0.9477435946464539,1.0128463506698608,0.06510275602340698,1.0,1.0
20,train,34,2277,0.8210368156433105,0.7563381195068359,-0.06469869613647461,1.0,1.0
20,train,35,6678,0.6491150856018066,0.5851539373397827,-0.06396114826202393,1.0,1.0
20,train,36,19213,2.0511717796325684,2.114903450012207,0.06373167037963867,1.0,1.0
20,train,37,19350,1.049242377281189,0.9855777025222778,-0.06366467475891113,1.0,1.0
20,train,38,25171,0.832344114780426,0.7688539624214172,-0.06349015235900879,1.0,1.0
20,train,39,1249,0.9601104259490967,1.02348792552948,0.0633774995803833,1.0,1.0
20,train,40,19264,0.8300631046295166,0.7666948437690735,-0.06336826086044312,1.0,1.0
20,train,41,22774,0.5174958109855652,0.4543704390525818,-0.0631253719329834,1.0,1.0
20,train,42,3244,1.0318523645401,1.094889521598816,0.06303715705871582,1.0,1.0
20,train,43,5318,1.3793116807937622,1.3164883852005005,-0.06282329559326172,1.0,1.0
20,train,44,7791,0.691153347492218,0.7539272308349609,0.06277388334274292,1.0,1.0
20,train,45,1702,2.27736496925354,2.2150869369506836,-0.062278032302856445,1.0,1.0
20,train,46,20022,0.40402618050575256,0.34190043807029724,-0.06212574243545532,1.0,1.0
20,train,47,6131,0.4759282171726227,0.5379346609115601,0.06200644373893738,1.0,1.0
20,train,48,11244,0.5033890008926392,0.44148021936416626,-0.0619087815284729,1.0,1.0
20,train,49,23720,0.43453648686408997,0.37264081835746765,-0.061895668506622314,1.0,1.0
20,train,50,13725,1.121623158454895,1.0600669384002686,-0.061556220054626465,1.0,1.0
20,train,51,18493,1.1694494485855103,1.1079537868499756,-0.06149566173553467,1.0,1.0
20,train,52,21634,0.8072548508644104,0.8686744570732117,0.06141960620880127,1.0,1.0
20,train,53,13637,0.4864561855792999,0.5478394031524658,0.061383217573165894,1.0,1.0
20,train,54,9547,1.115491271018982,1.1767107248306274,0.06121945381164551,1.0,1.0
20,train,55,8652,0.4586580693721771,0.5198667049407959,0.061208635568618774,1.0,1.0
20,train,56,14056,0.7320385575294495,0.7932093143463135,0.061170756816864014,1.0,1.0
20,train,57,6335,0.864722490310669,0.8035857677459717,-0.061136722564697266,1.0,1.0
20,train,58,20523,1.2781832218170166,1.3390147686004639,0.060831546783447266,1.0,1.0
20,train,59,26371,1.8395962715148926,1.9004262685775757,0.060829997062683105,1.0,1.0
20,train,60,17686,0.9598535895347595,0.8993148803710938,-0.06053870916366577,1.0,1.0
20,train,61,1783,0.6588148474693298,0.5984155535697937,-0.06039929389953613,1.0,1.0
20,train,62,16461,0.7075448632240295,0.6474899053573608,-0.0600549578666687,1.0,1.0
20,train,63,26630,0.7712399959564209,0.7115142345428467,-0.05972576141357422,1.0,1.0
20,train,64,17078,2.6274044513702393,2.5677835941314697,-0.05962085723876953,1.0,1.0
20,train,65,19740,0.8351084589958191,0.7755439281463623,-0.05956453084945679,1.0,1.0
20,train,66,27256,2.3864357471466064,2.4459927082061768,0.05955696105957031,1.0,1.0
20,train,67,20382,1.877406120300293,1.817862629890442,-0.059543490409851074,1.0,1.0
20,train,68,28188,0.9387845993041992,0.998066246509552,0.05928164720535278,1.0,1.0
20,train,69,20867,1.0167568922042847,0.9578166604042053,-0.058940231800079346,1.0,1.0
20,train,70,16686,0.5664101243019104,0.625173032283783,0.05876290798187256,1.0,1.0
20,train,71,11308,1.0938738584518433,1.1526323556900024,0.05875849723815918,1.0,1.0
20,train,72,7125,0.9157273769378662,0.8569737076759338,-0.05875366926193237,1.0,1.0
20,train,73,1525,1.3767071962356567,1.4353607892990112,0.05865359306335449,1.0,1.0
20,train,74,3567,0.5559485554695129,0.4976366460323334,-0.058311909437179565,1.0,1.0
20,train,75,25775,1.1515014171600342,1.2098097801208496,0.05830836296081543,1.0,1.0
20,train,76,16235,2.0429418087005615,2.101105213165283,0.05816340446472168,1.0,1.0
20,train,77,21480,1.2847007513046265,1.2265442609786987,-0.058156490325927734,1.0,1.0
20,train,78,10036,0.6985874176025391,0.6405045390129089,-0.05808287858963013,1.0,1.0
20,train,79,13547,1.0377131700515747,0.9797394871711731,-0.05797368288040161,1.0,1.0
20,train,80,16967,1.3332407474517822,1.3912087678909302,0.05796802043914795,1.0,1.0
20,train,81,7328,0.3779524266719818,0.3200009763240814,-0.05795145034790039,1.0,1.0
20,train,82,2199,1.721560001373291,1.6637543439865112,-0.057805657386779785,1.0,1.0
20,train,83,12249,0.9935739636421204,1.0513701438903809,0.0577961802482605,1.0,1.0
20,train,84,17048,0.648350715637207,0.7060787081718445,0.05772799253463745,1.0,1.0
20,train,85,22072,0.7539076805114746,0.8114798069000244,0.057572126388549805,1.0,1.0
20,train,86,17868,0.589353621006012,0.5318348407745361,-0.05751878023147583,1.0,1.0
20,train,87,14280,0.9899265766143799,0.9324599504470825,-0.05746662616729736,1.0,1.0
20,train,88,6930,1.4878206253051758,1.4305295944213867,-0.05729103088378906,1.0,1.0
20,train,89,12289,0.7543769478797913,0.6971900463104248,-0.057186901569366455,1.0,1.0
20,train,90,15467,0.6473962068557739,0.5902144908905029,-0.057181715965270996,1.0,1.0
20,train,91,17533,0.7594097256660461,0.8165254592895508,0.05711573362350464,1.0,1.0
20,train,92,20399,0.33123910427093506,0.27414214611053467,-0.05709695816040039,1.0,1.0
20,train,93,25418,0.5023855566978455,0.44529518485069275,-0.05709037184715271,1.0,1.0
20,train,94,14206,0.7749390006065369,0.7179032564163208,-0.057035744190216064,1.0,1.0
20,train,95,3957,0.8044078350067139,0.7473964691162109,-0.05701136589050293,1.0,1.0
20,train,96,18413,0.4346601068973541,0.37771356105804443,-0.05694654583930969,1.0,1.0
20,train,97,6382,0.7057092189788818,0.7626392245292664,0.05693000555038452,1.0,1.0
20,train,98,5076,1.1607184410095215,1.1039623022079468,-0.05675613880157471,1.0,1.0
20,train,99,8545,0.5224972367286682,0.4657762944698334,-0.05672094225883484,1.0,1.0
20,train,100,9175,1.3310476541519165,1.2743638753890991,-0.05668377876281738,1.0,1.0
20,train,101,11485,0.6376236081123352,0.6942937970161438,0.056670188903808594,1.0,1.0
20,train,102,26015,0.573395311832428,0.5169420838356018,-0.05645322799682617,1.0,1.0
20,train,103,22637,1.2988688945770264,1.2424663305282593,-0.05640256404876709,1.0,1.0
20,train,104,22342,0.48677685856819153,0.5428761839866638,0.05609932541847229,1.0,1.0
20,train,105,27525,0.7647171020507812,0.7086493372917175,-0.05606776475906372,1.0,1.0
20,train,106,21853,1.5013974905014038,1.5574345588684082,0.056037068367004395,1.0,1.0
20,train,107,23077,3.728483200073242,3.784423828125,0.05594062805175781,1.0,1.0
20,train,108,5000,0.6586808562278748,0.6028025150299072,-0.05587834119796753,1.0,1.0
20,train,109,7734,1.1417644023895264,1.0859013795852661,-0.055863022804260254,1.0,1.0
20,train,110,7681,0.8676475882530212,0.8118807673454285,-0.05576682090759277,1.0,1.0
20,train,111,17106,0.43296051025390625,0.37723076343536377,-0.05572974681854248,1.0,1.0
20,train,112,17308,2.1261088848114014,2.0704152584075928,-0.055693626403808594,1.0,1.0
20,train,113,9466,0.6047003269195557,0.5490767955780029,-0.055623531341552734,1.0,1.0
20,train,114,23036,1.0585541725158691,1.0029464960098267,-0.05560767650604248,1.0,1.0
20,train,115,1310,1.0558027029037476,1.0002713203430176,-0.05553138256072998,1.0,1.0
20,train,116,14744,0.7303311228752136,0.7858347296714783,0.05550360679626465,1.0,1.0
20,train,117,12399,1.3153204917907715,1.2598695755004883,-0.0554509162902832,1.0,1.0
20,train,118,24680,1.0051440000534058,1.0605652332305908,0.05542123317718506,1.0,1.0
20,train,119,21627,0.47163522243499756,0.5270528793334961,0.055417656898498535,1.0,1.0
20,train,120,5864,0.7022791504859924,0.6469076871871948,-0.05537146329879761,1.0,1.0
20,train,121,11745,0.8857210278511047,0.9410908222198486,0.055369794368743896,1.0,1.0
20,train,122,7630,0.5733448266983032,0.6286799907684326,0.055335164070129395,1.0,1.0
20,train,123,26514,1.4625104665756226,1.4071868658065796,-0.05532360076904297,1.0,1.0
20,train,124,26464,0.8776023387908936,0.8223355412483215,-0.05526679754257202,1.0,1.0
20,train,125,13443,1.350725531578064,1.4059805870056152,0.05525505542755127,1.0,1.0
20,train,126,19108,0.6584761738777161,0.6032677292823792,-0.055208444595336914,1.0,1.0
20,train,127,27625,0.8244922757148743,0.7693325281143188,-0.05515974760055542,1.0,1.0
20,train,128,19074,1.2400695085525513,1.1850066184997559,-0.05506289005279541,1.0,1.0
20,train,129,22785,0.7772238254547119,0.7222576141357422,-0.05496621131896973,1.0,1.0
20,train,130,18039,0.9082152247428894,0.9631469249725342,0.054931700229644775,1.0,1.0
20,train,131,27444,0.7410123944282532,0.6862490177154541,-0.05476337671279907,1.0,1.0
20,train,132,4750,0.8298804759979248,0.7751309871673584,-0.054749488830566406,1.0,1.0
20,train,133,9703,0.46463820338249207,0.4098934233188629,-0.05474478006362915,1.0,1.0
20,train,134,14368,1.955931544303894,1.9012069702148438,-0.05472457408905029,1.0,1.0
20,train,135,2230,0.8114317059516907,0.7569285035133362,-0.05450320243835449,1.0,1.0
20,train,136,6745,0.5120929479598999,0.4576810598373413,-0.054411888122558594,1.0,1.0
20,train,137,6716,1.0609192848205566,1.115328311920166,0.054409027099609375,1.0,1.0
20,train,138,27386,1.2972079515457153,1.35159170627594,0.05438375473022461,1.0,1.0
20,train,139,17858,0.7866365909576416,0.8408883213996887,0.05425173044204712,1.0,1.0
20,train,140,2301,0.7596359252929688,0.7054101228713989,-0.054225802421569824,1.0,1.0
20,train,141,3785,2.2874488830566406,2.2332372665405273,-0.05421161651611328,1.0,1.0
20,train,142,3267,0.6456396579742432,0.5915277004241943,-0.05411195755004883,1.0,1.0
20,train,143,785,0.3429562747478485,0.2889903783798218,-0.05396589636802673,1.0,1.0
20,train,144,21616,1.025557518005371,0.9716048836708069,-0.05395263433456421,1.0,1.0
20,train,145,19013,1.6838444471359253,1.7375389337539673,0.05369448661804199,1.0,1.0
20,train,146,24027,0.9214165210723877,0.9750453233718872,0.05362880229949951,1.0,1.0
20,train,147,7472,0.8225371241569519,0.7689603567123413,-0.053576767444610596,1.0,1.0
20,train,148,3594,1.2120541334152222,1.1585129499435425,-0.05354118347167969,1.0,1.0
20,train,149,4979,0.6988050937652588,0.7523313760757446,0.05352628231048584,1.0,1.0
20,train,150,10050,0.8898835182189941,0.8363797664642334,-0.05350375175476074,1.0,1.0
20,train,151,17248,3.3352558612823486,3.28190016746521,-0.05335569381713867,1.0,1.0
20,train,152,7045,0.8666872978210449,0.8133578300476074,-0.0533294677734375,1.0,1.0
20,train,153,14048,1.0689443349838257,1.121924877166748,0.05298054218292236,1.0,1.0
20,train,154,23578,0.8201060891151428,0.7672960758209229,-0.05281001329421997,1.0,1.0
20,train,155,3307,0.5812922120094299,0.5285046100616455,-0.052787601947784424,1.0,1.0
20,train,156,8161,1.3721476793289185,1.4249262809753418,0.05277860164642334,1.0,1.0
20,train,157,2172,3.1171672344207764,3.0644023418426514,-0.052764892578125,1.0,1.0
20,train,158,1728,1.3979681730270386,1.3452415466308594,-0.0527266263961792,1.0,1.0
20,train,159,26744,0.6860987544059753,0.7388089299201965,0.05271017551422119,1.0,1.0
20,train,160,14642,0.49114808440208435,0.5438423752784729,0.05269429087638855,1.0,1.0
20,train,161,2063,0.4557783603668213,0.5084320902824402,0.052653729915618896,1.0,1.0
20,train,162,25768,0.956310510635376,1.008866786956787,0.05255627632141113,1.0,1.0
20,train,163,3459,0.9857707023620605,1.0383048057556152,0.05253410339355469,1.0,1.0
20,train,164,21323,0.7568790316581726,0.8094114065170288,0.0525323748588562,1.0,1.0
20,train,165,13485,0.6861510276794434,0.6337941288948059,-0.05235689878463745,1.0,1.0
20,train,166,24949,0.7915403246879578,0.7391865253448486,-0.05235379934310913,1.0,1.0
20,train,167,4715,0.6584216952323914,0.6062082648277283,-0.052213430404663086,1.0,1.0
20,train,168,10048,0.8712431788444519,0.8190521001815796,-0.052191078662872314,1.0,1.0
20,train,169,27314,0.6276723742485046,0.6798447966575623,0.05217242240905762,1.0,1.0
20,train,170,18486,0.5034132599830627,0.4512910842895508,-0.05212217569351196,1.0,1.0
20,train,171,23431,0.9298283457756042,0.9818921685218811,0.052063822746276855,1.0,1.0
20,train,172,13167,0.6582549214363098,0.7102740406990051,0.05201911926269531,1.0,1.0
20,train,173,4514,0.5612610578536987,0.5092543959617615,-0.052006661891937256,1.0,1.0
20,train,174,15300,0.6031272411346436,0.6551150679588318,0.05198782682418823,1.0,1.0
20,train,175,4504,0.5068192481994629,0.4548884928226471,-0.051930755376815796,1.0,1.0
20,train,176,15866,0.6499544978141785,0.5980260372161865,-0.05192846059799194,1.0,1.0
20,train,177,2419,0.6276686191558838,0.6795853972434998,0.05191677808761597,1.0,1.0
20,train,178,19860,0.638573944568634,0.5866585969924927,-0.05191534757614136,1.0,1.0
20,train,179,25751,0.7929880023002625,0.8448955416679382,0.05190753936767578,1.0,1.0
20,train,180,28441,0.8239265084266663,0.7720208764076233,-0.05190563201904297,1.0,1.0
20,train,181,24261,0.6908820271492004,0.6390616297721863,-0.05182039737701416,1.0,1.0
20,train,182,2853,0.5795770287513733,0.5278606414794922,-0.051716387271881104,1.0,1.0
20,train,183,4982,0.6578975319862366,0.6063175797462463,-0.051579952239990234,1.0,1.0
20,train,184,20700,1.4508494138717651,1.3992979526519775,-0.0515514612197876,1.0,1.0
20,train,185,58,0.62262362241745,0.5710999965667725,-0.05152362585067749,1.0,1.0
20,train,186,11426,1.3114655017852783,1.2599561214447021,-0.05150938034057617,1.0,1.0
20,train,187,28669,0.6993681788444519,0.647937536239624,-0.05143064260482788,1.0,1.0
20,train,188,13914,0.5339601039886475,0.4825328588485718,-0.051427245140075684,1.0,1.0
20,train,189,28288,0.9758026003837585,1.0272257328033447,0.05142313241958618,1.0,1.0
20,train,190,2796,0.9645307064056396,0.9131787419319153,-0.051351964473724365,1.0,1.0
20,train,191,10256,0.5763565897941589,0.6276971697807312,0.051340579986572266,1.0,1.0
20,train,192,25196,1.6384273767471313,1.5872427225112915,-0.051184654235839844,1.0,1.0
20,train,193,23801,0.4150552749633789,0.36388352513313293,-0.05117174983024597,1.0,1.0
20,train,194,256,0.8839055895805359,0.8327426910400391,-0.051162898540496826,1.0,1.0
20,train,195,9165,0.6916845440864563,0.6406776905059814,-0.051006853580474854,1.0,1.0
20,train,196,12769,1.0173979997634888,1.0683951377868652,0.050997138023376465,1.0,1.0
20,train,197,27257,0.23361515998840332,0.18263870477676392,-0.050976455211639404,0.9895833333333334,0.9791666666666666
20,train,198,2589,1.1449031829833984,1.0940015316009521,-0.05090165138244629,1.0,1.0
20,train,199,10089,0.5544753074645996,0.5036364197731018,-0.0508388876914978,1.0,1.0
20,train,200,12115,0.6670315861701965,0.7178184986114502,0.05078691244125366,1.0,1.0
20,train,201,3569,1.1318315267562866,1.1825922727584839,0.050760746002197266,1.0,1.0
20,train,202,834,0.6201998591423035,0.5694450736045837,-0.05075478553771973,1.0,1.0
20,train,203,25253,0.8581971526145935,0.8075238466262817,-0.05067330598831177,1.0,1.0
20,train,204,21256,0.2426491230726242,0.29321491718292236,0.05056579411029816,1.0,1.0
20,train,205,24150,1.3753267526626587,1.3248496055603027,-0.05047714710235596,1.0,1.0
20,train,206,24624,0.609250545501709,0.558774471282959,-0.05047607421875,1.0,1.0
20,train,207,19770,0.8571003079414368,0.8066614270210266,-0.050438880920410156,1.0,1.0
20,train,208,11571,0.8560757040977478,0.8056501150131226,-0.050425589084625244,1.0,1.0
20,train,209,3705,0.722111165523529,0.7725210785865784,0.050409913063049316,1.0,1.0
20,train,210,19889,0.5389122366905212,0.4885057806968689,-0.050406455993652344,1.0,1.0
20,train,211,10675,0.8581393361091614,0.8077399134635925,-0.05039942264556885,1.0,1.0
20,train,212,24595,0.9908991456031799,1.0412019491195679,0.05030280351638794,1.0,1.0
20,train,213,27662,0.5330965518951416,0.4828866720199585,-0.050209879875183105,1.0,1.0
20,train,214,13646,4.087775707244873,4.037622928619385,-0.05015277862548828,1.0,1.0
20,train,215,12060,0.9247629642486572,0.8746340274810791,-0.050128936767578125,1.0,1.0
20,train,216,4912,0.5022344589233398,0.4521195590496063,-0.05011489987373352,1.0,1.0
20,train,217,16953,0.9107549786567688,0.860672116279602,-0.05008286237716675,1.0,1.0
20,train,218,24399,0.8308857083320618,0.8809080719947815,0.05002236366271973,1.0,1.0
20,train,219,23400,0.6618160605430603,0.6118263006210327,-0.04998975992202759,1.0,1.0
20,train,220,4951,0.6329856514930725,0.6829720735549927,0.049986422061920166,1.0,1.0
20,train,221,8851,0.8292339444160461,0.7792509198188782,-0.04998302459716797,1.0,1.0
20,train,222,6002,1.7676688432693481,1.8176100254058838,0.049941182136535645,1.0,1.0
20,train,223,5412,0.6814380288124084,0.7312657833099365,0.049827754497528076,1.0,1.0
20,train,224,23204,0.7171639800071716,0.6673508286476135,-0.049813151359558105,1.0,1.0
20,train,225,27394,0.8996127247810364,0.8498701453208923,-0.04974257946014404,1.0,1.0
20,train,226,24067,1.4690961837768555,1.4194018840789795,-0.04969429969787598,1.0,1.0
20,train,227,8747,0.40749892592430115,0.3578062355518341,-0.04969269037246704,1.0,1.0
20,train,228,25668,0.5608071684837341,0.5111274719238281,-0.049679696559906006,1.0,1.0
20,train,229,19584,1.6223015785217285,1.5726219415664673,-0.04967963695526123,1.0,1.0
20,train,230,28456,1.0388972759246826,1.0885381698608398,0.04964089393615723,1.0,1.0
20,train,231,21942,0.8264927864074707,0.7768869400024414,-0.0496058464050293,1.0,1.0
20,train,232,23787,1.1451853513717651,1.0956311225891113,-0.04955422878265381,1.0,1.0
20,train,233,3345,0.7727200984954834,0.7231808304786682,-0.049539268016815186,1.0,1.0
20,train,234,18026,1.1033180952072144,1.1528313159942627,0.04951322078704834,1.0,1.0
20,train,235,17587,1.4544466733932495,1.5039597749710083,0.04951310157775879,1.0,1.0
20,train,236,21571,0.8672289252281189,0.8177359104156494,-0.04949301481246948,1.0,1.0
20,train,237,27410,0.7283775806427002,0.6789212822914124,-0.04945629835128784,1.0,1.0
20,train,238,4824,1.5923935174942017,1.542980670928955,-0.04941284656524658,1.0,1.0
20,train,239,18257,0.9189934134483337,0.8695883750915527,-0.049405038356781006,1.0,1.0
20,train,240,12093,0.8645915985107422,0.8152002692222595,-0.049391329288482666,1.0,1.0
20,train,241,15744,0.5430957674980164,0.49371835589408875,-0.04937741160392761,1.0,1.0
20,train,242,6353,1.0071454048156738,0.9578545689582825,-0.04929083585739136,1.0,1.0
20,train,243,4095,0.5422436594963074,0.49298471212387085,-0.04925894737243652,1.0,1.0
20,train,244,24681,0.4704793691635132,0.4212610125541687,-0.04921835660934448,1.0,1.0
20,train,245,2326,0.7397699356079102,0.690558671951294,-0.04921126365661621,1.0,1.0
20,train,246,2087,0.5121253728866577,0.4629167318344116,-0.049208641052246094,1.0,1.0
20,train,247,7303,1.3778516054153442,1.4269871711730957,0.049135565757751465,1.0,1.0
20,train,248,22219,1.1433961391448975,1.1925265789031982,0.04913043975830078,1.0,1.0
20,train,249,19268,0.5513007044792175,0.600415825843811,0.049115121364593506,1.0,1.0
20,train,250,12729,0.854688823223114,0.8056067228317261,-0.04908210039138794,1.0,1.0
20,train,251,25726,0.7837791442871094,0.7347027063369751,-0.04907643795013428,1.0,1.0
20,train,252,3611,0.9517443180084229,1.000728964805603,0.048984646797180176,1.0,1.0
20,train,253,10183,0.8379853367805481,0.8868604898452759,0.04887515306472778,1.0,1.0
20,train,254,2729,0.38601553440093994,0.43488776683807373,0.04887223243713379,1.0,1.0
20,train,255,15155,1.0002230405807495,1.049013376235962,0.0487903356552124,1.0,1.0
20,train,256,25257,1.2806651592254639,1.2318975925445557,-0.0487675666809082,1.0,1.0
20,train,257,28462,2.7648744583129883,2.716151714324951,-0.04872274398803711,1.0,1.0
20,train,258,499,0.6088736653327942,0.6575894951820374,0.048715829849243164,1.0,1.0
20,train,259,19190,1.4346672296524048,1.38600492477417,-0.04866230487823486,1.0,1.0
20,train,260,28052,0.45430150628089905,0.4057081639766693,-0.048593342304229736,1.0,1.0
20,train,261,16402,0.7009912133216858,0.6524267196655273,-0.04856449365615845,1.0,1.0
20,train,262,17319,0.25004544854164124,0.2985619604587555,0.04851651191711426,1.0,1.0
20,train,263,22331,0.6131618618965149,0.661662220954895,0.04850035905838013,1.0,1.0
20,train,264,20421,1.1606162786483765,1.209033727645874,0.04841744899749756,1.0,1.0
20,train,265,16004,1.0645333528518677,1.1129486560821533,0.048415303230285645,1.0,1.0
20,train,266,18962,0.9488480091094971,0.9972362518310547,0.04838824272155762,1.0,1.0
20,train,267,1961,2.2552056312561035,2.2068533897399902,-0.04835224151611328,1.0,1.0
20,train,268,23953,1.1492048501968384,1.1008610725402832,-0.048343777656555176,1.0,1.0
20,train,269,27203,0.4892636239528656,0.4409297704696655,-0.04833385348320007,1.0,1.0
20,train,270,19158,1.3247907161712646,1.276472806930542,-0.048317909240722656,1.0,1.0
20,train,271,18100,0.7080842852592468,0.756363570690155,0.0482792854309082,1.0,1.0
20,train,272,11143,1.0216304063796997,0.9733527302742004,-0.04827767610549927,1.0,1.0
20,train,273,17685,0.893519401550293,0.8452617526054382,-0.048257648944854736,1.0,1.0
20,train,274,17635,1.761562705039978,1.7133549451828003,-0.048207759857177734,1.0,1.0
20,train,275,17170,1.884045958518982,1.8358440399169922,-0.048201918601989746,1.0,1.0
20,train,276,3544,0.8566754460334778,0.8084824085235596,-0.04819303750991821,1.0,1.0
20,train,277,1782,1.1198900938034058,1.0717356204986572,-0.048154473304748535,1.0,1.0
20,train,278,14809,1.1652978658676147,1.2134424448013306,0.04814457893371582,1.0,1.0
20,train,279,2261,0.6356260180473328,0.683748722076416,0.04812270402908325,1.0,1.0
20,train,280,11363,0.9039454460144043,0.9520168304443359,0.04807138442993164,1.0,1.0
20,train,281,15770,0.7684949040412903,0.7204273343086243,-0.048067569732666016,1.0,1.0
20,train,282,1528,1.2927833795547485,1.2447305917739868,-0.04805278778076172,1.0,1.0
20,train,283,14795,1.3282779455184937,1.2802319526672363,-0.048045992851257324,1.0,1.0
20,train,284,16804,1.3510600328445435,1.303015112876892,-0.04804491996765137,1.0,1.0
20,train,285,15963,1.0678305625915527,1.019803762435913,-0.04802680015563965,1.0,1.0
20,train,286,3431,0.9809808135032654,1.0289807319641113,0.04799991846084595,1.0,1.0
20,train,287,23338,0.703214704990387,0.6552402973175049,-0.04797440767288208,1.0,1.0
20,train,288,9556,0.4920510947704315,0.4440925121307373,-0.047958582639694214,1.0,1.0
20,train,289,28229,0.7920683026313782,0.8399450778961182,0.04787677526473999,1.0,1.0
20,train,290,24802,0.9467342495918274,0.8988764882087708,-0.04785776138305664,1.0,1.0
20,train,291,18354,0.4160122573375702,0.36816442012786865,-0.04784783720970154,1.0,1.0
20,train,292,15258,0.7289369106292725,0.7767751812934875,0.04783827066421509,1.0,1.0
20,train,293,4306,0.8202069401741028,0.7723902463912964,-0.047816693782806396,1.0,1.0
20,train,294,17546,0.6944664120674133,0.7422792911529541,0.04781287908554077,1.0,1.0
20,train,295,25350,1.2593013048171997,1.307085633277893,0.04778432846069336,1.0,1.0
20,train,296,9426,1.556088924407959,1.5083179473876953,-0.04777097702026367,1.0,1.0
20,train,297,18473,0.7482195496559143,0.7959880232810974,0.047768473625183105,1.0,1.0
20,train,298,12868,0.26838794350624084,0.22062818706035614,-0.047759756445884705,1.0,1.0
20,train,299,18494,0.7603923678398132,0.8081203103065491,0.04772794246673584,1.0,1.0
20,train,300,14595,0.4097122848033905,0.4574345052242279,0.0477222204208374,1.0,1.0
20,train,301,27717,0.5391350388526917,0.5868405699729919,0.04770553112030029,1.0,1.0
20,train,302,18491,0.811863124370575,0.7641621828079224,-0.04770094156265259,1.0,1.0
20,train,303,7399,1.3550654649734497,1.30739164352417,-0.047673821449279785,1.0,1.0
20,train,304,5635,1.2656437158584595,1.3133056163787842,0.04766190052032471,1.0,1.0
20,train,305,25058,0.9300494194030762,0.8824124336242676,-0.047636985778808594,1.0,1.0
20,train,306,24193,0.8564081192016602,0.8087881803512573,-0.04761993885040283,1.0,1.0
20,train,307,22898,0.6186676621437073,0.5710510611534119,-0.04761660099029541,1.0,1.0
20,train,308,6167,0.4673069417476654,0.5149098634719849,0.04760292172431946,1.0,1.0
20,train,309,5716,0.8140493035316467,0.766493558883667,-0.047555744647979736,1.0,1.0
20,train,310,9747,0.49330076575279236,0.445747971534729,-0.047552794218063354,1.0,1.0
20,train,311,13531,0.6920571327209473,0.6445209980010986,-0.04753613471984863,1.0,1.0
20,train,312,6837,1.071898102760315,1.0243953466415405,-0.047502756118774414,1.0,1.0
20,train,313,3542,0.5229029655456543,0.5703737139701843,0.04747074842453003,1.0,1.0
20,train,314,25176,0.7589431405067444,0.7114818692207336,-0.04746127128601074,1.0,1.0
20,train,315,24622,1.1964925527572632,1.2439234256744385,0.04743087291717529,1.0,1.0
20,train,316,18800,2.0090384483337402,1.96161949634552,-0.047418951988220215,1.0,1.0
20,train,317,20098,1.0784636735916138,1.0310648679733276,-0.04739880561828613,1.0,1.0
20,train,318,19955,1.2441736459732056,1.1967841386795044,-0.04738950729370117,1.0,1.0
20,train,319,16528,0.6119350790977478,0.6592798233032227,0.047344744205474854,1.0,1.0
20,train,320,12429,0.6697799563407898,0.6224847435951233,-0.047295212745666504,1.0,1.0
20,train,321,7616,0.9777087569236755,0.9304245710372925,-0.04728418588638306,1.0,1.0
20,train,322,17556,0.904214084148407,0.85695481300354,-0.04725927114486694,1.0,1.0
20,train,323,14387,0.8103662133216858,0.7632054090499878,-0.047160804271698,1.0,1.0
20,train,324,9805,1.401241421699524,1.448395848274231,0.04715442657470703,1.0,1.0
20,train,325,21185,0.7816304564476013,0.8287723064422607,0.047141849994659424,1.0,1.0
20,train,326,17775,1.6382368803024292,1.5910966396331787,-0.04714024066925049,1.0,1.0
20,train,327,23751,0.7238664627075195,0.6767313480377197,-0.047135114669799805,1.0,1.0
20,train,328,25815,0.8856074213981628,0.8385583758354187,-0.04704904556274414,1.0,1.0
20,train,329,11753,0.6678439974784851,0.6208240985870361,-0.047019898891448975,1.0,1.0
20,train,330,13740,0.8388486504554749,0.8858417272567749,0.04699307680130005,1.0,1.0
20,train,331,13226,0.4846051037311554,0.531586229801178,0.04698112607002258,1.0,1.0
20,train,332,2579,1.0280665159225464,1.0750384330749512,0.046971917152404785,1.0,1.0
20,train,333,15627,1.1417394876480103,1.1887016296386719,0.04696214199066162,1.0,1.0
20,train,334,26742,1.554785132408142,1.5078240633010864,-0.046961069107055664,1.0,1.0
20,train,335,19439,0.9577699303627014,0.9108246564865112,-0.046945273876190186,1.0,1.0
20,train,336,27691,1.3255279064178467,1.2786476612091064,-0.046880245208740234,1.0,1.0
20,train,337,25413,0.4618799388408661,0.415031760931015,-0.046848177909851074,1.0,1.0
20,train,338,16798,0.7108801007270813,0.6640335321426392,-0.04684656858444214,1.0,1.0
20,train,339,5869,1.2151540517807007,1.261966586112976,0.04681253433227539,1.0,1.0
20,train,340,17634,0.722937285900116,0.6761486530303955,-0.04678863286972046,1.0,1.0
20,train,341,21918,0.6590852737426758,0.7058715224266052,0.04678624868392944,1.0,1.0
20,train,342,3556,0.6969423294067383,0.6501579284667969,-0.046784400939941406,1.0,1.0
20,train,343,2781,1.0180904865264893,0.9713542461395264,-0.04673624038696289,1.0,1.0
20,train,344,8603,0.9946762919425964,1.0414079427719116,0.046731650829315186,1.0,1.0
20,train,345,25142,0.7983705997467041,0.8450616598129272,0.046691060066223145,1.0,1.0
20,train,346,10641,0.6964765191078186,0.743121862411499,0.04664534330368042,1.0,1.0
20,train,347,26541,0.928206741809845,0.8816189169883728,-0.04658782482147217,1.0,1.0
20,train,348,9566,1.490613579750061,1.4440442323684692,-0.0465693473815918,1.0,1.0
20,train,349,13164,0.796415388584137,0.7498504519462585,-0.04656493663787842,1.0,1.0
20,train,350,28249,1.0069371461868286,1.053491234779358,0.0465540885925293,1.0,1.0
20,train,351,876,0.7628160119056702,0.7162978053092957,-0.04651820659637451,1.0,1.0
20,train,352,26891,0.9176433086395264,0.9641076326370239,0.04646432399749756,1.0,1.0
20,train,353,3054,0.8929335474967957,0.9393840432167053,0.04645049571990967,1.0,1.0
20,train,354,12819,0.7236545085906982,0.6772148609161377,-0.04643964767456055,1.0,1.0
20,train,355,10696,0.8117064833641052,0.7652684450149536,-0.04643803834915161,1.0,1.0
20,train,356,25421,0.3230859935283661,0.3695236146450043,0.046437621116638184,1.0,1.0
20,train,357,25658,1.4331907033920288,1.4796239137649536,0.046433210372924805,1.0,1.0
20,train,358,3750,1.0655184984207153,1.1119447946548462,0.04642629623413086,1.0,1.0
20,train,359,16868,0.791073739528656,0.7446765899658203,-0.04639714956283569,1.0,1.0
20,train,360,18079,0.7647460103034973,0.811118483543396,0.04637247323989868,1.0,1.0
20,train,361,17161,1.0827804803848267,1.0364723205566406,-0.046308159828186035,1.0,1.0
20,train,362,6691,0.6332699656486511,0.5870363712310791,-0.04623359441757202,1.0,1.0
20,train,363,3234,1.7783031463623047,1.7321009635925293,-0.04620218276977539,1.0,1.0
20,train,364,22028,1.0428330898284912,1.089033842086792,0.04620075225830078,1.0,1.0
20,train,365,14184,0.9130942225456238,0.9592421054840088,0.04614788293838501,1.0,1.0
20,train,366,19579,0.5105418562889099,0.5566690564155579,0.04612720012664795,1.0,1.0
20,train,367,6177,0.860694408416748,0.8145859241485596,-0.04610848426818848,1.0,1.0
20,train,368,12965,1.8898261785507202,1.935900330543518,0.04607415199279785,1.0,1.0
20,train,369,23070,1.0594428777694702,1.0134187936782837,-0.04602408409118652,1.0,1.0
20,train,370,18709,0.9351783394813538,0.8891808986663818,-0.045997440814971924,1.0,1.0
20,train,371,27919,1.2748712301254272,1.228929042816162,-0.04594218730926514,1.0,1.0
20,train,372,22153,0.800364077091217,0.8463020920753479,0.04593801498413086,1.0,1.0
20,train,373,6440,0.5573193430900574,0.5114011764526367,-0.045918166637420654,1.0,1.0
20,train,374,2664,2.3286292552948,2.2827484607696533,-0.045880794525146484,1.0,1.0
20,train,375,20784,0.8877796530723572,0.9336569905281067,0.04587733745574951,1.0,1.0
20,train,376,18875,1.3202987909317017,1.3661528825759888,0.04585409164428711,1.0,1.0
20,train,377,7065,0.6317635178565979,0.6775943040847778,0.04583078622817993,1.0,1.0
20,train,378,13351,0.43811681866645813,0.3923218846321106,-0.045794934034347534,1.0,1.0
20,train,379,1852,0.8293429017066956,0.7835896015167236,-0.045753300189971924,1.0,1.0
20,train,380,4831,0.9990717768669128,0.9533258080482483,-0.04574596881866455,1.0,1.0
20,train,381,13800,0.5634798407554626,0.5177599191665649,-0.045719921588897705,1.0,1.0
20,train,382,25900,0.7056917548179626,0.6599881649017334,-0.04570358991622925,1.0,1.0
20,train,383,13407,0.8773174285888672,0.8316806554794312,-0.045636773109436035,1.0,1.0
20,train,384,26863,1.086725115776062,1.1323373317718506,0.045612215995788574,1.0,1.0
20,train,385,36,1.0218309164047241,1.0674372911453247,0.045606374740600586,1.0,1.0
20,train,386,26665,0.632571280002594,0.5870123505592346,-0.045558929443359375,1.0,1.0
20,train,387,27699,1.0934679508209229,1.0479377508163452,-0.04553020000457764,1.0,1.0
20,train,388,5148,0.901360273361206,0.8558577299118042,-0.045502543449401855,1.0,1.0
20,train,389,11023,0.729966402053833,0.7754595279693604,0.045493125915527344,1.0,1.0
20,train,390,16288,0.8774488568305969,0.9229188561439514,0.04546999931335449,1.0,1.0
20,train,391,9502,0.9843826293945312,0.9389212727546692,-0.04546135663986206,1.0,1.0
20,train,392,13478,1.2546011209487915,1.3000617027282715,0.04546058177947998,1.0,1.0
20,train,393,11725,0.556714653968811,0.5113081932067871,-0.045406460762023926,1.0,1.0
20,train,394,5631,1.2207399606704712,1.1753467321395874,-0.04539322853088379,1.0,1.0
20,train,395,4790,0.8490938544273376,0.8037021160125732,-0.045391738414764404,1.0,1.0
20,train,396,20095,0.662341296672821,0.7076966762542725,0.045355379581451416,1.0,1.0
20,train,397,8817,0.837981641292572,0.8833289742469788,0.04534733295440674,1.0,1.0
20,train,398,13491,0.3563806116580963,0.40169113874435425,0.045310527086257935,1.0,1.0
20,train,399,27924,1.128714680671692,1.0834143161773682,-0.04530036449432373,1.0,1.0
20,train,400,2429,0.7395338416099548,0.6942592859268188,-0.045274555683135986,1.0,1.0
20,train,401,2124,0.8456495404243469,0.8003847599029541,-0.04526478052139282,1.0,1.0
20,train,402,2622,1.3309125900268555,1.2857121229171753,-0.045200467109680176,1.0,1.0
20,train,403,7958,0.5261841416358948,0.4810121953487396,-0.04517194628715515,1.0,1.0
20,train,404,21423,0.640298068523407,0.6854522824287415,0.04515421390533447,1.0,1.0
20,train,405,25535,0.5800848007202148,0.5349323749542236,-0.04515242576599121,1.0,1.0
20,train,406,11686,0.9030054211616516,0.9481362104415894,0.045130789279937744,1.0,1.0
20,train,407,6134,0.8644804954528809,0.8194085359573364,-0.045071959495544434,1.0,1.0
20,train,408,23411,1.5749441385269165,1.5299044847488403,-0.04503965377807617,1.0,1.0
20,train,409,26438,1.0134183168411255,1.0584100484848022,0.04499173164367676,1.0,1.0
20,train,410,13798,1.1906818151474,1.1457304954528809,-0.04495131969451904,1.0,1.0
20,train,411,676,0.611176073551178,0.6561207175254822,0.0449446439743042,1.0,1.0
20,train,412,25159,0.637403130531311,0.6823429465293884,0.04493981599807739,1.0,1.0
20,train,413,21712,0.8110571503639221,0.8559896945953369,0.044932544231414795,1.0,1.0
20,train,414,3359,0.9920799136161804,0.9471606016159058,-0.04491931200027466,1.0,1.0
20,train,415,23373,0.27263686060905457,0.31754815578460693,0.04491129517555237,1.0,1.0
20,train,416,21214,1.3134765625,1.3583569526672363,0.04488039016723633,1.0,1.0
20,train,417,8101,1.1251771450042725,1.0803706645965576,-0.044806480407714844,1.0,1.0
20,train,418,4383,1.012324333190918,0.9675352573394775,-0.04478907585144043,1.0,1.0
20,train,419,17236,0.6743894219398499,0.6296149492263794,-0.04477447271347046,1.0,1.0
20,train,420,26662,0.7682014107704163,0.7234819531440735,-0.04471945762634277,1.0,1.0
20,train,421,25550,0.6897876262664795,0.7344841957092285,0.04469656944274902,1.0,1.0
20,train,422,23353,0.601173460483551,0.5564972758293152,-0.04467618465423584,1.0,1.0
20,train,423,25136,1.1273735761642456,1.1720412969589233,0.044667720794677734,1.0,1.0
20,train,424,8999,0.6009029746055603,0.5562644004821777,-0.04463857412338257,1.0,1.0
20,train,425,18714,0.609656572341919,0.5650474429130554,-0.044609129428863525,1.0,1.0
20,train,426,14312,0.5432233810424805,0.4986427128314972,-0.044580668210983276,1.0,1.0
20,train,427,12379,0.43889203667640686,0.3943197727203369,-0.044572263956069946,1.0,1.0
20,train,428,6329,0.4730023145675659,0.4284612834453583,-0.04454103112220764,1.0,1.0
20,train,429,25950,1.4629861116409302,1.5074877738952637,0.044501662254333496,1.0,1.0
20,train,430,863,1.0938745737075806,1.0494028329849243,-0.04447174072265625,1.0,1.0
20,train,431,16560,0.9084055423736572,0.8639614582061768,-0.04444408416748047,1.0,1.0
20,train,432,26682,0.5299955606460571,0.5744383335113525,0.04444277286529541,1.0,1.0
20,train,433,1407,1.0087101459503174,1.0531466007232666,0.04443645477294922,1.0,1.0
20,train,434,17392,0.5397403836250305,0.4953272044658661,-0.04441317915916443,1.0,1.0
20,train,435,18968,0.7233734726905823,0.6789906620979309,-0.04438281059265137,1.0,1.0
20,train,436,14930,0.5002866387367249,0.45591700077056885,-0.044369637966156006,1.0,1.0
20,train,437,15305,1.2604020833969116,1.2160450220108032,-0.0443570613861084,1.0,1.0
20,train,438,2884,0.4068416357040405,0.3624909520149231,-0.04435068368911743,1.0,1.0
20,train,439,27702,1.1210523843765259,1.0767295360565186,-0.044322848320007324,1.0,1.0
20,train,440,27701,1.1074882745742798,1.151804804801941,0.04431653022766113,1.0,1.0
20,train,441,12660,0.32312291860580444,0.27881354093551636,-0.044309377670288086,1.0,1.0
20,train,442,22824,0.7863220572471619,0.7420209050178528,-0.04430115222930908,1.0,1.0
20,train,443,1178,1.466847538948059,1.5110994577407837,0.04425191879272461,1.0,1.0
20,train,444,25944,0.8516469597816467,0.8073974251747131,-0.044249534606933594,1.0,1.0
20,train,445,17878,0.9002928733825684,0.9445315599441528,0.04423868656158447,1.0,1.0
20,train,446,456,0.5866801738739014,0.6308823227882385,0.04420214891433716,1.0,1.0
20,train,447,25584,0.9117488265037537,0.9559369683265686,0.04418814182281494,1.0,1.0
20,train,448,22986,1.1964937448501587,1.240625023841858,0.04413127899169922,1.0,1.0
20,train,449,3974,1.140567660331726,1.0964385271072388,-0.044129133224487305,1.0,1.0
20,train,450,17942,0.29065966606140137,0.24653683602809906,-0.04412283003330231,1.0,1.0
20,train,451,2605,0.7765257954597473,0.732405424118042,-0.04412037134170532,1.0,1.0
20,train,452,8519,0.44260239601135254,0.3985060453414917,-0.04409635066986084,1.0,1.0
20,train,453,128,1.0106161832809448,0.9665203094482422,-0.04409587383270264,1.0,1.0
20,train,454,6669,0.8730782866477966,0.8290101289749146,-0.04406815767288208,1.0,1.0
20,train,455,6907,0.955912172794342,0.9118468165397644,-0.04406535625457764,1.0,1.0
20,train,456,23391,0.7972221374511719,0.753170371055603,-0.04405176639556885,1.0,1.0
20,train,457,5817,0.8108940720558167,0.8549082279205322,0.044014155864715576,1.0,1.0
20,train,458,11688,0.6248632073402405,0.6688756346702576,0.04401242733001709,1.0,1.0
20,train,459,20616,1.1616734266281128,1.205679178237915,0.044005751609802246,1.0,1.0
20,train,460,15493,0.6207457184791565,0.6647272109985352,0.04398149251937866,1.0,1.0
20,train,461,14147,1.3035777807235718,1.347527027130127,0.043949246406555176,1.0,1.0
20,train,462,10638,0.6597985625267029,0.7037407755851746,0.04394221305847168,1.0,1.0
20,train,463,16269,0.9987795352935791,0.9548476338386536,-0.04393190145492554,1.0,1.0
20,train,464,4236,0.8064835071563721,0.7625594139099121,-0.04392409324645996,1.0,1.0
20,train,465,17355,0.3448276221752167,0.30090653896331787,-0.043921083211898804,1.0,1.0
20,train,466,7089,1.0786728858947754,1.0347521305084229,-0.04392075538635254,1.0,1.0
20,train,467,7842,1.0206283330917358,0.9767119288444519,-0.043916404247283936,1.0,1.0
20,train,468,8309,0.8699538111686707,0.9138563871383667,0.043902575969696045,1.0,1.0
20,train,469,11201,0.8093278408050537,0.7654440402984619,-0.0438838005065918,1.0,1.0
20,train,470,11030,0.5901735424995422,0.5462972521781921,-0.0438762903213501,1.0,1.0
20,train,471,17952,0.6968593597412109,0.6529908180236816,-0.0438685417175293,1.0,1.0
20,train,472,103,0.6131944060325623,0.5693432092666626,-0.04385119676589966,1.0,1.0
20,train,473,16970,1.2415860891342163,1.2854347229003906,0.043848633766174316,1.0,1.0
20,train,474,19482,0.7403619289398193,0.7841949462890625,0.043833017349243164,1.0,1.0
20,train,475,18512,0.8195026516914368,0.7756733298301697,-0.04382932186126709,1.0,1.0
20,train,476,9208,0.6773598790168762,0.6335557699203491,-0.0438041090965271,1.0,1.0
20,train,477,5853,0.36280855536460876,0.3190176784992218,-0.04379087686538696,1.0,1.0
20,train,478,17113,0.46588143706321716,0.42209506034851074,-0.04378637671470642,1.0,1.0
20,train,479,5987,0.9783315062522888,0.9345679879188538,-0.04376351833343506,1.0,1.0
20,train,480,19426,0.5837731957435608,0.5400177836418152,-0.043755412101745605,1.0,1.0
20,train,481,16163,0.9000783562660217,0.9438214898109436,0.043743133544921875,1.0,1.0
20,train,482,8362,0.8437923789024353,0.800065279006958,-0.043727099895477295,1.0,1.0
20,train,483,5328,0.6825656890869141,0.7262461185455322,0.043680429458618164,1.0,1.0
20,train,484,26972,0.8775270581245422,0.9211893081665039,0.04366225004196167,1.0,1.0
20,train,485,15890,0.753667414188385,0.79731285572052,0.04364544153213501,1.0,1.0
20,train,486,18885,1.6613197326660156,1.6176800727844238,-0.0436396598815918,1.0,1.0
20,train,487,7539,0.7897724509239197,0.7461488246917725,-0.04362362623214722,1.0,1.0
20,train,488,17314,0.877773106098175,0.9213684797286987,0.04359537363052368,1.0,1.0
20,train,489,1572,1.0408580303192139,1.084436297416687,0.043578267097473145,1.0,1.0
20,train,490,7134,1.088478922843933,1.132035493850708,0.0435565710067749,1.0,1.0
20,train,491,19851,0.7645969390869141,0.8081334233283997,0.043536484241485596,1.0,1.0
20,train,492,21168,0.3748151957988739,0.33127957582473755,-0.04353561997413635,1.0,1.0
20,train,493,25342,0.7973353266716003,0.8408641219139099,0.04352879524230957,1.0,1.0
20,train,494,5331,1.22923743724823,1.1857333183288574,-0.04350411891937256,1.0,1.0
20,train,495,16150,1.007595419883728,0.9641067981719971,-0.04348862171173096,1.0,1.0
20,train,496,5742,0.9778267741203308,0.9343483448028564,-0.043478429317474365,1.0,1.0
20,train,497,23686,0.2590808570384979,0.21562010049819946,-0.04346075654029846,1.0,1.0
20,train,498,11385,0.6185778975486755,0.6620352864265442,0.04345738887786865,1.0,1.0
20,train,499,5164,0.5456311106681824,0.502196729183197,-0.04343438148498535,1.0,1.0
20,train,500,17057,0.5602416396141052,0.5168092250823975,-0.043432414531707764,1.0,1.0
20,eval,1,14068,4.827812671661377,4.680251598358154,-0.14756107330322266,1.0,1.0
20,eval,2,422,1.0510571002960205,1.161860704421997,0.11080360412597656,1.0,1.0
20,eval,3,6774,0.4294222593307495,0.3219060003757477,-0.10751625895500183,1.0,1.0
20,eval,4,23077,3.711944341659546,3.8186841011047363,0.10673975944519043,1.0,1.0
20,eval,5,1681,2.5689589977264404,2.4629335403442383,-0.10602545738220215,1.0,1.0
20,eval,6,2199,1.712166428565979,1.609906554222107,-0.10225987434387207,1.0,1.0
20,eval,7,9619,1.2434262037277222,1.345609426498413,0.10218322277069092,1.0,1.0
20,eval,8,6576,1.7515374422073364,1.6500827074050903,-0.1014547348022461,1.0,1.0
20,eval,9,6557,0.9044837951660156,0.80344158411026,-0.10104221105575562,1.0,1.0
20,eval,10,2251,0.5229629278182983,0.42362600564956665,-0.09933692216873169,1.0,1.0
20,eval,11,6637,1.28916335105896,1.3855774402618408,0.09641408920288086,1.0,1.0
20,eval,12,17969,1.6528726816177368,1.7491375207901,0.09626483917236328,1.0,1.0
20,eval,13,22847,1.072452425956726,0.9763758778572083,-0.09607654809951782,1.0,1.0
20,eval,14,16985,2.537928342819214,2.633035182952881,0.09510684013366699,1.0,1.0
20,eval,15,3785,2.3082826137542725,2.213428497314453,-0.09485411643981934,1.0,1.0
20,eval,16,1132,0.8238758444786072,0.9174176454544067,0.09354180097579956,1.0,1.0
20,eval,17,25418,0.4974172115325928,0.4047505259513855,-0.09266668558120728,1.0,1.0
20,eval,18,13068,0.8423371315002441,0.749754011631012,-0.09258311986923218,1.0,1.0
20,eval,19,27444,0.7608045935630798,0.6689567565917969,-0.09184783697128296,1.0,1.0
20,eval,20,5864,0.712039053440094,0.6206492781639099,-0.09138977527618408,1.0,1.0
20,eval,21,21729,1.5575846433639526,1.466648817062378,-0.09093582630157471,1.0,1.0
20,eval,22,9547,1.114421010017395,1.2052751779556274,0.09085416793823242,1.0,1.0
20,eval,23,12837,0.595725953578949,0.6863871812820435,0.09066122770309448,1.0,1.0
20,eval,24,11244,0.5064757466316223,0.41628310084342957,-0.09019264578819275,1.0,1.0
20,eval,25,17170,1.9064756631851196,1.8166321516036987,-0.0898435115814209,1.0,1.0
20,eval,26,17308,2.1481220722198486,2.0587100982666016,-0.08941197395324707,1.0,1.0
20,eval,27,10036,0.6959905624389648,0.6091560125350952,-0.08683454990386963,1.0,1.0
20,eval,28,21616,1.0559355020523071,0.9694398045539856,-0.08649569749832153,1.0,1.0
20,eval,29,22970,0.957938015460968,1.0432956218719482,0.08535760641098022,1.0,1.0
20,eval,30,7472,0.8454076647758484,0.7602813243865967,-0.08512634038925171,1.0,1.0
20,eval,31,4361,0.6152282953262329,0.5301358699798584,-0.08509242534637451,1.0,1.0
20,eval,32,18146,0.9409847259521484,1.0254261493682861,0.0844414234161377,1.0,1.0
20,eval,33,17655,0.5297554135322571,0.4458681643009186,-0.0838872492313385,1.0,1.0
20,eval,34,1582,0.8659987449645996,0.9497724175453186,0.083773672580719,1.0,1.0
20,eval,35,2172,3.1395721435546875,3.055999517440796,-0.0835726261138916,1.0,1.0
20,eval,36,5076,1.1720978021621704,1.0891408920288086,-0.08295691013336182,1.0,1.0
20,eval,37,15627,1.1459192037582397,1.2286486625671387,0.08272945880889893,1.0,1.0
20,eval,38,24949,0.7981822490692139,0.7155856490135193,-0.08259660005569458,1.0,1.0
20,eval,39,24150,1.372098445892334,1.2895996570587158,-0.08249878883361816,1.0,1.0
20,eval,40,12466,1.0511177778244019,0.9691393375396729,-0.081978440284729,1.0,1.0
20,eval,41,23787,1.1438320875167847,1.0621492862701416,-0.08168280124664307,1.0,1.0
20,eval,42,20022,0.4124164283275604,0.3308882713317871,-0.08152815699577332,1.0,1.0
20,eval,43,4514,0.56132572889328,0.4798987805843353,-0.0814269483089447,1.0,1.0
20,eval,44,6131,0.4791954755783081,0.5601190328598022,0.08092355728149414,1.0,1.0
20,eval,45,14506,2.564626693725586,2.6455025672912598,0.08087587356567383,1.0,1.0
20,eval,46,19074,1.2400532960891724,1.159296989440918,-0.0807563066482544,1.0,1.0
20,eval,47,16528,0.6128419041633606,0.6932637691497803,0.08042186498641968,1.0,1.0
20,eval,48,17858,0.7873468399047852,0.8675954341888428,0.08024859428405762,1.0,1.0
20,eval,49,22774,0.5125105977058411,0.43254077434539795,-0.07996982336044312,1.0,1.0
20,eval,50,1783,0.6494780778884888,0.5697750449180603,-0.07970303297042847,1.0,1.0
20,eval,51,3569,1.1234079599380493,1.2026020288467407,0.0791940689086914,1.0,1.0
20,eval,52,2605,0.7882437109947205,0.7090675234794617,-0.07917618751525879,1.0,1.0
20,eval,53,18529,0.7723021507263184,0.6932989954948425,-0.07900315523147583,1.0,1.0
20,eval,54,11308,1.0842174291610718,1.1628696918487549,0.0786522626876831,1.0,1.0
20,eval,55,26863,1.0897818803787231,1.1684142351150513,0.07863235473632812,1.0,1.0
20,eval,56,13167,0.6692190170288086,0.7477651238441467,0.07854610681533813,1.0,1.0
20,eval,57,4504,0.5073162913322449,0.428792804479599,-0.07852348685264587,1.0,1.0
20,eval,58,6930,1.4668432474136353,1.3887838125228882,-0.07805943489074707,1.0,1.0
20,eval,59,12249,1.0061043500900269,1.0840885639190674,0.07798421382904053,1.0,1.0
20,eval,60,20867,1.022843599319458,0.9450340270996094,-0.07780957221984863,1.0,1.0
20,eval,61,4920,0.9628867506980896,0.8851727843284607,-0.0777139663696289,1.0,1.0
20,eval,62,6177,0.8688006401062012,0.7911654710769653,-0.07763516902923584,1.0,1.0
20,eval,63,7125,0.9218444228172302,0.8443114757537842,-0.07753294706344604,1.0,1.0
20,eval,64,1310,1.0583702325820923,0.9810280203819275,-0.0773422122001648,1.0,1.0
20,eval,65,19350,1.0486751794815063,0.971445620059967,-0.0772295594215393,1.0,1.0
20,eval,66,17914,1.1100199222564697,1.0330232381820679,-0.07699668407440186,1.0,1.0
20,eval,67,10696,0.8229794502258301,0.7460028529167175,-0.07697659730911255,1.0,1.0
20,eval,68,23353,0.6081970930099487,0.5313249230384827,-0.07687216997146606,1.0,1.0
20,eval,69,14056,0.7266790866851807,0.8035134673118591,0.07683438062667847,1.0,1.0
20,eval,70,3358,0.7481411099433899,0.6713360548019409,-0.07680505514144897,1.0,1.0
20,eval,71,11485,0.6448608636856079,0.7216598987579346,0.07679903507232666,1.0,1.0
20,eval,72,20382,1.8829654455184937,1.806172490119934,-0.07679295539855957,1.0,1.0
20,eval,73,15029,1.9930943250656128,1.9169867038726807,-0.07610762119293213,1.0,1.0
20,eval,74,6669,0.8780858516693115,0.8019874095916748,-0.07609844207763672,1.0,1.0
20,eval,75,4331,1.5996513366699219,1.6756459474563599,0.07599461078643799,1.0,1.0
20,eval,76,11753,0.6648412942886353,0.588868260383606,-0.0759730339050293,1.0,1.0
20,eval,77,11361,2.451709270477295,2.527384042739868,0.07567477226257324,1.0,1.0
20,eval,78,26371,1.8535841703414917,1.929128646850586,0.07554447650909424,1.0,1.0
20,eval,79,27525,0.7574945092201233,0.6821518540382385,-0.07534265518188477,1.0,1.0
20,eval,80,18875,1.3155624866485596,1.3907670974731445,0.07520461082458496,1.0,1.0
20,eval,81,7065,0.6359245181083679,0.7110983729362488,0.07517385482788086,1.0,1.0
20,eval,82,16472,1.8553284406661987,1.7804741859436035,-0.07485425472259521,1.0,1.0
20,eval,83,3153,0.9768694043159485,1.0513709783554077,0.07450157403945923,1.0,1.0
20,eval,84,18512,0.8223568797111511,0.7478622198104858,-0.07449465990066528,1.0,1.0
20,eval,85,17533,0.7689808011054993,0.8434102535247803,0.074429452419281,1.0,1.0
20,eval,86,7791,0.6933238506317139,0.7673923969268799,0.07406854629516602,1.0,1.0
20,eval,87,21918,0.669084370136261,0.7429642677307129,0.0738798975944519,1.0,1.0
20,eval,88,58,0.6369907855987549,0.5631170272827148,-0.07387375831604004,1.0,1.0
20,eval,89,4824,1.5977128744125366,1.5244579315185547,-0.07325494289398193,1.0,1.0
20,eval,90,11030,0.5797874331474304,0.5068630576133728,-0.07292437553405762,1.0,1.0
20,eval,91,17078,2.6133534908294678,2.5404903888702393,-0.07286310195922852,1.0,1.0
20,eval,92,10048,0.8517817854881287,0.7791889905929565,-0.07259279489517212,1.0,1.0
20,eval,93,22072,0.7596185207366943,0.8322106003761292,0.07259207963943481,1.0,1.0
20,eval,94,8101,1.137332797050476,1.0647642612457275,-0.07256853580474854,1.0,1.0
20,eval,95,12838,0.9395432472229004,0.8670423030853271,-0.07250094413757324,1.0,1.0
20,eval,96,23070,1.0653475522994995,0.9929530620574951,-0.0723944902420044,1.0,1.0
20,eval,97,28288,0.980004072189331,1.0523804426193237,0.07237637042999268,1.0,1.0
20,eval,98,4161,0.8203268647193909,0.747974693775177,-0.07235217094421387,1.0,1.0
20,eval,99,7734,1.140607237815857,1.0684103965759277,-0.0721968412399292,1.0,1.0
20,eval,100,2400,1.1970692873001099,1.124985694885254,-0.07208359241485596,1.0,1.0
20,eval,101,4239,0.5701326727867126,0.6421955823898315,0.0720629096031189,1.0,1.0
20,eval,102,19195,0.7034364342689514,0.631401777267456,-0.07203465700149536,1.0,1.0
20,eval,103,26015,0.5873428583145142,0.5154791474342346,-0.07186371088027954,1.0,1.0
20,eval,104,6678,0.6730170845985413,0.6014654040336609,-0.07155168056488037,1.0,1.0
20,eval,105,2277,0.8213714957237244,0.750040590763092,-0.07133090496063232,1.0,1.0
20,eval,106,27256,2.3887877464294434,2.46010160446167,0.07131385803222656,1.0,1.0
20,eval,107,26056,1.0987800359725952,1.1700923442840576,0.0713123083114624,1.0,1.0
20,eval,108,22785,0.7845510840415955,0.7133664488792419,-0.07118463516235352,1.0,1.0
20,eval,109,18962,0.9496896862983704,1.020824670791626,0.07113498449325562,1.0,1.0
20,eval,110,17106,0.4472845792770386,0.3762143850326538,-0.07107019424438477,1.0,1.0
20,eval,111,23217,0.6740873456001282,0.6030895709991455,-0.07099777460098267,1.0,1.0
20,eval,112,12574,0.8894195556640625,0.8185532093048096,-0.07086634635925293,1.0,1.0
20,eval,113,26664,0.3254585564136505,0.2549329996109009,-0.07052555680274963,1.0,1.0
20,eval,114,17686,0.960868775844574,0.8903791904449463,-0.07048958539962769,1.0,1.0
20,eval,115,3431,0.9920292496681213,1.0624639987945557,0.07043474912643433,1.0,1.0
20,eval,116,19213,2.0629994869232178,2.133425712585449,0.07042622566223145,1.0,1.0
20,eval,117,1525,1.3786211013793945,1.449041485786438,0.07042038440704346,1.0,1.0
20,eval,118,3244,1.0452523231506348,1.1156365871429443,0.07038426399230957,1.0,1.0
20,eval,119,23801,0.41423460841178894,0.3439381420612335,-0.07029646635055542,1.0,1.0
20,eval,120,8999,0.6032703518867493,0.532989501953125,-0.07028084993362427,1.0,1.0
20,eval,121,17115,2.2965946197509766,2.2264955043792725,-0.0700991153717041,1.0,1.0
20,eval,122,10079,0.24197953939437866,0.17224667966365814,-0.06973285973072052,1.0,1.0
20,eval,123,18039,0.8986897468566895,0.9682899117469788,0.0696001648902893,1.0,1.0
20,eval,124,18384,1.9854415655136108,2.0549428462982178,0.06950128078460693,1.0,1.0
20,eval,125,26748,0.7055099010467529,0.6360142230987549,-0.06949567794799805,1.0,1.0
20,eval,126,1782,1.1124604940414429,1.0430257320404053,-0.0694347620010376,1.0,1.0
20,eval,127,17775,1.6491042375564575,1.5797147750854492,-0.0693894624710083,1.0,1.0
20,eval,128,23400,0.661808431148529,0.5926110148429871,-0.06919741630554199,1.0,1.0
20,eval,129,19013,1.691686749458313,1.7607738971710205,0.06908714771270752,1.0,1.0
20,eval,130,13725,1.1279820203781128,1.059046745300293,-0.06893527507781982,1.0,1.0
20,eval,131,13478,1.2565462589263916,1.3254446983337402,0.06889843940734863,1.0,1.0
20,eval,132,11698,0.6527599692344666,0.5840540528297424,-0.06870591640472412,1.0,1.0
20,eval,133,27662,0.5367472767829895,0.46830666065216064,-0.06844061613082886,1.0,1.0
20,eval,134,28052,0.4536348879337311,0.38520434498786926,-0.06843054294586182,1.0,1.0
20,eval,135,15803,0.9872896671295166,1.0554194450378418,0.0681297779083252,1.0,1.0
20,eval,136,9444,1.9973397254943848,2.0653696060180664,0.06802988052368164,1.0,1.0
20,eval,137,8747,0.4265347719192505,0.3585107922554016,-0.06802397966384888,1.0,1.0
20,eval,138,26853,1.000258207321167,1.0681438446044922,0.0678856372833252,1.0,1.0
20,eval,139,14642,0.487292617559433,0.5551583766937256,0.0678657591342926,1.0,1.0
20,eval,140,21480,1.2765531539916992,1.2088404893875122,-0.06771266460418701,1.0,1.0
20,eval,141,27281,1.0205734968185425,0.952910304069519,-0.06766319274902344,1.0,1.0
20,eval,142,24157,1.3163776397705078,1.3840086460113525,0.06763100624084473,1.0,1.0
20,eval,143,19579,0.5156136155128479,0.5831868648529053,0.06757324934005737,1.0,1.0
20,eval,144,128,1.0088952779769897,0.9413546323776245,-0.06754064559936523,1.0,1.0
20,eval,145,12769,1.0263772010803223,1.0937312841415405,0.06735408306121826,1.0,1.0
20,eval,146,4306,0.826344907283783,0.759077787399292,-0.06726711988449097,1.0,1.0
20,eval,147,24624,0.6106377243995667,0.5434150695800781,-0.06722265481948853,1.0,1.0
20,eval,148,16004,1.0829474925994873,1.1501580476760864,0.06721055507659912,1.0,1.0
20,eval,149,16235,2.0270400047302246,2.094088315963745,0.06704831123352051,1.0,1.0
20,eval,150,456,0.5870856642723083,0.6540533900260925,0.06696772575378418,1.0,1.0
20,eval,151,1014,1.2871946096420288,1.2202683687210083,-0.06692624092102051,1.0,1.0
20,eval,152,16689,0.877007246017456,0.8101361989974976,-0.0668710470199585,1.0,1.0
20,eval,153,4026,1.1850870847702026,1.1182169914245605,-0.06687009334564209,1.0,1.0
20,eval,154,24680,1.0279334783554077,1.094709873199463,0.06677639484405518,1.0,1.0
20,eval,155,6670,0.30652567744255066,0.23987886309623718,-0.06664681434631348,1.0,1.0
20,eval,156,14890,0.9403898119926453,0.873781144618988,-0.06660866737365723,1.0,1.0
20,eval,157,20421,1.1631722450256348,1.229706048965454,0.06653380393981934,1.0,1.0
20,eval,158,16461,0.7094488143920898,0.6429761648178101,-0.06647264957427979,1.0,1.0
20,eval,159,24682,1.0946897268295288,1.1610963344573975,0.06640660762786865,1.0,1.0
20,eval,160,25475,0.6541768908500671,0.7205245494842529,0.06634765863418579,1.0,1.0
20,eval,161,3750,1.0597416162490845,1.126028060913086,0.06628644466400146,1.0,1.0
20,eval,162,19740,0.8492317199707031,0.7829826474189758,-0.0662490725517273,1.0,1.0
20,eval,163,1249,0.9695248603820801,1.035754919052124,0.06623005867004395,1.0,1.0
20,eval,164,24802,0.9670239090919495,0.9008601307868958,-0.06616377830505371,1.0,1.0
20,eval,165,5861,1.964035987854004,1.8979402780532837,-0.06609570980072021,1.0,1.0
20,eval,166,27386,1.2984291315078735,1.3644561767578125,0.06602704524993896,1.0,1.0
20,eval,167,24969,0.7648184895515442,0.8307599425315857,0.0659414529800415,1.0,1.0
20,eval,168,19182,0.6710052490234375,0.6052472591400146,-0.06575798988342285,1.0,1.0
20,eval,169,5318,1.373104214668274,1.3073489665985107,-0.06575524806976318,1.0,1.0
20,eval,170,20523,1.2865298986434937,1.3522027730941772,0.0656728744506836,1.0,1.0
20,eval,171,22342,0.4861374795436859,0.5518035292625427,0.06566604971885681,1.0,1.0
20,eval,172,14097,0.6282429695129395,0.6938670873641968,0.06562411785125732,1.0,1.0
20,eval,173,6562,0.8080761432647705,0.7424890398979187,-0.0655871033668518,1.0,1.0
20,eval,174,4559,0.3454456329345703,0.41098541021347046,0.06553977727890015,1.0,1.0
20,eval,175,4902,0.5522926449775696,0.486822247505188,-0.06547039747238159,1.0,1.0
20,eval,176,8603,1.0015277862548828,1.0669498443603516,0.06542205810546875,1.0,1.0
20,eval,177,499,0.605076014995575,0.6704962253570557,0.06542021036148071,1.0,1.0
20,eval,178,9805,1.4022016525268555,1.4675469398498535,0.06534528732299805,1.0,1.0
20,eval,179,19108,0.6450070738792419,0.5796782970428467,-0.06532877683639526,1.0,1.0
20,eval,180,7328,0.3815325200557709,0.31623947620391846,-0.06529304385185242,1.0,1.0
20,eval,181,25253,0.8456489443778992,0.7804004549980164,-0.06524848937988281,1.0,1.0
20,eval,182,3458,0.4786134958267212,0.41340917348861694,-0.06520432233810425,1.0,1.0
20,eval,183,17868,0.5931249260902405,0.5280805826187134,-0.0650443434715271,1.0,1.0
20,eval,184,14205,1.2595969438552856,1.324634313583374,0.06503736972808838,1.0,1.0
20,eval,185,21634,0.8122624754905701,0.8771724700927734,0.06490999460220337,1.0,1.0
20,eval,186,23338,0.718728244304657,0.6538560390472412,-0.06487220525741577,1.0,1.0
20,eval,187,16288,0.8870034217834473,0.9517796635627747,0.06477624177932739,1.0,1.0
20,eval,188,27987,0.9334926009178162,0.8687270283699036,-0.0647655725479126,1.0,1.0
20,eval,189,7707,0.87748122215271,0.9421907067298889,0.06470948457717896,1.0,1.0
20,eval,190,13164,0.8012488484382629,0.736570417881012,-0.06467843055725098,1.0,1.0
20,eval,191,14708,0.8300758004188538,0.8946879506111145,0.06461215019226074,1.0,1.0
20,eval,192,22395,0.8997206091880798,0.9642047882080078,0.06448417901992798,1.0,1.0
20,eval,193,28669,0.7053461074829102,0.6408849954605103,-0.0644611120223999,1.0,1.0
20,eval,194,13547,1.0361297130584717,0.971770703792572,-0.06435900926589966,1.0,1.0
20,eval,195,21723,0.6800573468208313,0.6157512068748474,-0.06430613994598389,1.0,1.0
20,eval,196,5000,0.6671729683876038,0.6028811931610107,-0.06429177522659302,1.0,1.0
20,eval,197,13637,0.48775041103363037,0.5520078539848328,0.06425744295120239,1.0,1.0
20,eval,198,2736,0.3001244366168976,0.2359144687652588,-0.0642099678516388,1.0,1.0
20,eval,199,16402,0.7070331573486328,0.642850399017334,-0.06418275833129883,1.0,1.0
20,eval,200,11588,0.8869767189025879,0.9510080814361572,0.06403136253356934,1.0,1.0
20,eval,201,24261,0.6815699934959412,0.6176908016204834,-0.06387919187545776,1.0,1.0
20,eval,202,13092,0.3515080511569977,0.2877650856971741,-0.06374296545982361,1.0,1.0
20,eval,203,9747,0.5067455172538757,0.443091481924057,-0.06365403532981873,1.0,1.0
20,eval,204,14772,0.6058382987976074,0.6693210601806641,0.06348276138305664,1.0,1.0
20,eval,205,20700,1.4539145231246948,1.3904659748077393,-0.06344854831695557,1.0,1.0
20,eval,206,36,1.0193365812301636,1.0827566385269165,0.06342005729675293,1.0,1.0
20,eval,207,25920,0.9654562473297119,1.0288389921188354,0.06338274478912354,1.0,1.0
20,eval,208,1567,1.0021617412567139,0.9388230443000793,-0.06333869695663452,1.0,1.0
20,eval,209,256,0.8947460055351257,0.8314871191978455,-0.06325888633728027,1.0,1.0
20,eval,210,14744,0.7476470470428467,0.8108528256416321,0.0632057785987854,1.0,1.0
20,eval,211,25775,1.1609222888946533,1.2240725755691528,0.06315028667449951,1.0,1.0
20,eval,212,15906,1.0042918920516968,1.0673552751541138,0.06306338310241699,1.0,1.0
20,eval,213,14122,0.8470740914344788,0.9101254940032959,0.06305140256881714,1.0,1.0
20,eval,214,23243,1.1230577230453491,1.1860946416854858,0.06303691864013672,1.0,1.0
20,eval,215,6167,0.46610942482948303,0.5290881991386414,0.06297877430915833,1.0,1.0
20,eval,216,8652,0.45394179224967957,0.5169045925140381,0.06296280026435852,1.0,1.0
20,eval,217,1470,0.9734786152839661,0.9105856418609619,-0.06289297342300415,1.0,1.0
20,eval,218,10050,0.8847770690917969,0.8219133615493774,-0.06286370754241943,1.0,1.0
20,eval,219,16020,2.288767099380493,2.225990056991577,-0.06277704238891602,1.0,1.0
20,eval,220,3556,0.6961473822593689,0.63343745470047,-0.06270992755889893,1.0,1.0
20,eval,221,11092,1.8420909643173218,1.7793973684310913,-0.06269359588623047,1.0,1.0
20,eval,222,9703,0.4746291935443878,0.41201281547546387,-0.06261637806892395,1.0,1.0
20,eval,223,676,0.6155714988708496,0.6781501173973083,0.06257861852645874,1.0,1.0
20,eval,224,18486,0.5159221291542053,0.4534600079059601,-0.06246212124824524,1.0,1.0
20,eval,225,8470,0.8984337449073792,0.8359751105308533,-0.06245863437652588,1.0,1.0
20,eval,226,19075,0.6085582375526428,0.67100590467453,0.06244766712188721,1.0,1.0
20,eval,227,3267,0.6369089484214783,0.5744751691818237,-0.06243377923965454,1.0,1.0
20,eval,228,20506,0.8298139572143555,0.7673895955085754,-0.06242436170578003,1.0,1.0
20,eval,229,4373,1.1327838897705078,1.195189118385315,0.06240522861480713,1.0,1.0
20,eval,230,16283,0.438158243894577,0.5005475282669067,0.06238928437232971,1.0,1.0
20,eval,231,18800,2.0075314044952393,1.9453911781311035,-0.06214022636413574,1.0,1.0
20,eval,232,7630,0.5800260901451111,0.6421270966529846,0.062101006507873535,1.0,1.0
20,eval,233,509,0.7435382008552551,0.6814950704574585,-0.06204313039779663,1.0,1.0
20,eval,234,10261,0.6609370112419128,0.5989782810211182,-0.06195873022079468,1.0,1.0
20,eval,235,15959,0.6532930135726929,0.5914041996002197,-0.061888813972473145,1.0,1.0
20,eval,236,4750,0.8502578735351562,0.7883939146995544,-0.06186395883560181,1.0,1.0
20,eval,237,2999,0.4723646342754364,0.4105704128742218,-0.0617942214012146,1.0,1.0
20,eval,238,10041,0.9972869753837585,0.9355565309524536,-0.06173044443130493,1.0,1.0
20,eval,239,16967,1.3381212949752808,1.3998379707336426,0.061716675758361816,1.0,1.0
20,eval,240,19863,0.9855619072914124,0.9239251017570496,-0.06163680553436279,1.0,1.0
20,eval,241,7443,0.7647897601127625,0.8263872265815735,0.061597466468811035,1.0,1.0
20,eval,242,8024,0.7027513980865479,0.6411752104759216,-0.06157618761062622,1.0,1.0
20,eval,243,1728,1.4116352796554565,1.3500709533691406,-0.06156432628631592,1.0,1.0
20,eval,244,21423,0.6520619988441467,0.7135903239250183,0.06152832508087158,1.0,1.0
20,eval,245,4733,1.2785881757736206,1.3400912284851074,0.061503052711486816,1.0,1.0
20,eval,246,3699,0.6563621759414673,0.5948635935783386,-0.06149858236312866,1.0,1.0
20,eval,247,22099,0.878000020980835,0.9394840598106384,0.06148403882980347,1.0,1.0
20,eval,248,21853,1.5112372636795044,1.572695255279541,0.06145799160003662,1.0,1.0
20,eval,249,25732,0.8239573836326599,0.762557327747345,-0.06140005588531494,1.0,1.0
20,eval,250,27203,0.48452213406562805,0.4231375455856323,-0.06138458847999573,1.0,1.0
20,eval,251,25550,0.703608512878418,0.7649751901626587,0.06136667728424072,1.0,1.0
20,eval,252,19288,0.6154080033302307,0.5541756749153137,-0.06123232841491699,1.0,1.0
20,eval,253,19889,0.5338120460510254,0.4725915491580963,-0.06122049689292908,1.0,1.0
20,eval,254,5833,1.2283885478973389,1.1672126054763794,-0.06117594242095947,1.0,1.0
20,eval,255,10018,0.7397744655609131,0.67868572473526,-0.061088740825653076,1.0,1.0
20,eval,256,23970,0.6151240468025208,0.5540361404418945,-0.06108790636062622,1.0,1.0
20,eval,257,7115,0.726716935634613,0.7877953052520752,0.06107836961746216,1.0,1.0
20,eval,258,16953,0.9063069224357605,0.8452594876289368,-0.06104743480682373,1.0,1.0
20,eval,259,6278,1.5723084211349487,1.5113070011138916,-0.06100142002105713,1.0,1.0
20,eval,260,3414,0.8810933232307434,0.8201739192008972,-0.06091940402984619,1.0,1.0
20,eval,261,15493,0.6176816821098328,0.678536593914032,0.06085491180419922,1.0,1.0
20,eval,262,13676,0.6387627124786377,0.6996013522148132,0.06083863973617554,1.0,1.0
20,eval,263,27754,0.8603340983390808,0.9211655855178833,0.06083148717880249,1.0,1.0
20,eval,264,12846,0.9820768237113953,1.042883276939392,0.060806453227996826,1.0,1.0
20,eval,265,1572,1.0507389307022095,1.1115171909332275,0.060778260231018066,1.0,1.0
20,eval,266,25584,0.9173829555511475,0.978113055229187,0.06073009967803955,1.0,1.0
20,eval,267,23431,0.9324138760566711,0.9930512309074402,0.06063735485076904,1.0,1.0
20,eval,268,17634,0.7199914455413818,0.6594696640968323,-0.06052178144454956,1.0,1.0
20,eval,269,5158,0.9393817782402039,0.9998466968536377,0.06046491861343384,1.0,1.0
20,eval,270,24265,0.819692850112915,0.8801318407058716,0.06043899059295654,1.0,1.0
20,eval,271,3542,0.5290896892547607,0.589479923248291,0.06039023399353027,1.0,1.0
20,eval,272,3567,0.5519484877586365,0.491615355014801,-0.06033313274383545,1.0,1.0
20,eval,273,6749,0.9416950345039368,1.0020231008529663,0.06032806634902954,1.0,1.0
20,eval,274,13226,0.4937204420566559,0.5539815425872803,0.06026110053062439,1.0,1.0
20,eval,275,25929,0.8206886649131775,0.8808969855308533,0.06020832061767578,1.0,1.0
20,eval,276,12115,0.6685745716094971,0.7287535667419434,0.06017899513244629,1.0,1.0
20,eval,277,2229,0.7997033596038818,0.7395318746566772,-0.06017148494720459,1.0,1.0
20,eval,278,25668,0.5688157677650452,0.5086479783058167,-0.060167789459228516,1.0,1.0
20,eval,279,27282,0.5053192377090454,0.4452454745769501,-0.06007376313209534,1.0,1.0
20,eval,280,14949,2.3306658267974854,2.390735626220703,0.06006979942321777,1.0,1.0
20,eval,281,27702,1.1241657733917236,1.0640982389450073,-0.06006753444671631,1.0,1.0
20,eval,282,18558,0.9040643572807312,0.844002902507782,-0.06006145477294922,1.0,1.0
20,eval,283,28456,1.03729248046875,1.0973153114318848,0.060022830963134766,1.0,1.0
20,eval,284,27787,0.7752462029457092,0.7152698636054993,-0.05997633934020996,1.0,1.0
20,eval,285,4982,0.6571761965751648,0.5973203778266907,-0.05985581874847412,1.0,1.0
20,eval,286,21356,1.1877249479293823,1.2475345134735107,0.05980956554412842,1.0,1.0
20,eval,287,12060,0.9313547015190125,0.8715794682502747,-0.05977523326873779,1.0,1.0
20,eval,288,28207,0.7372946739196777,0.6775776743888855,-0.059716999530792236,1.0,1.0
20,eval,289,13506,0.44773194193840027,0.3880225718021393,-0.059709370136260986,1.0,1.0
20,eval,290,14387,0.7978622913360596,0.738193690776825,-0.05966860055923462,1.0,1.0
20,eval,291,8806,1.1510335206985474,1.2106900215148926,0.059656500816345215,1.0,1.0
20,eval,292,12965,1.9013057947158813,1.96095609664917,0.059650301933288574,1.0,1.0
20,eval,293,5869,1.202055811882019,1.2616639137268066,0.0596081018447876,1.0,1.0
20,eval,294,23578,0.8168532848358154,0.7572548389434814,-0.059598445892333984,1.0,1.0
20,eval,295,9499,0.9474971294403076,1.0070860385894775,0.05958890914916992,1.0,1.0
20,eval,296,27793,1.2537040710449219,1.313291311264038,0.05958724021911621,1.0,1.0
20,eval,297,10890,0.7730664610862732,0.832651674747467,0.05958521366119385,1.0,1.0
20,eval,298,26438,1.0147686004638672,1.0743321180343628,0.059563517570495605,1.0,1.0
20,eval,299,10200,0.6812893748283386,0.6217832565307617,-0.059506118297576904,1.0,1.0
20,eval,300,19677,0.8378309607505798,0.7783752679824829,-0.059455692768096924,1.0,1.0
20,eval,301,20014,1.1013826131820679,1.0419809818267822,-0.059401631355285645,1.0,1.0
20,eval,302,6745,0.5178763270378113,0.45847490429878235,-0.05940142273902893,1.0,1.0
20,eval,303,26600,0.7107897400856018,0.6514220833778381,-0.05936765670776367,1.0,1.0
20,eval,304,17826,1.172886610031128,1.2322351932525635,0.05934858322143555,1.0,1.0
20,eval,305,17264,0.7139246463775635,0.7732707858085632,0.059346139430999756,1.0,1.0
20,eval,306,15305,1.2701689004898071,1.2108570337295532,-0.059311866760253906,1.0,1.0
20,eval,307,2301,0.7543873190879822,0.6950855255126953,-0.059301793575286865,1.0,1.0
20,eval,308,14368,1.954056739807129,1.8947571516036987,-0.059299588203430176,1.0,1.0
20,eval,309,23513,0.8765061497688293,0.817228376865387,-0.05927777290344238,1.0,1.0
20,eval,310,14343,1.4134553670883179,1.354189157485962,-0.05926620960235596,1.0,1.0
20,eval,311,6716,1.0664798021316528,1.125664472579956,0.05918467044830322,1.0,1.0
20,eval,312,24681,0.46561193466186523,0.40646788477897644,-0.059144049882888794,1.0,1.0
20,eval,313,17888,0.8497475981712341,0.7906668186187744,-0.05908077955245972,1.0,1.0
20,eval,314,8543,1.4790669679641724,1.538102388381958,0.059035420417785645,1.0,1.0
20,eval,315,3705,0.7242238521575928,0.7832514643669128,0.05902761220932007,1.0,1.0
20,eval,316,17878,0.9101788997650146,0.9691901803016663,0.05901128053665161,1.0,1.0
20,eval,317,8227,0.620699942111969,0.5617105960845947,-0.05898934602737427,1.0,1.0
20,eval,318,12429,0.6644395589828491,0.6055193543434143,-0.058920204639434814,1.0,1.0
20,eval,319,12606,1.3428844213485718,1.4017853736877441,0.05890095233917236,1.0,1.0
20,eval,320,19426,0.5939703583717346,0.5351420044898987,-0.05882835388183594,1.0,1.0
20,eval,321,25413,0.4732855260372162,0.414547324180603,-0.05873820185661316,1.0,1.0
20,eval,322,975,0.8193113803863525,0.7606277465820312,-0.05868363380432129,1.0,1.0
20,eval,323,2781,1.0150400400161743,0.956360936164856,-0.05867910385131836,1.0,1.0
20,eval,324,7681,0.8704058527946472,0.8118063807487488,-0.05859947204589844,1.0,1.0
20,eval,325,18491,0.8183603882789612,0.7598530650138855,-0.058507323265075684,1.0,1.0
20,eval,326,4525,1.1078391075134277,1.1663333177566528,0.0584942102432251,1.0,1.0
20,eval,327,5412,0.6887665390968323,0.7472385764122009,0.05847203731536865,1.0,1.0
20,eval,328,16077,0.577018678188324,0.5185502767562866,-0.058468401432037354,1.0,1.0
20,eval,329,13497,2.517958879470825,2.4595277309417725,-0.058431148529052734,1.0,1.0
20,eval,330,891,0.8747652173042297,0.8163526058197021,-0.05841261148452759,1.0,1.0
20,eval,331,3164,0.6423501968383789,0.5839508771896362,-0.058399319648742676,1.0,1.0
20,eval,332,11571,0.8558843731880188,0.7975011467933655,-0.05838322639465332,1.0,1.0
20,eval,333,26755,1.0030256509780884,0.9446634650230408,-0.05836218595504761,1.0,1.0
20,eval,334,16068,0.9428549408912659,0.8845274448394775,-0.05832749605178833,1.0,1.0
20,eval,335,9502,0.9893866181373596,0.9310729503631592,-0.05831366777420044,1.0,1.0
20,eval,336,6677,1.7263768911361694,1.6680939197540283,-0.05828297138214111,1.0,1.0
20,eval,337,26570,0.7199855446815491,0.7782651782035828,0.05827963352203369,1.0,1.0
20,eval,338,20570,0.53140789270401,0.4731401801109314,-0.05826771259307861,1.0,1.0
20,eval,339,20392,0.7290358543395996,0.6707704663276672,-0.05826538801193237,1.0,1.0
20,eval,340,2460,0.9602677226066589,1.018499493598938,0.05823177099227905,1.0,1.0
20,eval,341,14239,0.38799941539764404,0.4462078809738159,0.058208465576171875,1.0,1.0
20,eval,342,9206,0.9920969009399414,0.9339583516120911,-0.05813854932785034,1.0,1.0
20,eval,343,19933,0.7432501912117004,0.685168445110321,-0.058081746101379395,1.0,1.0
20,eval,344,902,0.3478489816188812,0.2897844910621643,-0.05806449055671692,1.0,1.0
20,eval,345,27314,0.6379125714302063,0.6959621906280518,0.05804961919784546,1.0,1.0
20,eval,346,15673,0.5952010750770569,0.5371644496917725,-0.058036625385284424,1.0,1.0
20,eval,347,26464,0.8676371574401855,0.8096808195114136,-0.05795633792877197,1.0,1.0
20,eval,348,8629,0.7908406853675842,0.732891857624054,-0.05794882774353027,1.0,1.0
20,eval,349,16624,0.5057310461997986,0.5636516213417053,0.05792057514190674,1.0,1.0
20,eval,350,7045,0.8627344965934753,0.8048167824745178,-0.05791771411895752,1.0,1.0
20,eval,351,6297,0.7556242346763611,0.813541054725647,0.05791682004928589,1.0,1.0
20,eval,352,17748,1.584058403968811,1.5261485576629639,-0.05790984630584717,1.0,1.0
20,eval,353,15376,1.1375569105148315,1.1954182386398315,0.057861328125,1.0,1.0
20,eval,354,2326,0.7391718029975891,0.6813733577728271,-0.05779844522476196,1.0,1.0
20,eval,355,10675,0.8757867217063904,0.8180786371231079,-0.05770808458328247,1.0,1.0
20,eval,356,26770,1.0943483114242554,1.1520533561706543,0.057705044746398926,1.0,1.0
20,eval,357,12399,1.3165327310562134,1.2588632106781006,-0.05766952037811279,1.0,1.0
20,eval,358,10256,0.5803226828575134,0.6379880905151367,0.05766540765762329,1.0,1.0
20,eval,359,19953,0.6674299240112305,0.6097815632820129,-0.05764836072921753,1.0,1.0
20,eval,360,8161,1.385275959968567,1.44292414188385,0.0576481819152832,1.0,1.0
20,eval,361,9826,1.439968466758728,1.4975560903549194,0.057587623596191406,1.0,1.0
20,eval,362,16823,0.5763679146766663,0.5188131332397461,-0.057554781436920166,1.0,1.0
20,eval,363,9321,0.8775328993797302,0.8200154900550842,-0.057517409324645996,1.0,1.0
20,eval,364,4951,0.6488417983055115,0.7063208818435669,0.05747908353805542,1.0,1.0
20,eval,365,2884,0.40330564975738525,0.3458455502986908,-0.05746009945869446,1.0,1.0
20,eval,366,2002,0.7384243011474609,0.7958804965019226,0.05745619535446167,1.0,1.0
20,eval,367,17003,1.5837961435317993,1.526364803314209,-0.05743134021759033,1.0,1.0
20,eval,368,5255,0.7527162432670593,0.8101150989532471,0.057398855686187744,1.0,1.0
20,eval,369,13485,0.6847133636474609,0.6273234486579895,-0.057389914989471436,1.0,1.0
20,eval,370,2729,0.39638838171958923,0.4537779986858368,0.05738961696624756,1.0,1.0
20,eval,371,20403,0.9750098586082458,1.032384991645813,0.05737513303756714,1.0,1.0
20,eval,372,909,0.7014043927192688,0.6440989375114441,-0.05730545520782471,1.0,1.0
20,eval,373,19770,0.8579695820808411,0.8006709218025208,-0.05729866027832031,1.0,1.0
20,eval,374,19140,0.5571741461753845,0.6144385933876038,0.05726444721221924,1.0,1.0
20,eval,375,17048,0.6467400789260864,0.7039154171943665,0.05717533826828003,1.0,1.0
20,eval,376,25768,0.9565591812133789,1.0137042999267578,0.057145118713378906,1.0,1.0
20,eval,377,1670,1.0130404233932495,0.9559466242790222,-0.057093799114227295,1.0,1.0
20,eval,378,6544,1.2090365886688232,1.1519452333450317,-0.057091355323791504,1.0,1.0
20,eval,379,20189,1.1867724657058716,1.1296875476837158,-0.05708491802215576,1.0,1.0
20,eval,380,23080,0.6697289347648621,0.7267792820930481,0.057050347328186035,1.0,1.0
20,eval,381,13914,0.5273973941802979,0.47034862637519836,-0.05704876780509949,1.0,1.0
20,eval,382,13740,0.8452668190002441,0.9022711515426636,0.057004332542419434,1.0,1.0
20,eval,383,453,1.1766581535339355,1.1196632385253906,-0.05699491500854492,1.0,1.0
20,eval,384,606,1.1145681142807007,1.1715545654296875,0.056986451148986816,1.0,1.0
20,eval,385,26695,0.8388094902038574,0.7818275094032288,-0.05698198080062866,1.0,1.0
20,eval,386,19002,0.36668968200683594,0.30974534153938293,-0.056944340467453,1.0,1.0
20,eval,387,24615,0.9346246719360352,0.9915384650230408,0.056913793087005615,1.0,1.0
20,eval,388,14159,0.7922504544258118,0.8491184711456299,0.056868016719818115,1.0,1.0
20,eval,389,19857,1.0173953771591187,0.9605309367179871,-0.05686444044113159,1.0,1.0
20,eval,390,17057,0.5635979771614075,0.506736695766449,-0.056861281394958496,1.0,1.0
20,eval,391,23720,0.4408222436904907,0.3839956820011139,-0.05682656168937683,1.0,1.0
20,eval,392,10651,2.1453423500061035,2.088522434234619,-0.056819915771484375,1.0,1.0
20,eval,393,24023,0.5493356585502625,0.49252933263778687,-0.056806325912475586,1.0,1.0
20,eval,394,16165,0.728468656539917,0.6716829538345337,-0.0567857027053833,1.0,1.0
20,eval,395,11426,1.3088282346725464,1.2520928382873535,-0.05673539638519287,1.0,1.0
20,eval,396,26199,1.4949392080307007,1.5516573190689087,0.05671811103820801,1.0,1.0
20,eval,397,10302,1.128577709197998,1.0718603134155273,-0.0567173957824707,1.0,1.0
20,eval,398,26972,0.8922784328460693,0.9489818215370178,0.056703388690948486,1.0,1.0
20,eval,399,14184,0.9238850474357605,0.9805722832679749,0.056687235832214355,1.0,1.0
20,eval,400,8491,0.7165518403053284,0.7732229232788086,0.056671082973480225,1.0,1.0
20,eval,401,8755,1.1315730810165405,1.1882210969924927,0.05664801597595215,1.0,1.0
20,eval,402,6335,0.8507354855537415,0.7941094636917114,-0.05662602186203003,1.0,1.0
20,eval,403,15467,0.6301464438438416,0.5735646486282349,-0.05658179521560669,1.0,1.0
20,eval,404,25751,0.793586790561676,0.8501629829406738,0.0565761923789978,1.0,1.0
20,eval,405,27380,0.5048065781593323,0.44823822379112244,-0.05656835436820984,1.0,1.0
20,eval,406,15258,0.7358930110931396,0.7924029231071472,0.05650991201400757,1.0,1.0
20,eval,407,25685,0.4647548198699951,0.40824657678604126,-0.05650824308395386,1.0,1.0
20,eval,408,5164,0.5399814248085022,0.48349735140800476,-0.056484073400497437,1.0,1.0
20,eval,409,735,0.7321929335594177,0.7886634469032288,0.056470513343811035,1.0,1.0
20,eval,410,14048,1.069257378578186,1.125727653503418,0.056470274925231934,1.0,1.0
20,eval,411,22188,1.0800896883010864,1.1365455389022827,0.05645585060119629,1.0,1.0
20,eval,412,18493,1.1632825136184692,1.1069045066833496,-0.05637800693511963,1.0,1.0
20,eval,413,21627,0.48495781421661377,0.5412864089012146,0.05632859468460083,1.0,1.0
20,eval,414,5050,1.0633870363235474,1.1197013854980469,0.05631434917449951,1.0,1.0
20,eval,415,17161,1.0854952335357666,1.0292006731033325,-0.05629456043243408,1.0,1.0
20,eval,416,4374,0.5275120139122009,0.47125953435897827,-0.056252479553222656,1.0,1.0
20,eval,417,5853,0.3616863787174225,0.30549386143684387,-0.05619251728057861,1.0,1.0
20,eval,418,8324,0.9451982378959656,1.0013890266418457,0.05619078874588013,1.0,1.0
20,eval,419,9765,0.9072648882865906,0.9634091854095459,0.05614429712295532,1.0,1.0
20,eval,420,24027,0.9257429242134094,0.9818405508995056,0.05609762668609619,1.0,1.0
20,eval,421,23204,0.7186858057975769,0.6625896096229553,-0.05609619617462158,1.0,1.0
20,eval,422,23498,0.8037574887275696,0.7477397918701172,-0.05601769685745239,1.0,1.0
20,eval,423,19439,0.9563218951225281,0.900305449962616,-0.05601644515991211,1.0,1.0
20,eval,424,13905,0.8916477560997009,0.9476290941238403,0.055981338024139404,1.0,1.0
20,eval,425,12819,0.7242855429649353,0.6683517098426819,-0.05593383312225342,1.0,1.0
20,eval,426,9146,0.6522316336631775,0.5963214039802551,-0.05591022968292236,1.0,1.0
20,eval,427,18413,0.4274686574935913,0.3716084957122803,-0.055860161781311035,1.0,1.0
20,eval,428,27741,0.9878321290016174,0.9319853186607361,-0.05584681034088135,1.0,1.0
20,eval,429,22219,1.147201418876648,1.2030473947525024,0.05584597587585449,1.0,1.0
20,eval,430,17587,1.4690521955490112,1.524888515472412,0.05583631992340088,1.0,1.0
20,eval,431,62,0.7799513339996338,0.8357664942741394,0.055815160274505615,1.0,1.0
20,eval,432,25171,0.8186344504356384,0.7628194689750671,-0.05581498146057129,1.0,1.0
20,eval,433,20616,1.1641290187835693,1.2199361324310303,0.05580711364746094,1.0,1.0
20,eval,434,2219,0.4886331558227539,0.5444048047065735,0.05577164888381958,1.0,1.0
20,eval,435,2853,0.5827490091323853,0.5269998908042908,-0.05574911832809448,1.0,1.0
20,eval,436,24622,1.1939336061477661,1.2496051788330078,0.0556715726852417,1.0,1.0
20,eval,437,4767,0.6207367777824402,0.5651033520698547,-0.05563342571258545,1.0,1.0
20,eval,438,4133,0.7201507091522217,0.6645334362983704,-0.05561727285385132,1.0,1.0
20,eval,439,1903,1.2876691818237305,1.232054591178894,-0.055614590644836426,1.0,1.0
20,eval,440,25463,0.5329793095588684,0.47737014293670654,-0.055609166622161865,1.0,1.0
20,eval,441,26744,0.6948142647743225,0.7504185438156128,0.05560427904129028,1.0,1.0
20,eval,442,5716,0.8147820830345154,0.7592083811759949,-0.05557370185852051,1.0,1.0
20,eval,443,27136,0.773087203502655,0.7175676822662354,-0.05551952123641968,1.0,1.0
20,eval,444,8851,0.8294172286987305,0.77390456199646,-0.05551266670227051,1.0,1.0
20,eval,445,2543,0.9606101512908936,0.9051191806793213,-0.055490970611572266,1.0,1.0
20,eval,446,17635,1.742552399635315,1.6870617866516113,-0.05549061298370361,1.0,1.0
20,eval,447,21124,0.9166944622993469,0.8612082004547119,-0.05548626184463501,1.0,1.0
20,eval,448,9175,1.317124366760254,1.2616493701934814,-0.05547499656677246,1.0,1.0
20,eval,449,21535,0.990693986415863,1.0460433959960938,0.05534940958023071,1.0,1.0
20,eval,450,5635,1.2694669961929321,1.324779987335205,0.05531299114227295,1.0,1.0
20,eval,451,21620,0.9923986792564392,1.047634482383728,0.05523580312728882,1.0,1.0
20,eval,452,22028,1.0574305057525635,1.1126492023468018,0.05521869659423828,1.0,1.0
20,eval,453,17952,0.6965627670288086,0.6413824558258057,-0.05518031120300293,1.0,1.0
20,eval,454,16340,0.567581295967102,0.5124544501304626,-0.055126845836639404,1.0,1.0
20,eval,455,17355,0.3422639071941376,0.2871432900428772,-0.055120617151260376,1.0,1.0
20,eval,456,6169,0.6590575575828552,0.6039491295814514,-0.05510842800140381,1.0,1.0
20,eval,457,27394,0.8900578022003174,0.8349703550338745,-0.05508744716644287,1.0,1.0
20,eval,458,26742,1.556473731994629,1.5013893842697144,-0.05508434772491455,1.0,1.0
20,eval,459,11023,0.7377230525016785,0.7928017973899841,0.055078744888305664,1.0,1.0
20,eval,460,6507,0.31452304124832153,0.25947892665863037,-0.05504411458969116,1.0,1.0
20,eval,461,777,0.8850698471069336,0.940104067325592,0.05503422021865845,1.0,1.0
20,eval,462,23520,0.6136661171913147,0.6686950922012329,0.05502897500991821,1.0,1.0
20,eval,463,17856,0.7910506725311279,0.736046552658081,-0.055004119873046875,1.0,1.0
20,eval,464,7460,0.47764623165130615,0.4226764440536499,-0.05496978759765625,1.0,1.0
20,eval,465,3160,0.7231274247169495,0.7780730724334717,0.05494564771652222,1.0,1.0
20,eval,466,13132,0.5899553894996643,0.644887387752533,0.05493199825286865,1.0,1.0
20,eval,467,19860,0.6374688744544983,0.5825803279876709,-0.05488854646682739,1.0,1.0
20,eval,468,16804,1.3474994897842407,1.2926149368286133,-0.05488455295562744,1.0,1.0
20,eval,469,21425,1.1073366403579712,1.1621994972229004,0.0548628568649292,1.0,1.0
20,eval,470,3079,0.5928279161453247,0.5379918217658997,-0.05483609437942505,1.0,1.0
20,eval,471,13657,1.0531145334243774,1.1079415082931519,0.054826974868774414,1.0,1.0
20,eval,472,24902,0.924342930316925,0.8695350289344788,-0.05480790138244629,1.0,1.0
20,eval,473,11042,0.9322803020477295,0.8775070309638977,-0.05477327108383179,1.0,1.0
20,eval,474,23953,1.1397262811660767,1.0849616527557373,-0.054764628410339355,1.0,1.0
20,eval,475,20784,0.9016017317771912,0.9563417434692383,0.05474001169204712,1.0,1.0
20,eval,476,28350,1.1758041381835938,1.2305067777633667,0.05470263957977295,1.0,1.0
20,eval,477,25585,0.6158090829849243,0.5611118674278259,-0.05469721555709839,1.0,1.0
20,eval,478,17414,0.8388994336128235,0.7842118740081787,-0.054687559604644775,1.0,1.0
20,eval,479,1541,0.7201902270317078,0.7748751640319824,0.05468493700027466,1.0,1.0
20,eval,480,19180,0.912154495716095,0.9668193459510803,0.05466485023498535,1.0,1.0
20,eval,481,13422,0.8963253498077393,0.9509849548339844,0.05465960502624512,1.0,1.0
20,eval,482,1298,1.21930992603302,1.273960828781128,0.05465090274810791,1.0,1.0
20,eval,483,5212,1.1855369806289673,1.2401583194732666,0.054621338844299316,1.0,1.0
20,eval,484,17335,0.8642976880073547,0.9188830256462097,0.05458533763885498,1.0,1.0
20,eval,485,4912,0.49560078978538513,0.44102370738983154,-0.05457708239555359,1.0,1.0
20,eval,486,10239,0.8676700592041016,0.9222420454025269,0.05457198619842529,1.0,1.0
20,eval,487,9366,0.5394250750541687,0.484859824180603,-0.054565250873565674,1.0,1.0
20,eval,488,22712,0.9176029562950134,0.863038182258606,-0.05456477403640747,1.0,1.0
20,eval,489,17406,1.113682508468628,1.1682145595550537,0.05453205108642578,1.0,1.0
20,eval,490,25089,0.711082398891449,0.6565823554992676,-0.054500043392181396,1.0,1.0
20,eval,491,11201,0.8123515248298645,0.7578756809234619,-0.05447584390640259,1.0,1.0
20,eval,492,2762,2.4773006439208984,2.4228293895721436,-0.05447125434875488,1.0,1.0
20,eval,493,5778,0.7034382224082947,0.648969829082489,-0.054468393325805664,1.0,1.0
20,eval,494,8517,0.3191377818584442,0.26469865441322327,-0.05443912744522095,1.0,1.0
20,eval,495,3957,0.8034664988517761,0.7490494251251221,-0.05441707372665405,1.0,1.0
20,eval,496,26296,0.9900836944580078,0.9357038140296936,-0.05437988042831421,1.0,1.0
20,eval,497,10116,0.8930054306983948,0.8386332392692566,-0.054372191429138184,1.0,1.0
20,eval,498,16585,0.9135814309120178,0.85923832654953,-0.05434310436248779,1.0,1.0
20,eval,499,27786,0.9072548747062683,0.8529139757156372,-0.054340898990631104,1.0,1.0
20,eval,500,10560,0.8846123218536377,0.8302993178367615,-0.05431300401687622,1.0,1.0
25,train,1,917,6.855760097503662,6.659505844116211,-0.19625425338745117,1.0,1.0
25,train,2,14935,9.7219877243042,9.531661033630371,-0.19032669067382812,1.0,1.0
25,train,3,16048,7.550525665283203,7.364151954650879,-0.18637371063232422,1.0,1.0
25,train,4,16655,3.1264536380767822,3.3000617027282715,0.17360806465148926,1.0,1.0
25,train,5,11364,8.156131744384766,7.982912063598633,-0.1732196807861328,1.0,1.0
25,train,6,3,6.3270263671875,6.1572136878967285,-0.16981267929077148,1.0,1.0
25,train,7,333,7.981472015380859,7.816048622131348,-0.16542339324951172,1.0,1.0
25,train,8,27878,7.791823863983154,7.627414226531982,-0.16440963745117188,1.0,1.0
25,train,9,9258,13.63320541381836,13.469428062438965,-0.16377735137939453,1.0,1.0
25,train,10,23771,2.162628412246704,2.3230791091918945,0.16045069694519043,1.0,1.0
25,train,11,2353,2.8679072856903076,2.708704710006714,-0.15920257568359375,1.0,1.0
25,train,12,10543,2.713580846786499,2.868675708770752,0.15509486198425293,1.0,1.0
25,train,13,21892,2.5005452632904053,2.6545052528381348,0.1539599895477295,1.0,1.0
25,train,14,19597,7.386592864990234,7.233968257904053,-0.15262460708618164,1.0,1.0
25,train,15,10045,3.639683961868286,3.790600299835205,0.15091633796691895,1.0,1.0
25,train,16,12753,2.7771317958831787,2.6271021366119385,-0.15002965927124023,1.0,1.0
25,train,17,9531,1.6585861444473267,1.8084638118743896,0.149877667427063,1.0,1.0
25,train,18,26728,6.138242244720459,5.988794326782227,-0.14944791793823242,1.0,1.0
25,train,19,10131,2.928649663925171,3.077633857727051,0.14898419380187988,1.0,1.0
25,train,20,2453,1.7364392280578613,1.88509202003479,0.1486527919769287,1.0,1.0
25,train,21,2589,2.312080144882202,2.460273504257202,0.148193359375,1.0,1.0
25,train,22,15202,7.843618869781494,7.696305274963379,-0.14731359481811523,1.0,1.0
25,train,23,1814,3.7049474716186523,3.55906081199646,-0.14588665962219238,1.0,1.0
25,train,24,13494,3.3557498455047607,3.4990599155426025,0.1433100700378418,1.0,1.0
25,train,25,77,2.853541135787964,2.9966917037963867,0.14315056800842285,1.0,1.0
25,train,26,5669,2.080889940261841,1.938173770904541,-0.1427161693572998,1.0,1.0
25,train,27,27055,2.9207441806793213,2.7782206535339355,-0.14252352714538574,1.0,1.0
25,train,28,25784,3.5814692974090576,3.4398622512817383,-0.14160704612731934,1.0,1.0
25,train,29,28263,3.6865456104278564,3.827670097351074,0.14112448692321777,1.0,1.0
25,train,30,4293,1.6841402053833008,1.8251296281814575,0.14098942279815674,1.0,1.0
25,train,31,10906,2.159963607788086,2.3007583618164062,0.1407947540283203,1.0,1.0
25,train,32,2194,0.2505995035171509,0.39044156670570374,0.13984206318855286,0.9583333333333334,1.0
25,train,33,1464,2.2808949947357178,2.4200830459594727,0.13918805122375488,1.0,1.0
25,train,34,17182,2.4809651374816895,2.6201343536376953,0.13916921615600586,1.0,1.0
25,train,35,13290,2.4289698600769043,2.5674164295196533,0.13844656944274902,1.0,1.0
25,train,36,14019,6.364202976226807,6.226592063903809,-0.13761091232299805,1.0,1.0
25,train,37,6108,3.511242628097534,3.648672342300415,0.13742971420288086,1.0,1.0
25,train,38,8922,2.1900017261505127,2.3273308277130127,0.1373291015625,1.0,1.0
25,train,39,27042,3.5151755809783936,3.3786561489105225,-0.1365194320678711,1.0,1.0
25,train,40,26987,5.84712028503418,5.710684299468994,-0.13643598556518555,1.0,1.0
25,train,41,24443,4.557687282562256,4.422818660736084,-0.13486862182617188,1.0,1.0
25,train,42,1580,6.633643627166748,6.499690532684326,-0.13395309448242188,1.0,1.0
25,train,43,12635,2.820638418197632,2.9543535709381104,0.13371515274047852,1.0,1.0
25,train,44,2745,1.9702891111373901,2.1035759449005127,0.13328683376312256,1.0,1.0
25,train,45,3968,1.5177711248397827,1.651056170463562,0.1332850456237793,1.0,1.0
25,train,46,16597,2.264812707901001,2.3966898918151855,0.13187718391418457,1.0,1.0
25,train,47,20778,3.1134841442108154,3.245349645614624,0.1318655014038086,1.0,1.0
25,train,48,20108,1.7173738479614258,1.8489112854003906,0.13153743743896484,1.0,1.0
25,train,49,7726,4.368801593780518,4.237324237823486,-0.13147735595703125,1.0,1.0
25,train,50,13668,3.2783005237579346,3.409543037414551,0.1312425136566162,1.0,1.0
25,train,51,14853,5.782970905303955,5.653196334838867,-0.1297745704650879,1.0,1.0
25,train,52,5910,1.8362812995910645,1.9660229682922363,0.12974166870117188,1.0,1.0
25,train,53,27787,1.814984679222107,1.9436955451965332,0.12871086597442627,1.0,1.0
25,train,54,15882,2.549799680709839,2.421858072280884,-0.12794160842895508,1.0,1.0
25,train,55,6903,1.822913646697998,1.950850009918213,0.12793636322021484,1.0,1.0
25,train,56,22254,2.707592248916626,2.8354880809783936,0.12789583206176758,1.0,1.0
25,train,57,11212,1.4826682806015015,1.6105563640594482,0.12788808345794678,1.0,1.0
25,train,58,2444,2.277806520462036,2.405487537384033,0.12768101692199707,1.0,1.0
25,train,59,16986,2.7222816944122314,2.8499622344970703,0.12768054008483887,1.0,1.0
25,train,60,16572,2.3371198177337646,2.4637348651885986,0.12661504745483398,1.0,1.0
25,train,61,1991,2.6007509231567383,2.474540948867798,-0.12620997428894043,1.0,1.0
25,train,62,2405,1.6490615606307983,1.7748756408691406,0.12581408023834229,1.0,1.0
25,train,63,26181,2.274247884750366,2.399860382080078,0.12561249732971191,1.0,1.0
25,train,64,5569,3.3877756595611572,3.513242721557617,0.12546706199645996,1.0,1.0
25,train,65,25779,2.1426875591278076,2.267771005630493,0.12508344650268555,1.0,1.0
25,train,66,21550,1.0298163890838623,1.1545418500900269,0.12472546100616455,1.0,1.0
25,train,67,13398,2.870351791381836,2.9950647354125977,0.12471294403076172,1.0,1.0
25,train,68,12033,3.3988735675811768,3.52358078956604,0.12470722198486328,1.0,1.0
25,train,69,25247,2.109984874725342,2.2345471382141113,0.12456226348876953,1.0,1.0
25,train,70,3045,2.427720069885254,2.303168535232544,-0.12455153465270996,1.0,1.0
25,train,71,10600,3.13778018951416,3.261927366256714,0.12414717674255371,1.0,1.0
25,train,72,23679,9.040297508239746,8.916172981262207,-0.12412452697753906,1.0,1.0
25,train,73,14020,0.9369468092918396,1.061029314994812,0.12408250570297241,1.0,1.0
25,train,74,28575,3.5670042037963867,3.6904923915863037,0.12348818778991699,1.0,1.0
25,train,75,4370,3.0745904445648193,2.951350450515747,-0.12323999404907227,1.0,1.0
25,train,76,18538,2.3130991458892822,2.4361660480499268,0.12306690216064453,1.0,1.0
25,train,77,14339,2.6780741214752197,2.800887107849121,0.12281298637390137,1.0,1.0
25,train,78,16832,2.2301828861236572,2.3525338172912598,0.12235093116760254,1.0,1.0
25,train,79,17791,2.5377161502838135,2.6597182750701904,0.12200212478637695,1.0,1.0
25,train,80,25426,2.4173552989959717,2.5392656326293945,0.12191033363342285,1.0,1.0
25,train,81,14940,3.863180160522461,3.984934091567993,0.12175393104553223,1.0,1.0
25,train,82,9497,2.4028677940368652,2.5242438316345215,0.12137603759765625,1.0,1.0
25,train,83,16050,3.0244455337524414,3.1457712650299072,0.12132573127746582,1.0,1.0
25,train,84,16698,1.8618669509887695,1.9831128120422363,0.1212458610534668,1.0,1.0
25,train,85,2434,1.9263743162155151,2.0472052097320557,0.12083089351654053,1.0,1.0
25,train,86,26097,2.381796360015869,2.5022621154785156,0.12046575546264648,1.0,1.0
25,train,87,24531,1.8002243041992188,1.9206804037094116,0.12045609951019287,1.0,1.0
25,train,88,17216,2.78417706489563,2.904393434524536,0.12021636962890625,1.0,1.0
25,train,89,4215,2.0865602493286133,2.2067511081695557,0.12019085884094238,1.0,1.0
25,train,90,16936,2.136834144592285,2.257005453109741,0.12017130851745605,1.0,1.0
25,train,91,4308,3.2856318950653076,3.1660749912261963,-0.11955690383911133,1.0,1.0
25,train,92,6005,2.30704665184021,2.426445245742798,0.11939859390258789,1.0,1.0
25,train,93,7262,3.143693208694458,3.263040542602539,0.11934733390808105,1.0,1.0
25,train,94,11951,6.230183124542236,6.110931873321533,-0.11925125122070312,1.0,1.0
25,train,95,25340,5.612417221069336,5.4935688972473145,-0.11884832382202148,1.0,1.0
25,train,96,17734,1.9576796293258667,2.076242685317993,0.11856305599212646,1.0,1.0
25,train,97,21404,2.7436211109161377,2.625471591949463,-0.1181495189666748,1.0,1.0
25,train,98,28151,3.874629259109497,3.756699800491333,-0.11792945861816406,1.0,1.0
25,train,99,17861,2.0057718753814697,2.1234982013702393,0.11772632598876953,1.0,1.0
25,train,100,3816,2.242924928665161,2.36061429977417,0.11768937110900879,1.0,1.0
25,train,101,1204,2.38547682762146,2.5031492710113525,0.11767244338989258,1.0,1.0
25,train,102,17246,3.509246826171875,3.3920111656188965,-0.11723566055297852,1.0,1.0
25,train,103,5293,3.575392484664917,3.692424774169922,0.11703228950500488,1.0,1.0
25,train,104,4663,2.9930946826934814,2.876368522644043,-0.11672616004943848,1.0,1.0
25,train,105,3136,1.5239838361740112,1.6404958963394165,0.11651206016540527,1.0,1.0
25,train,106,6614,1.5525580644607544,1.66886568069458,0.11630761623382568,1.0,1.0
25,train,107,4956,3.3945810794830322,3.5106959342956543,0.11611485481262207,1.0,1.0
25,train,108,8504,2.213762044906616,2.329540491104126,0.11577844619750977,1.0,1.0
25,train,109,25222,5.971686840057373,5.856046676635742,-0.11564016342163086,1.0,1.0
25,train,110,22312,3.8235483169555664,3.939053773880005,0.11550545692443848,1.0,1.0
25,train,111,1469,4.791816711425781,4.907143592834473,0.1153268814086914,1.0,1.0
25,train,112,11059,2.1252846717834473,2.2399802207946777,0.11469554901123047,1.0,1.0
25,train,113,17695,2.1132678985595703,2.2277815341949463,0.11451363563537598,1.0,1.0
25,train,114,23884,6.354407787322998,6.239903450012207,-0.11450433731079102,1.0,1.0
25,train,115,2054,2.7804059982299805,2.8948323726654053,0.1144263744354248,1.0,1.0
25,train,116,1631,3.2670059204101562,3.381294012069702,0.1142880916595459,1.0,1.0
25,train,117,1412,2.54400897026062,2.6582746505737305,0.11426568031311035,1.0,1.0
25,train,118,13327,2.8416788578033447,2.955618143081665,0.11393928527832031,1.0,1.0
25,train,119,406,1.634421706199646,1.7482831478118896,0.11386144161224365,1.0,1.0
25,train,120,10838,2.589205741882324,2.475454568862915,-0.11375117301940918,1.0,1.0
25,train,121,20115,2.4626717567443848,2.5762648582458496,0.11359310150146484,1.0,1.0
25,train,122,27238,5.1495819091796875,5.036158084869385,-0.11342382431030273,1.0,1.0
25,train,123,14631,3.675384521484375,3.788750648498535,0.11336612701416016,1.0,1.0
25,train,124,25554,1.5515837669372559,1.6648207902908325,0.11323702335357666,1.0,1.0
25,train,125,3742,1.6397351026535034,1.526542067527771,-0.11319303512573242,1.0,1.0
25,train,126,5207,2.877901077270508,2.7649197578430176,-0.11298131942749023,1.0,1.0
25,train,127,21846,2.6947898864746094,2.8076560497283936,0.11286616325378418,1.0,1.0
25,train,128,8683,2.7535645961761475,2.865891933441162,0.11232733726501465,1.0,1.0
25,train,129,19789,1.1118924617767334,1.2241119146347046,0.11221945285797119,1.0,1.0
25,train,130,7819,5.944796085357666,5.8326592445373535,-0.1121368408203125,1.0,1.0
25,train,131,23023,1.6272406578063965,1.7392687797546387,0.11202812194824219,1.0,1.0
25,train,132,17687,2.020451784133911,2.1324386596679688,0.11198687553405762,1.0,1.0
25,train,133,26920,2.4292151927948,2.317629814147949,-0.11158537864685059,1.0,1.0
25,train,134,11984,2.395263910293579,2.283717155456543,-0.11154675483703613,1.0,1.0
25,train,135,21605,2.0745861530303955,2.1861038208007812,0.11151766777038574,1.0,1.0
25,train,136,28513,2.717061996459961,2.8285715579986572,0.11150956153869629,1.0,1.0
25,train,137,14326,5.218507289886475,5.107004165649414,-0.11150312423706055,1.0,1.0
25,train,138,24616,2.3569462299346924,2.4684228897094727,0.11147665977478027,1.0,1.0
25,train,139,1473,1.8189529180526733,1.9304163455963135,0.11146342754364014,1.0,1.0
25,train,140,26149,2.466787576675415,2.578131675720215,0.1113440990447998,1.0,1.0
25,train,141,8025,1.3330140113830566,1.4441026449203491,0.11108863353729248,1.0,1.0
25,train,142,24649,1.8902069330215454,1.7791290283203125,-0.11107790470123291,1.0,1.0
25,train,143,24097,3.261584520339966,3.3724660873413086,0.11088156700134277,1.0,1.0
25,train,144,11823,1.6138681173324585,1.503227949142456,-0.11064016819000244,1.0,1.0
25,train,145,870,7.269580364227295,7.159053325653076,-0.11052703857421875,1.0,1.0
25,train,146,12667,3.6623353958129883,3.772752523422241,0.11041712760925293,1.0,1.0
25,train,147,9680,2.1489181518554688,2.038656234741211,-0.11026191711425781,1.0,1.0
25,train,148,22,1.5497149229049683,1.6599539518356323,0.11023902893066406,1.0,1.0
25,train,149,17857,3.3336946964263916,3.443840980529785,0.11014628410339355,1.0,1.0
25,train,150,609,2.3168118000030518,2.426699161529541,0.10988736152648926,1.0,1.0
25,train,151,27530,9.650696754455566,9.540987968444824,-0.10970878601074219,1.0,1.0
25,train,152,1497,1.46538245677948,1.3558069467544556,-0.10957551002502441,1.0,1.0
25,train,153,28240,4.1043243408203125,4.213747501373291,0.10942316055297852,1.0,1.0
25,train,154,24242,2.5574758052825928,2.666727066040039,0.10925126075744629,1.0,1.0
25,train,155,10127,2.8568477630615234,2.966092109680176,0.10924434661865234,1.0,1.0
25,train,156,1998,3.329403877258301,3.4385874271392822,0.10918354988098145,1.0,1.0
25,train,157,27259,1.798563003540039,1.907742977142334,0.10917997360229492,1.0,1.0
25,train,158,1179,2.0163938999176025,1.9072293043136597,-0.10916459560394287,1.0,1.0
25,train,159,9880,2.364222764968872,2.473013162612915,0.10879039764404297,1.0,1.0
25,train,160,24728,1.7002571821212769,1.8090239763259888,0.10876679420471191,1.0,1.0
25,train,161,24490,2.388082265853882,2.4966745376586914,0.10859227180480957,1.0,1.0
25,train,162,9969,2.0943119525909424,2.2027623653411865,0.10845041275024414,1.0,1.0
25,train,163,19048,3.701220750808716,3.80954909324646,0.10832834243774414,1.0,1.0
25,train,164,26045,1.5147660970687866,1.4064769744873047,-0.10828912258148193,1.0,1.0
25,train,165,22488,2.8824195861816406,2.990661382675171,0.10824179649353027,1.0,1.0
25,train,166,23344,2.6090917587280273,2.500858783721924,-0.10823297500610352,1.0,1.0
25,train,167,19203,2.533940076828003,2.6421518325805664,0.10821175575256348,1.0,1.0
25,train,168,21269,6.373816967010498,6.265629291534424,-0.10818767547607422,1.0,1.0
25,train,169,4939,7.407642841339111,7.2995429039001465,-0.10809993743896484,1.0,1.0
25,train,170,23818,3.5874030590057373,3.4793589115142822,-0.10804414749145508,1.0,1.0
25,train,171,27302,2.160696029663086,2.268733024597168,0.10803699493408203,1.0,1.0
25,train,172,15913,3.6519391536712646,3.7598118782043457,0.10787272453308105,1.0,1.0
25,train,173,16530,3.0315487384796143,3.1392788887023926,0.10773015022277832,1.0,1.0
25,train,174,19825,3.416031837463379,3.5235631465911865,0.10753130912780762,1.0,1.0
25,train,175,6671,3.0494182109832764,2.9418885707855225,-0.1075296401977539,1.0,1.0
25,train,176,20842,2.487807035446167,2.5952141284942627,0.1074070930480957,1.0,1.0
25,train,177,17992,2.3324623107910156,2.2251110076904297,-0.10735130310058594,1.0,1.0
25,train,178,22375,2.668975830078125,2.776242733001709,0.10726690292358398,1.0,1.0
25,train,179,17202,3.0670783519744873,2.960019826889038,-0.10705852508544922,1.0,1.0
25,train,180,13403,2.677400827407837,2.7844057083129883,0.10700488090515137,1.0,1.0
25,train,181,6395,2.6830081939697266,2.576011896133423,-0.10699629783630371,1.0,1.0
25,train,182,21141,1.7630294561386108,1.8698937892913818,0.106864333152771,1.0,1.0
25,train,183,27780,2.707014322280884,2.813865900039673,0.10685157775878906,1.0,1.0
25,train,184,850,2.489100933074951,2.5959460735321045,0.10684514045715332,1.0,1.0
25,train,185,6847,2.3262460231781006,2.433001756668091,0.10675573348999023,1.0,1.0
25,train,186,20255,3.04013729095459,2.9334557056427,-0.10668158531188965,1.0,1.0
25,train,187,2268,2.1087517738342285,2.2154290676116943,0.10667729377746582,1.0,1.0
25,train,188,13895,1.1483232975006104,1.041664481163025,-0.10665881633758545,1.0,1.0
25,train,189,20354,2.615405797958374,2.508747100830078,-0.1066586971282959,1.0,1.0
25,train,190,3161,3.840036630630493,3.946641206741333,0.10660457611083984,1.0,1.0
25,train,191,22126,2.7713825702667236,2.877934217453003,0.1065516471862793,1.0,1.0
25,train,192,17916,3.040240526199341,3.1466920375823975,0.10645151138305664,1.0,1.0
25,train,193,6417,2.2850067615509033,2.1785731315612793,-0.10643362998962402,1.0,1.0
25,train,194,22071,3.568779706954956,3.6750688552856445,0.10628914833068848,1.0,1.0
25,train,195,19577,3.3494834899902344,3.455721616744995,0.10623812675476074,1.0,1.0
25,train,196,26628,3.7660176753997803,3.6597824096679688,-0.10623526573181152,1.0,1.0
25,train,197,17259,3.751614809036255,3.645390510559082,-0.10622429847717285,1.0,1.0
25,train,198,7873,3.196988344192505,3.3029441833496094,0.10595583915710449,1.0,1.0
25,train,199,3258,3.946507692337036,3.8407108783721924,-0.10579681396484375,1.0,1.0
25,train,200,15785,3.95920467376709,3.8535516262054443,-0.10565304756164551,1.0,1.0
25,train,201,2826,4.485198497772217,4.3795552253723145,-0.10564327239990234,1.0,1.0
25,train,202,1868,3.531935691833496,3.637448310852051,0.10551261901855469,1.0,1.0
25,train,203,3114,2.600677728652954,2.7061221599578857,0.10544443130493164,1.0,1.0
25,train,204,10426,4.985886573791504,4.880568027496338,-0.10531854629516602,1.0,1.0
25,train,205,27983,2.3838839530944824,2.4891793727874756,0.10529541969299316,1.0,1.0
25,train,206,20280,3.2306861877441406,3.335947036743164,0.10526084899902344,1.0,1.0
25,train,207,26698,5.9886155128479,5.883371353149414,-0.10524415969848633,1.0,1.0
25,train,208,28021,3.36090087890625,3.466144561767578,0.10524368286132812,1.0,1.0
25,train,209,24846,2.2073395252227783,2.3124966621398926,0.10515713691711426,1.0,1.0
25,train,210,15643,2.451563596725464,2.556551933288574,0.10498833656311035,1.0,1.0
25,train,211,16137,2.168999433517456,2.273979902267456,0.10498046875,1.0,1.0
25,train,212,13876,1.7549446821212769,1.8599234819412231,0.10497879981994629,1.0,1.0
25,train,213,4766,1.4010533094406128,1.5060232877731323,0.10496997833251953,1.0,1.0
25,train,214,3633,7.37687873840332,7.271921157836914,-0.10495758056640625,1.0,1.0
25,train,215,25844,1.8837782144546509,1.9885790348052979,0.10480082035064697,1.0,1.0
25,train,216,21151,3.406390905380249,3.51119065284729,0.10479974746704102,1.0,1.0
25,train,217,20153,2.073168992996216,2.1779520511627197,0.1047830581665039,1.0,1.0
25,train,218,19401,2.296003818511963,2.4007110595703125,0.10470724105834961,1.0,1.0
25,train,219,25648,2.1438801288604736,2.2484045028686523,0.10452437400817871,1.0,1.0
25,train,220,4253,1.9889249801635742,2.0933401584625244,0.1044151782989502,1.0,1.0
25,train,221,3979,2.4804322719573975,2.58480167388916,0.1043694019317627,1.0,1.0
25,train,222,25845,2.108246088027954,2.2126102447509766,0.10436415672302246,1.0,1.0
25,train,223,21848,2.146599054336548,2.2509076595306396,0.1043086051940918,1.0,1.0
25,train,224,9667,1.4913430213928223,1.5956395864486694,0.10429656505584717,1.0,1.0
25,train,225,3711,2.282331705093384,2.386622428894043,0.10429072380065918,1.0,1.0
25,train,226,14155,3.0455081462860107,3.1496880054473877,0.10417985916137695,1.0,1.0
25,train,227,18863,4.892580509185791,4.788463115692139,-0.10411739349365234,1.0,1.0
25,train,228,26040,2.1230435371398926,2.227134943008423,0.10409140586853027,1.0,1.0
25,train,229,23218,4.519253730773926,4.415188312530518,-0.1040654182434082,1.0,1.0
25,train,230,28341,2.7440927028656006,2.640087842941284,-0.1040048599243164,1.0,1.0
25,train,231,27216,2.7997262477874756,2.903710126876831,0.10398387908935547,1.0,1.0
25,train,232,749,1.1098283529281616,1.0060203075408936,-0.10380804538726807,1.0,1.0
25,train,233,22917,3.2998902797698975,3.1961071491241455,-0.10378313064575195,1.0,1.0
25,train,234,1265,3.0929043292999268,2.989190101623535,-0.1037142276763916,1.0,1.0
25,train,235,15281,3.029703140258789,2.9260318279266357,-0.10367131233215332,1.0,1.0
25,train,236,8798,3.3099658489227295,3.4135966300964355,0.10363078117370605,1.0,1.0
25,train,237,1678,1.734948992729187,1.838570475578308,0.1036214828491211,1.0,1.0
25,train,238,6609,6.619682788848877,6.516091346740723,-0.1035914421081543,1.0,1.0
25,train,239,26803,0.9563177227973938,1.0598279237747192,0.10351020097732544,1.0,1.0
25,train,240,21976,2.2839488983154297,2.3874292373657227,0.10348033905029297,1.0,1.0
25,train,241,27394,2.2427351474761963,2.3461549282073975,0.10341978073120117,1.0,1.0
25,train,242,10194,1.9737578630447388,2.0771565437316895,0.10339868068695068,1.0,1.0
25,train,243,23776,2.529719114303589,2.632929563522339,0.10321044921875,1.0,1.0
25,train,244,4399,2.2673752307891846,2.3705544471740723,0.1031792163848877,1.0,1.0
25,train,245,3505,2.4113447666168213,2.514305591583252,0.10296082496643066,1.0,1.0
25,train,246,26949,3.3516018390655518,3.4545507431030273,0.10294890403747559,1.0,1.0
25,train,247,238,1.8063009977340698,1.7033687829971313,-0.10293221473693848,1.0,1.0
25,train,248,5615,1.6349668502807617,1.5320520401000977,-0.10291481018066406,1.0,1.0
25,train,249,18833,1.1387566328048706,1.2416563034057617,0.10289967060089111,1.0,1.0
25,train,250,3347,2.199791431427002,2.3026044368743896,0.1028130054473877,1.0,1.0
25,train,251,2755,2.362293004989624,2.2596535682678223,-0.10263943672180176,1.0,1.0
25,train,252,10883,2.748760223388672,2.646151542663574,-0.10260868072509766,1.0,1.0
25,train,253,9049,3.308194160461426,3.4107110500335693,0.10251688957214355,1.0,1.0
25,train,254,15256,2.4441795349121094,2.5466513633728027,0.10247182846069336,1.0,1.0
25,train,255,22819,4.155844211578369,4.258205890655518,0.10236167907714844,1.0,1.0
25,train,256,11959,3.970076322555542,4.0723748207092285,0.10229849815368652,1.0,1.0
25,train,257,3631,1.1889396905899048,1.2911795377731323,0.10223984718322754,1.0,1.0
25,train,258,1844,5.70924711227417,5.607037544250488,-0.10220956802368164,1.0,1.0
25,train,259,22701,2.091243028640747,2.1933987140655518,0.10215568542480469,1.0,1.0
25,train,260,16314,1.9121776819229126,2.014195680618286,0.10201799869537354,1.0,1.0
25,train,261,5739,2.7958271503448486,2.6938323974609375,-0.10199475288391113,1.0,1.0
25,train,262,19293,2.6182162761688232,2.72019362449646,0.10197734832763672,1.0,1.0
25,train,263,3663,2.373124361038208,2.475013017654419,0.10188865661621094,1.0,1.0
25,train,264,9875,2.308058023452759,2.2062222957611084,-0.10183572769165039,1.0,1.0
25,train,265,20008,1.5449546575546265,1.6466727256774902,0.10171806812286377,1.0,1.0
25,train,266,22167,2.0708539485931396,2.1725149154663086,0.10166096687316895,1.0,1.0
25,train,267,5654,4.004037380218506,4.105676651000977,0.1016392707824707,1.0,1.0
25,train,268,22206,1.4285749197006226,1.5300496816635132,0.10147476196289062,1.0,1.0
25,train,269,4312,2.595304250717163,2.6966023445129395,0.10129809379577637,1.0,1.0
25,train,270,24404,1.61410391330719,1.5128536224365234,-0.1012502908706665,1.0,1.0
25,train,271,237,2.4685165882110596,2.569660186767578,0.10114359855651855,1.0,1.0
25,train,272,1673,2.3305504322052,2.431668996810913,0.10111856460571289,1.0,1.0
25,train,273,13733,1.5943580865859985,1.695430040359497,0.10107195377349854,1.0,1.0
25,train,274,6429,1.9961466789245605,2.097153663635254,0.10100698471069336,1.0,1.0
25,train,275,11479,1.8409899473190308,1.7400001287460327,-0.10098981857299805,1.0,1.0
25,train,276,3051,1.6226121187210083,1.5216326713562012,-0.10097944736480713,1.0,1.0
25,train,277,20707,2.449641466140747,2.5505123138427734,0.10087084770202637,1.0,1.0
25,train,278,19121,2.0013926029205322,2.1021294593811035,0.10073685646057129,1.0,1.0
25,train,279,7535,2.2363884449005127,2.3371200561523438,0.10073161125183105,1.0,1.0
25,train,280,4378,1.7678061723709106,1.6672488451004028,-0.10055732727050781,1.0,1.0
25,train,281,27026,2.308306932449341,2.408691167831421,0.10038423538208008,1.0,1.0
25,train,282,3812,2.0920207500457764,1.9916441440582275,-0.10037660598754883,1.0,1.0
25,train,283,8225,1.1458775997161865,1.0455279350280762,-0.10034966468811035,1.0,1.0
25,train,284,10637,2.0892279148101807,2.189570426940918,0.1003425121307373,1.0,1.0
25,train,285,25191,2.7569892406463623,2.8572893142700195,0.10030007362365723,1.0,1.0
25,train,286,19598,1.010589599609375,1.1107945442199707,0.1002049446105957,1.0,1.0
25,train,287,18516,1.1104377508163452,1.210641622543335,0.10020387172698975,1.0,1.0
25,train,288,7838,1.473878026008606,1.5740798711776733,0.10020184516906738,1.0,1.0
25,train,289,7783,2.3698270320892334,2.4699795246124268,0.10015249252319336,1.0,1.0
25,train,290,815,2.8836119174957275,2.7835049629211426,-0.10010695457458496,1.0,1.0
25,train,291,27007,3.306471586227417,3.4064762592315674,0.10000467300415039,1.0,1.0
25,train,292,15313,2.1806726455688477,2.080745220184326,-0.09992742538452148,1.0,1.0
25,train,293,16250,1.804605484008789,1.704718828201294,-0.09988665580749512,1.0,1.0
25,train,294,8628,1.4311013221740723,1.5308884382247925,0.09978711605072021,1.0,1.0
25,train,295,11336,1.5857280492782593,1.68546462059021,0.09973657131195068,1.0,1.0
25,train,296,4666,1.545782446861267,1.6453900337219238,0.09960758686065674,1.0,1.0
25,train,297,4394,3.2153847217559814,3.3149874210357666,0.09960269927978516,1.0,1.0
25,train,298,24320,2.757255792617798,2.6576662063598633,-0.09958958625793457,1.0,1.0
25,train,299,27282,2.4606127738952637,2.5601770877838135,0.0995643138885498,1.0,1.0
25,train,300,19514,2.8044538497924805,2.9039907455444336,0.09953689575195312,1.0,1.0
25,train,301,27993,1.566388487815857,1.6659071445465088,0.09951865673065186,1.0,1.0
25,train,302,72,1.646061897277832,1.7455419301986694,0.0994800329208374,1.0,1.0
25,train,303,18072,1.7267564535140991,1.82623291015625,0.09947645664215088,1.0,1.0
25,train,304,27824,3.2148592472076416,3.3143320083618164,0.0994727611541748,1.0,1.0
25,train,305,27158,1.3969398736953735,1.4963030815124512,0.09936320781707764,1.0,1.0
25,train,306,9233,3.3542163372039795,3.453550338745117,0.0993340015411377,1.0,1.0
25,train,307,27712,2.6184027194976807,2.7176947593688965,0.09929203987121582,1.0,1.0
25,train,308,23956,2.8592422008514404,2.9585158824920654,0.099273681640625,1.0,1.0
25,train,309,27288,2.8658180236816406,2.7666475772857666,-0.09917044639587402,1.0,1.0
25,train,310,16341,2.3777308464050293,2.476806640625,0.0990757942199707,1.0,1.0
25,train,311,16596,2.3882439136505127,2.487288475036621,0.0990445613861084,1.0,1.0
25,train,312,12625,2.2987308502197266,2.397770881652832,0.09904003143310547,1.0,1.0
25,train,313,6091,1.5381073951721191,1.4392191171646118,-0.09888827800750732,1.0,1.0
25,train,314,25399,1.5672627687454224,1.4684367179870605,-0.09882605075836182,1.0,1.0
25,train,315,15089,2.5404129028320312,2.6392321586608887,0.09881925582885742,1.0,1.0
25,train,316,21464,1.486297607421875,1.5850704908370972,0.09877288341522217,1.0,1.0
25,train,317,25992,2.1055407524108887,2.204272747039795,0.09873199462890625,1.0,1.0
25,train,318,12685,2.7485220432281494,2.649806022644043,-0.09871602058410645,1.0,1.0
25,train,319,25785,3.421679735183716,3.5203781127929688,0.09869837760925293,1.0,1.0
25,train,320,21994,4.3992791175842285,4.300588607788086,-0.09869050979614258,1.0,1.0
25,train,321,2270,1.7060562372207642,1.8047106266021729,0.09865438938140869,1.0,1.0
25,train,322,1433,2.4978489875793457,2.39923357963562,-0.09861540794372559,1.0,1.0
25,train,323,17882,2.1225225925445557,2.2211124897003174,0.09858989715576172,1.0,1.0
25,train,324,3301,1.6388578414916992,1.73733651638031,0.09847867488861084,1.0,1.0
25,train,325,538,2.638747453689575,2.7372121810913086,0.0984647274017334,1.0,1.0
25,train,326,2631,1.745215892791748,1.647005319595337,-0.09821057319641113,1.0,1.0
25,train,327,22195,1.6425857543945312,1.7407715320587158,0.09818577766418457,1.0,1.0
25,train,328,12434,1.5552860498428345,1.6533758640289307,0.09808981418609619,1.0,1.0
25,train,329,4326,2.894979238510132,2.993046522140503,0.0980672836303711,1.0,1.0
25,train,330,21171,3.3101396560668945,3.212131977081299,-0.0980076789855957,1.0,1.0
25,train,331,28547,3.026326894760132,2.928349494934082,-0.0979773998260498,1.0,1.0
25,train,332,26180,1.3364143371582031,1.4343855381011963,0.09797120094299316,1.0,1.0
25,train,333,3836,1.6218138933181763,1.7196457386016846,0.0978318452835083,1.0,1.0
25,train,334,19816,1.1791399717330933,1.2769367694854736,0.09779679775238037,1.0,1.0
25,train,335,4908,2.4823315143585205,2.580063819885254,0.0977323055267334,1.0,1.0
25,train,336,20944,1.6782679557800293,1.7759941816329956,0.09772622585296631,1.0,1.0
25,train,337,4094,4.144326210021973,4.2419610023498535,0.09763479232788086,1.0,1.0
25,train,338,21499,2.0901973247528076,2.1878085136413574,0.0976111888885498,1.0,1.0
25,train,339,15863,0.947243869304657,1.0447543859481812,0.09751051664352417,1.0,1.0
25,train,340,11582,1.726904273033142,1.824414610862732,0.09751033782958984,1.0,1.0
25,train,341,25477,1.1182280778884888,1.0208978652954102,-0.09733021259307861,1.0,1.0
25,train,342,6598,1.1969964504241943,1.2942661046981812,0.09726965427398682,1.0,1.0
25,train,343,23948,1.8272819519042969,1.7300266027450562,-0.09725534915924072,1.0,1.0
25,train,344,28366,2.14047908782959,2.237694263458252,0.09721517562866211,1.0,1.0
25,train,345,10401,1.999936580657959,1.9027222394943237,-0.09721434116363525,1.0,1.0
25,train,346,25490,2.3527004718780518,2.2555177211761475,-0.0971827507019043,1.0,1.0
25,train,347,25438,2.859104871749878,2.956280469894409,0.09717559814453125,1.0,1.0
25,train,348,1861,2.831838846206665,2.9288716316223145,0.09703278541564941,1.0,1.0
25,train,349,13117,2.627070665359497,2.530038833618164,-0.09703183174133301,1.0,1.0
25,train,350,10917,2.008359670639038,2.1053645610809326,0.09700489044189453,1.0,1.0
25,train,351,20220,1.8997310400009155,1.996733546257019,0.09700250625610352,1.0,1.0
25,train,352,19610,2.6870031356811523,2.7837767601013184,0.09677362442016602,1.0,1.0
25,train,353,15431,3.7072370052337646,3.6104824542999268,-0.09675455093383789,1.0,1.0
25,train,354,14170,1.9804272651672363,2.0771753787994385,0.09674811363220215,1.0,1.0
25,train,355,17160,1.0064252614974976,1.1031538248062134,0.09672856330871582,1.0,1.0
25,train,356,28580,2.6014602184295654,2.6981565952301025,0.09669637680053711,1.0,1.0
25,train,357,15258,2.8579959869384766,2.9546871185302734,0.09669113159179688,1.0,1.0
25,train,358,8657,3.159282684326172,3.062730550765991,-0.09655213356018066,1.0,1.0
25,train,359,8367,3.566020965576172,3.4694972038269043,-0.09652376174926758,1.0,1.0
25,train,360,13982,2.567354679107666,2.6638617515563965,0.09650707244873047,1.0,1.0
25,train,361,8130,8.786850929260254,8.690357208251953,-0.09649372100830078,1.0,1.0
25,train,362,25076,2.568437099456787,2.664890766143799,0.09645366668701172,1.0,1.0
25,train,363,23547,3.3380355834960938,3.2415859699249268,-0.09644961357116699,1.0,1.0
25,train,364,19781,2.6154935359954834,2.711923122406006,0.09642958641052246,1.0,1.0
25,train,365,24781,2.132733106613159,2.2291338443756104,0.09640073776245117,1.0,1.0
25,train,366,16079,1.5689598321914673,1.665310263633728,0.09635043144226074,1.0,1.0
25,train,367,24696,0.8977053761482239,0.9940519332885742,0.09634655714035034,1.0,1.0
25,train,368,23930,2.5919620990753174,2.495706558227539,-0.09625554084777832,1.0,1.0
25,train,369,24494,3.004765748977661,3.1009302139282227,0.09616446495056152,1.0,1.0
25,train,370,14778,3.7862823009490967,3.8824102878570557,0.09612798690795898,1.0,1.0
25,train,371,10137,1.7546815872192383,1.8506594896316528,0.09597790241241455,1.0,1.0
25,train,372,14285,1.5309370756149292,1.6269149780273438,0.09597790241241455,1.0,1.0
25,train,373,22768,2.9797513484954834,3.075711965560913,0.09596061706542969,1.0,1.0
25,train,374,15946,2.335655450820923,2.431525945663452,0.0958704948425293,1.0,1.0
25,train,375,25772,2.698739767074585,2.602879524230957,-0.09586024284362793,1.0,1.0
25,train,376,14075,3.0964105129241943,3.192206621170044,0.09579610824584961,1.0,1.0
25,train,377,20630,3.3521010875701904,3.2563281059265137,-0.09577298164367676,1.0,1.0
25,train,378,27156,1.2007068395614624,1.2962483167648315,0.09554147720336914,1.0,1.0
25,train,379,21512,1.8255892992019653,1.921093463897705,0.09550416469573975,1.0,1.0
25,train,380,928,0.692035973072052,0.7875037789344788,0.09546780586242676,1.0,1.0
25,train,381,6802,2.7497360706329346,2.845123291015625,0.09538722038269043,1.0,1.0
25,train,382,20236,2.622776508331299,2.718087911605835,0.09531140327453613,1.0,1.0
25,train,383,7120,4.683502674102783,4.58832311630249,-0.09517955780029297,1.0,1.0
25,train,384,7266,1.629256248474121,1.5341012477874756,-0.09515500068664551,1.0,1.0
25,train,385,26559,2.316145658493042,2.4112679958343506,0.0951223373413086,1.0,1.0
25,train,386,1665,2.518054723739624,2.4229423999786377,-0.09511232376098633,1.0,1.0
25,train,387,26860,2.180741310119629,2.2758209705352783,0.09507966041564941,1.0,1.0
25,train,388,30,2.068666458129883,2.163715124130249,0.09504866600036621,1.0,1.0
25,train,389,11271,3.2107927799224854,3.30580735206604,0.09501457214355469,1.0,1.0
25,train,390,19969,2.108971357345581,2.0140023231506348,-0.09496903419494629,1.0,1.0
25,train,391,19604,2.716717004776001,2.6217544078826904,-0.09496259689331055,1.0,1.0
25,train,392,6946,5.230502605438232,5.3253655433654785,0.0948629379272461,1.0,1.0
25,train,393,4989,1.3542499542236328,1.44910728931427,0.09485733509063721,1.0,1.0
25,train,394,24965,2.548313856124878,2.6430933475494385,0.09477949142456055,1.0,1.0
25,train,395,22448,2.948680877685547,3.043452262878418,0.0947713851928711,1.0,1.0
25,train,396,4260,2.5694708824157715,2.6642417907714844,0.09477090835571289,1.0,1.0
25,train,397,22250,1.7022705078125,1.7970231771469116,0.09475266933441162,1.0,1.0
25,train,398,48,2.923603057861328,3.0183393955230713,0.09473633766174316,1.0,1.0
25,train,399,10522,3.056070566177368,3.150789499282837,0.09471893310546875,1.0,1.0
25,train,400,5034,2.2022135257720947,2.296882152557373,0.09466862678527832,1.0,1.0
25,train,401,12849,2.165548086166382,2.0709848403930664,-0.09456324577331543,1.0,1.0
25,train,402,18791,2.5803921222686768,2.485868453979492,-0.09452366828918457,1.0,1.0
25,train,403,1324,1.4385823011398315,1.5330862998962402,0.09450399875640869,1.0,1.0
25,train,404,15535,3.568094491958618,3.6625900268554688,0.09449553489685059,1.0,1.0
25,train,405,22589,1.5410170555114746,1.63547945022583,0.09446239471435547,1.0,1.0
25,train,406,16312,2.9162557125091553,2.8218696117401123,-0.09438610076904297,1.0,1.0
25,train,407,6865,2.4588773250579834,2.5532522201538086,0.0943748950958252,1.0,1.0
25,train,408,3806,2.415649652481079,2.3212807178497314,-0.09436893463134766,1.0,1.0
25,train,409,17555,2.3459360599517822,2.440296173095703,0.0943601131439209,1.0,1.0
25,train,410,24030,3.1427838802337646,3.0485639572143555,-0.09421992301940918,1.0,1.0
25,train,411,9358,1.937111258506775,2.0312952995300293,0.0941840410232544,1.0,1.0
25,train,412,20330,1.8827649354934692,1.9768434762954712,0.09407854080200195,1.0,1.0
25,train,413,756,2.089688301086426,1.9957205057144165,-0.09396779537200928,1.0,1.0
25,train,414,7928,2.1954948902130127,2.2893869876861572,0.09389209747314453,1.0,1.0
25,train,415,22531,2.4776558876037598,2.571537494659424,0.09388160705566406,1.0,1.0
25,train,416,10168,1.8173476457595825,1.911195993423462,0.0938483476638794,1.0,1.0
25,train,417,25634,1.832780361175537,1.926583170890808,0.093802809715271,1.0,1.0
25,train,418,21314,1.6516717672348022,1.7454009056091309,0.09372913837432861,1.0,1.0
25,train,419,9452,3.0437164306640625,3.1374151706695557,0.09369874000549316,1.0,1.0
25,train,420,9614,1.711527943611145,1.6178582906723022,-0.09366965293884277,1.0,1.0
25,train,421,15069,2.237426996231079,2.143763780593872,-0.09366321563720703,1.0,1.0
25,train,422,8413,2.825638771057129,2.7320027351379395,-0.09363603591918945,1.0,1.0
25,train,423,792,2.083526849746704,1.9899003505706787,-0.09362649917602539,1.0,1.0
25,train,424,6754,2.2014613151550293,2.2950806617736816,0.09361934661865234,1.0,1.0
25,train,425,27349,9.888010025024414,9.794407844543457,-0.09360218048095703,1.0,1.0
25,train,426,21225,1.7907027006149292,1.8842310905456543,0.0935283899307251,1.0,1.0
25,train,427,22411,2.097658634185791,2.1911368370056152,0.09347820281982422,1.0,1.0
25,train,428,22354,2.6290347576141357,2.5355916023254395,-0.09344315528869629,1.0,1.0
25,train,429,21851,2.6434028148651123,2.7368361949920654,0.09343338012695312,1.0,1.0
25,train,430,11298,2.18512225151062,2.2785112857818604,0.09338903427124023,1.0,1.0
25,train,431,23309,1.8964600563049316,1.9898228645324707,0.09336280822753906,1.0,1.0
25,train,432,2477,3.1821882724761963,3.2755444049835205,0.09335613250732422,1.0,1.0
25,train,433,12627,3.6511459350585938,3.7444987297058105,0.0933527946472168,1.0,1.0
25,train,434,1011,3.1879570484161377,3.2812888622283936,0.09333181381225586,1.0,1.0
25,train,435,14855,2.317013740539551,2.410308599472046,0.09329485893249512,1.0,1.0
25,train,436,25266,5.526561737060547,5.433272838592529,-0.09328889846801758,1.0,1.0
25,train,437,3384,3.0124800205230713,2.91919207572937,-0.09328794479370117,1.0,1.0
25,train,438,8547,0.9907560348510742,0.8975312113761902,-0.09322482347488403,1.0,1.0
25,train,439,20479,2.710998296737671,2.8041300773620605,0.09313178062438965,1.0,1.0
25,train,440,10712,5.202772617340088,5.2958760261535645,0.09310340881347656,1.0,1.0
25,train,441,4910,1.785490870475769,1.87857985496521,0.09308898448944092,1.0,1.0
25,train,442,20770,10.186813354492188,10.09384536743164,-0.09296798706054688,1.0,1.0
25,train,443,23164,3.402526617050171,3.3096208572387695,-0.09290575981140137,1.0,1.0
25,train,444,11454,1.9205495119094849,2.013443946838379,0.09289443492889404,1.0,1.0
25,train,445,23852,2.057544708251953,2.150294542312622,0.09274983406066895,1.0,1.0
25,train,446,24998,2.4276206493377686,2.334882974624634,-0.09273767471313477,1.0,1.0
25,train,447,16829,2.8564462661743164,2.94913387298584,0.09268760681152344,1.0,1.0
25,train,448,9903,2.6287457942962646,2.7214033603668213,0.09265756607055664,1.0,1.0
25,train,449,22736,3.3421754837036133,3.434807538986206,0.09263205528259277,1.0,1.0
25,train,450,807,3.5606601238250732,3.4680914878845215,-0.09256863594055176,1.0,1.0
25,train,451,1703,1.9767545461654663,1.884196162223816,-0.09255838394165039,1.0,1.0
25,train,452,11653,2.289271593093872,2.3818020820617676,0.09253048896789551,1.0,1.0
25,train,453,800,2.997001886367798,2.9044747352600098,-0.09252715110778809,1.0,1.0
25,train,454,13814,1.8171290159225464,1.7247018814086914,-0.09242713451385498,1.0,1.0
25,train,455,13517,2.1545913219451904,2.247006893157959,0.09241557121276855,1.0,1.0
25,train,456,6383,2.1871817111968994,2.094835042953491,-0.0923466682434082,1.0,1.0
25,train,457,5406,3.0347235202789307,2.9423911571502686,-0.09233236312866211,1.0,1.0
25,train,458,2294,2.3724985122680664,2.464702606201172,0.09220409393310547,1.0,1.0
25,train,459,9277,2.6831858158111572,2.5909862518310547,-0.09219956398010254,1.0,1.0
25,train,460,22219,2.2412655353546143,2.3334085941314697,0.09214305877685547,1.0,1.0
25,train,461,413,2.2945005893707275,2.2023701667785645,-0.09213042259216309,1.0,1.0
25,train,462,19721,3.547755479812622,3.4556360244750977,-0.09211945533752441,1.0,1.0
25,train,463,20886,1.9892674684524536,1.8972543478012085,-0.09201312065124512,1.0,1.0
25,train,464,14059,2.845919370651245,2.9378790855407715,0.09195971488952637,1.0,1.0
25,train,465,27454,2.7971696853637695,2.8891029357910156,0.0919332504272461,1.0,1.0
25,train,466,13342,4.076892375946045,4.168763637542725,0.09187126159667969,1.0,1.0
25,train,467,15222,3.0398647785186768,3.131720542907715,0.09185576438903809,1.0,1.0
25,train,468,5004,1.1027623414993286,1.1944788694381714,0.09171652793884277,1.0,1.0
25,train,469,17551,2.411083936691284,2.319375991821289,-0.09170794486999512,1.0,1.0
25,train,470,28128,2.8068532943725586,2.715202569961548,-0.09165072441101074,1.0,1.0
25,train,471,8559,1.5205769538879395,1.6122151613235474,0.09163820743560791,1.0,1.0
25,train,472,8289,2.029968500137329,2.121594190597534,0.09162569046020508,1.0,1.0
25,train,473,82,1.6858772039413452,1.7774845361709595,0.09160733222961426,1.0,1.0
25,train,474,12875,1.470620036125183,1.3790963888168335,-0.09152364730834961,1.0,1.0
25,train,475,25705,3.3412723541259766,3.4327850341796875,0.09151268005371094,1.0,1.0
25,train,476,15357,2.187988042831421,2.096510648727417,-0.0914773941040039,1.0,1.0
25,train,477,24885,2.7946701049804688,2.88606858253479,0.09139847755432129,1.0,1.0
25,train,478,18721,1.042360544204712,1.1337531805038452,0.0913926362991333,1.0,1.0
25,train,479,13685,3.077775001525879,2.9864437580108643,-0.09133124351501465,1.0,1.0
25,train,480,28345,4.144050121307373,4.23536491394043,0.09131479263305664,1.0,1.0
25,train,481,26232,7.812519073486328,7.721286296844482,-0.0912327766418457,1.0,1.0
25,train,482,19776,2.1371991634368896,2.228426218032837,0.09122705459594727,1.0,1.0
25,train,483,27598,4.345976829528809,4.437185287475586,0.09120845794677734,1.0,1.0
25,train,484,12516,2.2292816638946533,2.320462703704834,0.09118103981018066,1.0,1.0
25,train,485,4691,2.7666666507720947,2.857841968536377,0.09117531776428223,1.0,1.0
25,train,486,9740,1.4970345497131348,1.4060068130493164,-0.09102773666381836,1.0,1.0
25,train,487,19654,1.5195380449295044,1.6105419397354126,0.0910038948059082,1.0,1.0
25,train,488,4034,2.9632060527801514,2.8722190856933594,-0.09098696708679199,1.0,1.0
25,train,489,7568,1.968423843383789,2.059390068054199,0.09096622467041016,1.0,1.0
25,train,490,28597,2.54567289352417,2.636604070663452,0.09093117713928223,1.0,1.0
25,train,491,10674,2.6614387035369873,2.7523529529571533,0.09091424942016602,1.0,1.0
25,train,492,20916,2.5269358158111572,2.6178340911865234,0.09089827537536621,1.0,1.0
25,train,493,16720,4.536304473876953,4.445592880249023,-0.09071159362792969,1.0,1.0
25,train,494,15587,2.0566179752349854,2.147273540496826,0.09065556526184082,1.0,1.0
25,train,495,3673,3.9725074768066406,4.063116550445557,0.09060907363891602,1.0,1.0
25,train,496,11584,1.1805083751678467,1.2709907293319702,0.09048235416412354,1.0,1.0
25,train,497,25428,1.9374688863754272,2.0278825759887695,0.09041368961334229,1.0,1.0
25,train,498,8314,2.466026544570923,2.5564205646514893,0.0903940200805664,1.0,1.0
25,train,499,18287,1.6675788164138794,1.7579717636108398,0.09039294719696045,1.0,1.0
25,train,500,4324,4.909280776977539,4.999628067016602,0.0903472900390625,1.0,1.0
25,eval,1,9258,13.731304168701172,13.478224754333496,-0.2530794143676758,1.0,1.0
25,eval,2,11364,8.266160011291504,8.018038749694824,-0.2481212615966797,1.0,1.0
25,eval,3,15202,7.978681564331055,7.750149250030518,-0.2285323143005371,1.0,1.0
25,eval,4,14935,9.828917503356934,9.60597038269043,-0.2229471206665039,1.0,1.0
25,eval,5,917,6.937122344970703,6.727463722229004,-0.20965862274169922,1.0,1.0
25,eval,6,27878,7.84390115737915,7.639037132263184,-0.2048640251159668,1.0,1.0
25,eval,7,13290,2.404160261154175,2.6025893688201904,0.19842910766601562,1.0,1.0
25,eval,8,26987,5.939390182495117,5.7449727058410645,-0.19441747665405273,1.0,1.0
25,eval,9,333,8.084261894226074,7.892960548400879,-0.1913013458251953,1.0,1.0
25,eval,10,1814,3.7308943271636963,3.541884422302246,-0.1890099048614502,1.0,1.0
25,eval,11,14940,3.915341377258301,4.097399711608887,0.18205833435058594,1.0,1.0
25,eval,12,23884,6.3816142082214355,6.200252056121826,-0.18136215209960938,1.0,1.0
25,eval,13,15256,2.483186721801758,2.6638331413269043,0.18064641952514648,1.0,1.0
25,eval,14,21269,6.483205795288086,6.302952289581299,-0.1802535057067871,1.0,1.0
25,eval,15,24443,4.609903335571289,4.431382179260254,-0.17852115631103516,1.0,1.0
25,eval,16,2589,2.301053047180176,2.4792640209198,0.17821097373962402,1.0,1.0
25,eval,17,26698,6.085824966430664,5.9081926345825195,-0.17763233184814453,1.0,1.0
25,eval,18,10131,2.9183080196380615,3.0953316688537598,0.17702364921569824,1.0,1.0
25,eval,19,850,2.480738878250122,2.6574718952178955,0.17673301696777344,1.0,1.0
25,eval,20,12753,2.8312222957611084,2.658137559890747,-0.17308473587036133,1.0,1.0
25,eval,21,28263,3.6782703399658203,3.850785970687866,0.1725156307220459,1.0,1.0
25,eval,22,1204,2.3780782222747803,2.5489256381988525,0.17084741592407227,1.0,1.0
25,eval,23,21892,2.515622138977051,2.686049699783325,0.17042756080627441,1.0,1.0
25,eval,24,5293,3.574579954147339,3.744906425476074,0.17032647132873535,1.0,1.0
25,eval,25,3,6.474883556365967,6.306119918823242,-0.1687636375427246,1.0,1.0
25,eval,26,10543,2.7058589458465576,2.8743255138397217,0.16846656799316406,1.0,1.0
25,eval,27,7120,4.750186920166016,4.582649230957031,-0.16753768920898438,1.0,1.0
25,eval,28,11951,6.288854122161865,6.122424125671387,-0.16642999649047852,1.0,1.0
25,eval,29,16655,3.1564667224884033,3.322700023651123,0.16623330116271973,1.0,1.0
25,eval,30,9531,1.681923747062683,1.8457775115966797,0.16385376453399658,1.0,1.0
25,eval,31,870,7.377582550048828,7.215417861938477,-0.16216468811035156,1.0,1.0
25,eval,32,19597,7.4538655281066895,7.292995929718018,-0.16086959838867188,1.0,1.0
25,eval,33,23679,9.136998176574707,8.97662353515625,-0.16037464141845703,1.0,1.0
25,eval,34,11317,2.3998615741729736,2.239569664001465,-0.1602919101715088,1.0,1.0
25,eval,35,1580,6.67484712600708,6.514939308166504,-0.15990781784057617,1.0,1.0
25,eval,36,27787,1.836741328239441,1.9959485530853271,0.15920722484588623,1.0,1.0
25,eval,37,24616,2.356520652770996,2.515061140060425,0.1585404872894287,1.0,1.0
25,eval,38,10522,3.052534818649292,3.2107133865356445,0.15817856788635254,1.0,1.0
25,eval,39,25247,2.0937788486480713,2.2512662410736084,0.1574873924255371,1.0,1.0
25,eval,40,25784,3.6363131999969482,3.478832244873047,-0.15748095512390137,1.0,1.0
25,eval,41,28151,3.919788360595703,3.7639248371124268,-0.15586352348327637,1.0,1.0
25,eval,42,22071,3.602360486984253,3.758113384246826,0.15575289726257324,1.0,1.0
25,eval,43,3968,1.5216869115829468,1.6767290830612183,0.15504217147827148,1.0,1.0
25,eval,44,1998,3.3187999725341797,3.4734253883361816,0.15462541580200195,1.0,1.0
25,eval,45,13494,3.373699903488159,3.52823805809021,0.15453815460205078,1.0,1.0
25,eval,46,16986,2.7496531009674072,2.9035933017730713,0.15394020080566406,1.0,1.0
25,eval,47,16597,2.3006794452667236,2.4544811248779297,0.15380167961120605,1.0,1.0
25,eval,48,4308,3.309032678604126,3.1567115783691406,-0.15232110023498535,1.0,1.0
25,eval,49,1473,1.819632887840271,1.971707820892334,0.152074933052063,1.0,1.0
25,eval,50,17182,2.474794626235962,2.626598834991455,0.15180420875549316,1.0,1.0
25,eval,51,16048,7.63353157043457,7.481767654418945,-0.151763916015625,1.0,1.0
25,eval,52,26181,2.2493269443511963,2.401005744934082,0.15167880058288574,1.0,1.0
25,eval,53,2887,2.8105618953704834,2.6592600345611572,-0.15130186080932617,1.0,1.0
25,eval,54,18481,2.0890440940856934,2.239356279373169,0.15031218528747559,1.0,1.0
25,eval,55,5669,2.085946559906006,1.9362072944641113,-0.14973926544189453,1.0,1.0
25,eval,56,19958,3.4552881717681885,3.3055739402770996,-0.14971423149108887,1.0,1.0
25,eval,57,23771,2.187056541442871,2.33670711517334,0.14965057373046875,1.0,1.0
25,eval,58,24074,3.6165850162506104,3.7649340629577637,0.14834904670715332,1.0,1.0
25,eval,59,10845,1.4958415031433105,1.3488740921020508,-0.14696741104125977,1.0,1.0
25,eval,60,16341,2.348037004470825,2.4949045181274414,0.1468675136566162,1.0,1.0
25,eval,61,25222,6.030625820159912,5.883975505828857,-0.1466503143310547,1.0,1.0
25,eval,62,5569,3.3632307052612305,3.509162425994873,0.14593172073364258,1.0,1.0
25,eval,63,14853,5.874452114105225,5.729085445404053,-0.14536666870117188,1.0,1.0
25,eval,64,8504,2.192115545272827,2.337419271469116,0.14530372619628906,1.0,1.0
25,eval,65,11479,1.8662853240966797,1.7211798429489136,-0.1451054811477661,1.0,1.0
25,eval,66,19577,3.3565218448638916,3.5003864765167236,0.14386463165283203,1.0,1.0
25,eval,67,19633,3.588083267211914,3.444349765777588,-0.14373350143432617,1.0,1.0
25,eval,68,15913,3.7070133686065674,3.8506338596343994,0.14362049102783203,1.0,1.0
25,eval,69,28366,2.1267426013946533,2.2702717781066895,0.14352917671203613,1.0,1.0
25,eval,70,3816,2.2416648864746094,2.3843610286712646,0.14269614219665527,1.0,1.0
25,eval,71,6903,1.86040198802948,2.0027990341186523,0.14239704608917236,1.0,1.0
25,eval,72,25438,2.8753879070281982,3.0176076889038086,0.14221978187561035,1.0,1.0
25,eval,73,24242,2.5806918144226074,2.7227420806884766,0.14205026626586914,1.0,1.0
25,eval,74,19121,2.0019209384918213,2.143519878387451,0.14159893989562988,1.0,1.0
25,eval,75,19293,2.6270508766174316,2.768599510192871,0.14154863357543945,1.0,1.0
25,eval,76,27042,3.5130608081817627,3.371581554412842,-0.1414792537689209,1.0,1.0
25,eval,77,23930,2.6058037281036377,2.464463233947754,-0.1413404941558838,1.0,1.0
25,eval,78,2353,2.9127330780029297,2.77176570892334,-0.14096736907958984,1.0,1.0
25,eval,79,27055,3.0103514194488525,2.8694801330566406,-0.14087128639221191,1.0,1.0
25,eval,80,1433,2.4577505588531494,2.3170976638793945,-0.14065289497375488,1.0,1.0
25,eval,81,9497,2.4090569019317627,2.548953056335449,0.13989615440368652,1.0,1.0
25,eval,82,26180,1.3362360000610352,1.4760878086090088,0.13985180854797363,1.0,1.0
25,eval,83,19726,3.6558945178985596,3.516167163848877,-0.13972735404968262,1.0,1.0
25,eval,84,17861,2.0113327503204346,2.150984048843384,0.13965129852294922,1.0,1.0
25,eval,85,12434,1.5283318758010864,1.6678460836410522,0.13951420783996582,1.0,1.0
25,eval,86,16530,2.994119882583618,3.13338303565979,0.13926315307617188,1.0,1.0
25,eval,87,2631,1.7539483308792114,1.6147212982177734,-0.139227032661438,1.0,1.0
25,eval,88,1631,3.2864367961883545,3.425433397293091,0.13899660110473633,1.0,1.0
25,eval,89,21550,1.0250691175460815,1.164052963256836,0.1389838457107544,1.0,1.0
25,eval,90,22254,2.723590850830078,2.8625152111053467,0.13892436027526855,1.0,1.0
25,eval,91,12635,2.8494961261749268,2.988369941711426,0.13887381553649902,1.0,1.0
25,eval,92,25340,5.681732177734375,5.542963027954102,-0.13876914978027344,1.0,1.0
25,eval,93,23406,2.175919771194458,2.3140504360198975,0.13813066482543945,1.0,1.0
25,eval,94,13668,3.286200761795044,3.4241554737091064,0.1379547119140625,1.0,1.0
25,eval,95,5485,2.261279344558716,2.1235899925231934,-0.13768935203552246,1.0,1.0
25,eval,96,27102,5.869790554046631,5.73289155960083,-0.13689899444580078,1.0,1.0
25,eval,97,11177,2.0482757091522217,1.9113892316818237,-0.13688647747039795,1.0,1.0
25,eval,98,19969,2.1293978691101074,1.9927136898040771,-0.13668417930603027,1.0,1.0
25,eval,99,6091,1.5380903482437134,1.4018648862838745,-0.13622546195983887,1.0,1.0
25,eval,100,6609,6.675762176513672,6.539825439453125,-0.13593673706054688,1.0,1.0
25,eval,101,18863,4.937326908111572,4.801435470581055,-0.13589143753051758,1.0,1.0
25,eval,102,24607,1.5875487327575684,1.4519630670547485,-0.13558566570281982,1.0,1.0
25,eval,103,14362,2.733125686645508,2.5977063179016113,-0.13541936874389648,1.0,1.0
25,eval,104,7568,1.9593868255615234,2.0946085453033447,0.1352217197418213,1.0,1.0
25,eval,105,238,1.8436909914016724,1.708516240119934,-0.13517475128173828,1.0,1.0
25,eval,106,15643,2.4526307582855225,2.5877373218536377,0.13510656356811523,1.0,1.0
25,eval,107,8050,2.4069814682006836,2.542019844055176,0.1350383758544922,1.0,1.0
25,eval,108,889,2.9697768688201904,2.834881067276001,-0.13489580154418945,1.0,1.0
25,eval,109,21151,3.441365957260132,3.576216459274292,0.13485050201416016,1.0,1.0
25,eval,110,3742,1.674683928489685,1.5403019189834595,-0.13438200950622559,1.0,1.0
25,eval,111,10045,3.635784149169922,3.7699801921844482,0.13419604301452637,1.0,1.0
25,eval,112,23818,3.593285322189331,3.4591434001922607,-0.1341419219970703,1.0,1.0
25,eval,113,27288,2.882908582687378,2.7487852573394775,-0.1341233253479004,1.0,1.0
25,eval,114,24097,3.236297369003296,3.370190382003784,0.13389301300048828,1.0,1.0
25,eval,115,538,2.664335012435913,2.798098564147949,0.13376355171203613,1.0,1.0
25,eval,116,26239,2.330207109451294,2.4638428688049316,0.1336357593536377,1.0,1.0
25,eval,117,17687,2.002284526824951,2.1356985569000244,0.13341403007507324,1.0,1.0
25,eval,118,10426,5.043044567108154,4.909882545471191,-0.1331620216369629,1.0,1.0
25,eval,119,28341,2.7582194805145264,2.625422477722168,-0.1327970027923584,1.0,1.0
25,eval,120,28240,4.1166157722473145,4.249189376831055,0.13257360458374023,1.0,1.0
25,eval,121,4663,3.014895439147949,2.8824350833892822,-0.132460355758667,1.0,1.0
25,eval,122,25772,2.7336862087249756,2.601278781890869,-0.13240742683410645,1.0,1.0
25,eval,123,5910,1.8740558624267578,2.0063395500183105,0.13228368759155273,1.0,1.0
25,eval,124,4399,2.2202723026275635,2.3523778915405273,0.13210558891296387,1.0,1.0
25,eval,125,2194,0.25663283467292786,0.38871583342552185,0.132082998752594,0.9583333333333334,1.0
25,eval,126,18072,1.7129205465316772,1.844887375831604,0.13196682929992676,1.0,1.0
25,eval,127,5610,2.3760533332824707,2.508009433746338,0.1319561004638672,1.0,1.0
25,eval,128,28547,3.046882390975952,2.91550874710083,-0.13137364387512207,1.0,1.0
25,eval,129,16079,1.5850486755371094,1.7163100242614746,0.13126134872436523,1.0,1.0
25,eval,130,8922,2.162980318069458,2.2941863536834717,0.13120603561401367,1.0,1.0
25,eval,131,7285,3.471076011657715,3.339901924133301,-0.13117408752441406,1.0,1.0
25,eval,132,12832,1.8226884603500366,1.953328251838684,0.13063979148864746,1.0,1.0
25,eval,133,17246,3.533634901046753,3.4032039642333984,-0.1304309368133545,1.0,1.0
25,eval,134,1497,1.4944939613342285,1.3641992807388306,-0.13029468059539795,1.0,1.0
25,eval,135,25785,3.4020793437957764,3.5323121547698975,0.1302328109741211,1.0,1.0
25,eval,136,2444,2.2909018993377686,2.4211156368255615,0.13021373748779297,1.0,1.0
25,eval,137,7008,2.022535562515259,1.8923288583755493,-0.13020670413970947,1.0,1.0
25,eval,138,20153,2.0604279041290283,2.190619468688965,0.13019156455993652,1.0,1.0
25,eval,139,21605,2.109062910079956,2.2389228343963623,0.12985992431640625,1.0,1.0
25,eval,140,77,2.850177049636841,2.980032205581665,0.12985515594482422,1.0,1.0
25,eval,141,20778,3.115349769592285,3.244746446609497,0.12939667701721191,1.0,1.0
25,eval,142,28575,3.5869808197021484,3.716202974319458,0.12922215461730957,1.0,1.0
25,eval,143,19217,3.505427598953247,3.3762059211730957,-0.12922167778015137,1.0,1.0
25,eval,144,23218,4.542396545410156,4.413423538208008,-0.12897300720214844,1.0,1.0
25,eval,145,6108,3.4936282634735107,3.6221601963043213,0.12853193283081055,1.0,1.0
25,eval,146,17992,2.3526928424835205,2.224229097366333,-0.1284637451171875,1.0,1.0
25,eval,147,1840,2.900118827819824,2.772019147872925,-0.12809967994689941,1.0,1.0
25,eval,148,27238,5.232941150665283,5.104994297027588,-0.1279468536376953,1.0,1.0
25,eval,149,3384,3.077019691467285,2.949336528778076,-0.12768316268920898,1.0,1.0
25,eval,150,17791,2.5596697330474854,2.687312126159668,0.12764239311218262,1.0,1.0
25,eval,151,406,1.6616158485412598,1.7891305685043335,0.12751471996307373,1.0,1.0
25,eval,152,1626,1.7944607734680176,1.9219112396240234,0.12745046615600586,1.0,1.0
25,eval,153,26149,2.471453905105591,2.5987443923950195,0.1272904872894287,1.0,1.0
25,eval,154,2948,1.9174914360046387,2.0446834564208984,0.12719202041625977,1.0,1.0
25,eval,155,16255,1.648112416267395,1.775266170501709,0.12715375423431396,1.0,1.0
25,eval,156,13398,2.85003399848938,2.977158546447754,0.12712454795837402,1.0,1.0
25,eval,157,26628,3.806102991104126,3.678995370864868,-0.1271076202392578,1.0,1.0
25,eval,158,11212,1.5117014646530151,1.638708233833313,0.12700676918029785,1.0,1.0
25,eval,159,21810,1.7567435503005981,1.883604884147644,0.1268613338470459,1.0,1.0
25,eval,160,27026,2.304434299468994,2.431279420852661,0.126845121383667,1.0,1.0
25,eval,161,28084,1.717195987701416,1.8439851999282837,0.12678921222686768,1.0,1.0
25,eval,162,11059,2.1424400806427,2.2691891193389893,0.12674903869628906,1.0,1.0
25,eval,163,1464,2.296189069747925,2.422605276107788,0.12641620635986328,1.0,1.0
25,eval,164,14019,6.394535064697266,6.268218517303467,-0.12631654739379883,1.0,1.0
25,eval,165,19781,2.5848641395568848,2.7111642360687256,0.12630009651184082,1.0,1.0
25,eval,166,9680,2.1659982204437256,2.039729595184326,-0.12626862525939941,1.0,1.0
25,eval,167,4370,3.100120782852173,2.9740686416625977,-0.1260521411895752,1.0,1.0
25,eval,168,1504,2.5201518535614014,2.6461942195892334,0.12604236602783203,1.0,1.0
25,eval,169,15075,2.8309671878814697,2.9569497108459473,0.12598252296447754,1.0,1.0
25,eval,170,20255,3.077728509902954,2.951777219772339,-0.12595129013061523,1.0,1.0
25,eval,171,7262,3.1788346767425537,3.3046841621398926,0.12584948539733887,1.0,1.0
25,eval,172,13100,2.0372512340545654,2.163085699081421,0.12583446502685547,1.0,1.0
25,eval,173,26728,6.182594299316406,6.0568366050720215,-0.12575769424438477,1.0,1.0
25,eval,174,1412,2.540895700454712,2.666628837585449,0.1257331371307373,1.0,1.0
25,eval,175,12516,2.2470972537994385,2.372650146484375,0.12555289268493652,1.0,1.0
25,eval,176,2453,1.7416586875915527,1.8671621084213257,0.12550342082977295,1.0,1.0
25,eval,177,17641,1.6387630701065063,1.7642611265182495,0.12549805641174316,1.0,1.0
25,eval,178,302,2.5515620708465576,2.6769962310791016,0.12543416023254395,1.0,1.0
25,eval,179,22312,3.8679075241088867,3.993136167526245,0.1252286434173584,1.0,1.0
25,eval,180,20280,3.2393949031829834,3.364487648010254,0.1250927448272705,1.0,1.0
25,eval,181,7226,2.882716178894043,2.7576956748962402,-0.12502050399780273,1.0,1.0
25,eval,182,22206,1.4249712228775024,1.54978609085083,0.12481486797332764,1.0,1.0
25,eval,183,13876,1.7461929321289062,1.8709405660629272,0.124747633934021,1.0,1.0
25,eval,184,22736,3.362450361251831,3.486987352371216,0.12453699111938477,1.0,1.0
25,eval,185,13342,4.079668998718262,4.204150676727295,0.1244816780090332,1.0,1.0
25,eval,186,2114,3.032900810241699,2.9085118770599365,-0.1243889331817627,1.0,1.0
25,eval,187,5654,4.011534690856934,4.1358747482299805,0.12434005737304688,1.0,1.0
25,eval,188,4897,3.2198054790496826,3.095503807067871,-0.12430167198181152,1.0,1.0
25,eval,189,15882,2.571702718734741,2.4474291801452637,-0.12427353858947754,1.0,1.0
25,eval,190,3958,2.361815929412842,2.237558364868164,-0.12425756454467773,1.0,1.0
25,eval,191,3347,2.210278034210205,2.334146499633789,0.12386846542358398,1.0,1.0
25,eval,192,9691,3.363433599472046,3.487246513366699,0.12381291389465332,1.0,1.0
25,eval,193,13733,1.5957555770874023,1.7194180488586426,0.12366247177124023,1.0,1.0
25,eval,194,21058,3.392655611038208,3.516200304031372,0.12354469299316406,1.0,1.0
25,eval,195,3633,7.476922988891602,7.35351037979126,-0.1234126091003418,1.0,1.0
25,eval,196,1991,2.6210997104644775,2.4976954460144043,-0.12340426445007324,1.0,1.0
25,eval,197,16720,4.568343162536621,4.444992542266846,-0.12335062026977539,1.0,1.0
25,eval,198,3836,1.632219910621643,1.755069613456726,0.12284970283508301,1.0,1.0
25,eval,199,27983,2.3741071224212646,2.49686336517334,0.1227562427520752,1.0,1.0
25,eval,200,8521,2.1950762271881104,2.0723609924316406,-0.12271523475646973,1.0,1.0
25,eval,201,11628,3.3871123790740967,3.2644660472869873,-0.12264633178710938,1.0,1.0
25,eval,202,16698,1.894982933998108,2.017451763153076,0.12246882915496826,1.0,1.0
25,eval,203,17259,3.795158624649048,3.6727702617645264,-0.12238836288452148,1.0,1.0
25,eval,204,5802,4.175395488739014,4.297554016113281,0.12215852737426758,1.0,1.0
25,eval,205,2651,2.3367340564727783,2.4588515758514404,0.12211751937866211,1.0,1.0
25,eval,206,15089,2.5405213832855225,2.6623613834381104,0.12184000015258789,1.0,1.0
25,eval,207,7866,1.009734034538269,1.1313014030456543,0.12156736850738525,1.0,1.0
25,eval,208,12667,3.61782169342041,3.7392895221710205,0.12146782875061035,1.0,1.0
25,eval,209,27394,2.272890567779541,2.3943564891815186,0.12146592140197754,1.0,1.0
25,eval,210,26097,2.389233112335205,2.5105180740356445,0.12128496170043945,1.0,1.0
25,eval,211,10883,2.7683207988739014,2.6470584869384766,-0.1212623119354248,1.0,1.0
25,eval,212,11449,2.142470121383667,2.0212812423706055,-0.12118887901306152,1.0,1.0
25,eval,213,413,2.334526777267456,2.2133851051330566,-0.12114167213439941,1.0,1.0
25,eval,214,17202,3.055192232131958,2.9340667724609375,-0.12112545967102051,1.0,1.0
25,eval,215,7479,2.315843343734741,2.19484806060791,-0.12099528312683105,1.0,1.0
25,eval,216,605,2.5103368759155273,2.631263017654419,0.1209261417388916,1.0,1.0
25,eval,217,9667,1.492058277130127,1.612876057624817,0.12081778049468994,1.0,1.0
25,eval,218,17216,2.833836317062378,2.954510450363159,0.12067413330078125,1.0,1.0
25,eval,219,2416,1.5008025169372559,1.6214125156402588,0.12060999870300293,1.0,1.0
25,eval,220,26233,5.137930870056152,5.258337020874023,0.1204061508178711,1.0,1.0
25,eval,221,28059,4.17860746383667,4.058274745941162,-0.12033271789550781,1.0,1.0
25,eval,222,18199,1.7958087921142578,1.9160504341125488,0.12024164199829102,1.0,1.0
25,eval,223,4908,2.4660582542419434,2.5862481594085693,0.12018990516662598,1.0,1.0
25,eval,224,11898,1.720790982246399,1.840829849243164,0.12003886699676514,1.0,1.0
25,eval,225,13111,2.4039528369903564,2.5238935947418213,0.11994075775146484,1.0,1.0
25,eval,226,20707,2.438572645187378,2.5584821701049805,0.11990952491760254,1.0,1.0
25,eval,227,16572,2.3377177715301514,2.457505226135254,0.11978745460510254,1.0,1.0
25,eval,228,10674,2.669010877609253,2.788724899291992,0.11971402168273926,1.0,1.0
25,eval,229,8385,0.9407450556755066,1.0603551864624023,0.11961013078689575,1.0,1.0
25,eval,230,6417,2.301323652267456,2.181851863861084,-0.11947178840637207,1.0,1.0
25,eval,231,27216,2.7889368534088135,2.908315658569336,0.11937880516052246,1.0,1.0
25,eval,232,14527,2.4861958026885986,2.605525493621826,0.11932969093322754,1.0,1.0
25,eval,233,17271,2.5595221519470215,2.440197229385376,-0.11932492256164551,1.0,1.0
25,eval,234,27528,2.4681427478790283,2.348952531814575,-0.11919021606445312,1.0,1.0
25,eval,235,11984,2.4063427448272705,2.2872674465179443,-0.11907529830932617,1.0,1.0
25,eval,236,27582,7.269360065460205,7.150289058685303,-0.11907100677490234,1.0,1.0
25,eval,237,1469,4.775599479675293,4.894625186920166,0.11902570724487305,1.0,1.0
25,eval,238,1042,2.7488253116607666,2.629807472229004,-0.1190178394317627,1.0,1.0
25,eval,239,21113,2.380720853805542,2.2617533206939697,-0.11896753311157227,1.0,1.0
25,eval,240,20944,1.678207516670227,1.79714834690094,0.11894083023071289,1.0,1.0
25,eval,241,23776,2.539419412612915,2.6583123207092285,0.11889290809631348,1.0,1.0
25,eval,242,17050,1.4463251829147339,1.3274474143981934,-0.11887776851654053,1.0,1.0
25,eval,243,2384,2.6752519607543945,2.5563879013061523,-0.11886405944824219,1.0,1.0
25,eval,244,14170,1.9919172525405884,2.110739231109619,0.11882197856903076,1.0,1.0
25,eval,245,2405,1.670724868774414,1.7893670797348022,0.11864221096038818,1.0,1.0
25,eval,246,6946,5.250284671783447,5.3688201904296875,0.11853551864624023,1.0,1.0
25,eval,247,22701,2.0874505043029785,2.205949544906616,0.1184990406036377,1.0,1.0
25,eval,248,26719,2.352843761444092,2.471339702606201,0.11849594116210938,1.0,1.0
25,eval,249,8413,2.835160255432129,2.7166953086853027,-0.11846494674682617,1.0,1.0
25,eval,250,11336,1.6134146451950073,1.7318567037582397,0.11844205856323242,1.0,1.0
25,eval,251,21848,2.1624748706817627,2.2809135913848877,0.118438720703125,1.0,1.0
25,eval,252,749,1.1247645616531372,1.0067389011383057,-0.11802566051483154,1.0,1.0
25,eval,253,26559,2.313852310180664,2.431856393814087,0.11800408363342285,1.0,1.0
25,eval,254,16050,3.0402872562408447,3.158237934112549,0.1179506778717041,1.0,1.0
25,eval,255,6598,1.1932361125946045,1.3110506534576416,0.11781454086303711,1.0,1.0
25,eval,256,12207,1.8055051565170288,1.9231880903244019,0.11768293380737305,1.0,1.0
25,eval,257,26190,3.1628284454345703,3.0451695919036865,-0.11765885353088379,1.0,1.0
25,eval,258,9277,2.7006380558013916,2.5830984115600586,-0.11753964424133301,1.0,1.0
25,eval,259,11266,3.0859835147857666,2.9685912132263184,-0.11739230155944824,1.0,1.0
25,eval,260,4956,3.4119651317596436,3.5290725231170654,0.11710739135742188,1.0,1.0
25,eval,261,2319,2.789875030517578,2.6727826595306396,-0.11709237098693848,1.0,1.0
25,eval,262,21252,2.339803695678711,2.456791877746582,0.1169881820678711,1.0,1.0
25,eval,263,22,1.5753179788589478,1.6920596361160278,0.11674165725708008,1.0,1.0
25,eval,264,25779,2.1365089416503906,2.253218650817871,0.11670970916748047,1.0,1.0
25,eval,265,3604,1.4714646339416504,1.3547629117965698,-0.11670172214508057,1.0,1.0
25,eval,266,19514,2.7920405864715576,2.9087321758270264,0.11669158935546875,1.0,1.0
25,eval,267,7615,4.434469699859619,4.31791877746582,-0.11655092239379883,1.0,1.0
25,eval,268,6872,2.8980658054351807,2.781558036804199,-0.11650776863098145,1.0,1.0
25,eval,269,10906,2.1654720306396484,2.2819182872772217,0.11644625663757324,1.0,1.0
25,eval,270,7726,4.378330230712891,4.26207160949707,-0.11625862121582031,1.0,1.0
25,eval,271,24649,1.95864737033844,1.8425153493881226,-0.11613202095031738,1.0,1.0
25,eval,272,8683,2.793445587158203,2.9094552993774414,0.11600971221923828,1.0,1.0
25,eval,273,27712,2.6173553466796875,2.7333455085754395,0.11599016189575195,1.0,1.0
25,eval,274,26949,3.3798468112945557,3.4958152770996094,0.11596846580505371,1.0,1.0
25,eval,275,3318,1.3819589614868164,1.4979090690612793,0.11595010757446289,1.0,1.0
25,eval,276,22917,3.296931505203247,3.1810035705566406,-0.11592793464660645,1.0,1.0
25,eval,277,27259,1.8073796033859253,1.923226237297058,0.11584663391113281,1.0,1.0
25,eval,278,3733,1.7503291368484497,1.8661725521087646,0.11584341526031494,1.0,1.0
25,eval,279,22456,1.1502963304519653,1.0344923734664917,-0.11580395698547363,1.0,1.0
25,eval,280,9358,1.908532738685608,2.024329423904419,0.11579668521881104,1.0,1.0
25,eval,281,11467,1.9181698560714722,2.0339436531066895,0.11577379703521729,1.0,1.0
25,eval,282,18927,3.334918737411499,3.2191460132598877,-0.11577272415161133,1.0,1.0
25,eval,283,18721,1.0546975135803223,1.170460820198059,0.11576330661773682,1.0,1.0
25,eval,284,27419,2.7762248516082764,2.6605124473571777,-0.11571240425109863,1.0,1.0
25,eval,285,5207,2.8879568576812744,2.772247076034546,-0.11570978164672852,1.0,1.0
25,eval,286,7865,2.009132146835327,2.124774694442749,0.11564254760742188,1.0,1.0
25,eval,287,6614,1.5664615631103516,1.6820392608642578,0.11557769775390625,1.0,1.0
25,eval,288,13613,2.237273931503296,2.1217997074127197,-0.11547422409057617,1.0,1.0
25,eval,289,2054,2.7729480266571045,2.888256311416626,0.11530828475952148,1.0,1.0
25,eval,290,4666,1.5325359106063843,1.6477164030075073,0.11518049240112305,1.0,1.0
25,eval,291,1678,1.7393602132797241,1.8545156717300415,0.11515545845031738,1.0,1.0
25,eval,292,12501,1.7538504600524902,1.8689498901367188,0.11509943008422852,1.0,1.0
25,eval,293,24531,1.805700659751892,1.9207755327224731,0.11507487297058105,1.0,1.0
25,eval,294,20354,2.6401724815368652,2.525172710418701,-0.11499977111816406,1.0,1.0
25,eval,295,21225,1.804094910621643,1.9190640449523926,0.11496913433074951,1.0,1.0
25,eval,296,4604,1.1519646644592285,1.0370392799377441,-0.11492538452148438,1.0,1.0
25,eval,297,17916,2.9953081607818604,3.110140562057495,0.11483240127563477,1.0,1.0
25,eval,298,16314,1.9189523458480835,2.033776044845581,0.11482369899749756,1.0,1.0
25,eval,299,17452,2.8537437915802,2.7392327785491943,-0.11451101303100586,1.0,1.0
25,eval,300,18177,3.1614809036254883,3.047092914581299,-0.11438798904418945,1.0,1.0
25,eval,301,23547,3.380011558532715,3.265636682510376,-0.11437487602233887,1.0,1.0
25,eval,302,1643,3.2210123538970947,3.3353826999664307,0.11437034606933594,1.0,1.0
25,eval,303,23222,1.709276556968689,1.823630452156067,0.11435389518737793,1.0,1.0
25,eval,304,13229,2.0672314167022705,2.1815037727355957,0.1142723560333252,1.0,1.0
25,eval,305,22890,1.6978477239608765,1.8120863437652588,0.11423861980438232,1.0,1.0
25,eval,306,247,1.8675180673599243,1.9816093444824219,0.11409127712249756,1.0,1.0
25,eval,307,11271,3.2145071029663086,3.3285651206970215,0.11405801773071289,1.0,1.0
25,eval,308,15374,3.1827967166900635,3.068756580352783,-0.11404013633728027,1.0,1.0
25,eval,309,23595,1.9462121725082397,1.8321791887283325,-0.11403298377990723,1.0,1.0
25,eval,310,23389,3.0210840702056885,2.907076835632324,-0.11400723457336426,1.0,1.0
25,eval,311,22334,2.514211893081665,2.6281967163085938,0.11398482322692871,1.0,1.0
25,eval,312,8130,8.822022438049316,8.70809555053711,-0.11392688751220703,1.0,1.0
25,eval,313,21846,2.6971893310546875,2.8110909461975098,0.11390161514282227,1.0,1.0
25,eval,314,24320,2.7772789001464844,2.663496732711792,-0.11378216743469238,1.0,1.0
25,eval,315,22488,2.9002654552459717,3.0140011310577393,0.11373567581176758,1.0,1.0
25,eval,316,25152,2.5522782802581787,2.438616991043091,-0.11366128921508789,1.0,1.0
25,eval,317,12490,1.1986805200576782,1.3122763633728027,0.11359584331512451,1.0,1.0
25,eval,318,5811,4.196939945220947,4.083364486694336,-0.11357545852661133,1.0,1.0
25,eval,319,10127,2.9121055603027344,3.0256729125976562,0.11356735229492188,1.0,1.0
25,eval,320,25648,2.1323509216308594,2.245887279510498,0.11353635787963867,1.0,1.0
25,eval,321,8347,3.5445709228515625,3.431062936782837,-0.11350798606872559,1.0,1.0
25,eval,322,9240,3.0609467029571533,3.174445152282715,0.11349844932556152,1.0,1.0
25,eval,323,16203,8.231538772583008,8.118083953857422,-0.11345481872558594,1.0,1.0
25,eval,324,17857,3.3642146587371826,3.477647066116333,0.11343240737915039,1.0,1.0
25,eval,325,10606,3.587862014770508,3.4744656085968018,-0.11339640617370605,1.0,1.0
25,eval,326,19721,3.5816457271575928,3.4682583808898926,-0.1133873462677002,1.0,1.0
25,eval,327,8627,2.9445180892944336,2.831170082092285,-0.11334800720214844,1.0,1.0
25,eval,328,4371,2.787083625793457,2.673781394958496,-0.11330223083496094,1.0,1.0
25,eval,329,23056,1.197932243347168,1.3112331628799438,0.11330091953277588,1.0,1.0
25,eval,330,1717,3.4118659496307373,3.2985777854919434,-0.11328816413879395,1.0,1.0
25,eval,331,23110,2.987178087234497,2.8739497661590576,-0.11322832107543945,1.0,1.0
25,eval,332,21851,2.6839828491210938,2.797185182571411,0.11320233345031738,1.0,1.0
25,eval,333,9969,2.077252149581909,2.190415620803833,0.11316347122192383,1.0,1.0
25,eval,334,15207,1.3035560846328735,1.4167009592056274,0.1131448745727539,1.0,1.0
25,eval,335,4394,3.204854965209961,3.3179943561553955,0.11313939094543457,1.0,1.0
25,eval,336,19598,1.0300999879837036,1.1431294679641724,0.11302947998046875,1.0,1.0
25,eval,337,26657,2.373776912689209,2.4866955280303955,0.11291861534118652,1.0,1.0
25,eval,338,6395,2.705334424972534,2.5925512313842773,-0.11278319358825684,1.0,1.0
25,eval,339,3631,1.228725552558899,1.3414835929870605,0.11275804042816162,1.0,1.0
25,eval,340,16157,3.1750457286834717,3.2877378463745117,0.11269211769104004,1.0,1.0
25,eval,341,10600,3.1632397174835205,3.2759156227111816,0.11267590522766113,1.0,1.0
25,eval,342,27842,6.916792392730713,7.029438018798828,0.11264562606811523,1.0,1.0
25,eval,343,25027,2.881296157836914,2.9938132762908936,0.11251711845397949,1.0,1.0
25,eval,344,1526,3.618532419204712,3.7309679985046387,0.11243557929992676,1.0,1.0
25,eval,345,19549,2.782904863357544,2.670534610748291,-0.11237025260925293,1.0,1.0
25,eval,346,11582,1.7210503816604614,1.8334170579910278,0.1123666763305664,1.0,1.0
25,eval,347,25845,2.122969150543213,2.235142946243286,0.11217379570007324,1.0,1.0
25,eval,348,13092,2.6828410625457764,2.7949416637420654,0.11210060119628906,1.0,1.0
25,eval,349,1161,3.173272132873535,3.0611774921417236,-0.11209464073181152,1.0,1.0
25,eval,350,23870,1.017884612083435,1.1298251152038574,0.11194050312042236,1.0,1.0
25,eval,351,25589,2.928748369216919,2.8169021606445312,-0.1118462085723877,1.0,1.0
25,eval,352,4047,1.6280087232589722,1.73976731300354,0.11175858974456787,1.0,1.0
25,eval,353,4034,2.947523355484009,2.835765838623047,-0.11175751686096191,1.0,1.0
25,eval,354,10556,3.4892752170562744,3.6009793281555176,0.11170411109924316,1.0,1.0
25,eval,355,1582,3.335695266723633,3.2240488529205322,-0.11164641380310059,1.0,1.0
25,eval,356,22295,2.3544247150421143,2.4658610820770264,0.11143636703491211,1.0,1.0
25,eval,357,14471,2.4035425186157227,2.292121171951294,-0.11142134666442871,1.0,1.0
25,eval,358,17734,1.9678157567977905,2.0792202949523926,0.11140453815460205,1.0,1.0
25,eval,359,30,2.0829086303710938,2.194279432296753,0.11137080192565918,1.0,1.0
25,eval,360,18546,3.33870792388916,3.227449417114258,-0.11125850677490234,1.0,1.0
25,eval,361,792,2.1044118404388428,1.9932221174240112,-0.11118972301483154,1.0,1.0
25,eval,362,13739,2.928314447402954,2.817258358001709,-0.11105608940124512,1.0,1.0
25,eval,363,19765,2.766106367111206,2.8770644664764404,0.11095809936523438,1.0,1.0
25,eval,364,25992,2.109578847885132,2.2204551696777344,0.11087632179260254,1.0,1.0
25,eval,365,3711,2.312079906463623,2.42289137840271,0.11081147193908691,1.0,1.0
25,eval,366,5440,2.6183643341064453,2.729112148284912,0.1107478141784668,1.0,1.0
25,eval,367,12849,2.1680898666381836,2.057366132736206,-0.11072373390197754,1.0,1.0
25,eval,368,11382,2.047257661819458,1.9365400075912476,-0.11071765422821045,1.0,1.0
25,eval,369,3247,3.7977962493896484,3.6871588230133057,-0.11063742637634277,1.0,1.0
25,eval,370,22742,2.5253493785858154,2.414830207824707,-0.1105191707611084,1.0,1.0
25,eval,371,17551,2.4470388889312744,2.336745262145996,-0.11029362678527832,1.0,1.0
25,eval,372,17695,2.128588914871216,2.238818645477295,0.1102297306060791,1.0,1.0
25,eval,373,807,3.6290855407714844,3.5188632011413574,-0.11022233963012695,1.0,1.0
25,eval,374,9875,2.3253047466278076,2.2152087688446045,-0.11009597778320312,1.0,1.0
25,eval,375,15431,3.780599594116211,3.6705334186553955,-0.11006617546081543,1.0,1.0
25,eval,376,27291,3.467731475830078,3.3578145503997803,-0.10991692543029785,1.0,1.0
25,eval,377,12292,3.691589593887329,3.8014259338378906,0.10983633995056152,1.0,1.0
25,eval,378,18697,2.1152024269104004,2.0053834915161133,-0.10981893539428711,1.0,1.0
25,eval,379,8657,3.1609699726104736,3.051264524459839,-0.10970544815063477,1.0,1.0
25,eval,380,2268,2.110623359680176,2.2201619148254395,0.10953855514526367,1.0,1.0
25,eval,381,25159,2.5430452823638916,2.433523178100586,-0.10952210426330566,1.0,1.0
25,eval,382,25399,1.6002397537231445,1.4908559322357178,-0.10938382148742676,1.0,1.0
25,eval,383,25705,3.3714120388031006,3.480764389038086,0.10935235023498535,1.0,1.0
25,eval,384,25076,2.582134485244751,2.691481590270996,0.10934710502624512,1.0,1.0
25,eval,385,15258,2.872352361679077,2.9816627502441406,0.10931038856506348,1.0,1.0
25,eval,386,6671,3.0811033248901367,2.9718544483184814,-0.10924887657165527,1.0,1.0
25,eval,387,27914,3.7054636478424072,3.8146939277648926,0.10923027992248535,1.0,1.0
25,eval,388,8809,3.333915948867798,3.2247421741485596,-0.10917377471923828,1.0,1.0
25,eval,389,762,4.119848251342773,4.010717868804932,-0.1091303825378418,1.0,1.0
25,eval,390,319,1.643750548362732,1.5346293449401855,-0.10912120342254639,1.0,1.0
25,eval,391,20108,1.710787296295166,1.8196932077407837,0.10890591144561768,1.0,1.0
25,eval,392,15070,2.7268245220184326,2.617945432662964,-0.10887908935546875,1.0,1.0
25,eval,393,4260,2.574709177017212,2.6835861206054688,0.10887694358825684,1.0,1.0
25,eval,394,12033,3.4417831897735596,3.550628185272217,0.10884499549865723,1.0,1.0
25,eval,395,20010,2.5868899822235107,2.4781250953674316,-0.1087648868560791,1.0,1.0
25,eval,396,5074,2.6065714359283447,2.7153329849243164,0.10876154899597168,1.0,1.0
25,eval,397,21171,3.3640782833099365,3.2553458213806152,-0.10873246192932129,1.0,1.0
25,eval,398,11642,2.3267133235931396,2.435443878173828,0.10873055458068848,1.0,1.0
25,eval,399,15863,0.9344250559806824,1.0431216955184937,0.10869663953781128,1.0,1.0
25,eval,400,24087,3.5632245540618896,3.671905040740967,0.10868048667907715,1.0,1.0
25,eval,401,24768,1.995200514793396,2.103830337524414,0.10862982273101807,1.0,1.0
25,eval,402,3081,3.206681489944458,3.3152971267700195,0.10861563682556152,1.0,1.0
25,eval,403,5930,3.1325626373291016,3.241150379180908,0.10858774185180664,1.0,1.0
25,eval,404,22768,3.001234292984009,3.1097359657287598,0.10850167274475098,1.0,1.0
25,eval,405,25191,2.7547900676727295,2.8632240295410156,0.10843396186828613,1.0,1.0
25,eval,406,7357,2.4861347675323486,2.5944950580596924,0.10836029052734375,1.0,1.0
25,eval,407,12295,1.9127846956253052,2.0210087299346924,0.10822403430938721,1.0,1.0
25,eval,408,22375,2.6976680755615234,2.805863618850708,0.10819554328918457,1.0,1.0
25,eval,409,1323,2.9425852298736572,2.8344030380249023,-0.10818219184875488,1.0,1.0
25,eval,410,5604,1.876021385192871,1.9841963052749634,0.10817492008209229,1.0,1.0
25,eval,411,7484,2.7276275157928467,2.8357810974121094,0.1081535816192627,1.0,1.0
25,eval,412,12330,2.1662349700927734,2.274378776550293,0.10814380645751953,1.0,1.0
25,eval,413,14326,5.271409511566162,5.163266181945801,-0.10814332962036133,1.0,1.0
25,eval,414,16322,2.6189849376678467,2.7271013259887695,0.10811638832092285,1.0,1.0
25,eval,415,23176,1.6802343130111694,1.788331151008606,0.10809683799743652,1.0,1.0
25,eval,416,14285,1.5441821813583374,1.6522502899169922,0.10806810855865479,1.0,1.0
25,eval,417,19394,1.5200661420822144,1.4120728969573975,-0.1079932451248169,1.0,1.0
25,eval,418,2294,2.3786323070526123,2.486619234085083,0.1079869270324707,1.0,1.0
25,eval,419,27112,2.2603213787078857,2.152374267578125,-0.10794711112976074,1.0,1.0
25,eval,420,72,1.6406422853469849,1.7483961582183838,0.10775387287139893,1.0,1.0
25,eval,421,13770,2.5364744663238525,2.644150733947754,0.10767626762390137,1.0,1.0
25,eval,422,27861,4.795032978057861,4.687384128570557,-0.10764884948730469,1.0,1.0
25,eval,423,13869,2.4787962436676025,2.5864322185516357,0.1076359748840332,1.0,1.0
25,eval,424,15269,2.4250853061676025,2.5325703620910645,0.10748505592346191,1.0,1.0
25,eval,425,28664,3.2472527027130127,3.139819860458374,-0.10743284225463867,1.0,1.0
25,eval,426,13150,2.3871114253997803,2.494532585144043,0.1074211597442627,1.0,1.0
25,eval,427,6901,2.0628650188446045,2.1701529026031494,0.10728788375854492,1.0,1.0
25,eval,428,13740,1.864245057106018,1.756967306137085,-0.1072777509689331,1.0,1.0
25,eval,429,20413,3.1526403427124023,3.0454344749450684,-0.10720586776733398,1.0,1.0
25,eval,430,3136,1.5647791624069214,1.6719003915786743,0.10712122917175293,1.0,1.0
25,eval,431,27302,2.1668243408203125,2.27388858795166,0.10706424713134766,1.0,1.0
25,eval,432,17882,2.1352152824401855,2.242157220840454,0.10694193840026855,1.0,1.0
25,eval,433,12201,2.594085454940796,2.487159013748169,-0.10692644119262695,1.0,1.0
25,eval,434,2938,1.810221791267395,1.917147159576416,0.106925368309021,1.0,1.0
25,eval,435,10019,2.9378528594970703,3.0447144508361816,0.10686159133911133,1.0,1.0
25,eval,436,11532,2.6358561515808105,2.7426862716674805,0.10683012008666992,1.0,1.0
25,eval,437,26375,2.0226547718048096,2.1293838024139404,0.10672903060913086,1.0,1.0
25,eval,438,13147,4.326138496398926,4.432794570922852,0.10665607452392578,1.0,1.0
25,eval,439,21314,1.6358274221420288,1.7424464225769043,0.10661900043487549,1.0,1.0
25,eval,440,4519,3.167239189147949,3.2737905979156494,0.1065514087677002,1.0,1.0
25,eval,441,14247,2.3802707195281982,2.2737550735473633,-0.10651564598083496,1.0,1.0
25,eval,442,17943,2.0070555210113525,2.113542079925537,0.10648655891418457,1.0,1.0
25,eval,443,19263,1.8732553720474243,1.9797238111495972,0.10646843910217285,1.0,1.0
25,eval,444,4766,1.4002131223678589,1.5066227912902832,0.10640966892242432,1.0,1.0
25,eval,445,14450,4.423847675323486,4.31743860244751,-0.10640907287597656,1.0,1.0
25,eval,446,16169,3.2020998001098633,3.0957093238830566,-0.10639047622680664,1.0,1.0
25,eval,447,14104,4.000349521636963,4.106679439544678,0.10632991790771484,1.0,1.0
25,eval,448,24904,2.9159910678863525,2.8096721172332764,-0.10631895065307617,1.0,1.0
25,eval,449,10401,1.9892038106918335,1.8829236030578613,-0.10628020763397217,1.0,1.0
25,eval,450,23200,1.9292716979980469,2.0355277061462402,0.10625600814819336,1.0,1.0
25,eval,451,27824,3.165888786315918,3.272141456604004,0.10625267028808594,1.0,1.0
25,eval,452,7266,1.6395927667617798,1.5333784818649292,-0.10621428489685059,1.0,1.0
25,eval,453,24523,3.1579599380493164,3.051866292953491,-0.1060936450958252,1.0,1.0
25,eval,454,4253,1.991226077079773,2.0972042083740234,0.10597813129425049,1.0,1.0
25,eval,455,25554,1.5776948928833008,1.6836594343185425,0.1059645414352417,1.0,1.0
25,eval,456,19816,1.1860629320144653,1.2920019626617432,0.10593903064727783,1.0,1.0
25,eval,457,1703,1.9816036224365234,1.8757853507995605,-0.10581827163696289,1.0,1.0
25,eval,458,15785,3.9894678592681885,3.883664846420288,-0.10580301284790039,1.0,1.0
25,eval,459,23341,2.8525426387786865,2.7467551231384277,-0.10578751564025879,1.0,1.0
25,eval,460,3066,1.2964974641799927,1.1907292604446411,-0.10576820373535156,1.0,1.0
25,eval,461,26803,0.9460368156433105,1.0516566038131714,0.10561978816986084,1.0,1.0
25,eval,462,17606,2.2738847732543945,2.379481792449951,0.10559701919555664,1.0,1.0
25,eval,463,2701,3.226402997970581,3.1209301948547363,-0.10547280311584473,1.0,1.0
25,eval,464,14667,1.9783133268356323,1.8728975057601929,-0.10541582107543945,1.0,1.0
25,eval,465,19065,2.207568645477295,2.312972068786621,0.10540342330932617,1.0,1.0
25,eval,466,28433,3.3998587131500244,3.5052127838134766,0.10535407066345215,1.0,1.0
25,eval,467,23014,7.331836700439453,7.226499080657959,-0.10533761978149414,1.0,1.0
25,eval,468,1342,2.6230499744415283,2.5177526473999023,-0.10529732704162598,1.0,1.0
25,eval,469,23855,3.779439687728882,3.8846371173858643,0.10519742965698242,1.0,1.0
25,eval,470,13117,2.635225296020508,2.5300419330596924,-0.10518336296081543,1.0,1.0
25,eval,471,24998,2.4419686794281006,2.336820602416992,-0.1051480770111084,1.0,1.0
25,eval,472,4939,7.457886219024658,7.352744102478027,-0.10514211654663086,1.0,1.0
25,eval,473,19789,1.1322072744369507,1.2373106479644775,0.10510337352752686,1.0,1.0
25,eval,474,6460,1.302573323249817,1.197507381439209,-0.10506594181060791,1.0,1.0
25,eval,475,24591,2.656541585922241,2.7615370750427246,0.1049954891204834,1.0,1.0
25,eval,476,7873,3.199937582015991,3.304903268814087,0.1049656867980957,1.0,1.0
25,eval,477,19636,2.531297445297241,2.4264888763427734,-0.10480856895446777,1.0,1.0
25,eval,478,13327,2.7998030185699463,2.904524087905884,0.1047210693359375,1.0,1.0
25,eval,479,3301,1.6660022735595703,1.770707607269287,0.1047053337097168,1.0,1.0
25,eval,480,9049,3.317084550857544,3.421724319458008,0.10463976860046387,1.0,1.0
25,eval,481,28345,4.166671276092529,4.271188259124756,0.10451698303222656,1.0,1.0
25,eval,482,19373,3.6322944164276123,3.7367963790893555,0.10450196266174316,1.0,1.0
25,eval,483,17220,3.3490803241729736,3.244584560394287,-0.10449576377868652,1.0,1.0
25,eval,484,173,3.4071521759033203,3.3026623725891113,-0.10448980331420898,1.0,1.0
25,eval,485,18911,2.748223304748535,2.8527114391326904,0.10448813438415527,1.0,1.0
25,eval,486,10664,3.070531129837036,3.17500638961792,0.10447525978088379,1.0,1.0
25,eval,487,14631,3.681838274002075,3.786179780960083,0.10434150695800781,1.0,1.0
25,eval,488,18848,2.6363041400909424,2.7405080795288086,0.10420393943786621,1.0,1.0
25,eval,489,27897,2.5528180599212646,2.6569762229919434,0.10415816307067871,1.0,1.0
25,eval,490,2118,3.0830719470977783,3.187216281890869,0.10414433479309082,1.0,1.0
25,eval,491,19395,2.158780813217163,2.054666757583618,-0.10411405563354492,1.0,1.0
25,eval,492,19279,2.895399808883667,2.999408483505249,0.10400867462158203,1.0,1.0
25,eval,493,16832,2.2527997493743896,2.3568036556243896,0.10400390625,1.0,1.0
25,eval,494,13671,2.0708119869232178,1.9668612480163574,-0.10395073890686035,1.0,1.0
25,eval,495,17677,1.7835063934326172,1.679595947265625,-0.10391044616699219,1.0,1.0
25,eval,496,3812,2.0804669857025146,1.9765582084655762,-0.10390877723693848,1.0,1.0
25,eval,497,11728,1.7643064260482788,1.868204951286316,0.10389852523803711,1.0,1.0
25,eval,498,1987,3.050475835800171,2.946579694747925,-0.1038961410522461,1.0,1.0
25,eval,499,6005,2.341515302658081,2.445249319076538,0.10373401641845703,1.0,1.0
25,eval,500,3234,1.7403616905212402,1.8440712690353394,0.10370957851409912,1.0,1.0
