layer,split,rank_abs_mean_difference,feature_id,mean_safe,mean_unsafe,unsafe_minus_safe,prevalence_safe,prevalence_unsafe
4,train,1,21027,0.6628958582878113,0.6826290488243103,0.019733190536499023,1.0,1.0
4,train,2,77,0.7098540663719177,0.7270092368125916,0.017155170440673828,1.0,1.0
4,train,3,12624,0.4137125015258789,0.43049654364585876,0.01678404211997986,1.0,1.0
4,train,4,2274,0.5953545570373535,0.611928403377533,0.016573846340179443,1.0,1.0
4,train,5,14325,0.5883438587188721,0.6046373844146729,0.01629352569580078,1.0,1.0
4,train,6,1717,0.32152190804481506,0.3377211093902588,0.016199201345443726,1.0,1.0
4,train,7,2388,0.5561476349830627,0.5720223188400269,0.01587468385696411,1.0,1.0
4,train,8,28181,0.4178716838359833,0.43363872170448303,0.015767037868499756,1.0,1.0
4,train,9,18291,0.8446531891822815,0.8601647019386292,0.015511512756347656,1.0,1.0
4,train,10,4936,0.22992545366287231,0.24507424235343933,0.015148788690567017,1.0,1.0
4,train,11,16511,0.36627697944641113,0.3813033103942871,0.015026330947875977,1.0,1.0
4,train,12,24742,0.3459149897098541,0.3605199456214905,0.014604955911636353,1.0,1.0
4,train,13,26909,0.3323120176792145,0.3466798961162567,0.014367878437042236,1.0,1.0
4,train,14,25344,0.2522341310977936,0.2665981948375702,0.014364063739776611,1.0,1.0
4,train,15,26852,0.2397606521844864,0.25408849120140076,0.014327839016914368,1.0,1.0
4,train,16,28443,0.29592791199684143,0.3099018633365631,0.01397395133972168,1.0,1.0
4,train,17,25700,0.24138563871383667,0.25533875823020935,0.01395311951637268,1.0,1.0
4,train,18,16976,0.2969937324523926,0.31091272830963135,0.01391899585723877,1.0,1.0
4,train,19,1030,0.219546839594841,0.23337756097316742,0.013830721378326416,1.0,1.0
4,train,20,24355,0.26629167795181274,0.2799983620643616,0.013706684112548828,1.0,1.0
4,train,21,18364,0.35759636759757996,0.3712262213230133,0.01362985372543335,1.0,1.0
4,train,22,9405,0.41086986660957336,0.42446058988571167,0.013590723276138306,1.0,1.0
4,train,23,25304,0.35746660828590393,0.3710493743419647,0.013582766056060791,1.0,1.0
4,train,24,10520,0.3212216794490814,0.3347502648830414,0.013528585433959961,1.0,1.0
4,train,25,20026,0.6581252217292786,0.6716254353523254,0.013500213623046875,1.0,1.0
4,train,26,24345,0.5195935368537903,0.5330756306648254,0.013482093811035156,1.0,1.0
4,train,27,968,0.3660552203655243,0.37941569089889526,0.013360470533370972,1.0,1.0
4,train,28,14277,0.12274535745382309,0.13588398694992065,0.013138629496097565,1.0,1.0
4,train,29,5971,0.46194562315940857,0.47503790259361267,0.013092279434204102,1.0,1.0
4,train,30,21655,0.2983083724975586,0.31135594844818115,0.013047575950622559,1.0,1.0
4,train,31,15164,0.6113678216934204,0.6243748068809509,0.013006985187530518,1.0,1.0
4,train,32,17618,0.3439996540546417,0.35700008273124695,0.013000428676605225,1.0,1.0
4,train,33,11757,0.28363949060440063,0.29663363099098206,0.012994140386581421,1.0,1.0
4,train,34,10685,0.37256762385368347,0.3854883909225464,0.012920767068862915,1.0,1.0
4,train,35,20847,0.3300684690475464,0.34297364950180054,0.01290518045425415,1.0,1.0
4,train,36,3990,0.3868595063686371,0.399758517742157,0.012899011373519897,1.0,1.0
4,train,37,15503,0.44010302424430847,0.4529191255569458,0.012816101312637329,1.0,1.0
4,train,38,10951,0.48981785774230957,0.5026191473007202,0.012801289558410645,1.0,1.0
4,train,39,6390,0.39491578936576843,0.4077063202857971,0.012790530920028687,1.0,1.0
4,train,40,4549,0.34641334414482117,0.3591311275959015,0.012717783451080322,1.0,1.0
4,train,41,10525,0.30981945991516113,0.3225327730178833,0.012713313102722168,1.0,1.0
4,train,42,15861,0.536258339881897,0.5489428043365479,0.012684464454650879,1.0,1.0
4,train,43,19493,0.28981369733810425,0.302450567483902,0.01263687014579773,1.0,1.0
4,train,44,18828,0.38630393147468567,0.3987921476364136,0.012488216161727905,1.0,1.0
4,train,45,21340,0.2764732539653778,0.2889326214790344,0.012459367513656616,1.0,1.0
4,train,46,16398,0.47173556685447693,0.48419129848480225,0.012455731630325317,1.0,1.0
4,train,47,14017,0.33569467067718506,0.3481106162071228,0.012415945529937744,1.0,1.0
4,train,48,15134,0.2075093388557434,0.21991997957229614,0.012410640716552734,1.0,1.0
4,train,49,20403,0.24547426402568817,0.25785231590270996,0.01237805187702179,1.0,1.0
4,train,50,6862,0.3402903974056244,0.35265737771987915,0.01236698031425476,1.0,1.0
4,train,51,14383,0.3630370795726776,0.3753822147846222,0.01234513521194458,1.0,1.0
4,train,52,21787,0.4162942171096802,0.4285680055618286,0.012273788452148438,1.0,1.0
4,train,53,10029,0.1941881626844406,0.20641809701919556,0.012229934334754944,1.0,1.0
4,train,54,14566,0.17539101839065552,0.1875959038734436,0.012204885482788086,1.0,1.0
4,train,55,20393,0.24234925210475922,0.2545354664325714,0.012186214327812195,1.0,1.0
4,train,56,8873,0.23409044742584229,0.24622872471809387,0.012138277292251587,1.0,1.0
4,train,57,2882,0.2463127225637436,0.2584396302700043,0.012126907706260681,1.0,1.0
4,train,58,25148,0.36718809604644775,0.37928667664527893,0.012098580598831177,1.0,1.0
4,train,59,26682,0.3182872235774994,0.330361545085907,0.012074321508407593,1.0,1.0
4,train,60,10611,0.38606223464012146,0.39810603857040405,0.012043803930282593,1.0,1.0
4,train,61,8065,0.34568271040916443,0.35770928859710693,0.012026578187942505,1.0,1.0
4,train,62,18638,0.349457710981369,0.36144036054611206,0.011982649564743042,1.0,1.0
4,train,63,17624,0.3413638770580292,0.35332298278808594,0.011959105730056763,1.0,1.0
4,train,64,19514,0.38796576857566833,0.39991047978401184,0.011944711208343506,1.0,1.0
4,train,65,23953,0.34903037548065186,0.3609175980091095,0.011887222528457642,1.0,1.0
4,train,66,6115,0.22471855580806732,0.23659494519233704,0.011876389384269714,1.0,1.0
4,train,67,11065,0.22034363448619843,0.2322196215391159,0.01187598705291748,1.0,1.0
4,train,68,12781,0.23671363294124603,0.24857483804225922,0.011861205101013184,1.0,1.0
4,train,69,9616,0.26758840680122375,0.27943119406700134,0.011842787265777588,1.0,1.0
4,train,70,5256,0.35760393738746643,0.3694346249103546,0.011830687522888184,1.0,1.0
4,train,71,28642,0.34977588057518005,0.3616012632846832,0.011825382709503174,1.0,1.0
4,train,72,23142,0.24439607560634613,0.2562127113342285,0.011816635727882385,1.0,1.0
4,train,73,10875,0.23687928915023804,0.2486708164215088,0.011791527271270752,1.0,1.0
4,train,74,751,0.3880378007888794,0.3998255729675293,0.011787772178649902,1.0,1.0
4,train,75,3462,0.25227153301239014,0.2640511691570282,0.011779636144638062,1.0,1.0
4,train,76,25224,0.18269796669483185,0.19447658956050873,0.01177862286567688,1.0,1.0
4,train,77,14990,0.318215012550354,0.32999035716056824,0.011775344610214233,1.0,1.0
4,train,78,20661,0.2213321328163147,0.23304146528244019,0.011709332466125488,1.0,1.0
4,train,79,8182,0.2548255920410156,0.26646888256073,0.011643290519714355,1.0,1.0
4,train,80,7390,0.3683079183101654,0.37990155816078186,0.011593639850616455,1.0,1.0
4,train,81,15414,0.37035953998565674,0.38193485140800476,0.011575311422348022,1.0,1.0
4,train,82,14810,0.3121737837791443,0.32373735308647156,0.01156356930732727,1.0,1.0
4,train,83,5437,0.5285640358924866,0.5401146411895752,0.011550605297088623,1.0,1.0
4,train,84,8156,0.4180828332901001,0.4296293556690216,0.011546522378921509,1.0,1.0
4,train,85,11178,0.3627209961414337,0.3742424547672272,0.011521458625793457,1.0,1.0
4,train,86,19624,0.3142464756965637,0.32574474811553955,0.01149827241897583,1.0,1.0
4,train,87,21942,0.21970944106578827,0.231173574924469,0.011464133858680725,1.0,1.0
4,train,88,3635,0.5789505839347839,0.5903846621513367,0.011434078216552734,1.0,1.0
4,train,89,13904,0.3472307622432709,0.35865676403045654,0.011426001787185669,1.0,1.0
4,train,90,16193,0.3553372919559479,0.3667547106742859,0.011417418718338013,1.0,1.0
4,train,91,11262,0.298595666885376,0.31000375747680664,0.011408090591430664,1.0,1.0
4,train,92,10607,0.24827426671981812,0.259677529335022,0.011403262615203857,1.0,1.0
4,train,93,3025,0.31173351407051086,0.3231198191642761,0.011386305093765259,1.0,1.0
4,train,94,6909,0.3850989043712616,0.3964533805847168,0.0113544762134552,1.0,1.0
4,train,95,15172,0.4793037474155426,0.4906500577926636,0.011346310377120972,1.0,1.0
4,train,96,7165,0.400806188583374,0.41214144229888916,0.011335253715515137,1.0,1.0
4,train,97,21894,0.3541310727596283,0.36546075344085693,0.011329680681228638,1.0,1.0
4,train,98,19333,0.270353227853775,0.28167524933815,0.011322021484375,1.0,1.0
4,train,99,2914,0.21242964267730713,0.22374823689460754,0.011318594217300415,1.0,1.0
4,train,100,13856,0.727935254573822,0.739244818687439,0.011309564113616943,1.0,1.0
4,train,101,22091,0.09913267940282822,0.11044163256883621,0.011308953166007996,1.0,1.0
4,train,102,1194,0.27674001455307007,0.2880153954029083,0.011275380849838257,1.0,1.0
4,train,103,4687,0.4570712745189667,0.4683338403701782,0.011262565851211548,1.0,1.0
4,train,104,19770,0.29725268483161926,0.30850115418434143,0.011248469352722168,1.0,1.0
4,train,105,20927,0.1593068242073059,0.1705518662929535,0.011245042085647583,1.0,1.0
4,train,106,11599,0.307817280292511,0.319056898355484,0.011239618062973022,1.0,1.0
4,train,107,17947,0.30526480078697205,0.3165019154548645,0.011237114667892456,1.0,1.0
4,train,108,11334,0.37753769755363464,0.388755202293396,0.011217504739761353,1.0,1.0
4,train,109,3545,0.23000770807266235,0.2411920726299286,0.011184364557266235,1.0,1.0
4,train,110,20244,0.2868601381778717,0.2980407476425171,0.011180609464645386,1.0,1.0
4,train,111,14598,0.1478767991065979,0.1590432971715927,0.011166498064994812,1.0,1.0
4,train,112,21149,0.16151908040046692,0.17267240583896637,0.01115332543849945,1.0,1.0
4,train,113,2174,0.16306133568286896,0.17420092225074768,0.011139586567878723,1.0,1.0
4,train,114,24221,0.3948453962802887,0.40596067905426025,0.011115282773971558,1.0,1.0
4,train,115,26,0.8158983588218689,0.8270124197006226,0.011114060878753662,1.0,1.0
4,train,116,20951,0.3310529887676239,0.34216567873954773,0.011112689971923828,1.0,1.0
4,train,117,28402,0.28654271364212036,0.2976519763469696,0.011109262704849243,1.0,1.0
4,train,118,26742,0.40705057978630066,0.41814926266670227,0.011098682880401611,1.0,1.0
4,train,119,2418,0.2137117236852646,0.22479479014873505,0.011083066463470459,1.0,1.0
4,train,120,23688,0.4439983665943146,0.4550759494304657,0.011077582836151123,1.0,1.0
4,train,121,20158,0.3366740643978119,0.34769633412361145,0.01102226972579956,1.0,1.0
4,train,122,13111,0.28160133957862854,0.2926174998283386,0.011016160249710083,1.0,1.0
4,train,123,27288,0.37856125831604004,0.3895379304885864,0.010976672172546387,1.0,1.0
4,train,124,16284,0.17655543982982635,0.18753185868263245,0.010976418852806091,1.0,1.0
4,train,125,28558,0.1786540001630783,0.1896304041147232,0.010976403951644897,1.0,1.0
4,train,126,6070,0.38365206122398376,0.3946196734905243,0.010967612266540527,1.0,1.0
4,train,127,3208,0.36795735359191895,0.37892353534698486,0.010966181755065918,1.0,1.0
4,train,128,25712,0.2037387639284134,0.21468903124332428,0.010950267314910889,1.0,1.0
4,train,129,25143,0.23920756578445435,0.25015467405319214,0.010947108268737793,1.0,1.0
4,train,130,8315,0.2961205542087555,0.30705690383911133,0.010936349630355835,1.0,1.0
4,train,131,11017,0.27081578969955444,0.2817367613315582,0.010920971632003784,1.0,1.0
4,train,132,19071,0.2751477360725403,0.28606608510017395,0.010918349027633667,1.0,1.0
4,train,133,28014,0.20134395360946655,0.21226051449775696,0.010916560888290405,1.0,1.0
4,train,134,28480,0.386723130941391,0.3976244032382965,0.010901272296905518,1.0,1.0
4,train,135,19679,0.37534594535827637,0.3862377107143402,0.010891765356063843,1.0,1.0
4,train,136,3737,0.30499422550201416,0.31588149070739746,0.0108872652053833,1.0,1.0
4,train,137,11009,0.38602516055107117,0.3968972861766815,0.010872125625610352,1.0,1.0
4,train,138,3297,0.31401944160461426,0.3248796761035919,0.010860234498977661,1.0,1.0
4,train,139,9082,0.42620670795440674,0.437065988779068,0.010859280824661255,1.0,1.0
4,train,140,7984,0.3444887697696686,0.3553466498851776,0.010857880115509033,1.0,1.0
4,train,141,776,0.2302653193473816,0.24111931025981903,0.010853990912437439,1.0,1.0
4,train,142,17292,0.26126667857170105,0.27209949493408203,0.010832816362380981,1.0,1.0
4,train,143,17653,0.351249098777771,0.3620818555355072,0.010832756757736206,1.0,1.0
4,train,144,13989,0.2820272445678711,0.29285985231399536,0.010832607746124268,1.0,1.0
4,train,145,11326,0.2480534166097641,0.258872926235199,0.010819509625434875,1.0,1.0
4,train,146,21265,0.4473320245742798,0.45814546942710876,0.01081344485282898,1.0,1.0
4,train,147,12508,0.27320384979248047,0.2840043306350708,0.010800480842590332,1.0,1.0
4,train,148,27372,0.22749179601669312,0.23827910423278809,0.01078730821609497,1.0,1.0
4,train,149,27839,0.3358508348464966,0.34661415219306946,0.010763317346572876,1.0,1.0
4,train,150,27676,0.32150712609291077,0.3322529196739197,0.010745793581008911,1.0,1.0
4,train,151,13743,0.16453535854816437,0.17527790367603302,0.010742545127868652,1.0,1.0
4,train,152,13225,0.27509164810180664,0.2858252227306366,0.010733574628829956,1.0,1.0
4,train,153,12238,0.5270331501960754,0.5377649664878845,0.010731816291809082,1.0,1.0
4,train,154,17536,0.30252787470817566,0.3132580518722534,0.010730177164077759,1.0,1.0
4,train,155,26203,0.26070132851600647,0.2714168429374695,0.010715514421463013,1.0,1.0
4,train,156,20719,0.28221428394317627,0.2929181158542633,0.010703831911087036,1.0,1.0
4,train,157,25836,0.22330023348331451,0.23394492268562317,0.010644689202308655,1.0,1.0
4,train,158,13002,0.20706777274608612,0.21771103143692017,0.010643258690834045,1.0,1.0
4,train,159,3071,0.44770264625549316,0.45832687616348267,0.010624229907989502,1.0,1.0
4,train,160,23103,0.2952716648578644,0.3058893084526062,0.010617643594741821,1.0,1.0
4,train,161,13842,0.3869081735610962,0.3974716067314148,0.010563433170318604,1.0,1.0
4,train,162,8982,0.19242681562900543,0.20298081636428833,0.010554000735282898,1.0,1.0
4,train,163,27367,0.25849035382270813,0.26903295516967773,0.010542601346969604,1.0,1.0
4,train,164,21677,0.2217903584241867,0.23233181238174438,0.010541453957557678,1.0,1.0
4,train,165,25041,0.3670385777950287,0.37757235765457153,0.010533779859542847,1.0,1.0
4,train,166,23701,0.4307052791118622,0.44123783707618713,0.010532557964324951,1.0,1.0
4,train,167,20397,0.9309484958648682,0.9414806365966797,0.010532140731811523,1.0,1.0
4,train,168,14472,0.23235303163528442,0.24285905063152313,0.010506018996238708,1.0,1.0
4,train,169,7229,0.3557332456111908,0.36617907881736755,0.010445833206176758,1.0,1.0
4,train,170,25632,0.23361855745315552,0.24406234920024872,0.0104437917470932,1.0,1.0
4,train,171,14250,0.7951576113700867,0.8056013584136963,0.01044374704360962,1.0,1.0
4,train,172,23378,0.47144994139671326,0.4818926453590393,0.01044270396232605,1.0,1.0
4,train,173,494,0.12086626142263412,0.13130830228328705,0.010442040860652924,1.0,1.0
4,train,174,11357,0.34044739603996277,0.3508875370025635,0.010440140962600708,1.0,1.0
4,train,175,17175,0.20463930070400238,0.215077206492424,0.01043790578842163,1.0,1.0
4,train,176,350,0.20229370892047882,0.21269646286964417,0.010402753949165344,1.0,1.0
4,train,177,82,0.30965420603752136,0.3200457692146301,0.010391563177108765,1.0,1.0
4,train,178,16072,0.2632901966571808,0.27367281913757324,0.010382622480392456,1.0,1.0
4,train,179,25204,0.3266240060329437,0.33699485659599304,0.010370850563049316,1.0,1.0
4,train,180,265,0.3526788651943207,0.3630247712135315,0.010345906019210815,1.0,1.0
4,train,181,17237,0.20125199854373932,0.21159644424915314,0.010344445705413818,1.0,1.0
4,train,182,13763,0.3707880675792694,0.3811321556568146,0.010344088077545166,1.0,1.0
4,train,183,6346,0.41928812861442566,0.4296160042285919,0.01032787561416626,1.0,1.0
4,train,184,23143,0.36497488617897034,0.37526580691337585,0.010290920734405518,1.0,1.0
4,train,185,8826,0.3958289325237274,0.4061177968978882,0.010288864374160767,1.0,1.0
4,train,186,13659,0.24056850373744965,0.2508542835712433,0.01028577983379364,1.0,1.0
4,train,187,21873,0.31153377890586853,0.3218177556991577,0.010283976793289185,1.0,1.0
4,train,188,4790,0.2101692110300064,0.22044631838798523,0.01027710735797882,1.0,1.0
4,train,189,6166,0.33604034781455994,0.3463035523891449,0.010263204574584961,1.0,1.0
4,train,190,21319,0.17106781899929047,0.18133069574832916,0.010262876749038696,1.0,1.0
4,train,191,11215,0.16094960272312164,0.17121213674545288,0.010262534022331238,1.0,1.0
4,train,192,18764,0.2852522134780884,0.2955126464366913,0.010260432958602905,1.0,1.0
4,train,193,23751,0.36380162835121155,0.37406042218208313,0.010258793830871582,1.0,1.0
4,train,194,171,0.2505689561367035,0.2608242630958557,0.010255306959152222,1.0,1.0
4,train,195,8370,0.2815394103527069,0.29179275035858154,0.010253340005874634,1.0,1.0
4,train,196,16036,0.312931627035141,0.32317501306533813,0.010243386030197144,1.0,1.0
4,train,197,9474,0.18070507049560547,0.19093945622444153,0.01023438572883606,1.0,1.0
4,train,198,9945,0.3090388774871826,0.3192712366580963,0.010232359170913696,1.0,1.0
4,train,199,27808,0.2510588467121124,0.26128527522087097,0.010226428508758545,1.0,1.0
4,train,200,11160,0.27403151988983154,0.2842528223991394,0.010221302509307861,1.0,1.0
4,train,201,73,0.33659276366233826,0.34680771827697754,0.010214954614639282,1.0,1.0
4,train,202,7284,0.33880165219306946,0.3490067720413208,0.010205119848251343,1.0,1.0
4,train,203,1044,0.2783997058868408,0.2886000871658325,0.0102003812789917,1.0,1.0
4,train,204,2265,0.2995915114879608,0.3097875714302063,0.010196059942245483,1.0,1.0
4,train,205,4375,0.2493395060300827,0.2595350742340088,0.010195568203926086,1.0,1.0
4,train,206,25622,0.20480024814605713,0.21499282121658325,0.010192573070526123,1.0,1.0
4,train,207,18757,0.48050543665885925,0.490694522857666,0.010189086198806763,1.0,1.0
4,train,208,12202,0.29855677485466003,0.30874577164649963,0.0101889967918396,1.0,1.0
4,train,209,21800,0.3338567018508911,0.3440428376197815,0.01018613576889038,1.0,1.0
4,train,210,21425,0.3362959325313568,0.34647348523139954,0.010177552700042725,1.0,1.0
4,train,211,18591,0.3144740164279938,0.32465147972106934,0.010177463293075562,1.0,1.0
4,train,212,18593,0.3991115093231201,0.40926307439804077,0.010151565074920654,1.0,1.0
4,train,213,2983,0.7267221808433533,0.7368735074996948,0.010151326656341553,1.0,1.0
4,train,214,17901,0.13965359330177307,0.14980295300483704,0.010149359703063965,1.0,1.0
4,train,215,23663,0.0940452292561531,0.10418800264596939,0.010142773389816284,1.0,1.0
4,train,216,8088,0.3469814360141754,0.3571147918701172,0.010133355855941772,1.0,1.0
4,train,217,17449,0.6975590586662292,0.707676887512207,0.010117828845977783,1.0,1.0
4,train,218,13711,0.06304953247308731,0.07316689938306808,0.010117366909980774,1.0,1.0
4,train,219,9106,0.27015960216522217,0.28027400374412537,0.010114401578903198,1.0,1.0
4,train,220,5561,0.3521566390991211,0.362263947725296,0.010107308626174927,1.0,1.0
4,train,221,17439,0.21461844444274902,0.22471944987773895,0.01010100543498993,1.0,1.0
4,train,222,25302,0.15259698033332825,0.16269606351852417,0.010099083185195923,1.0,1.0
4,train,223,27936,0.4772435128688812,0.4873403310775757,0.010096818208694458,1.0,1.0
4,train,224,6525,0.39586499333381653,0.40595871210098267,0.010093718767166138,1.0,1.0
4,train,225,8051,0.43180403113365173,0.44189614057540894,0.010092109441757202,1.0,1.0
4,train,226,16110,0.41521158814430237,0.4253023564815521,0.010090768337249756,1.0,1.0
4,train,227,24220,0.22940818965435028,0.23949790000915527,0.010089710354804993,1.0,1.0
4,train,228,5854,0.32249513268470764,0.3325846791267395,0.01008954644203186,1.0,1.0
4,train,229,4798,0.47225221991539,0.48233529925346375,0.01008307933807373,1.0,1.0
4,train,230,25047,0.5655212998390198,0.5755903720855713,0.010069072246551514,1.0,1.0
4,train,231,11868,0.2787516713142395,0.28880074620246887,0.01004907488822937,1.0,1.0
4,train,232,17887,0.2614749073982239,0.27152174711227417,0.010046839714050293,1.0,1.0
4,train,233,25827,0.2724955677986145,0.2825387716293335,0.010043203830718994,1.0,1.0
4,train,234,1387,0.13080769777297974,0.14084303379058838,0.010035336017608643,1.0,1.0
4,train,235,21919,0.38983437418937683,0.3998626470565796,0.010028272867202759,1.0,1.0
4,train,236,858,0.43659260869026184,0.4466133117675781,0.010020703077316284,1.0,1.0
4,train,237,24543,0.47588399052619934,0.4859016239643097,0.010017633438110352,1.0,1.0
4,train,238,5484,0.3036467730998993,0.3136520981788635,0.010005325078964233,1.0,1.0
4,train,239,20685,0.13591015338897705,0.14591023325920105,0.010000079870223999,1.0,1.0
4,train,240,1094,0.18224214017391205,0.1922299861907959,0.00998784601688385,1.0,1.0
4,train,241,2159,0.34416723251342773,0.3541524112224579,0.009985178709030151,1.0,1.0
4,train,242,9899,0.21091197431087494,0.2208886593580246,0.009976685047149658,1.0,1.0
4,train,243,11154,0.3289290964603424,0.3388998806476593,0.009970784187316895,1.0,1.0
4,train,244,5501,0.3779296875,0.3878944218158722,0.009964734315872192,1.0,1.0
4,train,245,16367,0.2682875394821167,0.2782492935657501,0.009961754083633423,1.0,1.0
4,train,246,21565,0.15629372000694275,0.16625471413135529,0.009960994124412537,1.0,1.0
4,train,247,24893,0.15830440819263458,0.1682639718055725,0.009959563612937927,1.0,1.0
4,train,248,14794,0.37538930773735046,0.3853466212749481,0.009957313537597656,1.0,1.0
4,train,249,24790,0.2237410545349121,0.233697310090065,0.009956255555152893,1.0,1.0
4,train,250,23717,0.2823300361633301,0.2922804057598114,0.009950369596481323,1.0,1.0
4,train,251,4889,0.3454326093196869,0.3553820550441742,0.009949445724487305,1.0,1.0
4,train,252,24512,0.17999988794326782,0.1899479776620865,0.009948089718818665,1.0,1.0
4,train,253,27891,0.3743480145931244,0.3842844069004059,0.009936392307281494,1.0,1.0
4,train,254,11950,0.3317232131958008,0.3416469395160675,0.009923726320266724,1.0,1.0
4,train,255,14795,0.29318419098854065,0.30310705304145813,0.00992286205291748,1.0,1.0
4,train,256,9596,0.28824564814567566,0.2981671690940857,0.009921520948410034,1.0,1.0
4,train,257,3308,0.2357412576675415,0.2456623762845993,0.0099211186170578,1.0,1.0
4,train,258,15594,0.20533424615859985,0.21525336802005768,0.009919121861457825,1.0,1.0
4,train,259,10326,0.11597484350204468,0.12589067220687866,0.009915828704833984,1.0,1.0
4,train,260,19749,0.22175516188144684,0.231667622923851,0.009912461042404175,1.0,1.0
4,train,261,6603,0.3217245638370514,0.3316180109977722,0.009893447160720825,1.0,1.0
4,train,262,4682,0.2235388606786728,0.23342593014240265,0.009887069463729858,1.0,1.0
4,train,263,23983,0.2775111496448517,0.2873956859111786,0.009884536266326904,1.0,1.0
4,train,264,25868,0.3212922513484955,0.3311748504638672,0.009882599115371704,1.0,1.0
4,train,265,13455,0.19951634109020233,0.209398552775383,0.009882211685180664,1.0,1.0
4,train,266,1875,0.2284654825925827,0.23834235966205597,0.009876877069473267,1.0,1.0
4,train,267,3690,0.26541247963905334,0.27528637647628784,0.009873896837234497,1.0,1.0
4,train,268,11873,0.37530121207237244,0.3851551115512848,0.009853899478912354,1.0,1.0
4,train,269,13699,0.2699592709541321,0.2798045873641968,0.009845316410064697,1.0,1.0
4,train,270,10485,0.26582714915275574,0.27566611766815186,0.009838968515396118,1.0,1.0
4,train,271,15892,0.23100711405277252,0.24084503948688507,0.009837925434112549,1.0,1.0
4,train,272,1611,0.1720290631055832,0.18186619877815247,0.009837135672569275,1.0,1.0
4,train,273,7445,0.19401739537715912,0.20385396480560303,0.009836569428443909,1.0,1.0
4,train,274,903,0.1863764375448227,0.19620965421199799,0.009833216667175293,1.0,1.0
4,train,275,17277,0.353974312543869,0.3638037443161011,0.009829431772232056,1.0,1.0
4,train,276,19045,0.32394859194755554,0.3337768018245697,0.00982820987701416,1.0,1.0
4,train,277,15183,0.4043210446834564,0.41414913535118103,0.00982809066772461,1.0,1.0
4,train,278,18172,0.3240048885345459,0.3338286578655243,0.009823769330978394,1.0,1.0
4,train,279,11202,0.44498100876808167,0.45480263233184814,0.00982162356376648,1.0,1.0
4,train,280,2540,0.38678860664367676,0.3966020345687866,0.009813427925109863,1.0,1.0
4,train,281,10026,0.39182916283607483,0.4016364514827728,0.009807288646697998,1.0,1.0
4,train,282,17080,0.3718093931674957,0.3816102147102356,0.009800821542739868,1.0,1.0
4,train,283,25295,0.3720318377017975,0.38183239102363586,0.009800553321838379,1.0,1.0
4,train,284,4839,0.32906094193458557,0.33885565400123596,0.00979471206665039,1.0,1.0
4,train,285,11364,0.4485076665878296,0.4582994878292084,0.009791821241378784,1.0,1.0
4,train,286,8743,0.3167228102684021,0.32651349902153015,0.009790688753128052,1.0,1.0
4,train,287,9165,0.17205029726028442,0.18184055387973785,0.00979025661945343,1.0,1.0
4,train,288,18943,0.34971174597740173,0.3594926595687866,0.009780913591384888,1.0,1.0
4,train,289,25133,0.29464617371559143,0.3044236898422241,0.00977751612663269,1.0,1.0
4,train,290,12472,0.1726224273443222,0.18239569664001465,0.009773269295692444,1.0,1.0
4,train,291,13655,0.3217807114124298,0.3315492868423462,0.009768575429916382,1.0,1.0
4,train,292,22844,0.41530081629753113,0.4250684976577759,0.009767681360244751,1.0,1.0
4,train,293,5620,0.35411536693573,0.3638826608657837,0.009767293930053711,1.0,1.0
4,train,294,2511,0.2223026305437088,0.23206983506679535,0.009767204523086548,1.0,1.0
4,train,295,16814,0.1086198091506958,0.11838674545288086,0.009766936302185059,1.0,1.0
4,train,296,21890,0.31149524450302124,0.3212621510028839,0.009766906499862671,1.0,1.0
4,train,297,5468,0.28439053893089294,0.2941567599773407,0.009766221046447754,1.0,1.0
4,train,298,1457,0.1601172834634781,0.16986766457557678,0.009750381112098694,1.0,1.0
4,train,299,18820,0.3062916696071625,0.3160388767719269,0.009747207164764404,1.0,1.0
4,train,300,28503,0.23983518779277802,0.24958175420761108,0.009746566414833069,1.0,1.0
4,train,301,8040,0.2995354235172272,0.30927908420562744,0.009743660688400269,1.0,1.0
4,train,302,18746,0.33588817715644836,0.34562668204307556,0.009738504886627197,1.0,1.0
4,train,303,17029,0.1778293401002884,0.18755966424942017,0.009730324149131775,1.0,1.0
4,train,304,13379,0.3232084810733795,0.332938015460968,0.009729534387588501,1.0,1.0
4,train,305,7648,0.25235649943351746,0.26208481192588806,0.009728312492370605,1.0,1.0
4,train,306,7696,0.24993012845516205,0.25964370369911194,0.00971357524394989,1.0,1.0
4,train,307,5498,0.3468356430530548,0.3565465211868286,0.009710878133773804,1.0,1.0
4,train,308,1040,0.20579831302165985,0.21549692749977112,0.009698614478111267,1.0,1.0
4,train,309,13182,0.275305837392807,0.28500211238861084,0.009696274995803833,1.0,1.0
4,train,310,28352,0.20163752138614655,0.21133112907409668,0.009693607687950134,1.0,1.0
4,train,311,8643,0.24605417251586914,0.25573980808258057,0.009685635566711426,1.0,1.0
4,train,312,17106,0.18440480530261993,0.19408784806728363,0.009683042764663696,1.0,1.0
4,train,313,20047,0.22531946003437042,0.2349974513053894,0.009677991271018982,1.0,1.0
4,train,314,12611,0.20072458684444427,0.21040208637714386,0.009677499532699585,1.0,1.0
4,train,315,22936,0.31962284445762634,0.32929879426956177,0.009675949811935425,1.0,1.0
4,train,316,10210,0.26006391644477844,0.2697320580482483,0.009668141603469849,1.0,1.0
4,train,317,5644,0.2733542025089264,0.2830211818218231,0.009666979312896729,1.0,1.0
4,train,318,4061,0.2823178172111511,0.2919715642929077,0.009653747081756592,1.0,1.0
4,train,319,14574,0.4568195641040802,0.4664658010005951,0.009646236896514893,1.0,1.0
4,train,320,2070,0.416680246591568,0.4263251721858978,0.009644925594329834,1.0,1.0
4,train,321,15745,0.47023046016693115,0.47987455129623413,0.009644091129302979,1.0,1.0
4,train,322,24232,0.3371557891368866,0.34679749608039856,0.009641706943511963,1.0,1.0
4,train,323,23345,0.23417089879512787,0.2438088059425354,0.009637907147407532,1.0,1.0
4,train,324,17302,0.34398218989372253,0.3536166846752167,0.00963449478149414,1.0,1.0
4,train,325,25488,0.33333465456962585,0.34296828508377075,0.009633630514144897,1.0,1.0
4,train,326,23567,0.1217208132147789,0.13135355710983276,0.009632743895053864,1.0,1.0
4,train,327,26636,0.24448972940444946,0.25411421060562134,0.009624481201171875,1.0,1.0
4,train,328,1228,0.21522045135498047,0.22484254837036133,0.00962209701538086,1.0,1.0
4,train,329,27041,0.4603365957736969,0.4699558615684509,0.009619265794754028,1.0,1.0
4,train,330,1476,0.27764037251472473,0.2872566878795624,0.009616315364837646,1.0,1.0
4,train,331,23300,0.15354599058628082,0.1631590873003006,0.009613096714019775,1.0,1.0
4,train,332,20650,0.2776288688182831,0.28723233938217163,0.00960347056388855,1.0,1.0
4,train,333,71,0.43359506130218506,0.44318535923957825,0.009590297937393188,1.0,1.0
4,train,334,19176,0.20977318286895752,0.21936191618442535,0.009588733315467834,1.0,1.0
4,train,335,16026,0.46227219700813293,0.47185128927230835,0.009579092264175415,1.0,1.0
4,train,336,7994,0.2630351185798645,0.2726084291934967,0.009573310613632202,1.0,1.0
4,train,337,15417,0.2719416618347168,0.2815115451812744,0.009569883346557617,1.0,1.0
4,train,338,16375,0.10621562600135803,0.1157783642411232,0.009562738239765167,1.0,1.0
4,train,339,9483,0.302700936794281,0.31225526332855225,0.00955432653427124,1.0,1.0
4,train,340,27974,0.1863952875137329,0.19594797492027283,0.009552687406539917,1.0,1.0
4,train,341,5974,0.26501426100730896,0.27456626296043396,0.009552001953125,1.0,1.0
4,train,342,23117,0.3261789083480835,0.3357284665107727,0.009549558162689209,1.0,1.0
4,train,343,2799,0.350286602973938,0.35982733964920044,0.009540736675262451,1.0,1.0
4,train,344,12823,0.17496800422668457,0.18450596928596497,0.009537965059280396,1.0,1.0
4,train,345,10526,0.29806068539619446,0.30759239196777344,0.00953170657157898,1.0,1.0
4,train,346,24193,0.38216838240623474,0.3916974663734436,0.009529083967208862,1.0,1.0
4,train,347,11236,0.4316437542438507,0.44116532802581787,0.009521573781967163,1.0,1.0
4,train,348,22814,0.34312379360198975,0.3526395857334137,0.00951579213142395,1.0,1.0
4,train,349,13558,0.463870644569397,0.47338545322418213,0.009514808654785156,1.0,1.0
4,train,350,14408,0.3921765387058258,0.4016900360584259,0.009513497352600098,1.0,1.0
4,train,351,23487,0.37458494305610657,0.38409289717674255,0.009507954120635986,1.0,1.0
4,train,352,3249,0.1935725212097168,0.203069806098938,0.009497284889221191,1.0,1.0
4,train,353,15865,0.3283209800720215,0.3188275098800659,-0.009493470191955566,1.0,1.0
4,train,354,14596,0.32537567615509033,0.33486050367355347,0.009484827518463135,1.0,1.0
4,train,355,13280,0.22540408372879028,0.23488503694534302,0.009480953216552734,1.0,1.0
4,train,356,11027,0.4158390462398529,0.4253137707710266,0.009474724531173706,1.0,1.0
4,train,357,364,0.2937571704387665,0.3032287657260895,0.009471595287322998,1.0,1.0
4,train,358,24663,0.2677260935306549,0.27719247341156006,0.009466379880905151,1.0,1.0
4,train,359,17441,0.2681760787963867,0.27764102816581726,0.009464949369430542,1.0,1.0
4,train,360,15453,0.3630470335483551,0.3725101351737976,0.009463101625442505,1.0,1.0
4,train,361,13892,0.5350135564804077,0.5444686412811279,0.009455084800720215,1.0,1.0
4,train,362,6592,0.49991488456726074,0.5093685984611511,0.00945371389389038,1.0,1.0
4,train,363,25124,0.2566661834716797,0.26611849665641785,0.00945231318473816,1.0,1.0
4,train,364,25500,0.2828293442726135,0.2922728359699249,0.009443491697311401,1.0,1.0
4,train,365,4849,0.3221110999584198,0.33153319358825684,0.009422093629837036,1.0,1.0
4,train,366,13649,0.3328418433666229,0.3422580659389496,0.00941622257232666,1.0,1.0
4,train,367,19473,0.40253540873527527,0.4119498133659363,0.00941440463066101,1.0,1.0
4,train,368,20431,0.28298649191856384,0.2923990786075592,0.009412586688995361,1.0,1.0
4,train,369,3026,0.49764445424079895,0.507056713104248,0.009412258863449097,1.0,1.0
4,train,370,9873,0.2640897333621979,0.2735006511211395,0.00941091775894165,1.0,1.0
4,train,371,15042,0.40586259961128235,0.41526252031326294,0.00939992070198059,1.0,1.0
4,train,372,9011,0.46913862228393555,0.47853702306747437,0.009398400783538818,1.0,1.0
4,train,373,25560,0.23653222620487213,0.24592620134353638,0.009393975138664246,1.0,1.0
4,train,374,9425,0.3818223476409912,0.39121565222740173,0.009393304586410522,1.0,1.0
4,train,375,22745,0.3452143967151642,0.3546067178249359,0.009392321109771729,1.0,1.0
4,train,376,4324,0.32937487959861755,0.33876705169677734,0.00939217209815979,1.0,1.0
4,train,377,27103,0.24892306327819824,0.2583102583885193,0.009387195110321045,1.0,1.0
4,train,378,21323,0.2043623924255371,0.21374548971652985,0.009383097290992737,1.0,1.0
4,train,379,20405,0.19212190806865692,0.20150147378444672,0.009379565715789795,1.0,1.0
4,train,380,18050,0.31881484389305115,0.32819387316703796,0.009379029273986816,1.0,1.0
4,train,381,12402,0.3999379873275757,0.40931665897369385,0.009378671646118164,1.0,1.0
4,train,382,2885,0.27527961134910583,0.2846567630767822,0.009377151727676392,1.0,1.0
4,train,383,25747,0.2484515905380249,0.25782835483551025,0.009376764297485352,1.0,1.0
4,train,384,1843,0.36141249537467957,0.37078726291656494,0.009374767541885376,1.0,1.0
4,train,385,23866,0.21087251603603363,0.22024644911289215,0.00937393307685852,1.0,1.0
4,train,386,22408,0.3795246183872223,0.38889604806900024,0.009371429681777954,1.0,1.0
4,train,387,23346,0.4615655243396759,0.47093677520751953,0.009371250867843628,1.0,1.0
4,train,388,26830,0.2582166790962219,0.26758602261543274,0.009369343519210815,1.0,1.0
4,train,389,2056,0.3931289613246918,0.4024951756000519,0.009366214275360107,1.0,1.0
4,train,390,7187,0.412309855222702,0.4216616153717041,0.009351760149002075,1.0,1.0
4,train,391,17389,0.11345227807760239,0.12280038744211197,0.009348109364509583,1.0,1.0
4,train,392,28289,0.228495255112648,0.23784177005290985,0.00934651494026184,1.0,1.0
4,train,393,19467,0.1719462126493454,0.1812853217124939,0.009339109063148499,1.0,1.0
4,train,394,27114,0.2792990803718567,0.28863391280174255,0.009334832429885864,1.0,1.0
4,train,395,10303,0.5618521571159363,0.5711849331855774,0.009332776069641113,1.0,1.0
4,train,396,19625,0.3947747051715851,0.4041050970554352,0.009330391883850098,1.0,1.0
4,train,397,13340,0.21471019089221954,0.22403676807880402,0.009326577186584473,1.0,1.0
4,train,398,21648,0.4621675908565521,0.47149330377578735,0.00932571291923523,1.0,1.0
4,train,399,19703,0.33306756615638733,0.34238576889038086,0.00931820273399353,1.0,1.0
4,train,400,3412,0.4344315826892853,0.4437492787837982,0.00931769609451294,1.0,1.0
4,train,401,24321,0.45509958267211914,0.4644145369529724,0.009314954280853271,1.0,1.0
4,train,402,22796,0.11700252443552017,0.12631699442863464,0.009314469993114471,1.0,1.0
4,train,403,22010,0.320134699344635,0.3294461965560913,0.009311497211456299,1.0,1.0
4,train,404,28017,0.2124917358160019,0.22180096805095673,0.009309232234954834,1.0,1.0
4,train,405,12164,0.4642532169818878,0.4735580086708069,0.009304791688919067,1.0,1.0
4,train,406,6104,0.3305702209472656,0.3398687541484833,0.009298533201217651,1.0,1.0
4,train,407,7017,0.2841402590274811,0.29343318939208984,0.009292930364608765,1.0,1.0
4,train,408,21840,0.5057210326194763,0.5150108933448792,0.009289860725402832,1.0,1.0
4,train,409,13744,0.2623566687107086,0.2716461420059204,0.009289473295211792,1.0,1.0
4,train,410,5704,0.24823470413684845,0.2575224041938782,0.009287700057029724,1.0,1.0
4,train,411,8761,0.3767634928226471,0.38604843616485596,0.009284943342208862,1.0,1.0
4,train,412,16442,0.27771297097206116,0.286996066570282,0.009283095598220825,1.0,1.0
4,train,413,25132,0.23778648674488068,0.24706779420375824,0.009281307458877563,1.0,1.0
4,train,414,14654,0.3200286030769348,0.3293093740940094,0.009280771017074585,1.0,1.0
4,train,415,13131,0.2669166624546051,0.2761915624141693,0.009274899959564209,1.0,1.0
4,train,416,15836,0.20480658113956451,0.21407566964626312,0.009269088506698608,1.0,1.0
4,train,417,27605,0.21517591178417206,0.2244437038898468,0.009267792105674744,1.0,1.0
4,train,418,11391,0.35714003443717957,0.36640575528144836,0.009265720844268799,1.0,1.0
4,train,419,19203,0.3112733066082001,0.3205271363258362,0.009253829717636108,1.0,1.0
4,train,420,27484,0.41062045097351074,0.4198661744594574,0.009245723485946655,1.0,1.0
4,train,421,21162,0.2655330002307892,0.27477791905403137,0.009244918823242188,1.0,1.0
4,train,422,27227,0.19840987026691437,0.207654669880867,0.009244799613952637,1.0,1.0
4,train,423,28481,0.3506309688091278,0.3598713278770447,0.00924035906791687,1.0,1.0
4,train,424,425,0.2494102567434311,0.25864896178245544,0.009238705039024353,1.0,1.0
4,train,425,21466,0.18410243093967438,0.19333583116531372,0.009233400225639343,1.0,1.0
4,train,426,21148,0.31346943974494934,0.32269781827926636,0.009228378534317017,1.0,1.0
4,train,427,19869,0.18587751686573029,0.19509713351726532,0.009219616651535034,1.0,1.0
4,train,428,2033,0.38065850734710693,0.3898780047893524,0.009219497442245483,1.0,1.0
4,train,429,19448,0.24169792234897614,0.25091487169265747,0.009216949343681335,1.0,1.0
4,train,430,1674,0.3713637590408325,0.3805781602859497,0.009214401245117188,1.0,1.0
4,train,431,23419,0.23061369359493256,0.23982538282871246,0.009211689233779907,1.0,1.0
4,train,432,8165,0.30077049136161804,0.30997979640960693,0.009209305047988892,1.0,1.0
4,train,433,3735,0.17124246060848236,0.18045169115066528,0.009209230542182922,1.0,1.0
4,train,434,9486,0.2598259449005127,0.2690332531929016,0.009207308292388916,1.0,1.0
4,train,435,28073,0.31522366404533386,0.32442691922187805,0.00920325517654419,1.0,1.0
4,train,436,11422,0.2920227646827698,0.3012201189994812,0.009197354316711426,1.0,1.0
4,train,437,13233,0.6051328778266907,0.6143292188644409,0.009196341037750244,1.0,1.0
4,train,438,22835,0.201643168926239,0.2108367532491684,0.009193584322929382,1.0,1.0
4,train,439,5480,0.2262737900018692,0.23546582460403442,0.009192034602165222,1.0,1.0
4,train,440,19038,0.3558565080165863,0.36504435539245605,0.009187847375869751,1.0,1.0
4,train,441,8647,0.23397640883922577,0.24316300451755524,0.009186595678329468,1.0,1.0
4,train,442,5586,0.3719829022884369,0.3811602294445038,0.009177327156066895,1.0,1.0
4,train,443,19925,0.2478495091199875,0.2570241093635559,0.00917460024356842,1.0,1.0
4,train,444,9645,0.34689316153526306,0.35606542229652405,0.009172260761260986,1.0,1.0
4,train,445,28640,0.42331191897392273,0.4324822723865509,0.009170353412628174,1.0,1.0
4,train,446,18797,0.10235595703125,0.11152324080467224,0.009167283773422241,1.0,1.0
4,train,447,15016,0.2832866609096527,0.2924504578113556,0.00916379690170288,1.0,1.0
4,train,448,25599,0.3895898163318634,0.3987433910369873,0.009153574705123901,1.0,1.0
4,train,449,17241,0.2146114706993103,0.22376325726509094,0.00915178656578064,1.0,1.0
4,train,450,17357,0.27815577387809753,0.287300169467926,0.009144395589828491,1.0,1.0
4,train,451,8670,0.21007953584194183,0.21921658515930176,0.009137049317359924,1.0,1.0
4,train,452,26514,0.30131372809410095,0.3104493319988251,0.009135603904724121,1.0,1.0
4,train,453,7433,0.31475868821144104,0.3238907754421234,0.009132087230682373,1.0,1.0
4,train,454,3508,0.2860608994960785,0.2951923906803131,0.00913149118423462,1.0,1.0
4,train,455,27530,0.3976421058177948,0.4067637026309967,0.009121596813201904,1.0,1.0
4,train,456,23497,0.40101614594459534,0.41013628244400024,0.009120136499404907,1.0,1.0
4,train,457,15614,0.35373422503471375,0.3628515601158142,0.009117335081100464,1.0,1.0
4,train,458,17327,0.18310315907001495,0.19222034513950348,0.009117186069488525,1.0,1.0
4,train,459,27248,0.35134461522102356,0.3604607582092285,0.009116142988204956,1.0,1.0
4,train,460,27274,0.47325441241264343,0.4823673665523529,0.009112954139709473,1.0,1.0
4,train,461,14614,0.2176886349916458,0.2268000990152359,0.009111464023590088,1.0,1.0
4,train,462,399,0.2829578220844269,0.29206109046936035,0.009103268384933472,1.0,1.0
4,train,463,10737,0.4959052801132202,0.5050077438354492,0.009102463722229004,1.0,1.0
4,train,464,7434,0.33463016152381897,0.3437305688858032,0.009100407361984253,1.0,1.0
4,train,465,14084,0.32876792550086975,0.33786502480506897,0.009097099304199219,1.0,1.0
4,train,466,17095,0.47569477558135986,0.4847854971885681,0.009090721607208252,1.0,1.0
4,train,467,8343,0.42524614930152893,0.43433234095573425,0.009086191654205322,1.0,1.0
4,train,468,7185,0.18903475999832153,0.19811680912971497,0.009082049131393433,1.0,1.0
4,train,469,7136,0.15296606719493866,0.16204330325126648,0.00907723605632782,1.0,1.0
4,train,470,27134,0.22031672298908234,0.2293936163187027,0.009076893329620361,1.0,1.0
4,train,471,16237,0.3668842613697052,0.37594953179359436,0.00906527042388916,1.0,1.0
4,train,472,15065,0.41899821162223816,0.4280557334423065,0.00905752182006836,1.0,1.0
4,train,473,23753,0.27640196681022644,0.2854573428630829,0.009055376052856445,1.0,1.0
4,train,474,21505,0.17713718116283417,0.18619102239608765,0.009053841233253479,1.0,1.0
4,train,475,17391,0.24344396591186523,0.2524942457675934,0.00905027985572815,1.0,1.0
4,train,476,7891,0.33067768812179565,0.33972740173339844,0.009049713611602783,1.0,1.0
4,train,477,3986,0.3403479754924774,0.3493943512439728,0.009046375751495361,1.0,1.0
4,train,478,17269,0.24361412227153778,0.25265514850616455,0.00904102623462677,1.0,1.0
4,train,479,18954,0.4010416269302368,0.41008007526397705,0.009038448333740234,1.0,1.0
4,train,480,25991,0.2547564208507538,0.2637905180454254,0.00903409719467163,1.0,1.0
4,train,481,24429,0.2535285949707031,0.2625608444213867,0.009032249450683594,1.0,1.0
4,train,482,19672,0.24336689710617065,0.2523941993713379,0.009027302265167236,1.0,1.0
4,train,483,18720,0.1036638393998146,0.11268699169158936,0.00902315229177475,1.0,1.0
4,train,484,12370,0.32543596625328064,0.3344564139842987,0.009020447731018066,1.0,1.0
4,train,485,976,0.3440401256084442,0.35305553674697876,0.009015411138534546,1.0,1.0
4,train,486,25600,0.32479557394981384,0.3338072597980499,0.009011685848236084,1.0,1.0
4,train,487,11751,0.18383754789829254,0.19284886121749878,0.009011313319206238,1.0,1.0
4,train,488,16178,0.17740724980831146,0.18641646206378937,0.009009212255477905,1.0,1.0
4,train,489,19578,0.2966341972351074,0.3056429922580719,0.009008795022964478,1.0,1.0
4,train,490,26052,0.44719862937927246,0.4562036693096161,0.009005039930343628,1.0,1.0
4,train,491,16834,0.17680811882019043,0.18580836057662964,0.009000241756439209,1.0,1.0
4,train,492,23297,0.4775124788284302,0.48651060461997986,0.008998125791549683,1.0,1.0
4,train,493,2385,0.28385719656944275,0.2928544878959656,0.008997291326522827,1.0,1.0
4,train,494,3075,0.24791574478149414,0.25691133737564087,0.008995592594146729,1.0,1.0
4,train,495,3342,0.370691180229187,0.3796844184398651,0.0089932382106781,1.0,1.0
4,train,496,2514,0.28568917512893677,0.2946804463863373,0.008991271257400513,1.0,1.0
4,train,497,5351,0.16270281374454498,0.17168918251991272,0.008986368775367737,1.0,1.0
4,train,498,14433,0.3568248450756073,0.3658096492290497,0.008984804153442383,1.0,1.0
4,train,499,22737,0.36137592792510986,0.37035873532295227,0.008982807397842407,1.0,1.0
4,train,500,8955,0.28696295619010925,0.2959422767162323,0.008979320526123047,1.0,1.0
4,eval,1,14325,0.5930535197257996,0.6061952710151672,0.013141751289367676,1.0,1.0
4,eval,2,12238,0.5297213196754456,0.5418366193771362,0.012115299701690674,1.0,1.0
4,eval,3,21027,0.6716768741607666,0.6835216283798218,0.011844754219055176,1.0,1.0
4,eval,4,14017,0.3388519585132599,0.34996703267097473,0.011115074157714844,1.0,1.0
4,eval,5,1717,0.32612937688827515,0.3370664417743683,0.01093706488609314,1.0,1.0
4,eval,6,14598,0.15272726118564606,0.16326075792312622,0.010533496737480164,1.0,1.0
4,eval,7,16511,0.3703644573688507,0.3807772397994995,0.010412782430648804,1.0,1.0
4,eval,8,24355,0.2733640968799591,0.28349924087524414,0.010135143995285034,1.0,1.0
4,eval,9,10951,0.49747371673583984,0.5073845386505127,0.009910821914672852,1.0,1.0
4,eval,10,3990,0.39297735691070557,0.4028604030609131,0.00988304615020752,1.0,1.0
4,eval,11,26909,0.3388657867908478,0.3487132489681244,0.009847462177276611,1.0,1.0
4,eval,12,14277,0.12481984496116638,0.13460582494735718,0.009785979986190796,1.0,1.0
4,eval,13,25047,0.5682565569877625,0.5780174732208252,0.009760916233062744,1.0,1.0
4,eval,14,21919,0.3903256952762604,0.40000396966934204,0.009678274393081665,1.0,1.0
4,eval,15,10525,0.315560519695282,0.32517731189727783,0.00961679220199585,1.0,1.0
4,eval,16,24865,0.18237550556659698,0.19197501242160797,0.009599506855010986,1.0,1.0
4,eval,17,10685,0.37572160363197327,0.38531604409217834,0.009594440460205078,1.0,1.0
4,eval,18,11154,0.3281141221523285,0.33767735958099365,0.009563237428665161,1.0,1.0
4,eval,19,15865,0.32810017466545105,0.3185391128063202,-0.00956106185913086,1.0,1.0
4,eval,20,21942,0.22512845695018768,0.2346695065498352,0.009541049599647522,1.0,1.0
4,eval,21,26,0.8233864307403564,0.8328457474708557,0.009459316730499268,1.0,1.0
4,eval,22,24543,0.4777734577655792,0.487215518951416,0.009442061185836792,1.0,1.0
4,eval,23,28480,0.390317440032959,0.39975088834762573,0.009433448314666748,1.0,1.0
4,eval,24,15065,0.4232739210128784,0.43268412351608276,0.009410202503204346,1.0,1.0
4,eval,25,1387,0.13518570363521576,0.14455388486385345,0.009368181228637695,1.0,1.0
4,eval,26,19624,0.3183847963809967,0.327752947807312,0.009368151426315308,1.0,1.0
4,eval,27,15453,0.36712324619293213,0.37645870447158813,0.009335458278656006,1.0,1.0
4,eval,28,21894,0.35743293166160583,0.3667604327201843,0.009327501058578491,1.0,1.0
4,eval,29,25055,0.7453330159187317,0.7546414136886597,0.009308397769927979,1.0,1.0
4,eval,30,17618,0.3509056568145752,0.36016881465911865,0.009263157844543457,1.0,1.0
4,eval,31,14566,0.18061381578445435,0.18983304500579834,0.009219229221343994,1.0,1.0
4,eval,32,6390,0.4018227159976959,0.4110008478164673,0.009178131818771362,1.0,1.0
4,eval,33,15861,0.5410249829292297,0.5501940846443176,0.00916910171508789,1.0,1.0
4,eval,34,25344,0.2557515799999237,0.2648032009601593,0.009051620960235596,1.0,1.0
4,eval,35,23688,0.4473292827606201,0.4563717842102051,0.009042501449584961,1.0,1.0
4,eval,36,13225,0.2767736315727234,0.2857738733291626,0.009000241756439209,1.0,1.0
4,eval,37,19679,0.37923023104667664,0.38813674449920654,0.008906513452529907,1.0,1.0
4,eval,38,5854,0.32730886340141296,0.33621153235435486,0.008902668952941895,1.0,1.0
4,eval,39,3071,0.4525264501571655,0.4614207446575165,0.008894294500350952,1.0,1.0
4,eval,40,26852,0.2434738427400589,0.25235044956207275,0.008876606822013855,1.0,1.0
4,eval,41,4936,0.23684288561344147,0.24567893147468567,0.008836045861244202,1.0,1.0
4,eval,42,11178,0.36827242374420166,0.3770768940448761,0.008804470300674438,1.0,1.0
4,eval,43,8182,0.2597416937351227,0.26845547556877136,0.008713781833648682,1.0,1.0
4,eval,44,28181,0.4239290952682495,0.4326404631137848,0.008711367845535278,1.0,1.0
4,eval,45,20701,0.1755843609571457,0.18428653478622437,0.008702173829078674,1.0,1.0
4,eval,46,16976,0.3015189468860626,0.3102118670940399,0.008692920207977295,1.0,1.0
4,eval,47,21787,0.42267361283302307,0.4313560724258423,0.008682459592819214,1.0,1.0
4,eval,48,20397,0.9331935048103333,0.941857099533081,0.008663594722747803,1.0,1.0
4,eval,49,13221,0.2556610405445099,0.2642962634563446,0.008635222911834717,1.0,1.0
4,eval,50,23988,0.45041999220848083,0.4590308368206024,0.008610844612121582,1.0,1.0
4,eval,51,9945,0.3140960931777954,0.3226693570613861,0.008573263883590698,1.0,1.0
4,eval,52,25143,0.23905505239963531,0.247616708278656,0.008561655879020691,1.0,1.0
4,eval,53,15836,0.20814846456050873,0.21668308973312378,0.008534625172615051,1.0,1.0
4,eval,54,28409,0.28437313437461853,0.2928868532180786,0.008513718843460083,1.0,1.0
4,eval,55,7165,0.4041680097579956,0.4125945270061493,0.008426517248153687,1.0,1.0
4,eval,56,20605,0.29045000672340393,0.2988525629043579,0.00840255618095398,1.0,1.0
4,eval,57,18638,0.3553801476955414,0.363775372505188,0.008395224809646606,1.0,1.0
4,eval,58,10092,0.2164134830236435,0.20803245902061462,-0.00838102400302887,1.0,1.0
4,eval,59,265,0.3571038246154785,0.3654778301715851,0.008374005556106567,1.0,1.0
4,eval,60,17439,0.21758095920085907,0.22594697773456573,0.008366018533706665,1.0,1.0
4,eval,61,7229,0.3599420487880707,0.3683077096939087,0.008365660905838013,1.0,1.0
4,eval,62,8761,0.38045409321784973,0.38881081342697144,0.008356720209121704,1.0,1.0
4,eval,63,5971,0.46472036838531494,0.47304874658584595,0.008328378200531006,1.0,1.0
4,eval,64,25700,0.2468043714761734,0.25512856245040894,0.008324190974235535,1.0,1.0
4,eval,65,15393,0.27989646792411804,0.2881585955619812,0.00826212763786316,1.0,1.0
4,eval,66,28289,0.23017515242099762,0.23843200504779816,0.008256852626800537,1.0,1.0
4,eval,67,14548,0.2947143316268921,0.302966833114624,0.008252501487731934,1.0,1.0
4,eval,68,18803,0.4368058145046234,0.44505399465560913,0.008248180150985718,1.0,1.0
4,eval,69,8141,0.5812392830848694,0.5894615650177002,0.00822228193283081,1.0,1.0
4,eval,70,21424,0.3155125379562378,0.30730941891670227,-0.008203119039535522,1.0,1.0
4,eval,71,27288,0.3826959431171417,0.390878826379776,0.008182883262634277,1.0,1.0
4,eval,72,73,0.3400007486343384,0.3481743633747101,0.008173614740371704,1.0,1.0
4,eval,73,13902,0.2328798770904541,0.2410503774881363,0.00817050039768219,1.0,1.0
4,eval,74,16734,0.2876037657260895,0.2957734167575836,0.00816965103149414,1.0,1.0
4,eval,75,25240,0.2794351279735565,0.2875903844833374,0.008155256509780884,1.0,1.0
4,eval,76,17237,0.20669937133789062,0.2148314118385315,0.00813204050064087,1.0,1.0
4,eval,77,15091,0.32276222109794617,0.33088335394859314,0.008121132850646973,1.0,1.0
4,eval,78,5256,0.36338010430336,0.3714820146560669,0.00810191035270691,1.0,1.0
4,eval,79,20026,0.6602779030799866,0.6683740019798279,0.008096098899841309,1.0,1.0
4,eval,80,8873,0.23703129589557648,0.24512267112731934,0.008091375231742859,1.0,1.0
4,eval,81,14795,0.29826509952545166,0.30634015798568726,0.008075058460235596,1.0,1.0
4,eval,82,27530,0.4000551700592041,0.40812984108924866,0.008074671030044556,1.0,1.0
4,eval,83,23663,0.09805157035589218,0.1061113104224205,0.00805974006652832,1.0,1.0
4,eval,84,8366,0.29745325446128845,0.3054879605770111,0.008034706115722656,1.0,1.0
4,eval,85,2383,0.32648202776908875,0.33451420068740845,0.008032172918319702,1.0,1.0
4,eval,86,2418,0.21683363616466522,0.22486382722854614,0.00803019106388092,1.0,1.0
4,eval,87,24451,0.4762234687805176,0.4842236340045929,0.008000165224075317,1.0,1.0
4,eval,88,10526,0.30207011103630066,0.3100335896015167,0.007963478565216064,1.0,1.0
4,eval,89,25827,0.27802273631095886,0.2859848439693451,0.00796210765838623,1.0,1.0
4,eval,90,15414,0.3782634437084198,0.38620978593826294,0.00794634222984314,1.0,1.0
4,eval,91,7648,0.25582894682884216,0.26377198100090027,0.007943034172058105,1.0,1.0
4,eval,92,582,0.16931752860546112,0.17725870013237,0.007941171526908875,1.0,1.0
4,eval,93,26788,0.21308177709579468,0.20515237748622894,-0.007929399609565735,1.0,1.0
4,eval,94,10611,0.3893449604511261,0.39726364612579346,0.007918685674667358,1.0,1.0
4,eval,95,5561,0.35918128490448,0.3670998513698578,0.007918566465377808,1.0,1.0
4,eval,96,20047,0.22876287996768951,0.23667924106121063,0.007916361093521118,1.0,1.0
4,eval,97,12781,0.24213658273220062,0.25004324316978455,0.007906660437583923,1.0,1.0
4,eval,98,21655,0.3044910430908203,0.31239303946495056,0.007901996374130249,1.0,1.0
4,eval,99,16110,0.41989290714263916,0.42778998613357544,0.00789707899093628,1.0,1.0
4,eval,100,25891,0.558673083782196,0.5665590167045593,0.007885932922363281,1.0,1.0
4,eval,101,24742,0.3525865375995636,0.36047202348709106,0.007885485887527466,1.0,1.0
4,eval,102,23956,0.4646863043308258,0.4725678861141205,0.007881581783294678,1.0,1.0
4,eval,103,21340,0.2838849723339081,0.2917536497116089,0.007868677377700806,1.0,1.0
4,eval,104,26797,0.1569177359342575,0.16478590667247772,0.007868170738220215,1.0,1.0
4,eval,105,12624,0.4195961654186249,0.42746058106422424,0.007864415645599365,1.0,1.0
4,eval,106,21570,0.5239090323448181,0.5317663550376892,0.007857322692871094,1.0,1.0
4,eval,107,26052,0.45141664147377014,0.4592580199241638,0.007841378450393677,1.0,1.0
4,eval,108,25126,0.38056084513664246,0.38839879631996155,0.007837951183319092,1.0,1.0
4,eval,109,7072,0.22583462297916412,0.23363378643989563,0.007799163460731506,1.0,1.0
4,eval,110,20318,0.30659380555152893,0.31439054012298584,0.007796734571456909,1.0,1.0
4,eval,111,8065,0.35138818621635437,0.35916879773139954,0.007780611515045166,1.0,1.0
4,eval,112,19514,0.39339563250541687,0.40117111802101135,0.007775485515594482,1.0,1.0
4,eval,113,6433,0.1348644644021988,0.14263692498207092,0.007772460579872131,1.0,1.0
4,eval,114,5644,0.27746978402137756,0.285234272480011,0.007764488458633423,1.0,1.0
4,eval,115,22936,0.322979599237442,0.33071792125701904,0.007738322019577026,1.0,1.0
4,eval,116,6603,0.32462307810783386,0.3323555886745453,0.007732510566711426,1.0,1.0
4,eval,117,8847,0.25769564509391785,0.265407532453537,0.007711887359619141,1.0,1.0
4,eval,118,22952,0.3007882237434387,0.3084833323955536,0.007695108652114868,1.0,1.0
4,eval,119,13904,0.34837785363197327,0.3560665249824524,0.007688671350479126,1.0,1.0
4,eval,120,18591,0.32162514328956604,0.3293061852455139,0.007681041955947876,1.0,1.0
4,eval,121,27341,0.2572610378265381,0.26493483781814575,0.007673799991607666,1.0,1.0
4,eval,122,20158,0.33780336380004883,0.3454725742340088,0.007669210433959961,1.0,1.0
4,eval,123,77,0.7179505228996277,0.7256163358688354,0.007665812969207764,1.0,1.0
4,eval,124,13249,0.47551825642585754,0.48317384719848633,0.007655590772628784,1.0,1.0
4,eval,125,21162,0.27207720279693604,0.2797275185585022,0.007650315761566162,1.0,1.0
4,eval,126,12164,0.46761929988861084,0.4752694368362427,0.007650136947631836,1.0,1.0
4,eval,127,903,0.19158785045146942,0.1992178112268448,0.007629960775375366,1.0,1.0
4,eval,128,18529,0.14174309372901917,0.14936722815036774,0.007624134421348572,1.0,1.0
4,eval,129,11017,0.2775200307369232,0.2851294279098511,0.0076093971729278564,1.0,1.0
4,eval,130,4324,0.3303283452987671,0.3379279673099518,0.007599622011184692,1.0,1.0
4,eval,131,11364,0.4542766511440277,0.46187102794647217,0.007594376802444458,1.0,1.0
4,eval,132,2013,0.22751034796237946,0.23508845269680023,0.007578104734420776,1.0,1.0
4,eval,133,7284,0.3430773913860321,0.3506498336791992,0.007572442293167114,1.0,1.0
4,eval,134,3495,0.03111116588115692,0.038682721555233,0.00757155567407608,0.8125,1.0
4,eval,135,20244,0.2910822331905365,0.29861995577812195,0.007537722587585449,1.0,1.0
4,eval,136,24193,0.38573622703552246,0.3932708501815796,0.007534623146057129,1.0,1.0
4,eval,137,2872,0.25801435112953186,0.26554474234580994,0.007530391216278076,1.0,1.0
4,eval,138,9462,0.3244377374649048,0.33196574449539185,0.0075280070304870605,1.0,1.0
4,eval,139,14383,0.3678227663040161,0.3753502070903778,0.007527440786361694,1.0,1.0
4,eval,140,2174,0.16714781522750854,0.1746625155210495,0.007514700293540955,1.0,1.0
4,eval,141,8040,0.30341628193855286,0.31093043088912964,0.007514148950576782,1.0,1.0
4,eval,142,13328,0.24192143976688385,0.24943287670612335,0.007511436939239502,1.0,1.0
4,eval,143,22746,0.3179073631763458,0.31040117144584656,-0.007506191730499268,1.0,1.0
4,eval,144,16328,0.41938939690589905,0.42689117789268494,0.007501780986785889,1.0,1.0
4,eval,145,21890,0.3125680983066559,0.320065975189209,0.007497876882553101,1.0,1.0
4,eval,146,3412,0.4372541010379791,0.4447316527366638,0.007477551698684692,1.0,1.0
4,eval,147,2388,0.5601604580879211,0.5676295757293701,0.007469117641448975,1.0,1.0
4,eval,148,24221,0.400328129529953,0.40779581665992737,0.007467687129974365,1.0,1.0
4,eval,149,11757,0.2884328365325928,0.2958967983722687,0.007463961839675903,1.0,1.0
4,eval,150,23627,0.2493608593940735,0.24190062284469604,-0.007460236549377441,1.0,1.0
4,eval,151,8478,0.3290407359600067,0.3364931344985962,0.0074523985385894775,1.0,1.0
4,eval,152,23998,0.23145930469036102,0.23889681696891785,0.007437512278556824,1.0,1.0
4,eval,153,10875,0.2384931594133377,0.24591200053691864,0.007418841123580933,1.0,1.0
4,eval,154,21328,0.13027317821979523,0.13769063353538513,0.007417455315589905,1.0,1.0
4,eval,155,9405,0.41598987579345703,0.42338740825653076,0.0073975324630737305,1.0,1.0
4,eval,156,24342,0.28875890374183655,0.29615309834480286,0.007394194602966309,1.0,1.0
4,eval,157,776,0.23440957069396973,0.24179700016975403,0.007387429475784302,1.0,1.0
4,eval,158,7017,0.2885829210281372,0.2959681749343872,0.00738525390625,1.0,1.0
4,eval,159,24663,0.2713910639286041,0.2787579298019409,0.007366865873336792,1.0,1.0
4,eval,160,27484,0.4127997159957886,0.4201636016368866,0.0073638856410980225,1.0,1.0
4,eval,161,9899,0.21493184566497803,0.22227133810520172,0.007339492440223694,1.0,1.0
4,eval,162,25099,0.27586087584495544,0.2831991910934448,0.00733831524848938,1.0,1.0
4,eval,163,16237,0.3700103759765625,0.3773460388183594,0.007335662841796875,1.0,1.0
4,eval,164,11065,0.2257770299911499,0.23309141397476196,0.0073143839836120605,1.0,1.0
4,eval,165,16398,0.4784979820251465,0.4858090579509735,0.007311075925827026,1.0,1.0
4,eval,166,3249,0.1960608810186386,0.2033715844154358,0.00731070339679718,1.0,1.0
4,eval,167,12123,0.2350635528564453,0.24236883223056793,0.00730527937412262,1.0,1.0
4,eval,168,14269,0.691852867603302,0.6991541981697083,0.00730133056640625,1.0,1.0
4,eval,169,7748,0.41913536190986633,0.42642703652381897,0.007291674613952637,1.0,1.0
4,eval,170,25600,0.3300693929195404,0.3373599052429199,0.007290512323379517,1.0,1.0
4,eval,171,7984,0.34731006622314453,0.3545972406864166,0.007287174463272095,1.0,1.0
4,eval,172,13150,0.3476972281932831,0.3549782633781433,0.0072810351848602295,1.0,1.0
4,eval,173,27372,0.2313731461763382,0.23864974081516266,0.007276594638824463,1.0,1.0
4,eval,174,12568,0.2334258109331131,0.2406938374042511,0.0072680264711380005,1.0,1.0
4,eval,175,25211,0.21435749530792236,0.22162297368049622,0.0072654783725738525,1.0,1.0
4,eval,176,18863,0.25609490275382996,0.24883413314819336,-0.007260769605636597,1.0,1.0
4,eval,177,3737,0.3078925311565399,0.3151341676712036,0.007241636514663696,1.0,1.0
4,eval,178,12547,0.3023050129413605,0.30953073501586914,0.007225722074508667,1.0,1.0
4,eval,179,27676,0.32574597001075745,0.3329686224460602,0.007222652435302734,1.0,1.0
4,eval,180,22647,0.40533503890037537,0.41255420446395874,0.007219165563583374,1.0,1.0
4,eval,181,25851,0.1893167644739151,0.1965281367301941,0.007211372256278992,1.0,1.0
4,eval,182,23632,0.24177835881710052,0.24898770451545715,0.007209345698356628,1.0,1.0
4,eval,183,12370,0.32780715823173523,0.3350115418434143,0.007204383611679077,1.0,1.0
4,eval,184,6525,0.3996255695819855,0.40682724118232727,0.007201671600341797,1.0,1.0
4,eval,185,19493,0.29446688294410706,0.3016529977321625,0.00718611478805542,1.0,1.0
4,eval,186,9474,0.18374067544937134,0.19091796875,0.007177293300628662,1.0,1.0
4,eval,187,11155,0.25635287165641785,0.24917656183242798,-0.007176309823989868,1.0,1.0
4,eval,188,22448,0.43358615040779114,0.4407409429550171,0.007154792547225952,1.0,1.0
4,eval,189,17391,0.2427714616060257,0.24992582201957703,0.007154360413551331,1.0,1.0
4,eval,190,15137,0.1667536497116089,0.17389939725399017,0.007145747542381287,1.0,1.0
4,eval,191,5476,0.20818603038787842,0.215330570936203,0.007144540548324585,1.0,1.0
4,eval,192,10759,0.2523045241832733,0.2594410479068756,0.007136523723602295,1.0,1.0
4,eval,193,355,0.2694360315799713,0.27656230330467224,0.007126271724700928,1.0,1.0
4,eval,194,13584,0.3260706067085266,0.3189523220062256,-0.007118284702301025,1.0,1.0
4,eval,195,20431,0.2872661054134369,0.2943752706050873,0.007109165191650391,1.0,1.0
4,eval,196,1666,0.35625991225242615,0.3633618652820587,0.007101953029632568,1.0,1.0
4,eval,197,9519,0.2365780472755432,0.24367904663085938,0.007100999355316162,1.0,1.0
4,eval,198,26577,0.2346278429031372,0.24172823131084442,0.007100388407707214,1.0,1.0
4,eval,199,18364,0.36076024174690247,0.3678494989871979,0.00708925724029541,1.0,1.0
4,eval,200,9836,0.3542545735836029,0.36132681369781494,0.007072240114212036,1.0,1.0
4,eval,201,6627,0.26826491951942444,0.2753370702266693,0.007072150707244873,1.0,1.0
4,eval,202,1118,0.17826630175113678,0.18533632159233093,0.007070019841194153,1.0,1.0
4,eval,203,403,0.18747968971729279,0.1945464015007019,0.007066711783409119,1.0,1.0
4,eval,204,11074,0.2903192937374115,0.29738178849220276,0.00706249475479126,1.0,1.0
4,eval,205,12508,0.2793911397457123,0.2864496111869812,0.007058471441268921,1.0,1.0
4,eval,206,25304,0.3652336299419403,0.37228214740753174,0.007048517465591431,1.0,1.0
4,eval,207,12876,0.3461656868457794,0.35320937633514404,0.007043689489364624,1.0,1.0
4,eval,208,25599,0.3934690058231354,0.4005117118358612,0.00704270601272583,1.0,1.0
4,eval,209,17624,0.3478424549102783,0.3548837900161743,0.007041335105895996,1.0,1.0
4,eval,210,2390,0.1735997200012207,0.1806306093931198,0.007030889391899109,1.0,1.0
4,eval,211,4682,0.22802942991256714,0.23505036532878876,0.007020935416221619,1.0,1.0
4,eval,212,16765,0.34447285532951355,0.351484090089798,0.007011234760284424,1.0,1.0
4,eval,213,21525,0.1625501960515976,0.16954052448272705,0.006990328431129456,1.0,1.0
4,eval,214,27248,0.3555719554424286,0.36255908012390137,0.006987124681472778,1.0,1.0
4,eval,215,26379,0.2897047698497772,0.2966863512992859,0.006981581449508667,1.0,1.0
4,eval,216,1200,0.38589975237846375,0.3928772211074829,0.006977468729019165,1.0,1.0
4,eval,217,3871,0.27446889877319336,0.2814400792121887,0.006971180438995361,1.0,1.0
4,eval,218,6048,0.3289766013622284,0.33594220876693726,0.006965607404708862,1.0,1.0
4,eval,219,10053,0.3388877809047699,0.34584683179855347,0.006959050893783569,1.0,1.0
4,eval,220,28640,0.42821836471557617,0.4351746439933777,0.006956279277801514,1.0,1.0
4,eval,221,9434,0.23603259027004242,0.22907866537570953,-0.006953924894332886,1.0,1.0
4,eval,222,26925,0.23883239924907684,0.24578605592250824,0.0069536566734313965,1.0,1.0
4,eval,223,1446,0.15921683609485626,0.1661703884601593,0.0069535523653030396,1.0,1.0
4,eval,224,8432,0.4150048792362213,0.421955406665802,0.0069505274295806885,1.0,1.0
4,eval,225,12402,0.40390798449516296,0.41084131598472595,0.006933331489562988,1.0,1.0
4,eval,226,6856,0.40195730328559875,0.40888097882270813,0.006923675537109375,1.0,1.0
4,eval,227,2914,0.21914951503276825,0.22606685757637024,0.00691734254360199,1.0,1.0
4,eval,228,15035,0.18481893837451935,0.1779034435749054,-0.006915494799613953,1.0,1.0
4,eval,229,11200,0.4132521450519562,0.4201650321483612,0.006912887096405029,1.0,1.0
4,eval,230,20077,0.26157623529434204,0.2684882879257202,0.006912052631378174,1.0,1.0
4,eval,231,9788,0.3635881841182709,0.3704995810985565,0.0069113969802856445,1.0,1.0
4,eval,232,4981,0.4820404350757599,0.48894909024238586,0.0069086551666259766,1.0,1.0
4,eval,233,20927,0.16118210554122925,0.16808196902275085,0.0068998634815216064,1.0,1.0
4,eval,234,25630,0.14619745314121246,0.15309560298919678,0.006898149847984314,1.0,1.0
4,eval,235,11686,0.23214922845363617,0.23904286324977875,0.006893634796142578,1.0,1.0
4,eval,236,25635,0.1856670379638672,0.19255514442920685,0.006888106465339661,1.0,1.0
4,eval,237,26948,0.24960708618164062,0.25649136304855347,0.006884276866912842,1.0,1.0
4,eval,238,26464,0.19826798141002655,0.20514267683029175,0.006874695420265198,1.0,1.0
4,eval,239,16284,0.17921191453933716,0.18608544766902924,0.006873533129692078,1.0,1.0
4,eval,240,1138,0.44499847292900085,0.45186927914619446,0.0068708062171936035,1.0,1.0
4,eval,241,16365,0.2680087685585022,0.2748735547065735,0.006864786148071289,1.0,1.0
4,eval,242,11989,0.2449982762336731,0.25186097621917725,0.00686269998550415,1.0,1.0
4,eval,243,4687,0.46286287903785706,0.4697248041629791,0.00686192512512207,1.0,1.0
4,eval,244,8833,0.21569101512432098,0.22255277633666992,0.006861761212348938,1.0,1.0
4,eval,245,23497,0.40751025080680847,0.41437089443206787,0.006860643625259399,1.0,1.0
4,eval,246,18768,0.2123551368713379,0.21921396255493164,0.00685882568359375,1.0,1.0
4,eval,247,13959,0.43221303820610046,0.43907082080841064,0.006857782602310181,1.0,1.0
4,eval,248,19045,0.3275635540485382,0.3344189524650574,0.006855398416519165,1.0,1.0
4,eval,249,11105,0.382846474647522,0.389697790145874,0.006851315498352051,1.0,1.0
4,eval,250,1891,0.10389113426208496,0.11074012517929077,0.0068489909172058105,1.0,1.0
4,eval,251,9165,0.1745547503232956,0.18140287697315216,0.006848126649856567,1.0,1.0
4,eval,252,7642,0.1975964903831482,0.20444458723068237,0.00684809684753418,1.0,1.0
4,eval,253,21877,0.18071623146533966,0.1875617355108261,0.00684550404548645,1.0,1.0
4,eval,254,13303,0.39742448925971985,0.4042581617832184,0.006833672523498535,1.0,1.0
4,eval,255,17029,0.1794828325510025,0.18631480634212494,0.0068319737911224365,1.0,1.0
4,eval,256,20037,0.35186776518821716,0.3586951196193695,0.006827354431152344,1.0,1.0
4,eval,257,968,0.37359586358070374,0.38041844964027405,0.0068225860595703125,1.0,1.0
4,eval,258,2731,0.09134837239980698,0.0981677770614624,0.006819404661655426,1.0,1.0
4,eval,259,13743,0.16823594272136688,0.1750531643629074,0.006817221641540527,1.0,1.0
4,eval,260,14810,0.3149261772632599,0.32174158096313477,0.006815403699874878,1.0,1.0
4,eval,261,5919,0.26166126132011414,0.26847243309020996,0.006811171770095825,1.0,1.0
4,eval,262,12881,0.18313097953796387,0.18993854522705078,0.006807565689086914,1.0,1.0
4,eval,263,10026,0.39605268836021423,0.40285152196884155,0.006798833608627319,1.0,1.0
4,eval,264,22091,0.10283542424440384,0.10962352901697159,0.006788104772567749,1.0,1.0
4,eval,265,23926,0.4410862922668457,0.4478743374347687,0.006788045167922974,1.0,1.0
4,eval,266,17389,0.1191704049706459,0.1259540319442749,0.006783626973628998,1.0,1.0
4,eval,267,17292,0.26419004797935486,0.27097341418266296,0.0067833662033081055,1.0,1.0
4,eval,268,11334,0.3824866712093353,0.38927000761032104,0.006783336400985718,1.0,1.0
4,eval,269,24121,0.340077668428421,0.3468579947948456,0.0067803263664245605,1.0,1.0
4,eval,270,2022,0.21642851829528809,0.2232082486152649,0.006779730319976807,1.0,1.0
4,eval,271,10303,0.5633866786956787,0.5701615810394287,0.00677490234375,1.0,1.0
4,eval,272,23378,0.47397884726524353,0.480751633644104,0.006772786378860474,1.0,1.0
4,eval,273,12550,0.20171016454696655,0.19494514167308807,-0.006765022873878479,1.0,1.0
4,eval,274,23817,0.20775556564331055,0.21451306343078613,0.006757497787475586,1.0,1.0
4,eval,275,28503,0.24464274942874908,0.25139206647872925,0.006749317049980164,1.0,1.0
4,eval,276,9225,0.515126645565033,0.5218745470046997,0.006747901439666748,1.0,1.0
4,eval,277,18240,0.4581805169582367,0.4649259150028229,0.006745398044586182,1.0,1.0
4,eval,278,6809,0.3388446569442749,0.3321029841899872,-0.00674167275428772,1.0,1.0
4,eval,279,17421,0.450932115316391,0.4576683044433594,0.006736189126968384,1.0,1.0
4,eval,280,5974,0.27128079533576965,0.27801573276519775,0.006734937429428101,1.0,1.0
4,eval,281,23300,0.15591095387935638,0.16264362633228302,0.006732672452926636,1.0,1.0
4,eval,282,23346,0.4643861949443817,0.47109878063201904,0.006712585687637329,1.0,1.0
4,eval,283,24345,0.5239769220352173,0.5306867361068726,0.0067098140716552734,1.0,1.0
4,eval,284,11262,0.3053513467311859,0.312059223651886,0.006707876920700073,1.0,1.0
4,eval,285,10520,0.3270358741283417,0.33374130725860596,0.006705433130264282,1.0,1.0
4,eval,286,25204,0.33117419481277466,0.33787602186203003,0.006701827049255371,1.0,1.0
4,eval,287,28642,0.35438260436058044,0.3610764741897583,0.0066938698291778564,1.0,1.0
4,eval,288,18337,0.021326206624507904,0.028018556535243988,0.006692349910736084,0.7291666666666666,0.9861111111111112
4,eval,289,2103,0.11820846796035767,0.12490028887987137,0.006691820919513702,1.0,1.0
4,eval,290,17310,0.23529918491840363,0.24198725819587708,0.00668807327747345,1.0,1.0
4,eval,291,17443,0.3395439386367798,0.34622833132743835,0.006684392690658569,1.0,1.0
4,eval,292,23965,0.23310475051403046,0.23978641629219055,0.006681665778160095,1.0,1.0
4,eval,293,8743,0.32140687108039856,0.3280864953994751,0.006679624319076538,1.0,1.0
4,eval,294,18778,0.402195543050766,0.40886807441711426,0.006672531366348267,1.0,1.0
4,eval,295,25868,0.3244272768497467,0.3310983180999756,0.006671041250228882,1.0,1.0
4,eval,296,27737,0.3634512722492218,0.3701184391975403,0.0066671669483184814,1.0,1.0
4,eval,297,2798,0.21507704257965088,0.22173160314559937,0.006654560565948486,1.0,1.0
4,eval,298,17106,0.18789422512054443,0.19454514980316162,0.0066509246826171875,1.0,1.0
4,eval,299,7390,0.3729880154132843,0.3796384930610657,0.006650477647781372,1.0,1.0
4,eval,300,19333,0.27235496044158936,0.2790035605430603,0.006648600101470947,1.0,1.0
4,eval,301,9447,0.20117686688899994,0.20781828463077545,0.006641417741775513,1.0,1.0
4,eval,302,2142,0.5599747896194458,0.5666089653968811,0.006634175777435303,1.0,1.0
4,eval,303,26182,0.2202998846769333,0.2136690616607666,-0.006630823016166687,1.0,1.0
4,eval,304,27749,0.24951541423797607,0.25613221526145935,0.006616801023483276,1.0,1.0
4,eval,305,5341,0.24663884937763214,0.2532539665699005,0.006615117192268372,1.0,1.0
4,eval,306,16072,0.26746031641960144,0.27407047152519226,0.00661015510559082,1.0,1.0
4,eval,307,23103,0.29853567481040955,0.3051431477069855,0.006607472896575928,1.0,1.0
4,eval,308,28017,0.21688872575759888,0.2234952449798584,0.0066065192222595215,1.0,1.0
4,eval,309,24790,0.22811436653137207,0.23472020030021667,0.0066058337688446045,1.0,1.0
4,eval,310,8088,0.35148489475250244,0.35808002948760986,0.006595134735107422,1.0,1.0
4,eval,311,6862,0.3433189392089844,0.3499065637588501,0.006587624549865723,1.0,1.0
4,eval,312,9340,0.20268666744232178,0.20927275717258453,0.006586089730262756,1.0,1.0
4,eval,313,26003,0.39805981516838074,0.404640793800354,0.006580978631973267,1.0,1.0
4,eval,314,13111,0.28681883215904236,0.29338300228118896,0.0065641701221466064,1.0,1.0
4,eval,315,4790,0.21388129889965057,0.2204393744468689,0.006558075547218323,1.0,1.0
4,eval,316,71,0.4381456673145294,0.44470202922821045,0.00655636191368103,1.0,1.0
4,eval,317,7609,0.32050657272338867,0.32705724239349365,0.0065506696701049805,1.0,1.0
4,eval,318,24854,0.32784417271614075,0.33438920974731445,0.006545037031173706,1.0,1.0
4,eval,319,7271,0.2376946657896042,0.2442384511232376,0.006543785333633423,1.0,1.0
4,eval,320,13340,0.21827416121959686,0.22481700778007507,0.0065428465604782104,1.0,1.0
4,eval,321,4839,0.33279910683631897,0.33933624625205994,0.006537139415740967,1.0,1.0
4,eval,322,9188,0.1712925285100937,0.1778295636177063,0.00653703510761261,1.0,1.0
4,eval,323,27777,0.24932871758937836,0.25586432218551636,0.0065356045961380005,1.0,1.0
4,eval,324,21873,0.31517642736434937,0.3217116594314575,0.006535232067108154,1.0,1.0
4,eval,325,25836,0.22729098796844482,0.23382574319839478,0.006534755229949951,1.0,1.0
4,eval,326,24307,0.29089248180389404,0.2974207401275635,0.006528258323669434,1.0,1.0
4,eval,327,1228,0.219035804271698,0.22555701434612274,0.006521210074424744,1.0,1.0
4,eval,328,14408,0.39557185769081116,0.4020848274230957,0.006512969732284546,1.0,1.0
4,eval,329,22854,0.24204476177692413,0.24855242669582367,0.006507664918899536,1.0,1.0
4,eval,330,5828,0.5780361890792847,0.5845410823822021,0.0065048933029174805,1.0,1.0
4,eval,331,3440,0.2962854206562042,0.30278924107551575,0.0065038204193115234,1.0,1.0
4,eval,332,6104,0.3350301682949066,0.3415278196334839,0.0064976513385772705,1.0,1.0
4,eval,333,22835,0.206602081656456,0.21309632062911987,0.006494238972663879,1.0,1.0
4,eval,334,11779,0.3379432260990143,0.3444358706474304,0.006492644548416138,1.0,1.0
4,eval,335,16599,0.5330893397331238,0.5395805239677429,0.006491184234619141,1.0,1.0
4,eval,336,25302,0.15900641679763794,0.16549715399742126,0.006490737199783325,1.0,1.0
4,eval,337,20056,0.15994291007518768,0.1664275825023651,0.006484672427177429,1.0,1.0
4,eval,338,27050,0.3356616795063019,0.329179584980011,-0.0064820945262908936,1.0,1.0
4,eval,339,16120,0.3290550112724304,0.3355354368686676,0.006480425596237183,1.0,1.0
4,eval,340,28558,0.1832578331232071,0.18973632156848907,0.006478488445281982,1.0,1.0
4,eval,341,4554,0.21158035099506378,0.21805709600448608,0.006476745009422302,1.0,1.0
4,eval,342,26682,0.32357656955718994,0.33004534244537354,0.006468772888183594,1.0,1.0
4,eval,343,19925,0.25071829557418823,0.25718528032302856,0.006466984748840332,1.0,1.0
4,eval,344,14474,0.2227811962366104,0.2292291522026062,0.006447955965995789,1.0,1.0
4,eval,345,18828,0.39025476574897766,0.39670097827911377,0.006446212530136108,1.0,1.0
4,eval,346,9011,0.4730930030345917,0.4795342981815338,0.006441295146942139,1.0,1.0
4,eval,347,25124,0.2615845799446106,0.2680227756500244,0.006438195705413818,1.0,1.0
4,eval,348,9819,0.11811461299657822,0.12454549223184586,0.006430879235267639,1.0,1.0
4,eval,349,19310,0.33505868911743164,0.34148848056793213,0.006429791450500488,1.0,1.0
4,eval,350,2585,0.23282088339328766,0.23925021290779114,0.006429329514503479,1.0,1.0
4,eval,351,5259,0.3112289607524872,0.31765449047088623,0.006425529718399048,1.0,1.0
4,eval,352,13263,0.1677701473236084,0.17419344186782837,0.006423294544219971,1.0,1.0
4,eval,353,3635,0.5848820805549622,0.5913023352622986,0.006420254707336426,1.0,1.0
4,eval,354,25912,0.2838437855243683,0.2902615964412689,0.006417810916900635,1.0,1.0
4,eval,355,2512,0.16076594591140747,0.15434983372688293,-0.006416112184524536,1.0,1.0
4,eval,356,8559,0.2387373000383377,0.2451530247926712,0.006415724754333496,1.0,1.0
4,eval,357,11045,0.16867834329605103,0.17508959770202637,0.006411254405975342,1.0,1.0
4,eval,358,13700,0.30921176075935364,0.3156222105026245,0.006410449743270874,1.0,1.0
4,eval,359,12002,0.1298149973154068,0.136223703622818,0.006408706307411194,1.0,1.0
4,eval,360,1875,0.23116683959960938,0.2375742346048355,0.006407395005226135,1.0,1.0
4,eval,361,5468,0.2873033285140991,0.2937001883983612,0.006396859884262085,1.0,1.0
4,eval,362,4851,0.27401629090309143,0.2676231265068054,-0.006393164396286011,1.0,1.0
4,eval,363,5498,0.34788814187049866,0.3542783558368683,0.006390213966369629,1.0,1.0
4,eval,364,3772,0.23282988369464874,0.2392154037952423,0.006385520100593567,1.0,1.0
4,eval,365,173,0.3371204435825348,0.34350454807281494,0.006384104490280151,1.0,1.0
4,eval,366,12098,0.3074798882007599,0.3138628602027893,0.006382972002029419,1.0,1.0
4,eval,367,20683,0.23839157819747925,0.24477297067642212,0.006381392478942871,1.0,1.0
4,eval,368,25532,0.3020826280117035,0.3084627687931061,0.006380140781402588,1.0,1.0
4,eval,369,9866,0.29902660846710205,0.30540165305137634,0.006375044584274292,1.0,1.0
4,eval,370,8370,0.2846599519252777,0.2910345792770386,0.006374627351760864,1.0,1.0
4,eval,371,14559,0.310321569442749,0.3166949152946472,0.006373345851898193,1.0,1.0
4,eval,372,18308,0.303595632314682,0.30996498465538025,0.006369352340698242,1.0,1.0
4,eval,373,23760,0.33666375279426575,0.3430319130420685,0.006368160247802734,1.0,1.0
4,eval,374,6117,0.3976860046386719,0.4040515720844269,0.006365567445755005,1.0,1.0
4,eval,375,17549,0.016220683231949806,0.02258346416056156,0.006362780928611755,0.5416666666666666,0.7916666666666666
4,eval,376,20719,0.28853854537010193,0.2948981821537018,0.0063596367835998535,1.0,1.0
4,eval,377,1030,0.22450155019760132,0.23085400462150574,0.006352454423904419,1.0,1.0
4,eval,378,12713,0.23258845508098602,0.23893922567367554,0.006350770592689514,1.0,1.0
4,eval,379,23963,0.3783964216709137,0.3847445249557495,0.006348103284835815,1.0,1.0
4,eval,380,15041,0.4621025025844574,0.4684503376483917,0.006347835063934326,1.0,1.0
4,eval,381,25712,0.20863477885723114,0.21498069167137146,0.00634591281414032,1.0,1.0
4,eval,382,24596,0.3425276577472687,0.34887179732322693,0.006344139575958252,1.0,1.0
4,eval,383,8557,0.31758472323417664,0.32392647862434387,0.006341755390167236,1.0,1.0
4,eval,384,20594,0.2128429412841797,0.2191838026046753,0.0063408613204956055,1.0,1.0
4,eval,385,19858,0.20277482271194458,0.20911568403244019,0.0063408613204956055,1.0,1.0
4,eval,386,10326,0.121261365711689,0.1276014894247055,0.00634012371301651,1.0,1.0
4,eval,387,17452,0.24272549152374268,0.23638704419136047,-0.006338447332382202,1.0,1.0
4,eval,388,3970,0.33616387844085693,0.3425010144710541,0.0063371360301971436,1.0,1.0
4,eval,389,17269,0.24680273234844208,0.25313839316368103,0.006335660815238953,1.0,1.0
4,eval,390,23509,0.2526905834674835,0.2590228319168091,0.0063322484493255615,1.0,1.0
4,eval,391,9528,0.02635446935892105,0.032683029770851135,0.006328560411930084,0.7916666666666666,1.0
4,eval,392,8156,0.4217263460159302,0.42804527282714844,0.006318926811218262,1.0,1.0
4,eval,393,22663,0.2989465594291687,0.3052636384963989,0.006317079067230225,1.0,1.0
4,eval,394,21319,0.17575348913669586,0.18207047879695892,0.0063169896602630615,1.0,1.0
4,eval,395,1100,0.323481947183609,0.3297942578792572,0.006312310695648193,1.0,1.0
4,eval,396,24274,0.3270129859447479,0.33331215381622314,0.00629916787147522,1.0,1.0
4,eval,397,12611,0.20242030918598175,0.2087169736623764,0.006296664476394653,1.0,1.0
4,eval,398,22290,0.2537744343280792,0.26006898283958435,0.006294548511505127,1.0,1.0
4,eval,399,21565,0.15942497551441193,0.16571694612503052,0.006291970610618591,1.0,1.0
4,eval,400,3308,0.23667632043361664,0.24296461045742035,0.006288290023803711,1.0,1.0
4,eval,401,10862,0.1801249235868454,0.18641066551208496,0.006285741925239563,1.0,1.0
4,eval,402,16697,0.34277936816215515,0.34906333684921265,0.006283968687057495,1.0,1.0
4,eval,403,15331,0.22422893345355988,0.23051275312900543,0.006283819675445557,1.0,1.0
4,eval,404,1487,0.2845732867717743,0.27829211950302124,-0.006281167268753052,1.0,1.0
4,eval,405,10078,0.049986451864242554,0.05626749247312546,0.006281040608882904,1.0,1.0
4,eval,406,17887,0.26716312766075134,0.27343446016311646,0.006271332502365112,1.0,1.0
4,eval,407,26973,0.32901954650878906,0.33528125286102295,0.006261706352233887,1.0,1.0
4,eval,408,12242,0.30338379740715027,0.3096410632133484,0.00625726580619812,1.0,1.0
4,eval,409,14664,0.3200272023677826,0.3262841999530792,0.006256997585296631,1.0,1.0
4,eval,410,6968,0.8347384333610535,0.8284845948219299,-0.006253838539123535,1.0,1.0
4,eval,411,24561,0.24019670486450195,0.24644941091537476,0.006252706050872803,1.0,1.0
4,eval,412,13324,0.35631847381591797,0.3625694811344147,0.006251007318496704,1.0,1.0
4,eval,413,23142,0.24877290427684784,0.255021333694458,0.0062484294176101685,1.0,1.0
4,eval,414,17653,0.3580353260040283,0.36428141593933105,0.006246089935302734,1.0,1.0
4,eval,415,18008,0.3419302701950073,0.3356856107711792,-0.006244659423828125,1.0,1.0
4,eval,416,6909,0.3887026607990265,0.39494648575782776,0.0062438249588012695,1.0,1.0
4,eval,417,15503,0.44219228625297546,0.4484325647354126,0.006240278482437134,1.0,1.0
4,eval,418,23117,0.33018454909324646,0.33642280101776123,0.0062382519245147705,1.0,1.0
4,eval,419,1528,0.3183654844760895,0.324602335691452,0.006236851215362549,1.0,1.0
4,eval,420,11520,0.21610800921916962,0.22233764827251434,0.0062296390533447266,1.0,1.0
4,eval,421,9737,0.2118380069732666,0.2056094855070114,-0.006228521466255188,1.0,1.0
4,eval,422,21265,0.4526025056838989,0.45882976055145264,0.006227254867553711,1.0,1.0
4,eval,423,24512,0.18161477148532867,0.18783855438232422,0.006223782896995544,1.0,1.0
4,eval,424,11422,0.2946667969226837,0.30088791251182556,0.006221115589141846,1.0,1.0
4,eval,425,23927,0.3030293583869934,0.2968096137046814,-0.006219744682312012,1.0,1.0
4,eval,426,7822,0.19686637818813324,0.20308610796928406,0.006219729781150818,1.0,1.0
4,eval,427,26487,0.24086888134479523,0.24708713591098785,0.006218254566192627,1.0,1.0
4,eval,428,12472,0.17664176225662231,0.18285956978797913,0.0062178075313568115,1.0,1.0
4,eval,429,22705,0.2047962099313736,0.21101070940494537,0.006214499473571777,1.0,1.0
4,eval,430,1044,0.28103193640708923,0.2872462272644043,0.0062142908573150635,1.0,1.0
4,eval,431,8757,0.3363818824291229,0.3425947427749634,0.006212860345840454,1.0,1.0
4,eval,432,24995,0.2637496888637543,0.26995936036109924,0.006209671497344971,1.0,1.0
4,eval,433,17074,0.3417445123195648,0.3479509949684143,0.006206482648849487,1.0,1.0
4,eval,434,9369,0.06501323729753494,0.05881237983703613,-0.00620085746049881,1.0,1.0
4,eval,435,6220,0.20315121114253998,0.20934469997882843,0.006193488836288452,1.0,1.0
4,eval,436,11629,0.23340226709842682,0.22721423208713531,-0.006188035011291504,1.0,1.0
4,eval,437,2912,0.45372214913368225,0.4475364089012146,-0.006185740232467651,1.0,1.0
4,eval,438,11527,0.25421997904777527,0.26039665937423706,0.006176680326461792,1.0,1.0
4,eval,439,15032,0.25772660970687866,0.2515570819377899,-0.006169527769088745,1.0,1.0
4,eval,440,5234,0.21430151164531708,0.20813342928886414,-0.006168082356452942,1.0,1.0
4,eval,441,1476,0.27997174859046936,0.28613775968551636,0.006166011095046997,1.0,1.0
4,eval,442,22010,0.3245934844017029,0.33075472712516785,0.006161242723464966,1.0,1.0
4,eval,443,17568,0.4071163237094879,0.40095600485801697,-0.006160318851470947,1.0,1.0
4,eval,444,14089,0.2566404640674591,0.2627979516983032,0.006157487630844116,1.0,1.0
4,eval,445,15492,0.17590415477752686,0.18206045031547546,0.006156295537948608,1.0,1.0
4,eval,446,5480,0.22852826118469238,0.23468327522277832,0.0061550140380859375,1.0,1.0
4,eval,447,27958,0.425932914018631,0.43208134174346924,0.006148427724838257,1.0,1.0
4,eval,448,9486,0.2643103003501892,0.2704576253890991,0.006147325038909912,1.0,1.0
4,eval,449,28443,0.3029617965221405,0.3091086447238922,0.006146848201751709,1.0,1.0
4,eval,450,4549,0.353622168302536,0.35976237058639526,0.006140202283859253,1.0,1.0
4,eval,451,1225,0.22094212472438812,0.22708207368850708,0.0061399489641189575,1.0,1.0
4,eval,452,9616,0.27212291955947876,0.278262734413147,0.006139814853668213,1.0,1.0
4,eval,453,27948,0.2391371876001358,0.2452755570411682,0.00613836944103241,1.0,1.0
4,eval,454,28611,0.13082140684127808,0.12468307465314865,-0.006138332188129425,1.0,1.0
4,eval,455,8643,0.250453919172287,0.25659143924713135,0.00613752007484436,1.0,1.0
4,eval,456,17533,0.4846762418746948,0.49080678820610046,0.00613054633140564,1.0,1.0
4,eval,457,13592,0.2524847984313965,0.25861436128616333,0.006129562854766846,1.0,1.0
4,eval,458,23555,0.32861074805259705,0.33473896980285645,0.006128221750259399,1.0,1.0
4,eval,459,22361,0.29726338386535645,0.30339157581329346,0.006128191947937012,1.0,1.0
4,eval,460,16566,0.3867008686065674,0.39282429218292236,0.0061234235763549805,1.0,1.0
4,eval,461,9362,0.2136998325586319,0.21982282400131226,0.006122991442680359,1.0,1.0
4,eval,462,22656,0.3013027310371399,0.3074255883693695,0.006122857332229614,1.0,1.0
4,eval,463,3972,0.24195289611816406,0.2480698674917221,0.006116971373558044,1.0,1.0
4,eval,464,17643,0.15868790447711945,0.16480232775211334,0.0061144232749938965,1.0,1.0
4,eval,465,24437,0.3614012897014618,0.36751124262809753,0.006109952926635742,1.0,1.0
4,eval,466,21800,0.33683308959007263,0.34294235706329346,0.006109267473220825,1.0,1.0
4,eval,467,918,0.2385772317647934,0.24468374252319336,0.006106510758399963,1.0,1.0
4,eval,468,22767,0.19973474740982056,0.2058405727148056,0.006105825304985046,1.0,1.0
4,eval,469,26353,0.21559424698352814,0.2216973900794983,0.006103143095970154,1.0,1.0
4,eval,470,1703,0.24521546065807343,0.2513159513473511,0.006100490689277649,1.0,1.0
4,eval,471,23867,0.24215298891067505,0.2482517510652542,0.006098762154579163,1.0,1.0
4,eval,472,816,0.32289132475852966,0.3289887309074402,0.0060974061489105225,1.0,1.0
4,eval,473,17853,0.3352464735507965,0.3413428068161011,0.006096333265304565,1.0,1.0
4,eval,474,23699,0.14129503071308136,0.14739000797271729,0.006094977259635925,1.0,1.0
4,eval,475,875,0.24415375292301178,0.2502427101135254,0.006088957190513611,1.0,1.0
4,eval,476,23866,0.21270322799682617,0.2187907099723816,0.00608748197555542,1.0,1.0
4,eval,477,12793,0.4736981689929962,0.47978243231773376,0.006084263324737549,1.0,1.0
4,eval,478,9556,0.2784540355205536,0.2845335602760315,0.006079524755477905,1.0,1.0
4,eval,479,1710,0.23368515074253082,0.2397642731666565,0.006079122424125671,1.0,1.0
4,eval,480,9336,0.13914768397808075,0.1452232152223587,0.006075531244277954,1.0,1.0
4,eval,481,9705,0.21632854640483856,0.2224007248878479,0.006072178483009338,1.0,1.0
4,eval,482,27599,0.37873151898384094,0.3848019540309906,0.006070435047149658,1.0,1.0
4,eval,483,5501,0.38184165954589844,0.38791173696517944,0.006070077419281006,1.0,1.0
4,eval,484,3955,0.2664417326450348,0.2725103199481964,0.006068587303161621,1.0,1.0
4,eval,485,22050,0.43437469005584717,0.4283088147640228,-0.006065875291824341,1.0,1.0
4,eval,486,19775,0.29920828342437744,0.30527257919311523,0.006064295768737793,1.0,1.0
4,eval,487,13989,0.2842244505882263,0.2902887463569641,0.006064295768737793,1.0,1.0
4,eval,488,1194,0.28210076689720154,0.28816449642181396,0.006063729524612427,1.0,1.0
4,eval,489,2502,0.25982746481895447,0.26588693261146545,0.006059467792510986,1.0,1.0
4,eval,490,2857,0.2307622879743576,0.2368205338716507,0.006058245897293091,1.0,1.0
4,eval,491,19071,0.2779075801372528,0.2839627265930176,0.0060551464557647705,1.0,1.0
4,eval,492,20650,0.28248023986816406,0.28853270411491394,0.006052464246749878,1.0,1.0
4,eval,493,25622,0.20847837626934052,0.21452929079532623,0.006050914525985718,1.0,1.0
4,eval,494,21117,0.22449909150600433,0.23054882884025574,0.006049737334251404,1.0,1.0
4,eval,495,24868,0.20380526781082153,0.20985259115695953,0.0060473233461380005,1.0,1.0
4,eval,496,13649,0.33699774742126465,0.3430403172969818,0.006042569875717163,1.0,1.0
4,eval,497,5849,0.22807373106479645,0.23411229252815247,0.006038561463356018,1.0,1.0
4,eval,498,2559,0.4582187831401825,0.46424996852874756,0.0060311853885650635,1.0,1.0
4,eval,499,12137,0.2802126705646515,0.2741842269897461,-0.0060284435749053955,1.0,1.0
4,eval,500,11746,0.28917014598846436,0.2951984107494354,0.006028264760971069,1.0,1.0
12,train,1,13206,1.8875538110733032,1.9166594743728638,0.029105663299560547,1.0,1.0
12,train,2,21075,0.4603881537914276,0.4771524667739868,0.016764312982559204,1.0,1.0
12,train,3,12315,0.5690455436706543,0.5853856205940247,0.01634007692337036,1.0,1.0
12,train,4,24625,0.5262715220451355,0.5425841808319092,0.01631265878677368,1.0,1.0
12,train,5,10736,0.5437243580818176,0.5596771836280823,0.01595282554626465,1.0,1.0
12,train,6,4256,0.2270106077194214,0.24295981228351593,0.015949204564094543,1.0,1.0
12,train,7,6383,0.4605367183685303,0.4760318398475647,0.015495121479034424,1.0,1.0
12,train,8,15352,0.45808136463165283,0.47345080971717834,0.015369445085525513,1.0,1.0
12,train,9,2879,0.44392287731170654,0.4285787343978882,-0.01534414291381836,1.0,1.0
12,train,10,3992,0.41759803891181946,0.4327651262283325,0.015167087316513062,1.0,1.0
12,train,11,22395,0.5200604796409607,0.5349089503288269,0.014848470687866211,1.0,1.0
12,train,12,15300,0.4827926456928253,0.4679654836654663,-0.014827162027359009,1.0,1.0
12,train,13,16137,0.2998029887676239,0.31437158584594727,0.014568597078323364,1.0,1.0
12,train,14,413,0.3051988184452057,0.31973037123680115,0.014531552791595459,1.0,1.0
12,train,15,24235,0.7353153228759766,0.7209036946296692,-0.014411628246307373,1.0,1.0
12,train,16,7721,0.36329689621925354,0.3775676190853119,0.01427072286605835,1.0,1.0
12,train,17,9726,0.20795775949954987,0.22222307324409485,0.014265313744544983,1.0,1.0
12,train,18,7658,0.32752761244773865,0.34173569083213806,0.014208078384399414,1.0,1.0
12,train,19,6560,0.5179204344749451,0.5320673584938049,0.014146924018859863,1.0,1.0
12,train,20,11177,0.5975483655929565,0.583441436290741,-0.014106929302215576,1.0,1.0
12,train,21,28637,0.7382627129554749,0.7522988319396973,0.014036118984222412,1.0,1.0
12,train,22,8726,0.5183953046798706,0.5319045782089233,0.013509273529052734,1.0,1.0
12,train,23,27139,0.3020370602607727,0.31550517678260803,0.013468116521835327,1.0,1.0
12,train,24,9158,0.35755088925361633,0.37088319659233093,0.0133323073387146,1.0,1.0
12,train,25,3135,0.16744543612003326,0.18075910210609436,0.013313665986061096,1.0,1.0
12,train,26,16756,0.5158583521842957,0.5025584101676941,-0.013299942016601562,1.0,1.0
12,train,27,25529,0.3630011975765228,0.3762079179286957,0.013206720352172852,1.0,1.0
12,train,28,31,0.47849079966545105,0.49159368872642517,0.013102889060974121,1.0,1.0
12,train,29,20527,0.6673950552940369,0.680472731590271,0.01307767629623413,1.0,1.0
12,train,30,627,0.49314841628074646,0.506216287612915,0.013067871332168579,1.0,1.0
12,train,31,4767,0.6539572477340698,0.6670149564743042,0.013057708740234375,1.0,1.0
12,train,32,15048,0.31566277146339417,0.3286210298538208,0.012958258390426636,1.0,1.0
12,train,33,4161,0.11706846207380295,0.10411664843559265,-0.012951813638210297,1.0,1.0
12,train,34,27439,0.22000448405742645,0.232892245054245,0.012887760996818542,1.0,1.0
12,train,35,4339,0.47219088673591614,0.4850078821182251,0.01281699538230896,1.0,1.0
12,train,36,18136,0.3032675087451935,0.3160555064678192,0.012787997722625732,1.0,1.0
12,train,37,5539,0.4572134017944336,0.4699956476688385,0.012782245874404907,1.0,1.0
12,train,38,140,0.34727975726127625,0.33451488614082336,-0.01276487112045288,1.0,1.0
12,train,39,6973,0.7369353771209717,0.7496972680091858,0.012761890888214111,1.0,1.0
12,train,40,6352,0.38403716683387756,0.37128350138664246,-0.012753665447235107,1.0,1.0
12,train,41,204,0.28176450729370117,0.2944556474685669,0.012691140174865723,1.0,1.0
12,train,42,10510,0.258555144071579,0.27121618390083313,0.01266103982925415,1.0,1.0
12,train,43,9399,0.39163973927497864,0.37903109192848206,-0.012608647346496582,1.0,1.0
12,train,44,22255,0.5026921629905701,0.5152584314346313,0.01256626844406128,1.0,1.0
12,train,45,7619,0.4317672550678253,0.44422614574432373,0.012458890676498413,1.0,1.0
12,train,46,24487,0.4928569495677948,0.5052851438522339,0.012428194284439087,1.0,1.0
12,train,47,23646,0.7382636666297913,0.7506475448608398,0.012383878231048584,1.0,1.0
12,train,48,16776,0.264436811208725,0.27681463956832886,0.012377828359603882,1.0,1.0
12,train,49,18472,0.3789021968841553,0.39120158553123474,0.012299388647079468,1.0,1.0
12,train,50,6514,0.3855029344558716,0.39779144525527954,0.012288510799407959,1.0,1.0
12,train,51,17295,1.1612087488174438,1.148947834968567,-0.012260913848876953,1.0,1.0
12,train,52,14914,0.4628804624080658,0.47513553500175476,0.012255072593688965,1.0,1.0
12,train,53,16952,0.9213386178016663,0.9335921406745911,0.012253522872924805,1.0,1.0
12,train,54,8025,0.27444037795066833,0.2866891622543335,0.012248784303665161,1.0,1.0
12,train,55,20054,0.4114939868450165,0.3992563784122467,-0.012237608432769775,1.0,1.0
12,train,56,23468,0.34284475445747375,0.3550756871700287,0.012230932712554932,1.0,1.0
12,train,57,21269,0.5502543449401855,0.5624837279319763,0.012229382991790771,1.0,1.0
12,train,58,24275,0.41976308822631836,0.43196672201156616,0.012203633785247803,1.0,1.0
12,train,59,4520,0.4917071759700775,0.47954627871513367,-0.012160897254943848,1.0,1.0
12,train,60,22778,0.3521762192249298,0.36433079838752747,0.012154579162597656,1.0,1.0
12,train,61,5119,0.40312013030052185,0.41526442766189575,0.012144297361373901,1.0,1.0
12,train,62,15397,0.313703328371048,0.32584020495414734,0.012136876583099365,1.0,1.0
12,train,63,24217,0.2759586274623871,0.2880929708480835,0.012134343385696411,1.0,1.0
12,train,64,21293,0.31860581040382385,0.3064998984336853,-0.01210591197013855,1.0,1.0
12,train,65,21044,0.3187022805213928,0.3306993246078491,0.011997044086456299,1.0,1.0
12,train,66,11908,0.3732992112636566,0.38523340225219727,0.01193419098854065,1.0,1.0
12,train,67,21619,0.35150018334388733,0.33957111835479736,-0.011929064989089966,1.0,1.0
12,train,68,4237,0.34551385045051575,0.35739263892173767,0.011878788471221924,1.0,1.0
12,train,69,24507,0.38825467228889465,0.4001064896583557,0.01185181736946106,1.0,1.0
12,train,70,17659,0.48568615317344666,0.4738353490829468,-0.011850804090499878,1.0,1.0
12,train,71,28588,0.5208796858787537,0.5090373754501343,-0.011842310428619385,1.0,1.0
12,train,72,22384,0.7719340324401855,0.7837638854980469,0.011829853057861328,1.0,1.0
12,train,73,24067,0.485848069190979,0.4976568818092346,0.011808812618255615,1.0,1.0
12,train,74,8546,0.4462487995624542,0.4344532787799835,-0.011795520782470703,1.0,1.0
12,train,75,6683,0.4575376808643341,0.4693276584148407,0.011789977550506592,1.0,1.0
12,train,76,4517,0.3612642288208008,0.34949934482574463,-0.011764883995056152,1.0,1.0
12,train,77,27396,0.5358709692955017,0.5241097807884216,-0.011761188507080078,1.0,1.0
12,train,78,24121,0.13233570754528046,0.14409185945987701,0.011756151914596558,1.0,1.0
12,train,79,14137,0.2782162129878998,0.2664678394794464,-0.01174837350845337,1.0,1.0
12,train,80,23979,0.24609194695949554,0.2578025162220001,0.011710569262504578,1.0,1.0
12,train,81,16718,2.5419211387634277,2.553618907928467,0.011697769165039062,1.0,1.0
12,train,82,21490,0.3400050699710846,0.35170167684555054,0.011696606874465942,1.0,1.0
12,train,83,25052,0.4562261998653412,0.46791356801986694,0.011687368154525757,1.0,1.0
12,train,84,24957,0.32417944073677063,0.33581817150115967,0.011638730764389038,1.0,1.0
12,train,85,12157,0.23053717613220215,0.24214476346969604,0.011607587337493896,1.0,1.0
12,train,86,20189,0.33721956610679626,0.3487982153892517,0.011578649282455444,1.0,1.0
12,train,87,11756,0.32451093196868896,0.3360520601272583,0.011541128158569336,1.0,1.0
12,train,88,19218,0.25986921787261963,0.2714066207408905,0.011537402868270874,1.0,1.0
12,train,89,25793,0.3072381317615509,0.2957054078578949,-0.011532723903656006,1.0,1.0
12,train,90,13900,0.35641351342201233,0.3448822796344757,-0.011531233787536621,1.0,1.0
12,train,91,25880,0.39866533875465393,0.38715264201164246,-0.011512696743011475,1.0,1.0
12,train,92,5836,0.4186314344406128,0.43014365434646606,0.011512219905853271,1.0,1.0
12,train,93,17406,0.22582946717739105,0.23733632266521454,0.011506855487823486,1.0,1.0
12,train,94,3648,0.29963138699531555,0.31112849712371826,0.01149711012840271,1.0,1.0
12,train,95,16254,0.3805752992630005,0.3920689523220062,0.011493653059005737,1.0,1.0
12,train,96,2613,0.3083895742893219,0.3198772668838501,0.011487692594528198,1.0,1.0
12,train,97,26519,0.24579574167728424,0.23430927097797394,-0.011486470699310303,1.0,1.0
12,train,98,22555,0.3898099660873413,0.3783431649208069,-0.011466801166534424,1.0,1.0
12,train,99,23615,0.6734077334403992,0.6619433164596558,-0.011464416980743408,1.0,1.0
12,train,100,10442,0.4636671543121338,0.47512829303741455,0.011461138725280762,1.0,1.0
12,train,101,19384,0.35869812965393066,0.3701574504375458,0.011459320783615112,1.0,1.0
12,train,102,10344,0.3939588963985443,0.40539634227752686,0.011437445878982544,1.0,1.0
12,train,103,26686,0.5029072761535645,0.5143124461174011,0.01140516996383667,1.0,1.0
12,train,104,16472,0.37712132930755615,0.3885163366794586,0.011395007371902466,1.0,1.0
12,train,105,1902,0.36207130551338196,0.35068225860595703,-0.011389046907424927,1.0,1.0
12,train,106,17539,0.23981498181819916,0.25120362639427185,0.011388644576072693,1.0,1.0
12,train,107,9669,0.34674957394599915,0.35810062289237976,0.011351048946380615,1.0,1.0
12,train,108,7292,0.4722186326980591,0.4608803987503052,-0.011338233947753906,1.0,1.0
12,train,109,13134,0.2332742065191269,0.24461007118225098,0.011335864663124084,1.0,1.0
12,train,110,23923,0.6387540102005005,0.6274244785308838,-0.0113295316696167,1.0,1.0
12,train,111,8767,0.4057561457157135,0.3944960832595825,-0.011260062456130981,1.0,1.0
12,train,112,1446,0.48058295249938965,0.4918418526649475,0.011258900165557861,1.0,1.0
12,train,113,339,0.2948988676071167,0.28364884853363037,-0.011250019073486328,1.0,1.0
12,train,114,25089,0.25819432735443115,0.26943477988243103,0.011240452527999878,1.0,1.0
12,train,115,234,0.7634735107421875,0.7747045159339905,0.011231005191802979,1.0,1.0
12,train,116,3498,0.33101150393486023,0.34222862124443054,0.011217117309570312,1.0,1.0
12,train,117,4876,0.530552089214325,0.5417690277099609,0.011216938495635986,1.0,1.0
12,train,118,20516,0.19772273302078247,0.20893943309783936,0.011216700077056885,1.0,1.0
12,train,119,26986,0.34459570050239563,0.35581111907958984,0.011215418577194214,1.0,1.0
12,train,120,17169,0.4238836467266083,0.41267865896224976,-0.01120498776435852,1.0,1.0
12,train,121,14312,0.30260491371154785,0.313802570104599,0.011197656393051147,1.0,1.0
12,train,122,8925,0.202406644821167,0.1912216991186142,-0.011184945702552795,1.0,1.0
12,train,123,9926,0.4846682846546173,0.49584081768989563,0.01117253303527832,1.0,1.0
12,train,124,24563,0.36390841007232666,0.3750796914100647,0.011171281337738037,1.0,1.0
12,train,125,9825,0.257073312997818,0.26824116706848145,0.011167854070663452,1.0,1.0
12,train,126,3311,0.21387802064418793,0.2250433713197708,0.011165350675582886,1.0,1.0
12,train,127,7687,0.18398083746433258,0.19512923061847687,0.011148393154144287,1.0,1.0
12,train,128,20600,0.5773304104804993,0.5661838054656982,-0.011146605014801025,1.0,1.0
12,train,129,9718,0.16694653034210205,0.17807888984680176,0.011132359504699707,1.0,1.0
12,train,130,16755,0.3631957769393921,0.3520728349685669,-0.011122941970825195,1.0,1.0
12,train,131,17748,0.3534792363643646,0.3645962178707123,0.011116981506347656,1.0,1.0
12,train,132,9466,0.269665390253067,0.28077778220176697,0.011112391948699951,1.0,1.0
12,train,133,14074,0.21907420456409454,0.23017361760139465,0.01109941303730011,1.0,1.0
12,train,134,9006,0.393485426902771,0.40457069873809814,0.011085271835327148,1.0,1.0
12,train,135,11208,0.11804508417844772,0.1291303038597107,0.01108521968126297,1.0,1.0
12,train,136,23970,0.2079554945230484,0.21903805434703827,0.011082559823989868,1.0,1.0
12,train,137,15452,0.3579576015472412,0.34687870740890503,-0.011078894138336182,1.0,1.0
12,train,138,16983,0.5086389183998108,0.5197147130966187,0.011075794696807861,1.0,1.0
12,train,139,13486,0.40582600235939026,0.41689836978912354,0.011072367429733276,1.0,1.0
12,train,140,17230,0.18311332166194916,0.19417133927345276,0.011058017611503601,1.0,1.0
12,train,141,1475,0.36749139428138733,0.35643470287323,-0.011056691408157349,1.0,1.0
12,train,142,17920,0.37926217913627625,0.3682202696800232,-0.011041909456253052,1.0,1.0
12,train,143,10831,0.23304180800914764,0.2440527081489563,0.011010900139808655,1.0,1.0
12,train,144,494,0.22535014152526855,0.2363603413105011,0.011010199785232544,1.0,1.0
12,train,145,24818,0.5222856402397156,0.533284604549408,0.010998964309692383,1.0,1.0
12,train,146,13853,0.6080359816551208,0.6189918518066406,0.010955870151519775,1.0,1.0
12,train,147,24832,0.2523753345012665,0.26332250237464905,0.010947167873382568,1.0,1.0
12,train,148,19161,0.3593597114086151,0.37028729915618896,0.010927587747573853,1.0,1.0
12,train,149,23396,0.4229593276977539,0.41203874349594116,-0.010920584201812744,1.0,1.0
12,train,150,25301,0.38776206970214844,0.3986714482307434,0.01090937852859497,1.0,1.0
12,train,151,36,0.3194625675678253,0.3303610384464264,0.010898470878601074,1.0,1.0
12,train,152,3051,0.6042667031288147,0.5933812260627747,-0.010885477066040039,1.0,1.0
12,train,153,22426,0.3236389458179474,0.3344852924346924,0.010846346616744995,1.0,1.0
12,train,154,18831,0.14477069675922394,0.15561449527740479,0.010843798518180847,1.0,1.0
12,train,155,17320,0.38034793734550476,0.39119088649749756,0.010842949151992798,1.0,1.0
12,train,156,8345,0.3838745355606079,0.3730427026748657,-0.010831832885742188,1.0,1.0
12,train,157,11138,0.33916959166526794,0.32834574580192566,-0.010823845863342285,1.0,1.0
12,train,158,10363,0.11779949069023132,0.12861737608909607,0.010817885398864746,1.0,1.0
12,train,159,2704,0.29368844628334045,0.30450117588043213,0.010812729597091675,1.0,1.0
12,train,160,2325,0.6405584216117859,0.6513575315475464,0.010799109935760498,1.0,1.0
12,train,161,12989,0.48002442717552185,0.46924448013305664,-0.01077994704246521,1.0,1.0
12,train,162,18267,0.10445832461118698,0.11522093415260315,0.010762609541416168,1.0,1.0
12,train,163,11817,0.38826945424079895,0.39902055263519287,0.010751098394393921,1.0,1.0
12,train,164,1221,0.26512792706489563,0.2758563458919525,0.010728418827056885,1.0,1.0
12,train,165,12838,0.38818490505218506,0.3989067077636719,0.010721802711486816,1.0,1.0
12,train,166,19747,0.37749436497688293,0.3882025480270386,0.01070818305015564,1.0,1.0
12,train,167,12981,0.5416744351387024,0.5309715270996094,-0.010702908039093018,1.0,1.0
12,train,168,10220,0.6795502305030823,0.6902477741241455,0.010697543621063232,1.0,1.0
12,train,169,13492,0.22838735580444336,0.23906315863132477,0.010675802826881409,1.0,1.0
12,train,170,12309,0.1622919887304306,0.17295092344284058,0.010658934712409973,1.0,1.0
12,train,171,11730,0.689005434513092,0.699659526348114,0.010654091835021973,1.0,1.0
12,train,172,21163,0.3367133140563965,0.3473644256591797,0.010651111602783203,1.0,1.0
12,train,173,3242,0.38752317428588867,0.37687933444976807,-0.010643839836120605,1.0,1.0
12,train,174,13808,0.25703495740890503,0.24640284478664398,-0.010632112622261047,1.0,1.0
12,train,175,16216,0.2141127735376358,0.22473973035812378,0.010626956820487976,1.0,1.0
12,train,176,11091,0.47475147247314453,0.48537737131118774,0.010625898838043213,1.0,1.0
12,train,177,22352,0.4697522819042206,0.4591333568096161,-0.010618925094604492,1.0,1.0
12,train,178,7143,0.20950914919376373,0.2201216071844101,0.010612457990646362,1.0,1.0
12,train,179,9220,0.5013693571090698,0.5119810104370117,0.010611653327941895,1.0,1.0
12,train,180,13380,0.4589814245700836,0.4695628583431244,0.010581433773040771,1.0,1.0
12,train,181,26917,0.5060825347900391,0.5166417360305786,0.01055920124053955,1.0,1.0
12,train,182,7225,0.35886093974113464,0.36940425634384155,0.01054331660270691,1.0,1.0
12,train,183,17052,0.3783298432826996,0.3678070306777954,-0.010522812604904175,1.0,1.0
12,train,184,8176,0.3705473244190216,0.38105347752571106,0.010506153106689453,1.0,1.0
12,train,185,6052,0.39045992493629456,0.4009604752063751,0.010500550270080566,1.0,1.0
12,train,186,20910,0.2636411190032959,0.2531410753726959,-0.010500043630599976,1.0,1.0
12,train,187,4550,0.2735828757286072,0.2840798795223236,0.01049700379371643,1.0,1.0
12,train,188,16950,0.40012824535369873,0.4106171131134033,0.01048886775970459,1.0,1.0
12,train,189,14719,0.22657211124897003,0.23705922067165375,0.010487109422683716,1.0,1.0
12,train,190,6158,0.36393287777900696,0.37441200017929077,0.010479122400283813,1.0,1.0
12,train,191,25022,0.4313710033893585,0.4418496787548065,0.010478675365447998,1.0,1.0
12,train,192,519,0.3593006134033203,0.3488314747810364,-0.010469138622283936,1.0,1.0
12,train,193,1369,0.2539244592189789,0.26438748836517334,0.010463029146194458,1.0,1.0
12,train,194,9166,0.3596316874027252,0.3700921833515167,0.010460495948791504,1.0,1.0
12,train,195,5005,0.5104073882102966,0.5208641290664673,0.010456740856170654,1.0,1.0
12,train,196,386,0.347369909286499,0.35782262682914734,0.010452717542648315,1.0,1.0
12,train,197,15487,0.09007278829813004,0.10052235424518585,0.010449565947055817,1.0,1.0
12,train,198,12229,0.6304169297218323,0.6199899911880493,-0.010426938533782959,1.0,1.0
12,train,199,19559,0.3455663025379181,0.33515679836273193,-0.010409504175186157,1.0,1.0
12,train,200,25133,0.2602338492870331,0.27062106132507324,0.010387212038040161,1.0,1.0
12,train,201,10768,0.33796945214271545,0.3483334481716156,0.010363996028900146,1.0,1.0
12,train,202,22480,0.5378013253211975,0.5274486541748047,-0.010352671146392822,1.0,1.0
12,train,203,19894,0.5324214100837708,0.5427723526954651,0.010350942611694336,1.0,1.0
12,train,204,11163,0.34881019592285156,0.35915979743003845,0.01034960150718689,1.0,1.0
12,train,205,14875,0.4489137828350067,0.45924466848373413,0.010330885648727417,1.0,1.0
12,train,206,14172,0.2606818377971649,0.27101173996925354,0.010329902172088623,1.0,1.0
12,train,207,3597,0.34823790192604065,0.3585638105869293,0.010325908660888672,1.0,1.0
12,train,208,5596,0.3967161476612091,0.3863936960697174,-0.0103224515914917,1.0,1.0
12,train,209,11308,0.1157270073890686,0.12604527175426483,0.010318264365196228,1.0,1.0
12,train,210,17390,0.2177581936120987,0.22806130349636078,0.010303109884262085,1.0,1.0
12,train,211,15489,0.23668290674686432,0.24698461592197418,0.010301709175109863,1.0,1.0
12,train,212,27367,0.2449042946100235,0.25519779324531555,0.010293498635292053,1.0,1.0
12,train,213,13242,0.28756868839263916,0.29785671830177307,0.010288029909133911,1.0,1.0
12,train,214,18265,0.35519370436668396,0.3449060022830963,-0.010287702083587646,1.0,1.0
12,train,215,9352,0.33726850152015686,0.3475548028945923,0.010286301374435425,1.0,1.0
12,train,216,27156,0.5004958510398865,0.4902176856994629,-0.010278165340423584,1.0,1.0
12,train,217,21891,0.34557822346687317,0.3558312654495239,0.010253041982650757,1.0,1.0
12,train,218,7683,0.3772489130496979,0.38749828934669495,0.01024937629699707,1.0,1.0
12,train,219,2784,0.3438827693462372,0.3541308641433716,0.0102480947971344,1.0,1.0
12,train,220,11173,0.32300394773483276,0.33325040340423584,0.010246455669403076,1.0,1.0
12,train,221,14526,0.768747091293335,0.7585180997848511,-0.010228991508483887,1.0,1.0
12,train,222,27827,0.4190652370452881,0.42928385734558105,0.010218620300292969,1.0,1.0
12,train,223,20319,0.4551331102848053,0.46535131335258484,0.010218203067779541,1.0,1.0
12,train,224,3490,0.2800377905368805,0.290231853723526,0.010194063186645508,1.0,1.0
12,train,225,18359,0.35285356640815735,0.3426600992679596,-0.010193467140197754,1.0,1.0
12,train,226,20596,0.4180116355419159,0.40782612562179565,-0.01018550992012024,1.0,1.0
12,train,227,13169,0.2689633369445801,0.27914419770240784,0.010180860757827759,1.0,1.0
12,train,228,11036,0.4228130280971527,0.43298351764678955,0.01017048954963684,1.0,1.0
12,train,229,9302,0.5316112637519836,0.5214520692825317,-0.010159194469451904,1.0,1.0
12,train,230,27097,0.5306044816970825,0.5204491019248962,-0.01015537977218628,1.0,1.0
12,train,231,1857,0.5790397524833679,0.5891873836517334,0.010147631168365479,1.0,1.0
12,train,232,12822,0.27825525403022766,0.2883794903755188,0.010124236345291138,1.0,1.0
12,train,233,12804,1.1180697679519653,1.1079572439193726,-0.010112524032592773,1.0,1.0
12,train,234,1259,0.5335950255393982,0.5234947800636292,-0.010100245475769043,1.0,1.0
12,train,235,21119,0.17832930386066437,0.18842457234859467,0.010095268487930298,1.0,1.0
12,train,236,17450,0.30027011036872864,0.3103641867637634,0.01009407639503479,1.0,1.0
12,train,237,5563,0.3928692042827606,0.38278234004974365,-0.010086864233016968,1.0,1.0
12,train,238,6700,0.3843485116958618,0.39442622661590576,0.010077714920043945,1.0,1.0
12,train,239,17397,0.3378686010837555,0.3479398190975189,0.010071218013763428,1.0,1.0
12,train,240,26643,0.5160072445869446,0.5260747075080872,0.010067462921142578,1.0,1.0
12,train,241,12682,0.18825064599514008,0.17819741368293762,-0.010053232312202454,1.0,1.0
12,train,242,13521,0.27295592427253723,0.2830040156841278,0.010048091411590576,1.0,1.0
12,train,243,26366,0.15561147034168243,0.16565373539924622,0.010042265057563782,1.0,1.0
12,train,244,23977,0.35586977005004883,0.34583863615989685,-0.010031133890151978,1.0,1.0
12,train,245,5919,0.694403350353241,0.6843748688697815,-0.010028481483459473,1.0,1.0
12,train,246,3085,0.28620389103889465,0.27619391679763794,-0.010009974241256714,1.0,1.0
12,train,247,3672,0.25864312052726746,0.2686527669429779,0.01000964641571045,1.0,1.0
12,train,248,24635,0.15781700611114502,0.16781072318553925,0.009993717074394226,1.0,1.0
12,train,249,22527,0.38984939455986023,0.39983782172203064,0.00998842716217041,1.0,1.0
12,train,250,9163,0.37620484828948975,0.3861730694770813,0.009968221187591553,1.0,1.0
12,train,251,27107,0.220325767993927,0.23028124868869781,0.009955480694770813,1.0,1.0
12,train,252,20969,0.3411974608898163,0.3511405885219574,0.009943127632141113,1.0,1.0
12,train,253,10133,0.3788408041000366,0.36889970302581787,-0.00994110107421875,1.0,1.0
12,train,254,19316,0.6186215281486511,0.6285520792007446,0.009930551052093506,1.0,1.0
12,train,255,28260,0.5108919143676758,0.520821750164032,0.009929835796356201,1.0,1.0
12,train,256,16093,0.28048086166381836,0.2904023230075836,0.009921461343765259,1.0,1.0
12,train,257,24047,0.1887199431657791,0.19863519072532654,0.009915247559547424,1.0,1.0
12,train,258,12219,0.20575280487537384,0.1958516240119934,-0.009901180863380432,1.0,1.0
12,train,259,1767,0.4314565658569336,0.4413362741470337,0.009879708290100098,1.0,1.0
12,train,260,13781,0.2544454336166382,0.2643226087093353,0.009877175092697144,1.0,1.0
12,train,261,8997,0.5915222764015198,0.6013984680175781,0.00987619161605835,1.0,1.0
12,train,262,25737,0.5124394297599792,0.5223081707954407,0.009868741035461426,1.0,1.0
12,train,263,6248,0.21855007112026215,0.2284185290336609,0.009868457913398743,1.0,1.0
12,train,264,15335,0.43183788657188416,0.4219762086868286,-0.009861677885055542,1.0,1.0
12,train,265,16698,0.3539799451828003,0.3441302180290222,-0.009849727153778076,1.0,1.0
12,train,266,19810,0.31349998712539673,0.3233431875705719,0.009843200445175171,1.0,1.0
12,train,267,15919,0.356757253408432,0.3665972650051117,0.009840011596679688,1.0,1.0
12,train,268,16403,0.40275195240974426,0.41258955001831055,0.009837597608566284,1.0,1.0
12,train,269,6044,0.30939581990242004,0.3192252814769745,0.009829461574554443,1.0,1.0
12,train,270,24645,0.24701540172100067,0.25683921575546265,0.009823814034461975,1.0,1.0
12,train,271,23603,0.9527648091316223,0.9429419636726379,-0.009822845458984375,1.0,1.0
12,train,272,17181,0.3061491847038269,0.29632943868637085,-0.009819746017456055,1.0,1.0
12,train,273,9400,0.17088307440280914,0.18069988489151,0.009816810488700867,1.0,1.0
12,train,274,11909,0.42937004566192627,0.4391865134239197,0.009816467761993408,1.0,1.0
12,train,275,19902,0.4865429103374481,0.49635887145996094,0.009815961122512817,1.0,1.0
12,train,276,19676,0.4497162103652954,0.43991777300834656,-0.009798437356948853,1.0,1.0
12,train,277,15589,0.25201961398124695,0.2618165910243988,0.009796977043151855,1.0,1.0
12,train,278,27214,0.32591912150382996,0.3357110321521759,0.009791910648345947,1.0,1.0
12,train,279,12268,0.058152247220277786,0.0679377019405365,0.009785454720258713,1.0,1.0
12,train,280,18052,0.2541384994983673,0.2639215886592865,0.00978308916091919,1.0,1.0
12,train,281,19630,0.41292062401771545,0.4226962924003601,0.009775668382644653,1.0,1.0
12,train,282,1644,0.3277527987957001,0.31797778606414795,-0.009775012731552124,1.0,1.0
12,train,283,20961,0.6843370795249939,0.6745655536651611,-0.009771525859832764,1.0,1.0
12,train,284,14215,0.2897188365459442,0.29948684573173523,0.009768009185791016,1.0,1.0
12,train,285,2529,0.8167495131492615,0.8069815635681152,-0.00976794958114624,1.0,1.0
12,train,286,2448,0.37801072001457214,0.38777339458465576,0.009762674570083618,1.0,1.0
12,train,287,1600,0.40005460381507874,0.40981408953666687,0.009759485721588135,1.0,1.0
12,train,288,25760,0.4760277271270752,0.4662768542766571,-0.00975087285041809,1.0,1.0
12,train,289,11806,0.9491975903511047,0.9394572377204895,-0.009740352630615234,1.0,1.0
12,train,290,25487,0.2447081208229065,0.25444257259368896,0.00973445177078247,1.0,1.0
12,train,291,26113,0.3925051987171173,0.4022388756275177,0.00973367691040039,1.0,1.0
12,train,292,9748,0.31241685152053833,0.3026837110519409,-0.009733140468597412,1.0,1.0
12,train,293,2476,0.11281035095453262,0.1225188598036766,0.009708508849143982,1.0,1.0
12,train,294,12685,0.3714756965637207,0.38118258118629456,0.009706884622573853,1.0,1.0
12,train,295,4444,0.3232760429382324,0.3329772651195526,0.00970122218132019,1.0,1.0
12,train,296,28436,0.37891659140586853,0.38861262798309326,0.009696036577224731,1.0,1.0
12,train,297,28357,1.01549232006073,1.0058079957962036,-0.009684324264526367,1.0,1.0
12,train,298,13345,0.3874138593673706,0.3970915675163269,0.009677708148956299,1.0,1.0
12,train,299,20580,0.42145881056785583,0.4117816388607025,-0.00967717170715332,1.0,1.0
12,train,300,12901,0.7331597208976746,0.7428320646286011,0.009672343730926514,1.0,1.0
12,train,301,26472,0.33647963404655457,0.32680845260620117,-0.009671181440353394,1.0,1.0
12,train,302,11558,0.40586355328559875,0.4155258238315582,0.009662270545959473,1.0,1.0
12,train,303,14994,0.46783995628356934,0.47749805450439453,0.009658098220825195,1.0,1.0
12,train,304,4690,0.331494003534317,0.32184410095214844,-0.009649902582168579,1.0,1.0
12,train,305,7025,0.2695823609828949,0.2792307138442993,0.009648352861404419,1.0,1.0
12,train,306,7356,0.21507425606250763,0.2247212529182434,0.009646996855735779,1.0,1.0
12,train,307,13131,0.7413032054901123,0.731666624546051,-0.00963658094406128,1.0,1.0
12,train,308,1432,0.3979317843914032,0.3883002996444702,-0.009631484746932983,1.0,1.0
12,train,309,11753,0.34733447432518005,0.35696491599082947,0.009630441665649414,1.0,1.0
12,train,310,19873,0.35432925820350647,0.3447204530239105,-0.009608805179595947,1.0,1.0
12,train,311,6813,0.2649059295654297,0.2745121717453003,0.009606242179870605,1.0,1.0
12,train,312,9311,0.3318605422973633,0.3414660692214966,0.0096055269241333,1.0,1.0
12,train,313,21823,0.18664591014385223,0.1962466835975647,0.009600773453712463,1.0,1.0
12,train,314,1448,0.2853790819644928,0.29497984051704407,0.00960075855255127,1.0,1.0
12,train,315,14542,0.9179213643074036,0.9083216786384583,-0.009599685668945312,1.0,1.0
12,train,316,4248,0.29584595561027527,0.30544278025627136,0.009596824645996094,1.0,1.0
12,train,317,2073,0.2686484456062317,0.2782287299633026,0.009580284357070923,1.0,1.0
12,train,318,1997,0.37223660945892334,0.3818076550960541,0.009571045637130737,1.0,1.0
12,train,319,9034,0.3818145990371704,0.39138263463974,0.00956803560256958,1.0,1.0
12,train,320,4979,0.276669979095459,0.2862371802330017,0.009567201137542725,1.0,1.0
12,train,321,16951,0.35109424591064453,0.3606598973274231,0.009565651416778564,1.0,1.0
12,train,322,7452,0.42490899562835693,0.4153520464897156,-0.009556949138641357,1.0,1.0
12,train,323,26253,0.3348735272884369,0.3444255292415619,0.009552001953125,1.0,1.0
12,train,324,1504,0.3914271891117096,0.40097135305404663,0.009544163942337036,1.0,1.0
12,train,325,455,0.270775705575943,0.26123523712158203,-0.009540468454360962,1.0,1.0
12,train,326,13993,0.3006899654865265,0.3102279305458069,0.009537965059280396,1.0,1.0
12,train,327,25162,0.43442463874816895,0.44395121932029724,0.009526580572128296,1.0,1.0
12,train,328,20384,0.6744166016578674,0.6649008989334106,-0.009515702724456787,1.0,1.0
12,train,329,5738,0.28425803780555725,0.29377347230911255,0.009515434503555298,1.0,1.0
12,train,330,25338,0.6962122917175293,0.7057267427444458,0.009514451026916504,1.0,1.0
12,train,331,10498,0.41026341915130615,0.4007566273212433,-0.009506791830062866,1.0,1.0
12,train,332,546,0.27108344435691833,0.28058579564094543,0.0095023512840271,1.0,1.0
12,train,333,25149,0.39494356513023376,0.38544517755508423,-0.009498387575149536,1.0,1.0
12,train,334,27075,0.13126538693904877,0.1407591849565506,0.009493798017501831,1.0,1.0
12,train,335,10661,0.1931208223104477,0.20261014997959137,0.009489327669143677,1.0,1.0
12,train,336,19911,0.32035794854164124,0.32984086871147156,0.009482920169830322,1.0,1.0
12,train,337,14253,0.6179831027984619,0.6274653673171997,0.009482264518737793,1.0,1.0
12,train,338,1407,0.3989984095096588,0.408479779958725,0.009481370449066162,1.0,1.0
12,train,339,18170,0.23853611946105957,0.24801304936408997,0.009476929903030396,1.0,1.0
12,train,340,18500,0.21984313428401947,0.21036721765995026,-0.009475916624069214,1.0,1.0
12,train,341,17596,0.26219287514686584,0.27166080474853516,0.009467929601669312,1.0,1.0
12,train,342,28336,0.44010934233665466,0.4495731592178345,0.00946381688117981,1.0,1.0
12,train,343,22057,0.4176575243473053,0.4271208345890045,0.009463310241699219,1.0,1.0
12,train,344,27673,0.4799654185771942,0.4705023765563965,-0.00946304202079773,1.0,1.0
12,train,345,13327,0.31507882475852966,0.3245418071746826,0.009462982416152954,1.0,1.0
12,train,346,19833,0.796382486820221,0.786920428276062,-0.009462058544158936,1.0,1.0
12,train,347,13636,0.3546878397464752,0.36414071917533875,0.009452879428863525,1.0,1.0
12,train,348,22763,0.4951768219470978,0.5046199560165405,0.009443134069442749,1.0,1.0
12,train,349,9795,0.4664851427078247,0.47592824697494507,0.009443104267120361,1.0,1.0
12,train,350,28292,0.2969358563423157,0.3063780665397644,0.00944221019744873,1.0,1.0
12,train,351,2715,0.2958105206489563,0.3052459955215454,0.009435474872589111,1.0,1.0
12,train,352,25370,0.5951133370399475,0.5856791138648987,-0.009434223175048828,1.0,1.0
12,train,353,7915,0.42800089716911316,0.41857948899269104,-0.00942140817642212,1.0,1.0
12,train,354,5871,0.31268829107284546,0.32210490107536316,0.0094166100025177,1.0,1.0
12,train,355,19038,0.4173652231693268,0.4267815351486206,0.009416311979293823,1.0,1.0
12,train,356,10317,0.32498154044151306,0.3155708312988281,-0.009410709142684937,1.0,1.0
12,train,357,25743,0.45256736874580383,0.46197736263275146,0.009409993886947632,1.0,1.0
12,train,358,21377,0.2463674545288086,0.25576722621917725,0.009399771690368652,1.0,1.0
12,train,359,298,0.3439096510410309,0.3345155715942383,-0.009394079446792603,1.0,1.0
12,train,360,8043,0.18652622401714325,0.1959163099527359,0.009390085935592651,1.0,1.0
12,train,361,19154,0.3695431053638458,0.3789326548576355,0.009389549493789673,1.0,1.0
12,train,362,19393,0.31305167078971863,0.3036671578884125,-0.009384512901306152,1.0,1.0
12,train,363,2570,0.5867180228233337,0.5773344039916992,-0.009383618831634521,1.0,1.0
12,train,364,12949,0.405979722738266,0.39661115407943726,-0.009368568658828735,1.0,1.0
12,train,365,17332,0.39771151542663574,0.40707889199256897,0.009367376565933228,1.0,1.0
12,train,366,890,0.3600199520587921,0.36938533186912537,0.009365379810333252,1.0,1.0
12,train,367,13629,0.32851171493530273,0.33786848187446594,0.009356766939163208,1.0,1.0
12,train,368,303,0.4410634934902191,0.4317082166671753,-0.009355276823043823,1.0,1.0
12,train,369,16291,0.2479318380355835,0.2572838068008423,0.009351968765258789,1.0,1.0
12,train,370,27526,0.4680006802082062,0.47735247015953064,0.009351789951324463,1.0,1.0
12,train,371,9105,0.38490739464759827,0.3942514955997467,0.009344100952148438,1.0,1.0
12,train,372,8869,0.14586307108402252,0.1552048921585083,0.009341821074485779,1.0,1.0
12,train,373,3713,0.28899022936820984,0.2983318567276001,0.009341627359390259,1.0,1.0
12,train,374,12502,0.3638779819011688,0.3732190728187561,0.00934109091758728,1.0,1.0
12,train,375,20821,0.6262515187263489,0.6355882287025452,0.009336709976196289,1.0,1.0
12,train,376,644,0.245077446103096,0.25441229343414307,0.009334847331047058,1.0,1.0
12,train,377,4844,0.4794802665710449,0.4888148307800293,0.009334564208984375,1.0,1.0
12,train,378,9464,0.31533586978912354,0.3246595859527588,0.009323716163635254,1.0,1.0
12,train,379,13818,0.3853866755962372,0.39470964670181274,0.009322971105575562,1.0,1.0
12,train,380,3624,0.37985169887542725,0.38917064666748047,0.009318947792053223,1.0,1.0
12,train,381,22578,0.3414393663406372,0.3321208655834198,-0.009318500757217407,1.0,1.0
12,train,382,18940,0.4450444281101227,0.43572625517845154,-0.009318172931671143,1.0,1.0
12,train,383,24713,0.3940105438232422,0.3846971392631531,-0.009313404560089111,1.0,1.0
12,train,384,16761,0.40117478370666504,0.3918646574020386,-0.009310126304626465,1.0,1.0
12,train,385,12973,0.42707371711730957,0.43638086318969727,0.009307146072387695,1.0,1.0
12,train,386,27656,0.42233315110206604,0.4316176176071167,0.00928446650505066,1.0,1.0
12,train,387,734,0.42820772528648376,0.4374917149543762,0.009283989667892456,1.0,1.0
12,train,388,9608,0.12214750051498413,0.1314241588115692,0.009276658296585083,1.0,1.0
12,train,389,23349,0.3432271480560303,0.3524914085865021,0.009264260530471802,1.0,1.0
12,train,390,19506,0.2618277966976166,0.2710880935192108,0.009260296821594238,1.0,1.0
12,train,391,13269,0.34705254435539246,0.3563111126422882,0.009258568286895752,1.0,1.0
12,train,392,28194,0.3840641677379608,0.3748091459274292,-0.009255021810531616,1.0,1.0
12,train,393,21046,0.33829089999198914,0.32903674244880676,-0.009254157543182373,1.0,1.0
12,train,394,3458,0.23419781029224396,0.24344883859157562,0.009251028299331665,1.0,1.0
12,train,395,23089,0.4506373405456543,0.459886759519577,0.00924941897392273,1.0,1.0
12,train,396,24814,0.41054466366767883,0.4197929799556732,0.009248316287994385,1.0,1.0
12,train,397,10611,0.43076467514038086,0.4215175211429596,-0.009247153997421265,1.0,1.0
12,train,398,6873,0.4268890619277954,0.4361307919025421,0.009241729974746704,1.0,1.0
12,train,399,7097,0.3332357406616211,0.3424760103225708,0.009240269660949707,1.0,1.0
12,train,400,17762,0.4009755849838257,0.41021424531936646,0.009238660335540771,1.0,1.0
12,train,401,8288,0.4219343364238739,0.412698894739151,-0.0092354416847229,1.0,1.0
12,train,402,22823,0.38675057888031006,0.37751761078834534,-0.009232968091964722,1.0,1.0
12,train,403,16148,0.4137415885925293,0.4229709804058075,0.009229391813278198,1.0,1.0
12,train,404,18199,0.262188196182251,0.2714173495769501,0.009229153394699097,1.0,1.0
12,train,405,17915,0.4288572072982788,0.43808287382125854,0.009225666522979736,1.0,1.0
12,train,406,1077,0.318053662776947,0.32727736234664917,0.009223699569702148,1.0,1.0
12,train,407,12142,0.4334040880203247,0.4241839647293091,-0.009220123291015625,1.0,1.0
12,train,408,13018,0.6121745109558105,0.6213877201080322,0.00921320915222168,1.0,1.0
12,train,409,6025,0.27162134647369385,0.28082868456840515,0.009207338094711304,1.0,1.0
12,train,410,25173,0.3818192183971405,0.3726125955581665,-0.009206622838973999,1.0,1.0
12,train,411,2868,0.46259018778800964,0.4533850848674774,-0.009205102920532227,1.0,1.0
12,train,412,26480,0.29659584164619446,0.3057922422885895,0.00919640064239502,1.0,1.0
12,train,413,27187,0.3692046105861664,0.37839794158935547,0.009193331003189087,1.0,1.0
12,train,414,8995,0.30726078152656555,0.2980736494064331,-0.009187132120132446,1.0,1.0
12,train,415,24482,0.43956729769706726,0.4303807020187378,-0.009186595678329468,1.0,1.0
12,train,416,21596,0.3208669126033783,0.33005180954933167,0.00918489694595337,1.0,1.0
12,train,417,12658,0.24368149042129517,0.2528657615184784,0.009184271097183228,1.0,1.0
12,train,418,114,0.2779676020145416,0.2871479094028473,0.009180307388305664,1.0,1.0
12,train,419,13256,0.26469939947128296,0.27387920022010803,0.009179800748825073,1.0,1.0
12,train,420,15702,0.28140363097190857,0.2905820310115814,0.009178400039672852,1.0,1.0
12,train,421,18529,0.3948858082294464,0.40404900908470154,0.009163200855255127,1.0,1.0
12,train,422,8846,0.4423731863498688,0.4332190155982971,-0.009154170751571655,1.0,1.0
12,train,423,603,0.5370553135871887,0.5279014110565186,-0.009153902530670166,1.0,1.0
12,train,424,1981,0.6634277701377869,0.6542779207229614,-0.00914984941482544,1.0,1.0
12,train,425,6229,0.26659777760505676,0.2757359743118286,0.00913819670677185,1.0,1.0
12,train,426,7679,0.5792469382286072,0.5701098442077637,-0.009137094020843506,1.0,1.0
12,train,427,13419,0.21385793387889862,0.22298963367938995,0.009131699800491333,1.0,1.0
12,train,428,22300,0.24963855743408203,0.25876638293266296,0.009127825498580933,1.0,1.0
12,train,429,5115,0.43141689896583557,0.42228981852531433,-0.00912708044052124,1.0,1.0
12,train,430,22702,0.36404120922088623,0.37316644191741943,0.009125232696533203,1.0,1.0
12,train,431,20586,0.46338459849357605,0.4542618989944458,-0.009122699499130249,1.0,1.0
12,train,432,8307,0.46864140033721924,0.45952558517456055,-0.009115815162658691,1.0,1.0
12,train,433,28319,0.2686774432659149,0.2777904272079468,0.00911298394203186,1.0,1.0
12,train,434,15510,0.6162440180778503,0.6253544688224792,0.009110450744628906,1.0,1.0
12,train,435,9317,0.6334233283996582,0.6425288915634155,0.009105563163757324,1.0,1.0
12,train,436,11840,0.137092724442482,0.14619189500808716,0.009099170565605164,1.0,1.0
12,train,437,2303,0.4328952729701996,0.44199419021606445,0.009098917245864868,1.0,1.0
12,train,438,11819,0.1495925635099411,0.1586909294128418,0.009098365902900696,1.0,1.0
12,train,439,14377,0.4580738842487335,0.44897568225860596,-0.009098201990127563,1.0,1.0
12,train,440,21684,0.3089025616645813,0.29980960488319397,-0.009092956781387329,1.0,1.0
12,train,441,13190,0.7493021488189697,0.7402094602584839,-0.00909268856048584,1.0,1.0
12,train,442,17075,0.37619420886039734,0.38528090715408325,0.009086698293685913,1.0,1.0
12,train,443,4364,0.6841330528259277,0.6750472187995911,-0.00908583402633667,1.0,1.0
12,train,444,4624,0.5030820965766907,0.5121641159057617,0.009082019329071045,1.0,1.0
12,train,445,22933,0.37238940596580505,0.38147109746932983,0.00908169150352478,1.0,1.0
12,train,446,23814,0.3589461147785187,0.34986528754234314,-0.009080827236175537,1.0,1.0
12,train,447,5808,0.5327544808387756,0.5418301224708557,0.009075641632080078,1.0,1.0
12,train,448,20636,0.4775559604167938,0.48662886023521423,0.00907289981842041,1.0,1.0
12,train,449,2536,0.3019871711730957,0.2929188013076782,-0.00906836986541748,1.0,1.0
12,train,450,27581,0.28063416481018066,0.27156826853752136,-0.009065896272659302,1.0,1.0
12,train,451,19816,0.4565032422542572,0.4655677378177643,0.00906449556350708,1.0,1.0
12,train,452,13573,0.4008968770503998,0.4099551737308502,0.00905829668045044,1.0,1.0
12,train,453,16744,0.17565251886844635,0.184709370136261,0.009056851267814636,1.0,1.0
12,train,454,11021,0.9291737079620361,0.938226580619812,0.009052872657775879,1.0,1.0
12,train,455,6899,0.22536160051822662,0.23441308736801147,0.009051486849784851,1.0,1.0
12,train,456,400,0.3382883369922638,0.34733736515045166,0.009049028158187866,1.0,1.0
12,train,457,22949,0.324533611536026,0.31548482179641724,-0.009048789739608765,1.0,1.0
12,train,458,24327,0.3961922824382782,0.4052388668060303,0.009046584367752075,1.0,1.0
12,train,459,19260,0.39212581515312195,0.4011693000793457,0.009043484926223755,1.0,1.0
12,train,460,9679,0.3931839168071747,0.38414567708969116,-0.00903823971748352,1.0,1.0
12,train,461,6278,0.38624313473701477,0.37720760703086853,-0.00903552770614624,1.0,1.0
12,train,462,21843,0.31719478964805603,0.3081657886505127,-0.009029000997543335,1.0,1.0
12,train,463,14034,0.3795353174209595,0.38856399059295654,0.00902867317199707,1.0,1.0
12,train,464,12942,0.29868295788764954,0.30770552158355713,0.009022563695907593,1.0,1.0
12,train,465,7581,0.47070372104644775,0.47972530126571655,0.009021580219268799,1.0,1.0
12,train,466,17888,0.4321058988571167,0.42308610677719116,-0.009019792079925537,1.0,1.0
12,train,467,5418,0.2514397203922272,0.2604493200778961,0.009009599685668945,1.0,1.0
12,train,468,13027,0.26201143860816956,0.25300657749176025,-0.009004861116409302,1.0,1.0
12,train,469,9908,0.47561371326446533,0.4666133522987366,-0.00900036096572876,1.0,1.0
12,train,470,13806,0.500084638595581,0.5090780854225159,0.008993446826934814,1.0,1.0
12,train,471,4860,0.4405754506587982,0.4495669901371002,0.008991539478302002,1.0,1.0
12,train,472,18406,0.3939938247203827,0.40298452973365784,0.008990705013275146,1.0,1.0
12,train,473,7138,0.1960621327161789,0.18707193434238434,-0.008990198373794556,1.0,1.0
12,train,474,13969,0.36888372898101807,0.37787094712257385,0.008987218141555786,1.0,1.0
12,train,475,23658,0.40733852982521057,0.41632530093193054,0.00898677110671997,1.0,1.0
12,train,476,9065,0.11559552699327469,0.12458129972219467,0.008985772728919983,1.0,1.0
12,train,477,333,0.3289337456226349,0.3199508786201477,-0.008982867002487183,1.0,1.0
12,train,478,19905,0.4010414779186249,0.3920589089393616,-0.008982568979263306,1.0,1.0
12,train,479,28516,0.22391033172607422,0.2328917235136032,0.008981391787528992,1.0,1.0
12,train,480,23344,0.21115301549434662,0.22013209760189056,0.008979082107543945,1.0,1.0
12,train,481,23171,0.30005285143852234,0.3090309202671051,0.008978068828582764,1.0,1.0
12,train,482,2320,0.1340050995349884,0.1429828554391861,0.008977755904197693,1.0,1.0
12,train,483,6328,0.3614305257797241,0.35246187448501587,-0.008968651294708252,1.0,1.0
12,train,484,707,0.2543475925922394,0.26331523060798645,0.00896763801574707,1.0,1.0
12,train,485,5208,0.5170759558677673,0.5260397791862488,0.008963823318481445,1.0,1.0
12,train,486,25405,0.17182530462741852,0.1807885766029358,0.008963271975517273,1.0,1.0
12,train,487,22217,0.29494747519493103,0.285987913608551,-0.008959561586380005,1.0,1.0
12,train,488,20468,0.52314692735672,0.5141904354095459,-0.008956491947174072,1.0,1.0
12,train,489,19913,0.46825945377349854,0.4593043327331543,-0.008955121040344238,1.0,1.0
12,train,490,18762,0.4354308843612671,0.4443817734718323,0.008950889110565186,1.0,1.0
12,train,491,1418,0.2558085322380066,0.2647586166858673,0.008950084447860718,1.0,1.0
12,train,492,10017,0.46827104687690735,0.4772195816040039,0.008948534727096558,1.0,1.0
12,train,493,19214,0.597136914730072,0.6060751080513,0.008938193321228027,1.0,1.0
12,train,494,2727,0.3240564465522766,0.33299338817596436,0.008936941623687744,1.0,1.0
12,train,495,27373,0.34732913970947266,0.35624971985816956,0.0089205801486969,1.0,1.0
12,train,496,17875,0.2945871949195862,0.30350732803344727,0.008920133113861084,1.0,1.0
12,train,497,16167,0.2790299952030182,0.2879498600959778,0.008919864892959595,1.0,1.0
12,train,498,15150,0.08177392929792404,0.09069007635116577,0.00891614705324173,1.0,1.0
12,train,499,26815,0.35980215668678284,0.3508891463279724,-0.008913010358810425,1.0,1.0
12,train,500,4119,0.28540390729904175,0.29431650042533875,0.008912593126296997,1.0,1.0
12,eval,1,10533,0.5726198554039001,0.552959680557251,-0.01966017484664917,1.0,1.0
12,eval,2,15300,0.48022353649139404,0.46057817339897156,-0.019645363092422485,1.0,1.0
12,eval,3,25737,0.5116490721702576,0.530608057975769,0.018958985805511475,1.0,1.0
12,eval,4,3992,0.42158782482147217,0.43856561183929443,0.016977787017822266,1.0,1.0
12,eval,5,14914,0.4711572229862213,0.48810112476348877,0.016943901777267456,1.0,1.0
12,eval,6,23646,0.7377081513404846,0.7538354992866516,0.016127347946166992,1.0,1.0
12,eval,7,11908,0.37762415409088135,0.39330458641052246,0.015680432319641113,1.0,1.0
12,eval,8,26065,0.37031349539756775,0.38598835468292236,0.015674859285354614,1.0,1.0
12,eval,9,22426,0.32702192664146423,0.3425680994987488,0.015546172857284546,1.0,1.0
12,eval,10,20490,0.2732456922531128,0.2887588441371918,0.01551315188407898,1.0,1.0
12,eval,11,9158,0.3563499450683594,0.3717542886734009,0.015404343605041504,1.0,1.0
12,eval,12,9726,0.21637918055057526,0.23130734264850616,0.014928162097930908,1.0,1.0
12,eval,13,19894,0.5324793457984924,0.5472981929779053,0.014818847179412842,1.0,1.0
12,eval,14,1077,0.3241453468799591,0.3388865292072296,0.014741182327270508,1.0,1.0
12,eval,15,6683,0.46529093384742737,0.4798928499221802,0.014601916074752808,1.0,1.0
12,eval,16,17632,0.6848099827766418,0.6991791129112244,0.01436913013458252,1.0,1.0
12,eval,17,28607,0.3636031150817871,0.3493109941482544,-0.014292120933532715,1.0,1.0
12,eval,18,23979,0.24837423861026764,0.26255738735198975,0.014183148741722107,1.0,1.0
12,eval,19,140,0.3471643030643463,0.3330152630805969,-0.01414903998374939,1.0,1.0
12,eval,20,19161,0.36292269825935364,0.3769829273223877,0.014060229063034058,1.0,1.0
12,eval,21,12315,0.5738039612770081,0.5878193974494934,0.014015436172485352,1.0,1.0
12,eval,22,6560,0.525478184223175,0.5393808484077454,0.013902664184570312,1.0,1.0
12,eval,23,4860,0.4392484724521637,0.4531480073928833,0.013899534940719604,1.0,1.0
12,eval,24,2613,0.31493616104125977,0.3288171589374542,0.013880997896194458,1.0,1.0
12,eval,25,26686,0.5087974667549133,0.5226738452911377,0.013876378536224365,1.0,1.0
12,eval,26,13206,1.9049097299575806,1.9187761545181274,0.013866424560546875,1.0,1.0
12,eval,27,17748,0.356803297996521,0.3706410229206085,0.013837724924087524,1.0,1.0
12,eval,28,16137,0.3029281198978424,0.31673261523246765,0.013804495334625244,1.0,1.0
12,eval,29,26828,0.6520264744758606,0.6657997369766235,0.01377326250076294,1.0,1.0
12,eval,30,13281,0.2801910936832428,0.2939147353172302,0.013723641633987427,1.0,1.0
12,eval,31,24818,0.5237290263175964,0.5372453331947327,0.01351630687713623,1.0,1.0
12,eval,32,6514,0.3946470022201538,0.40813642740249634,0.01348942518234253,1.0,1.0
12,eval,33,26986,0.3434861898422241,0.35695111751556396,0.013464927673339844,1.0,1.0
12,eval,34,19444,0.536070704460144,0.5226109027862549,-0.01345980167388916,1.0,1.0
12,eval,35,23965,0.4297221004962921,0.4431278109550476,0.013405710458755493,1.0,1.0
12,eval,36,17509,0.499268501996994,0.5126722455024719,0.013403743505477905,1.0,1.0
12,eval,37,3135,0.17185819149017334,0.18517139554023743,0.013313204050064087,1.0,1.0
12,eval,38,11338,0.5742424726486206,0.587533712387085,0.013291239738464355,1.0,1.0
12,eval,39,24625,0.5325875282287598,0.5458195209503174,0.013231992721557617,1.0,1.0
12,eval,40,8233,0.25663843750953674,0.2698463201522827,0.013207882642745972,1.0,1.0
12,eval,41,16148,0.41621270775794983,0.42936545610427856,0.013152748346328735,1.0,1.0
12,eval,42,7658,0.32798436284065247,0.3411283493041992,0.013143986463546753,1.0,1.0
12,eval,43,27659,0.22739948332309723,0.24050185084342957,0.013102367520332336,1.0,1.0
12,eval,44,18938,0.3080216944217682,0.32105016708374023,0.013028472661972046,1.0,1.0
12,eval,45,19911,0.32450464367866516,0.3374859094619751,0.012981265783309937,1.0,1.0
12,eval,46,7230,0.40809765458106995,0.4210411012172699,0.012943446636199951,1.0,1.0
12,eval,47,27451,0.6218414902687073,0.6347591280937195,0.012917637825012207,1.0,1.0
12,eval,48,24327,0.3998497426509857,0.4127589464187622,0.01290920376777649,1.0,1.0
12,eval,49,11091,0.4775888919830322,0.49049732089042664,0.01290842890739441,1.0,1.0
12,eval,50,27097,0.5348973870277405,0.5219919085502625,-0.012905478477478027,1.0,1.0
12,eval,51,5926,0.2884184420108795,0.30122092366218567,0.012802481651306152,1.0,1.0
12,eval,52,24067,0.49393025040626526,0.5067259073257446,0.01279565691947937,1.0,1.0
12,eval,53,15450,0.6409628987312317,0.653717577457428,0.012754678726196289,1.0,1.0
12,eval,54,627,0.4981348514556885,0.5108603835105896,0.012725532054901123,1.0,1.0
12,eval,55,10495,0.49439963698387146,0.4816752076148987,-0.012724429368972778,1.0,1.0
12,eval,56,2264,0.3745323121547699,0.38720420002937317,0.012671887874603271,1.0,1.0
12,eval,57,2704,0.2978290021419525,0.310493528842926,0.01266452670097351,1.0,1.0
12,eval,58,15352,0.4621116816997528,0.4747051000595093,0.01259341835975647,1.0,1.0
12,eval,59,11817,0.3947724401950836,0.40733492374420166,0.012562483549118042,1.0,1.0
12,eval,60,1767,0.43383368849754333,0.44635793566703796,0.012524247169494629,1.0,1.0
12,eval,61,27688,0.3433690369129181,0.3308769166469574,-0.012492120265960693,1.0,1.0
12,eval,62,13134,0.2350018471479416,0.24748137593269348,0.012479528784751892,1.0,1.0
12,eval,63,2061,0.42444273829460144,0.41201052069664,-0.012432217597961426,1.0,1.0
12,eval,64,28588,0.5148405432701111,0.5024220943450928,-0.01241844892501831,1.0,1.0
12,eval,65,20935,0.7424362301826477,0.7548434734344482,0.012407243251800537,1.0,1.0
12,eval,66,234,0.7653341889381409,0.777727484703064,0.012393295764923096,1.0,1.0
12,eval,67,24275,0.42506352066993713,0.4374392330646515,0.012375712394714355,1.0,1.0
12,eval,68,2857,0.2245185375213623,0.23689031600952148,0.01237177848815918,1.0,1.0
12,eval,69,21823,0.18990592658519745,0.20227539539337158,0.012369468808174133,1.0,1.0
12,eval,70,10510,0.26487669348716736,0.27724218368530273,0.012365490198135376,1.0,1.0
12,eval,71,7683,0.37909427285194397,0.39145609736442566,0.01236182451248169,1.0,1.0
12,eval,72,25521,0.5609899163246155,0.573326587677002,0.012336671352386475,1.0,1.0
12,eval,73,3597,0.3478856384754181,0.36020922660827637,0.012323588132858276,1.0,1.0
12,eval,74,11737,1.0880470275878906,1.1003574132919312,0.012310385704040527,1.0,1.0
12,eval,75,26643,0.5172882676124573,0.5295772552490234,0.012288987636566162,1.0,1.0
12,eval,76,4237,0.3490746021270752,0.36135134100914,0.01227673888206482,1.0,1.0
12,eval,77,8176,0.37442243099212646,0.38668888807296753,0.012266457080841064,1.0,1.0
12,eval,78,25338,0.7004382610321045,0.7126965522766113,0.012258291244506836,1.0,1.0
12,eval,79,3490,0.28458261489868164,0.2968345880508423,0.012251973152160645,1.0,1.0
12,eval,80,5806,0.5190926790237427,0.5068573951721191,-0.012235283851623535,1.0,1.0
12,eval,81,22255,0.5082229971885681,0.5204551219940186,0.01223212480545044,1.0,1.0
12,eval,82,4010,0.34334394335746765,0.3555288314819336,0.012184888124465942,1.0,1.0
12,eval,83,10714,0.29563644528388977,0.3078170120716095,0.012180566787719727,1.0,1.0
12,eval,84,10768,0.3420222997665405,0.3541921079158783,0.012169808149337769,1.0,1.0
12,eval,85,10919,0.3894074261188507,0.37728384137153625,-0.012123584747314453,1.0,1.0
12,eval,86,14526,0.7681634426116943,0.7560410499572754,-0.012122392654418945,1.0,1.0
12,eval,87,413,0.3125039041042328,0.3246248662471771,0.012120962142944336,1.0,1.0
12,eval,88,24507,0.390112966299057,0.4022168517112732,0.012103885412216187,1.0,1.0
12,eval,89,12038,0.490344762802124,0.5024364590644836,0.01209169626235962,1.0,1.0
12,eval,90,3682,0.4869018495082855,0.4989904761314392,0.012088626623153687,1.0,1.0
12,eval,91,18524,0.4743189811706543,0.486388623714447,0.012069642543792725,1.0,1.0
12,eval,92,21009,1.4592571258544922,1.4471982717514038,-0.012058854103088379,1.0,1.0
12,eval,93,4047,0.4309760630130768,0.4430203139781952,0.012044250965118408,1.0,1.0
12,eval,94,10928,0.5141763091087341,0.5261977910995483,0.012021481990814209,1.0,1.0
12,eval,95,9034,0.38194000720977783,0.393951416015625,0.012011408805847168,1.0,1.0
12,eval,96,8982,0.3846501111984253,0.3726852536201477,-0.011964857578277588,1.0,1.0
12,eval,97,738,0.9257327914237976,0.9376505613327026,0.01191776990890503,1.0,1.0
12,eval,98,25026,0.36727145314216614,0.3791492283344269,0.011877775192260742,1.0,1.0
12,eval,99,3060,0.4881117641925812,0.4999530613422394,0.011841297149658203,1.0,1.0
12,eval,100,14034,0.3843367099761963,0.3961580991744995,0.011821389198303223,1.0,1.0
12,eval,101,11213,0.5429525375366211,0.5547549724578857,0.011802434921264648,1.0,1.0
12,eval,102,24499,0.2923033833503723,0.30410200357437134,0.011798620223999023,1.0,1.0
12,eval,103,17332,0.399065226316452,0.41085880994796753,0.011793583631515503,1.0,1.0
12,eval,104,26592,0.19471298158168793,0.2064984291791916,0.011785447597503662,1.0,1.0
12,eval,105,28501,0.3912483751773834,0.3795012831687927,-0.011747092008590698,1.0,1.0
12,eval,106,13993,0.3046543598175049,0.31638458371162415,0.011730223894119263,1.0,1.0
12,eval,107,16472,0.3816145658493042,0.3933378756046295,0.011723309755325317,1.0,1.0
12,eval,108,113,0.35467371344566345,0.36639127135276794,0.011717557907104492,1.0,1.0
12,eval,109,18216,0.18954871594905853,0.20125623047351837,0.011707514524459839,1.0,1.0
12,eval,110,2936,0.3554571866989136,0.36716172099113464,0.01170453429222107,1.0,1.0
12,eval,111,238,0.39503633975982666,0.40673497319221497,0.011698633432388306,1.0,1.0
12,eval,112,5217,0.47792741656303406,0.48962438106536865,0.011696964502334595,1.0,1.0
12,eval,113,3663,0.3193720877170563,0.3310304284095764,0.011658340692520142,1.0,1.0
12,eval,114,16345,0.26876023411750793,0.2804160714149475,0.011655837297439575,1.0,1.0
12,eval,115,4403,0.6173760890960693,0.6290215253829956,0.01164543628692627,1.0,1.0
12,eval,116,19506,0.262746125459671,0.274368554353714,0.011622428894042969,1.0,1.0
12,eval,117,20596,0.41451263427734375,0.4028991758823395,-0.011613458395004272,1.0,1.0
12,eval,118,14137,0.2767837941646576,0.26517218351364136,-0.011611610651016235,1.0,1.0
12,eval,119,19171,0.6750579476356506,0.6866684556007385,0.01161050796508789,1.0,1.0
12,eval,120,25215,0.3938624858856201,0.4054727554321289,0.011610269546508789,1.0,1.0
12,eval,121,12099,0.274271160364151,0.2858659327030182,0.011594772338867188,1.0,1.0
12,eval,122,25185,0.4471256732940674,0.45870107412338257,0.011575400829315186,1.0,1.0
12,eval,123,28298,0.44261494278907776,0.4541859030723572,0.011570960283279419,1.0,1.0
12,eval,124,5428,0.24319083988666534,0.2547508180141449,0.011559978127479553,1.0,1.0
12,eval,125,23396,0.4223756492137909,0.4108302891254425,-0.011545360088348389,1.0,1.0
12,eval,126,9163,0.3749675750732422,0.3864992558956146,0.011531680822372437,1.0,1.0
12,eval,127,2727,0.32383230328559875,0.33535370230674744,0.011521399021148682,1.0,1.0
12,eval,128,6190,0.28065863251686096,0.292178750038147,0.01152011752128601,1.0,1.0
12,eval,129,6299,0.4002911150455475,0.4117753803730011,0.011484265327453613,1.0,1.0
12,eval,130,6052,0.39495667815208435,0.40641477704048157,0.011458098888397217,1.0,1.0
12,eval,131,9220,0.5063310265541077,0.5177870392799377,0.011456012725830078,1.0,1.0
12,eval,132,12508,0.5285716652870178,0.5400264859199524,0.01145482063293457,1.0,1.0
12,eval,133,22623,0.8099942803382874,0.8214446306228638,0.011450350284576416,1.0,1.0
12,eval,134,19708,0.36243686079978943,0.37386763095855713,0.0114307701587677,1.0,1.0
12,eval,135,19485,0.4172210693359375,0.42862173914909363,0.011400669813156128,1.0,1.0
12,eval,136,28339,0.37383952736854553,0.36243927478790283,-0.0114002525806427,1.0,1.0
12,eval,137,16282,0.23601508140563965,0.2473963350057602,0.011381253600120544,1.0,1.0
12,eval,138,1942,0.24890778958797455,0.260263592004776,0.011355802416801453,1.0,1.0
12,eval,139,2257,0.3102606236934662,0.29890599846839905,-0.011354625225067139,1.0,1.0
12,eval,140,13384,0.34275269508361816,0.35410410165786743,0.011351406574249268,1.0,1.0
12,eval,141,19630,0.4175274670124054,0.4288785755634308,0.01135110855102539,1.0,1.0
12,eval,142,23421,0.44322022795677185,0.45456013083457947,0.011339902877807617,1.0,1.0
12,eval,143,26397,0.3930295407772064,0.4043692350387573,0.011339694261550903,1.0,1.0
12,eval,144,23349,0.346891850233078,0.3582296371459961,0.01133778691291809,1.0,1.0
12,eval,145,26955,0.21492896974086761,0.2262612134218216,0.01133224368095398,1.0,1.0
12,eval,146,20507,0.762119710445404,0.7734325528144836,0.01131284236907959,1.0,1.0
12,eval,147,10795,0.4191540479660034,0.4304458200931549,0.01129177212715149,1.0,1.0
12,eval,148,10220,0.6801666617393494,0.6914566159248352,0.01128995418548584,1.0,1.0
12,eval,149,2280,0.6946186423301697,0.7058617472648621,0.011243104934692383,1.0,1.0
12,eval,150,24998,0.8057954907417297,0.8170357346534729,0.011240243911743164,1.0,1.0
12,eval,151,17352,0.6333631873130798,0.6221454739570618,-0.011217713356018066,1.0,1.0
12,eval,152,19443,0.37161651253700256,0.3828312158584595,0.01121470332145691,1.0,1.0
12,eval,153,17170,0.31994733214378357,0.33116161823272705,0.011214286088943481,1.0,1.0
12,eval,154,15489,0.2434043288230896,0.25461798906326294,0.01121366024017334,1.0,1.0
12,eval,155,5563,0.3942139446735382,0.38301852345466614,-0.01119542121887207,1.0,1.0
12,eval,156,27545,0.32261213660240173,0.33376121520996094,0.011149078607559204,1.0,1.0
12,eval,157,20638,0.6816226840019226,0.6704741716384888,-0.011148512363433838,1.0,1.0
12,eval,158,15048,0.31977516412734985,0.33090564608573914,0.011130481958389282,1.0,1.0
12,eval,159,19920,0.2638497054576874,0.27495265007019043,0.011102944612503052,1.0,1.0
12,eval,160,5583,0.4284409284591675,0.43953660130500793,0.011095672845840454,1.0,1.0
12,eval,161,5436,0.45379069447517395,0.4648805260658264,0.011089831590652466,1.0,1.0
12,eval,162,24146,0.2703680992126465,0.2814526855945587,0.011084586381912231,1.0,1.0
12,eval,163,8474,0.5700089335441589,0.5810897350311279,0.011080801486968994,1.0,1.0
12,eval,164,7430,0.3794865608215332,0.3684416711330414,-0.011044889688491821,1.0,1.0
12,eval,165,22395,0.5241883993148804,0.5352328419685364,0.011044442653656006,1.0,1.0
12,eval,166,8420,0.42245617508888245,0.43349701166152954,0.011040836572647095,1.0,1.0
12,eval,167,11657,0.3692864179611206,0.3803255259990692,0.011039108037948608,1.0,1.0
12,eval,168,4339,0.4810653626918793,0.492080956697464,0.011015594005584717,1.0,1.0
12,eval,169,28079,0.4770561754703522,0.4880501329898834,0.01099395751953125,1.0,1.0
12,eval,170,5758,0.5622969269752502,0.5732866525650024,0.010989725589752197,1.0,1.0
12,eval,171,8791,0.6140956282615662,0.6250818967819214,0.010986268520355225,1.0,1.0
12,eval,172,4181,0.4264720380306244,0.43744543194770813,0.01097339391708374,1.0,1.0
12,eval,173,23964,0.3031919598579407,0.3141635060310364,0.010971546173095703,1.0,1.0
12,eval,174,9191,0.43717992305755615,0.44815099239349365,0.0109710693359375,1.0,1.0
12,eval,175,1927,0.2491207718849182,0.26008880138397217,0.010968029499053955,1.0,1.0
12,eval,176,9894,0.2308490127325058,0.2417927384376526,0.01094372570514679,1.0,1.0
12,eval,177,11141,0.4991070032119751,0.5100481510162354,0.010941147804260254,1.0,1.0
12,eval,178,9332,0.3559142053127289,0.34498775005340576,-0.01092645525932312,1.0,1.0
12,eval,179,8922,0.4801935851573944,0.4911179542541504,0.010924369096755981,1.0,1.0
12,eval,180,18960,0.28444740176200867,0.29536542296409607,0.010918021202087402,1.0,1.0
12,eval,181,19454,0.3724159002304077,0.38333365321159363,0.010917752981185913,1.0,1.0
12,eval,182,10674,0.33147379755973816,0.34238314628601074,0.010909348726272583,1.0,1.0
12,eval,183,26251,0.25512996315956116,0.26602432131767273,0.010894358158111572,1.0,1.0
12,eval,184,3257,0.48974382877349854,0.5006378293037415,0.01089400053024292,1.0,1.0
12,eval,185,21562,0.3694413900375366,0.38033223152160645,0.010890841484069824,1.0,1.0
12,eval,186,17645,0.30025842785835266,0.28939199447631836,-0.010866433382034302,1.0,1.0
12,eval,187,17956,0.4768104553222656,0.48767027258872986,0.010859817266464233,1.0,1.0
12,eval,188,23814,0.3593766987323761,0.3485296070575714,-0.010847091674804688,1.0,1.0
12,eval,189,12128,0.14932860434055328,0.1384906768798828,-0.010837927460670471,1.0,1.0
12,eval,190,7687,0.19313102960586548,0.20396366715431213,0.010832637548446655,1.0,1.0
12,eval,191,18380,0.25791439414024353,0.2687467336654663,0.010832339525222778,1.0,1.0
12,eval,192,10992,0.24483449757099152,0.25565633177757263,0.010821834206581116,1.0,1.0
12,eval,193,12003,0.37576162815093994,0.38657867908477783,0.01081705093383789,1.0,1.0
12,eval,194,6863,0.41828274726867676,0.4290904402732849,0.010807693004608154,1.0,1.0
12,eval,195,17601,0.497546523809433,0.5083483457565308,0.010801821947097778,1.0,1.0
12,eval,196,23245,0.7676787376403809,0.7784783244132996,0.010799586772918701,1.0,1.0
12,eval,197,14312,0.30781543254852295,0.3186110854148865,0.010795652866363525,1.0,1.0
12,eval,198,16402,0.34578490257263184,0.35658013820648193,0.010795235633850098,1.0,1.0
12,eval,199,8252,0.6319046020507812,0.6426989436149597,0.010794341564178467,1.0,1.0
12,eval,200,8437,0.42871391773223877,0.43950584530830383,0.010791927576065063,1.0,1.0
12,eval,201,24380,0.41729259490966797,0.4280742108821869,0.010781615972518921,1.0,1.0
12,eval,202,20413,0.4948202073574066,0.5055940747261047,0.01077386736869812,1.0,1.0
12,eval,203,19368,0.2893680930137634,0.30012670159339905,0.01075860857963562,1.0,1.0
12,eval,204,22366,0.24435831606388092,0.255116730928421,0.0107584148645401,1.0,1.0
12,eval,205,4119,0.2924780547618866,0.30322712659835815,0.010749071836471558,1.0,1.0
12,eval,206,13365,0.2076294869184494,0.21837618947029114,0.010746702551841736,1.0,1.0
12,eval,207,22392,0.2721497714519501,0.2828792333602905,0.010729461908340454,1.0,1.0
12,eval,208,13970,0.22659964859485626,0.2373257279396057,0.01072607934474945,1.0,1.0
12,eval,209,25314,0.1982802003622055,0.20899845659732819,0.01071825623512268,1.0,1.0
12,eval,210,16254,0.3836136758327484,0.3943308889865875,0.010717213153839111,1.0,1.0
12,eval,211,23196,0.516092836856842,0.5267975926399231,0.010704755783081055,1.0,1.0
12,eval,212,15206,0.321403831243515,0.3321009874343872,0.010697156190872192,1.0,1.0
12,eval,213,20969,0.3424559533596039,0.35314446687698364,0.01068851351737976,1.0,1.0
12,eval,214,8516,0.44164666533470154,0.4523329734802246,0.010686308145523071,1.0,1.0
12,eval,215,26806,0.24045288562774658,0.25113868713378906,0.01068580150604248,1.0,1.0
12,eval,216,10831,0.23915933072566986,0.24983760714530945,0.010678276419639587,1.0,1.0
12,eval,217,21080,0.3644537031650543,0.37512120604515076,0.010667502880096436,1.0,1.0
12,eval,218,15983,0.4026670753955841,0.3920031487941742,-0.010663926601409912,1.0,1.0
12,eval,219,22335,0.18740439414978027,0.17674392461776733,-0.01066046953201294,1.0,1.0
12,eval,220,24101,0.307226300239563,0.296587735414505,-0.010638564825057983,1.0,1.0
12,eval,221,21003,0.3657695949077606,0.3763979971408844,0.01062840223312378,1.0,1.0
12,eval,222,7636,0.3614269495010376,0.3720516860485077,0.010624736547470093,1.0,1.0
12,eval,223,22815,0.42259249091148376,0.43319520354270935,0.010602712631225586,1.0,1.0
12,eval,224,5371,0.9969657063484192,0.9863672256469727,-0.010598480701446533,1.0,1.0
12,eval,225,21083,0.2585184574127197,0.26911473274230957,0.010596275329589844,1.0,1.0
12,eval,226,13806,0.5063380599021912,0.516932487487793,0.010594427585601807,1.0,1.0
12,eval,227,18869,0.22605307400226593,0.23663371801376343,0.010580644011497498,1.0,1.0
12,eval,228,19316,0.6231930255889893,0.6337607502937317,0.010567724704742432,1.0,1.0
12,eval,229,4063,0.3665614426136017,0.37711212038993835,0.01055067777633667,1.0,1.0
12,eval,230,13050,0.32742395997047424,0.3379668593406677,0.010542899370193481,1.0,1.0
12,eval,231,7442,0.4104735851287842,0.42100101709365845,0.010527431964874268,1.0,1.0
12,eval,232,15719,0.32019978761672974,0.3307133913040161,0.010513603687286377,1.0,1.0
12,eval,233,18528,0.32515034079551697,0.33566251397132874,0.010512173175811768,1.0,1.0
12,eval,234,1871,0.41930413246154785,0.4298148453235626,0.01051071286201477,1.0,1.0
12,eval,235,16323,0.3946826756000519,0.40518075227737427,0.010498076677322388,1.0,1.0
12,eval,236,9006,0.3982123136520386,0.40870609879493713,0.01049378514289856,1.0,1.0
12,eval,237,24267,0.272005170583725,0.28248944878578186,0.010484278202056885,1.0,1.0
12,eval,238,24521,0.47112223505973816,0.48159968852996826,0.010477453470230103,1.0,1.0
12,eval,239,23943,0.2946394383907318,0.30511200428009033,0.01047256588935852,1.0,1.0
12,eval,240,23675,0.2798391878604889,0.29031139612197876,0.010472208261489868,1.0,1.0
12,eval,241,20565,0.9721238613128662,0.9825830459594727,0.010459184646606445,1.0,1.0
12,eval,242,7699,0.4712187349796295,0.4816735088825226,0.010454773902893066,1.0,1.0
12,eval,243,15103,0.5141171813011169,0.5245627760887146,0.010445594787597656,1.0,1.0
12,eval,244,14067,0.2896181643009186,0.3000539541244507,0.010435789823532104,1.0,1.0
12,eval,245,24814,0.4109238088130951,0.4213554859161377,0.010431677103042603,1.0,1.0
12,eval,246,23582,0.503883957862854,0.5143135786056519,0.010429620742797852,1.0,1.0
12,eval,247,734,0.42819711565971375,0.4386266767978668,0.010429561138153076,1.0,1.0
12,eval,248,25397,0.29842379689216614,0.3088492751121521,0.010425478219985962,1.0,1.0
12,eval,249,1395,0.38586190342903137,0.39627745747566223,0.01041555404663086,1.0,1.0
12,eval,250,13678,0.45216378569602966,0.46256738901138306,0.010403603315353394,1.0,1.0
12,eval,251,17842,0.624912679195404,0.6353139281272888,0.010401248931884766,1.0,1.0
12,eval,252,21522,0.34304216504096985,0.35344216227531433,0.010399997234344482,1.0,1.0
12,eval,253,10239,0.577867329120636,0.5882591009140015,0.010391771793365479,1.0,1.0
12,eval,254,3784,0.5266790986061096,0.5370570421218872,0.010377943515777588,1.0,1.0
12,eval,255,14074,0.22264701128005981,0.23302215337753296,0.010375142097473145,1.0,1.0
12,eval,256,8524,0.2207466959953308,0.2311021238565445,0.010355427861213684,1.0,1.0
12,eval,257,11646,0.15241144597530365,0.1420598179101944,-0.010351628065109253,1.0,1.0
12,eval,258,20178,0.574698269367218,0.5850416421890259,0.010343372821807861,1.0,1.0
12,eval,259,21573,0.06882929801940918,0.07916799932718277,0.01033870130777359,0.9583333333333334,1.0
12,eval,260,7858,0.39248964190483093,0.40282419323921204,0.010334551334381104,1.0,1.0
12,eval,261,27633,0.48378491401672363,0.4941191077232361,0.010334193706512451,1.0,1.0
12,eval,262,17539,0.24348223209381104,0.25381606817245483,0.010333836078643799,1.0,1.0
12,eval,263,9811,0.5668051242828369,0.5564826726913452,-0.0103224515914917,1.0,1.0
12,eval,264,4256,0.2319471836090088,0.24223783612251282,0.010290652513504028,1.0,1.0
12,eval,265,14533,0.3861035406589508,0.39639291167259216,0.010289371013641357,1.0,1.0
12,eval,266,9536,0.41133466362953186,0.4216177463531494,0.010283082723617554,1.0,1.0
12,eval,267,4161,0.11703186482191086,0.1067647635936737,-0.010267101228237152,1.0,1.0
12,eval,268,3328,0.36353275179862976,0.37378522753715515,0.01025247573852539,1.0,1.0
12,eval,269,7890,0.39495614171028137,0.3847062587738037,-0.010249882936477661,1.0,1.0
12,eval,270,7435,0.4965786635875702,0.5068109035491943,0.010232239961624146,1.0,1.0
12,eval,271,6229,0.26666975021362305,0.276889830827713,0.010220080614089966,1.0,1.0
12,eval,272,9579,0.4672345221042633,0.457016259431839,-0.010218262672424316,1.0,1.0
12,eval,273,23628,0.4278540313243866,0.4380664825439453,0.010212451219558716,1.0,1.0
12,eval,274,11177,0.6056643128395081,0.5954565405845642,-0.010207772254943848,1.0,1.0
12,eval,275,9743,0.39422789216041565,0.4044271409511566,0.010199248790740967,1.0,1.0
12,eval,276,21075,0.46520352363586426,0.47539928555488586,0.010195761919021606,1.0,1.0
12,eval,277,19415,0.43586865067481995,0.42568379640579224,-0.01018485426902771,1.0,1.0
12,eval,278,4924,0.6533493399620056,0.6635318994522095,0.010182559490203857,1.0,1.0
12,eval,279,16432,0.35500988364219666,0.36518317461013794,0.010173290967941284,1.0,1.0
12,eval,280,23724,0.25207170844078064,0.24190089106559753,-0.010170817375183105,1.0,1.0
12,eval,281,26284,0.2542407810688019,0.2440716177225113,-0.010169163346290588,1.0,1.0
12,eval,282,24489,0.33156639337539673,0.32141491770744324,-0.010151475667953491,1.0,1.0
12,eval,283,3454,0.40805479884147644,0.41820546984672546,0.010150671005249023,1.0,1.0
12,eval,284,9762,0.5418239831924438,0.5519591569900513,0.010135173797607422,1.0,1.0
12,eval,285,13027,0.2599989175796509,0.2498762011528015,-0.010122716426849365,1.0,1.0
12,eval,286,4995,0.3868511915206909,0.396972119808197,0.010120928287506104,1.0,1.0
12,eval,287,21787,0.3953120708465576,0.40542736649513245,0.010115295648574829,1.0,1.0
12,eval,288,21904,0.3333856165409088,0.3232737183570862,-0.010111898183822632,1.0,1.0
12,eval,289,2974,0.7431605458259583,0.753270149230957,0.01010960340499878,1.0,1.0
12,eval,290,13269,0.3539218008518219,0.3640306890010834,0.010108888149261475,1.0,1.0
12,eval,291,10009,0.2967897355556488,0.30688345432281494,0.010093718767166138,1.0,1.0
12,eval,292,22371,0.2779112160205841,0.2880038321018219,0.010092616081237793,1.0,1.0
12,eval,293,28602,0.2957954704761505,0.30588531494140625,0.010089844465255737,1.0,1.0
12,eval,294,4517,0.35718420147895813,0.34709569811820984,-0.010088503360748291,1.0,1.0
12,eval,295,11558,0.40511226654052734,0.4151984453201294,0.01008617877960205,1.0,1.0
12,eval,296,26364,0.32363200187683105,0.31355661153793335,-0.010075390338897705,1.0,1.0
12,eval,297,13953,0.3987016975879669,0.4087757170200348,0.010074019432067871,1.0,1.0
12,eval,298,16152,0.2937546968460083,0.3038231134414673,0.010068416595458984,1.0,1.0
12,eval,299,20319,0.45576003193855286,0.46581968665122986,0.010059654712677002,1.0,1.0
12,eval,300,17532,0.35772034525871277,0.367777943611145,0.010057598352432251,1.0,1.0
12,eval,301,8031,0.2700241208076477,0.28005725145339966,0.010033130645751953,1.0,1.0
12,eval,302,7955,0.42859792709350586,0.43862080574035645,0.010022878646850586,1.0,1.0
12,eval,303,23211,0.9911420345306396,1.0011520385742188,0.010010004043579102,1.0,1.0
12,eval,304,20189,0.3455585241317749,0.3555624186992645,0.010003894567489624,1.0,1.0
12,eval,305,19214,0.5980784296989441,0.6080794334411621,0.010001003742218018,1.0,1.0
12,eval,306,3648,0.30811750888824463,0.31808528304100037,0.009967774152755737,1.0,1.0
12,eval,307,6383,0.4600454568862915,0.47001081705093384,0.009965360164642334,1.0,1.0
12,eval,308,21537,0.3658417761325836,0.37580499053001404,0.00996321439743042,1.0,1.0
12,eval,309,16245,0.3381594121456146,0.3481215238571167,0.009962111711502075,1.0,1.0
12,eval,310,12309,0.1653035283088684,0.17526428401470184,0.009960755705833435,1.0,1.0
12,eval,311,707,0.2608693540096283,0.27082696557044983,0.009957611560821533,1.0,1.0
12,eval,312,6158,0.360074907541275,0.37002480030059814,0.00994989275932312,1.0,1.0
12,eval,313,18136,0.299991250038147,0.3099406957626343,0.009949445724487305,1.0,1.0
12,eval,314,27396,0.5288665890693665,0.5189206004142761,-0.009945988655090332,1.0,1.0
12,eval,315,19510,0.2923905551433563,0.3023361563682556,0.009945601224899292,1.0,1.0
12,eval,316,8692,0.80711430311203,0.7971777319908142,-0.00993657112121582,1.0,1.0
12,eval,317,8925,0.20198048651218414,0.19204813241958618,-0.009932354092597961,1.0,1.0
12,eval,318,4972,0.3960552215576172,0.405985951423645,0.009930729866027832,1.0,1.0
12,eval,319,15608,0.675947904586792,0.685869574546814,0.009921669960021973,1.0,1.0
12,eval,320,15545,0.4295996427536011,0.4395188093185425,0.009919166564941406,1.0,1.0
12,eval,321,17247,0.4694007635116577,0.47931528091430664,0.009914517402648926,1.0,1.0
12,eval,322,16652,0.44855964183807373,0.4584735631942749,0.009913921356201172,1.0,1.0
12,eval,323,10098,0.35521164536476135,0.3651127219200134,0.009901076555252075,1.0,1.0
12,eval,324,15519,0.47357383370399475,0.4636794328689575,-0.009894400835037231,1.0,1.0
12,eval,325,26637,0.42959216237068176,0.43948042392730713,0.009888261556625366,1.0,1.0
12,eval,326,1997,0.375520795583725,0.3854043483734131,0.00988355278968811,1.0,1.0
12,eval,327,14371,0.4790763854980469,0.4889471232891083,0.009870737791061401,1.0,1.0
12,eval,328,13747,0.6518267393112183,0.6419596076011658,-0.00986713171005249,1.0,1.0
12,eval,329,24155,0.16202235221862793,0.1718883216381073,0.00986596941947937,1.0,1.0
12,eval,330,10474,0.10303504019975662,0.11289465427398682,0.009859614074230194,1.0,1.0
12,eval,331,15702,0.28349223732948303,0.29335182905197144,0.009859591722488403,1.0,1.0
12,eval,332,16755,0.36042046546936035,0.3505673408508301,-0.009853124618530273,1.0,1.0
12,eval,333,22092,0.33428478240966797,0.34413599967956543,0.009851217269897461,1.0,1.0
12,eval,334,10442,0.466638445854187,0.47648489475250244,0.00984644889831543,1.0,1.0
12,eval,335,18510,0.8301236033439636,0.8202816843986511,-0.0098419189453125,1.0,1.0
12,eval,336,25793,0.3047904074192047,0.29495012760162354,-0.009840279817581177,1.0,1.0
12,eval,337,24217,0.278832346200943,0.2886706292629242,0.009838283061981201,1.0,1.0
12,eval,338,19747,0.388403981924057,0.39824020862579346,0.00983622670173645,1.0,1.0
12,eval,339,18289,0.5182008147239685,0.5280360579490662,0.009835243225097656,1.0,1.0
12,eval,340,7136,0.22490914165973663,0.234734907746315,0.00982576608657837,1.0,1.0
12,eval,341,24617,0.2649635076522827,0.274781197309494,0.009817689657211304,1.0,1.0
12,eval,342,644,0.24558578431606293,0.25540319085121155,0.00981740653514862,1.0,1.0
12,eval,343,14387,0.4256007671356201,0.435418039560318,0.009817272424697876,1.0,1.0
12,eval,344,20468,0.5181569457054138,0.508341908454895,-0.009815037250518799,1.0,1.0
12,eval,345,21377,0.2471073865890503,0.2569192945957184,0.00981190800666809,1.0,1.0
12,eval,346,27156,0.49671339988708496,0.48690155148506165,-0.009811848402023315,1.0,1.0
12,eval,347,18639,0.4028227627277374,0.4126325845718384,0.009809821844100952,1.0,1.0
12,eval,348,11898,0.35355737805366516,0.3633617162704468,0.009804338216781616,1.0,1.0
12,eval,349,20586,0.463033527135849,0.4532369375228882,-0.009796589612960815,1.0,1.0
12,eval,350,2168,0.49379053711891174,0.5035828948020935,0.009792357683181763,1.0,1.0
12,eval,351,17452,0.4047703742980957,0.39498233795166016,-0.009788036346435547,1.0,1.0
12,eval,352,3828,0.32509467005729675,0.3348795771598816,0.009784907102584839,1.0,1.0
12,eval,353,24295,0.32310056686401367,0.3328809142112732,0.009780347347259521,1.0,1.0
12,eval,354,3498,0.33448323607444763,0.34425875544548035,0.009775519371032715,1.0,1.0
12,eval,355,18900,0.4285295307636261,0.438303679227829,0.00977414846420288,1.0,1.0
12,eval,356,2951,0.5288298726081848,0.5385878682136536,0.00975799560546875,1.0,1.0
12,eval,357,8425,0.45822206139564514,0.4679778516292572,0.00975579023361206,1.0,1.0
12,eval,358,11727,0.32160523533821106,0.331358939409256,0.009753704071044922,1.0,1.0
12,eval,359,22279,0.34738191962242126,0.357132226228714,0.009750306606292725,1.0,1.0
12,eval,360,7448,0.3933892548084259,0.4031354784965515,0.00974622368812561,1.0,1.0
12,eval,361,14965,0.4261643886566162,0.4359036386013031,0.00973924994468689,1.0,1.0
12,eval,362,1432,0.4000873863697052,0.3903520405292511,-0.009735345840454102,1.0,1.0
12,eval,363,25937,0.297732412815094,0.3074631690979004,0.009730756282806396,1.0,1.0
12,eval,364,5476,0.2996186316013336,0.3093397319316864,0.009721100330352783,1.0,1.0
12,eval,365,9235,0.4912227392196655,0.5009381771087646,0.009715437889099121,1.0,1.0
12,eval,366,16326,0.3090328872203827,0.3187333345413208,0.00970044732093811,1.0,1.0
12,eval,367,16369,0.30461812019348145,0.2949179410934448,-0.009700179100036621,1.0,1.0
12,eval,368,12521,0.40934255719184875,0.41903623938560486,0.009693682193756104,1.0,1.0
12,eval,369,4690,0.3298703134059906,0.320178747177124,-0.009691566228866577,1.0,1.0
12,eval,370,2432,0.3459910452365875,0.3556753098964691,0.009684264659881592,1.0,1.0
12,eval,371,22509,0.42081913352012634,0.4111356735229492,-0.009683459997177124,1.0,1.0
12,eval,372,12727,0.5220282673835754,0.5317095518112183,0.009681284427642822,1.0,1.0
12,eval,373,28574,0.39364194869995117,0.4033219516277313,0.009680002927780151,1.0,1.0
12,eval,374,17659,0.48377370834350586,0.47409385442733765,-0.009679853916168213,1.0,1.0
12,eval,375,12989,0.4758685529232025,0.46618959307670593,-0.009678959846496582,1.0,1.0
12,eval,376,13781,0.2542622685432434,0.26393747329711914,0.009675204753875732,1.0,1.0
12,eval,377,21717,0.10041544586420059,0.09074908494949341,-0.009666360914707184,1.0,1.0
12,eval,378,23134,0.20626844465732574,0.21592725813388824,0.0096588134765625,1.0,1.0
12,eval,379,12424,0.5647611021995544,0.574419379234314,0.009658277034759521,1.0,1.0
12,eval,380,11677,0.2443339079618454,0.2346784770488739,-0.009655430912971497,1.0,1.0
12,eval,381,4953,0.4096564054489136,0.41930508613586426,0.009648680686950684,1.0,1.0
12,eval,382,14203,0.7254552245140076,0.7351011037826538,0.00964587926864624,1.0,1.0
12,eval,383,14816,0.3605305850505829,0.37017080187797546,0.009640216827392578,1.0,1.0
12,eval,384,527,0.14646701514720917,0.15610603988170624,0.00963902473449707,1.0,1.0
12,eval,385,10885,0.3188246786594391,0.3284623920917511,0.009637713432312012,1.0,1.0
12,eval,386,3474,0.9585828185081482,0.9682152271270752,0.009632408618927002,1.0,1.0
12,eval,387,27528,0.339652419090271,0.3492790162563324,0.009626597166061401,1.0,1.0
12,eval,388,22933,0.3748891055583954,0.3845137357711792,0.009624630212783813,1.0,1.0
12,eval,389,28561,0.21153229475021362,0.22115638852119446,0.009624093770980835,1.0,1.0
12,eval,390,8546,0.4444441497325897,0.43482187390327454,-0.009622275829315186,1.0,1.0
12,eval,391,4038,0.4634891450405121,0.45387178659439087,-0.009617358446121216,1.0,1.0
12,eval,392,6328,0.36419615149497986,0.35458654165267944,-0.009609609842300415,1.0,1.0
12,eval,393,24635,0.16371674835681915,0.1733241081237793,0.009607359766960144,1.0,1.0
12,eval,394,11685,0.17398576438426971,0.16439266502857208,-0.009593099355697632,1.0,1.0
12,eval,395,5597,0.34514567255973816,0.3547379672527313,0.009592294692993164,1.0,1.0
12,eval,396,5281,0.32899171113967896,0.3385777473449707,0.009586036205291748,1.0,1.0
12,eval,397,13948,0.34170687198638916,0.35128888487815857,0.00958201289176941,1.0,1.0
12,eval,398,13486,0.4086456000804901,0.41822588443756104,0.009580284357070923,1.0,1.0
12,eval,399,5529,0.39956820011138916,0.4091438055038452,0.009575605392456055,1.0,1.0
12,eval,400,24072,0.32281991839408875,0.33239516615867615,0.009575247764587402,1.0,1.0
12,eval,401,21205,0.21699084341526031,0.20742207765579224,-0.009568765759468079,1.0,1.0
12,eval,402,21398,0.43328234553337097,0.4428469240665436,0.009564578533172607,1.0,1.0
12,eval,403,22778,0.3556089401245117,0.36516663432121277,0.00955769419670105,1.0,1.0
12,eval,404,9637,0.30324336886405945,0.312793105840683,0.009549736976623535,1.0,1.0
12,eval,405,22430,0.6132597923278809,0.622808039188385,0.00954824686050415,1.0,1.0
12,eval,406,19218,0.2608169615268707,0.2703482508659363,0.009531289339065552,1.0,1.0
12,eval,407,81,0.4111623466014862,0.4016312062740326,-0.009531140327453613,1.0,1.0
12,eval,408,25041,0.38244834542274475,0.372918039560318,-0.009530305862426758,1.0,1.0
12,eval,409,27656,0.4193579852581024,0.4288763403892517,0.009518355131149292,1.0,1.0
12,eval,410,21052,0.37794506549835205,0.3684368133544922,-0.009508252143859863,1.0,1.0
12,eval,411,8508,0.33832302689552307,0.34783032536506653,0.009507298469543457,1.0,1.0
12,eval,412,3488,0.3094072639942169,0.318912148475647,0.009504884481430054,1.0,1.0
12,eval,413,2367,0.5000476241111755,0.49056974053382874,-0.009477883577346802,1.0,1.0
12,eval,414,23666,0.8547343611717224,0.864210844039917,0.00947648286819458,1.0,1.0
12,eval,415,17362,0.2934846580028534,0.28400981426239014,-0.009474843740463257,1.0,1.0
12,eval,416,16372,0.46776890754699707,0.47724029421806335,0.009471386671066284,1.0,1.0
12,eval,417,11814,0.3241128623485565,0.3335822820663452,0.009469419717788696,1.0,1.0
12,eval,418,20748,0.27061858773231506,0.28008630871772766,0.009467720985412598,1.0,1.0
12,eval,419,12409,0.38597384095191956,0.37651166319847107,-0.009462177753448486,1.0,1.0
12,eval,420,5872,0.4670146405696869,0.47647666931152344,0.009462028741836548,1.0,1.0
12,eval,421,13204,0.3569728434085846,0.366430401802063,0.009457558393478394,1.0,1.0
12,eval,422,25501,0.33554807305336,0.32609087228775024,-0.009457200765609741,1.0,1.0
12,eval,423,13574,0.28284671902656555,0.29229241609573364,0.00944569706916809,1.0,1.0
12,eval,424,10723,0.24202682077884674,0.23258717358112335,-0.009439647197723389,1.0,1.0
12,eval,425,25454,0.33769690990448,0.32826292514801025,-0.009433984756469727,1.0,1.0
12,eval,426,25922,0.4315563440322876,0.42212235927581787,-0.009433984756469727,1.0,1.0
12,eval,427,5210,0.1317218393087387,0.14114834368228912,0.009426504373550415,1.0,1.0
12,eval,428,18848,0.20146586000919342,0.2108910083770752,0.009425148367881775,1.0,1.0
12,eval,429,17197,0.38527166843414307,0.394691526889801,0.009419858455657959,1.0,1.0
12,eval,430,25600,0.3447360098361969,0.35415542125701904,0.009419411420822144,1.0,1.0
12,eval,431,2390,0.19376929104328156,0.20318856835365295,0.009419277310371399,1.0,1.0
12,eval,432,4735,0.30347126722335815,0.29405736923217773,-0.00941389799118042,1.0,1.0
12,eval,433,10133,0.3761238753795624,0.36671459674835205,-0.009409278631210327,1.0,1.0
12,eval,434,10699,0.3795084059238434,0.3889017403125763,0.00939333438873291,1.0,1.0
12,eval,435,4550,0.2746117413043976,0.2840014100074768,0.009389668703079224,1.0,1.0
12,eval,436,17522,0.43517231941223145,0.4445575177669525,0.00938519835472107,1.0,1.0
12,eval,437,22555,0.3906949758529663,0.3813108801841736,-0.009384095668792725,1.0,1.0
12,eval,438,1313,0.30083635449409485,0.3102147579193115,0.009378403425216675,1.0,1.0
12,eval,439,339,0.29219305515289307,0.28281471133232117,-0.0093783438205719,1.0,1.0
12,eval,440,12627,0.3616802394390106,0.3710469603538513,0.009366720914840698,1.0,1.0
12,eval,441,22736,0.2931468188762665,0.30251285433769226,0.009366035461425781,1.0,1.0
12,eval,442,18290,0.268999308347702,0.27836382389068604,0.009364515542984009,1.0,1.0
12,eval,443,20516,0.20110195875167847,0.21046589314937592,0.009363934397697449,1.0,1.0
12,eval,444,1597,0.46691927313804626,0.47628122568130493,0.009361952543258667,1.0,1.0
12,eval,445,15691,0.37328553199768066,0.38263508677482605,0.009349554777145386,1.0,1.0
12,eval,446,16732,0.3735024034976959,0.382851779460907,0.00934937596321106,1.0,1.0
12,eval,447,8345,0.38261154294013977,0.3732641935348511,-0.009347349405288696,1.0,1.0
12,eval,448,27320,0.2588498890399933,0.26819583773612976,0.009345948696136475,1.0,1.0
12,eval,449,11756,0.3292873203754425,0.3386291265487671,0.009341806173324585,1.0,1.0
12,eval,450,8025,0.2762717604637146,0.2855931222438812,0.009321361780166626,1.0,1.0
12,eval,451,2708,0.2940230965614319,0.30333900451660156,0.009315907955169678,1.0,1.0
12,eval,452,10344,0.3950096666812897,0.40432068705558777,0.009311020374298096,1.0,1.0
12,eval,453,31,0.48661747574806213,0.4959239363670349,0.009306460618972778,1.0,1.0
12,eval,454,16614,0.39139029383659363,0.40069544315338135,0.00930514931678772,1.0,1.0
12,eval,455,9287,0.2285480499267578,0.23784886300563812,0.00930081307888031,1.0,1.0
12,eval,456,19138,0.21768148243427277,0.2269650548696518,0.009283572435379028,1.0,1.0
12,eval,457,14154,0.4907068908214569,0.4999893605709076,0.009282469749450684,1.0,1.0
12,eval,458,17263,0.3548710346221924,0.3641413450241089,0.009270310401916504,1.0,1.0
12,eval,459,28291,0.31013527512550354,0.31940001249313354,0.009264737367630005,1.0,1.0
12,eval,460,21021,0.27043941617012024,0.2796892523765564,0.009249836206436157,1.0,1.0
12,eval,461,14252,0.3808917701244354,0.3901408612728119,0.009249091148376465,1.0,1.0
12,eval,462,8194,0.3792245090007782,0.36997759342193604,-0.009246915578842163,1.0,1.0
12,eval,463,15407,0.25782039761543274,0.26706352829933167,0.009243130683898926,1.0,1.0
12,eval,464,26922,0.28161540627479553,0.2908424437046051,0.00922703742980957,1.0,1.0
12,eval,465,4042,0.20101182162761688,0.2102328985929489,0.009221076965332031,1.0,1.0
12,eval,466,3208,0.4855046570301056,0.4762864112854004,-0.0092182457447052,1.0,1.0
12,eval,467,11133,0.31286486983299255,0.3220827877521515,0.009217917919158936,1.0,1.0
12,eval,468,20262,0.24664224684238434,0.2558581531047821,0.009215906262397766,1.0,1.0
12,eval,469,6433,0.4570251405239105,0.4478137791156769,-0.009211361408233643,1.0,1.0
12,eval,470,7619,0.433603972196579,0.4428080916404724,0.009204119443893433,1.0,1.0
12,eval,471,26426,0.4404551088809967,0.44965484738349915,0.009199738502502441,1.0,1.0
12,eval,472,5125,0.38229212164878845,0.39149048924446106,0.009198367595672607,1.0,1.0
12,eval,473,7645,0.6172571778297424,0.6264541149139404,0.009196937084197998,1.0,1.0
12,eval,474,21861,0.3409492075443268,0.3501349687576294,0.009185761213302612,1.0,1.0
12,eval,475,6949,0.33435866236686707,0.3435404300689697,0.009181767702102661,1.0,1.0
12,eval,476,2925,0.5249893665313721,0.5341703295707703,0.009180963039398193,1.0,1.0
12,eval,477,5575,0.3417571783065796,0.3509359061717987,0.009178727865219116,1.0,1.0
12,eval,478,21742,0.31792116165161133,0.3270958662033081,0.009174704551696777,1.0,1.0
12,eval,479,2195,0.6196516156196594,0.6288250088691711,0.009173393249511719,1.0,1.0
12,eval,480,13919,0.3734593093395233,0.38262543082237244,0.009166121482849121,1.0,1.0
12,eval,481,24788,0.452510803937912,0.46166911721229553,0.009158313274383545,1.0,1.0
12,eval,482,3458,0.2364661693572998,0.2456168830394745,0.009150713682174683,1.0,1.0
12,eval,483,19114,0.4641810357570648,0.4733291268348694,0.009148091077804565,1.0,1.0
12,eval,484,4108,0.27329960465431213,0.28244316577911377,0.009143561124801636,1.0,1.0
12,eval,485,22851,0.34090277552604675,0.3500431478023529,0.009140372276306152,1.0,1.0
12,eval,486,47,0.15564654767513275,0.16477838158607483,0.009131833910942078,1.0,1.0
12,eval,487,19895,0.36604249477386475,0.375167578458786,0.009125083684921265,1.0,1.0
12,eval,488,16007,0.232136070728302,0.24125701189041138,0.009120941162109375,1.0,1.0
12,eval,489,5549,0.5273652672767639,0.5182563662528992,-0.009108901023864746,1.0,1.0
12,eval,490,20937,0.23031479120254517,0.2212064266204834,-0.009108364582061768,1.0,1.0
12,eval,491,25589,0.43607184290885925,0.44517719745635986,0.00910535454750061,1.0,1.0
12,eval,492,10047,0.4544191062450409,0.4453217089176178,-0.009097397327423096,1.0,1.0
12,eval,493,27804,0.3829699754714966,0.3920637369155884,0.009093761444091797,1.0,1.0
12,eval,494,8245,0.38727831840515137,0.3963697850704193,0.009091466665267944,1.0,1.0
12,eval,495,20936,0.3732636272907257,0.36417335271835327,-0.009090274572372437,1.0,1.0
12,eval,496,18628,0.3530740439891815,0.3439978361129761,-0.009076207876205444,1.0,1.0
12,eval,497,22684,0.24253737926483154,0.25161170959472656,0.00907433032989502,1.0,1.0
12,eval,498,12585,0.5159755945205688,0.5250361561775208,0.009060561656951904,1.0,1.0
12,eval,499,6325,0.11179566383361816,0.12084785848855972,0.009052194654941559,1.0,1.0
12,eval,500,17875,0.29747146368026733,0.30652350187301636,0.009052038192749023,1.0,1.0
18,train,1,26909,0.4875001013278961,0.5442960262298584,0.05679592490196228,1.0,1.0
18,train,2,13794,1.957158088684082,2.008240222930908,0.05108213424682617,1.0,1.0
18,train,3,20838,1.4641810655593872,1.4161161184310913,-0.0480649471282959,1.0,1.0
18,train,4,21730,0.6192240118980408,0.5714918375015259,-0.04773217439651489,1.0,1.0
18,train,5,17565,1.047406792640686,1.0004326105117798,-0.04697418212890625,1.0,1.0
18,train,6,13010,0.689796507358551,0.7330375909805298,0.04324108362197876,1.0,1.0
18,train,7,11496,0.6711461544036865,0.7132745981216431,0.04212844371795654,1.0,1.0
18,train,8,23433,0.998032808303833,0.956409752368927,-0.041623055934906006,1.0,1.0
18,train,9,3634,1.1130751371383667,1.154524564743042,0.04144942760467529,1.0,1.0
18,train,10,143,0.6960574984550476,0.655086874961853,-0.04097062349319458,1.0,1.0
18,train,11,21801,0.5807889699935913,0.5400947332382202,-0.040694236755371094,1.0,1.0
18,train,12,13056,0.5520864725112915,0.5113948583602905,-0.04069161415100098,1.0,1.0
18,train,13,16739,1.0158189535140991,0.9756895899772644,-0.04012936353683472,1.0,1.0
18,train,14,7216,1.1004213094711304,1.1404253244400024,0.04000401496887207,1.0,1.0
18,train,15,20512,0.7819715142250061,0.7419742941856384,-0.039997220039367676,1.0,1.0
18,train,16,28522,0.6791696548461914,0.6392033696174622,-0.03996628522872925,1.0,1.0
18,train,17,8873,0.5124834775924683,0.5512774586677551,0.038793981075286865,1.0,1.0
18,train,18,12076,0.44222328066825867,0.480936735868454,0.03871345520019531,1.0,1.0
18,train,19,7312,0.6940626502037048,0.6554050445556641,-0.03865760564804077,1.0,1.0
18,train,20,18562,0.9492277503013611,0.9110555648803711,-0.03817218542098999,1.0,1.0
18,train,21,13016,0.6396236419677734,0.6015450358390808,-0.03807860612869263,1.0,1.0
18,train,22,16213,0.8391513228416443,0.8010793924331665,-0.03807193040847778,1.0,1.0
18,train,23,3907,1.5739413499832153,1.6119736433029175,0.03803229331970215,1.0,1.0
18,train,24,19369,0.7538487911224365,0.7918579578399658,0.0380091667175293,1.0,1.0
18,train,25,11303,0.6190168261528015,0.5811517238616943,-0.03786510229110718,1.0,1.0
18,train,26,7485,0.6656445264816284,0.7034480571746826,0.0378035306930542,1.0,1.0
18,train,27,14762,0.555939793586731,0.5937347412109375,0.03779494762420654,1.0,1.0
18,train,28,3193,0.38433972001075745,0.42209628224372864,0.03775656223297119,1.0,1.0
18,train,29,20398,0.35244110226631165,0.31484928727149963,-0.03759181499481201,1.0,1.0
18,train,30,18518,1.0014067888259888,0.9640260338783264,-0.037380754947662354,1.0,1.0
18,train,31,11918,0.8124294877052307,0.8494453430175781,0.03701585531234741,1.0,1.0
18,train,32,13194,0.6108090281486511,0.5738921165466309,-0.036916911602020264,1.0,1.0
18,train,33,8743,0.7018916010856628,0.7388032078742981,0.036911606788635254,1.0,1.0
18,train,34,8232,0.7643687725067139,0.8011118769645691,0.036743104457855225,1.0,1.0
18,train,35,4769,0.6856606006622314,0.649062991142273,-0.036597609519958496,1.0,1.0
18,train,36,16856,0.5358452200889587,0.49929311871528625,-0.036552101373672485,1.0,1.0
18,train,37,20661,0.614514172077179,0.5780258774757385,-0.03648829460144043,1.0,1.0
18,train,38,10954,0.8523669838905334,0.8159633278846741,-0.036403656005859375,1.0,1.0
18,train,39,1427,0.7142269611358643,0.6779109239578247,-0.03631603717803955,1.0,1.0
18,train,40,11716,0.6172688603401184,0.6533892750740051,0.03612041473388672,1.0,1.0
18,train,41,19403,0.43423113226890564,0.3981289565563202,-0.03610217571258545,1.0,1.0
18,train,42,28109,1.6934137344360352,1.7294453382492065,0.03603160381317139,1.0,1.0
18,train,43,2230,0.2692466974258423,0.23324091732501984,-0.03600578010082245,1.0,1.0
18,train,44,19337,0.49030888080596924,0.526250422000885,0.03594154119491577,1.0,1.0
18,train,45,18685,0.5482252240180969,0.5839670896530151,0.03574186563491821,1.0,1.0
18,train,46,28461,0.8846732974052429,0.8489547371864319,-0.035718560218811035,1.0,1.0
18,train,47,611,1.491903305053711,1.45619535446167,-0.035707950592041016,1.0,1.0
18,train,48,28054,1.1272404193878174,1.1628994941711426,0.035659074783325195,1.0,1.0
18,train,49,19243,1.2615619897842407,1.2260676622390747,-0.035494327545166016,1.0,1.0
18,train,50,18906,0.917860746383667,0.8823841214179993,-0.035476624965667725,1.0,1.0
18,train,51,7164,1.1659626960754395,1.130693793296814,-0.03526890277862549,1.0,1.0
18,train,52,22103,0.18703724443912506,0.2223026156425476,0.035265371203422546,1.0,1.0
18,train,53,4181,0.45484474301338196,0.49010100960731506,0.035256266593933105,1.0,1.0
18,train,54,16845,0.28342321515083313,0.24824479222297668,-0.035178422927856445,1.0,1.0
18,train,55,25478,0.8290309309959412,0.7938728332519531,-0.03515809774398804,1.0,1.0
18,train,56,22574,1.475084662437439,1.440107822418213,-0.034976840019226074,1.0,1.0
18,train,57,20622,0.7656474113464355,0.730785071849823,-0.03486233949661255,1.0,1.0
18,train,58,18745,0.24243293702602386,0.27724623680114746,0.034813299775123596,1.0,1.0
18,train,59,9371,2.018881320953369,1.9841126203536987,-0.03476870059967041,1.0,1.0
18,train,60,19208,0.7429841160774231,0.777607262134552,0.034623146057128906,1.0,1.0
18,train,61,4957,0.3866148293018341,0.4212070405483246,0.03459221124649048,1.0,1.0
18,train,62,20022,5.15324592590332,5.11868143081665,-0.03456449508666992,1.0,1.0
18,train,63,819,0.5027925372123718,0.46827492117881775,-0.03451761603355408,1.0,1.0
18,train,64,19733,0.9253094792366028,0.959815263748169,0.03450578451156616,1.0,1.0
18,train,65,10548,0.6824521422386169,0.7168821692466736,0.03443002700805664,1.0,1.0
18,train,66,12665,1.112257719039917,1.0778356790542603,-0.03442203998565674,1.0,1.0
18,train,67,19364,0.824972927570343,0.7906233668327332,-0.03434956073760986,1.0,1.0
18,train,68,21999,0.5694627165794373,0.6038070917129517,0.034344375133514404,1.0,1.0
18,train,69,22503,0.5557986497879028,0.5214887857437134,-0.03430986404418945,1.0,1.0
18,train,70,24547,0.4139726459980011,0.44824278354644775,0.034270137548446655,1.0,1.0
18,train,71,2483,0.5403189659118652,0.5060517191886902,-0.03426724672317505,1.0,1.0
18,train,72,4466,0.7171009182929993,0.6829821467399597,-0.03411877155303955,1.0,1.0
18,train,73,19799,0.35654857754707336,0.39058956503868103,0.034040987491607666,1.0,1.0
18,train,74,5310,1.1146546602249146,1.1486468315124512,0.03399217128753662,1.0,1.0
18,train,75,5418,0.5180277824401855,0.5519334673881531,0.03390568494796753,1.0,1.0
18,train,76,26357,1.038865566253662,1.0727580785751343,0.03389251232147217,1.0,1.0
18,train,77,25837,0.8320913314819336,0.7982147336006165,-0.03387659788131714,1.0,1.0
18,train,78,4637,0.948164165019989,0.9818177819252014,0.0336536169052124,1.0,1.0
18,train,79,11498,0.23954398930072784,0.20589442551136017,-0.033649563789367676,1.0,1.0
18,train,80,613,0.6144126653671265,0.648058295249939,0.0336456298828125,1.0,1.0
18,train,81,7521,0.7980629801750183,0.8315556049346924,0.03349262475967407,1.0,1.0
18,train,82,20785,0.6692625880241394,0.7027042508125305,0.03344166278839111,1.0,1.0
18,train,83,19484,0.8667876124382019,0.8334672451019287,-0.03332036733627319,1.0,1.0
18,train,84,17380,0.8472715020179749,0.8139684200286865,-0.03330308198928833,1.0,1.0
18,train,85,24227,0.623193621635437,0.5899217128753662,-0.0332719087600708,1.0,1.0
18,train,86,2300,1.0456833839416504,1.012425422668457,-0.03325796127319336,1.0,1.0
18,train,87,14191,0.87222820520401,0.8390071392059326,-0.03322106599807739,1.0,1.0
18,train,88,12211,0.4535323679447174,0.4867461919784546,0.03321382403373718,1.0,1.0
18,train,89,18829,0.5727911591529846,0.6059370040893555,0.03314584493637085,1.0,1.0
18,train,90,23749,2.1395883560180664,2.106494665145874,-0.03309369087219238,1.0,1.0
18,train,91,5595,0.8131796717643738,0.8462440967559814,0.033064424991607666,1.0,1.0
18,train,92,21014,0.371051162481308,0.4041067361831665,0.03305557370185852,1.0,1.0
18,train,93,16330,0.6517840623855591,0.6846181154251099,0.03283405303955078,1.0,1.0
18,train,94,23758,0.7912755012512207,0.7584694027900696,-0.03280609846115112,1.0,1.0
18,train,95,7534,0.7654559016227722,0.7982251048088074,0.032769203186035156,1.0,1.0
18,train,96,23714,0.6619755029678345,0.6947080492973328,0.03273254632949829,1.0,1.0
18,train,97,10952,0.7924713492393494,0.7597782611846924,-0.03269308805465698,1.0,1.0
18,train,98,10402,0.3981981575489044,0.4307052195072174,0.03250706195831299,1.0,1.0
18,train,99,7268,0.9977846145629883,0.96538245677948,-0.0324021577835083,1.0,1.0
18,train,100,672,0.508643627166748,0.5409905314445496,0.032346904277801514,1.0,1.0
18,train,101,1057,1.2169641256332397,1.1846346855163574,-0.032329440116882324,1.0,1.0
18,train,102,9702,0.6168115735054016,0.6490830779075623,0.032271504402160645,1.0,1.0
18,train,103,18796,1.0117212533950806,0.97948157787323,-0.032239675521850586,1.0,1.0
18,train,104,16442,0.6666452288627625,0.6344163417816162,-0.03222888708114624,1.0,1.0
18,train,105,18715,0.702065646648407,0.6698577404022217,-0.0322079062461853,1.0,1.0
18,train,106,27986,0.4190463721752167,0.45103591680526733,0.03198954463005066,1.0,1.0
18,train,107,4926,0.9649558663368225,0.9969363808631897,0.03198051452636719,1.0,1.0
18,train,108,14206,0.588249146938324,0.5563324093818665,-0.03191673755645752,1.0,1.0
18,train,109,19793,1.1084039211273193,1.140246868133545,0.031842947006225586,1.0,1.0
18,train,110,24957,0.4522290527820587,0.42046111822128296,-0.03176793456077576,1.0,1.0
18,train,111,15664,0.4999741017818451,0.5317233204841614,0.031749218702316284,1.0,1.0
18,train,112,7802,0.4024094045162201,0.3706890642642975,-0.03172034025192261,1.0,1.0
18,train,113,6543,1.1042801141738892,1.072582721710205,-0.03169739246368408,1.0,1.0
18,train,114,4667,0.5798793435096741,0.6115350723266602,0.031655728816986084,1.0,1.0
18,train,115,15152,0.43985509872436523,0.4715034067630768,0.03164830803871155,1.0,1.0
18,train,116,26135,0.8227967619895935,0.7911546230316162,-0.031642138957977295,1.0,1.0
18,train,117,5044,0.38609662652015686,0.3544786870479584,-0.031617939472198486,1.0,1.0
18,train,118,911,0.5499376058578491,0.5815512537956238,0.03161364793777466,1.0,1.0
18,train,119,10734,0.6305297613143921,0.5989245176315308,-0.03160524368286133,1.0,1.0
18,train,120,17054,0.9168829321861267,0.8853587508201599,-0.0315241813659668,1.0,1.0
18,train,121,20541,0.6705195307731628,0.6389976143836975,-0.03152191638946533,1.0,1.0
18,train,122,3596,0.5825037360191345,0.6140086054801941,0.03150486946105957,1.0,1.0
18,train,123,3200,0.6381962895393372,0.6067247986793518,-0.03147149085998535,1.0,1.0
18,train,124,26044,0.6601801514625549,0.6287285685539246,-0.03145158290863037,1.0,1.0
18,train,125,17420,0.8627970218658447,0.8314037919044495,-0.031393229961395264,1.0,1.0
18,train,126,19732,1.0995312929153442,1.0681986808776855,-0.03133261203765869,1.0,1.0
18,train,127,13002,0.3103119432926178,0.34153470396995544,0.031222760677337646,1.0,1.0
18,train,128,27011,0.6522135734558105,0.6210103631019592,-0.03120321035385132,1.0,1.0
18,train,129,22632,0.6042178273200989,0.5730758309364319,-0.031141996383666992,1.0,1.0
18,train,130,26623,0.9977579712867737,0.9666470289230347,-0.031110942363739014,1.0,1.0
18,train,131,8565,0.5084757804870605,0.47742748260498047,-0.031048297882080078,1.0,1.0
18,train,132,12339,0.7634539008140564,0.7944938540458679,0.031039953231811523,1.0,1.0
18,train,133,24310,0.8690932393074036,0.8381720185279846,-0.030921220779418945,1.0,1.0
18,train,134,20226,0.8690914511680603,0.8999969959259033,0.030905544757843018,1.0,1.0
18,train,135,14289,0.7693434357643127,0.7384582757949829,-0.030885159969329834,1.0,1.0
18,train,136,7267,0.6340874433517456,0.6649264097213745,0.030838966369628906,1.0,1.0
18,train,137,11338,0.8238763809204102,0.7930445075035095,-0.030831873416900635,1.0,1.0
18,train,138,28544,0.6659740805625916,0.6968034505844116,0.03082937002182007,1.0,1.0
18,train,139,13990,0.4806668758392334,0.5114853382110596,0.030818462371826172,1.0,1.0
18,train,140,1260,0.7241021990776062,0.693308413028717,-0.03079378604888916,1.0,1.0
18,train,141,1852,0.533595621585846,0.5643861293792725,0.030790507793426514,1.0,1.0
18,train,142,13934,0.6817619800567627,0.650981068611145,-0.030780911445617676,1.0,1.0
18,train,143,18044,1.2072114944458008,1.1764709949493408,-0.03074049949645996,1.0,1.0
18,train,144,4110,0.8487474918365479,0.8794681429862976,0.030720651149749756,1.0,1.0
18,train,145,4121,0.9485690593719482,0.9178900122642517,-0.030679047107696533,1.0,1.0
18,train,146,11959,0.8199913501739502,0.7893826961517334,-0.030608654022216797,1.0,1.0
18,train,147,6510,0.390587717294693,0.4211410582065582,0.030553340911865234,1.0,1.0
18,train,148,431,0.5008033514022827,0.4703157842159271,-0.03048756718635559,1.0,1.0
18,train,149,1389,0.8260247111320496,0.8565082550048828,0.030483543872833252,1.0,1.0
18,train,150,6359,0.6126787066459656,0.6431447267532349,0.030466020107269287,1.0,1.0
18,train,151,2171,1.2485271692276,1.2180628776550293,-0.0304642915725708,1.0,1.0
18,train,152,25354,0.6413090229034424,0.6108916997909546,-0.030417323112487793,1.0,1.0
18,train,153,1876,1.3609347343444824,1.3913066387176514,0.030371904373168945,1.0,1.0
18,train,154,13575,0.5137545466423035,0.48339664936065674,-0.03035789728164673,1.0,1.0
18,train,155,4589,0.836116373538971,0.8058141469955444,-0.030302226543426514,1.0,1.0
18,train,156,14933,1.3068411350250244,1.276542067527771,-0.030299067497253418,1.0,1.0
18,train,157,5363,1.2755745649337769,1.245303988456726,-0.03027057647705078,1.0,1.0
18,train,158,22363,0.6638378500938416,0.6335685849189758,-0.030269265174865723,1.0,1.0
18,train,159,11590,0.7511395812034607,0.7209085822105408,-0.030230998992919922,1.0,1.0
18,train,160,21763,0.48458337783813477,0.4543672204017639,-0.03021615743637085,1.0,1.0
18,train,161,4790,0.6784002184867859,0.6482046842575073,-0.030195534229278564,1.0,1.0
18,train,162,3149,0.953104555606842,0.9229254126548767,-0.030179142951965332,1.0,1.0
18,train,163,2026,0.7786454558372498,0.7484915256500244,-0.030153930187225342,1.0,1.0
18,train,164,23186,0.8681169152259827,0.8982594013214111,0.030142486095428467,1.0,1.0
18,train,165,20866,0.7939837574958801,0.8241117000579834,0.03012794256210327,1.0,1.0
18,train,166,24742,0.42918381094932556,0.459297239780426,0.030113428831100464,1.0,1.0
18,train,167,19360,0.3591932952404022,0.3892219364643097,0.03002864122390747,1.0,1.0
18,train,168,2507,0.23084114491939545,0.2008151412010193,-0.03002600371837616,1.0,1.0
18,train,169,357,0.45012035965919495,0.4201034605503082,-0.03001689910888672,1.0,1.0
18,train,170,22794,0.736152708530426,0.706153929233551,-0.029998779296875,1.0,1.0
18,train,171,25086,0.3762400150299072,0.40621477365493774,0.029974758625030518,1.0,1.0
18,train,172,25854,0.48036810755729675,0.5103224515914917,0.029954344034194946,1.0,1.0
18,train,173,22221,0.36306533217430115,0.3331146240234375,-0.029950708150863647,1.0,1.0
18,train,174,14901,0.41550007462501526,0.3855878710746765,-0.029912203550338745,1.0,1.0
18,train,175,22826,0.7805703282356262,0.7506641149520874,-0.02990621328353882,1.0,1.0
18,train,176,9407,0.7623632550239563,0.7324702739715576,-0.02989298105239868,1.0,1.0
18,train,177,5016,0.9954898953437805,1.0253820419311523,0.029892146587371826,1.0,1.0
18,train,178,23060,0.464629203081131,0.49448999762535095,0.02986079454421997,1.0,1.0
18,train,179,17667,0.4570082426071167,0.4271511435508728,-0.029857099056243896,1.0,1.0
18,train,180,20906,0.7265740036964417,0.6967179775238037,-0.02985602617263794,1.0,1.0
18,train,181,2151,0.4776392877101898,0.44782277941703796,-0.029816508293151855,1.0,1.0
18,train,182,3226,0.5902935862541199,0.6201072335243225,0.029813647270202637,1.0,1.0
18,train,183,25349,0.5494221448898315,0.5196377038955688,-0.029784440994262695,1.0,1.0
18,train,184,10778,0.26035645604133606,0.2901073694229126,0.029750913381576538,1.0,1.0
18,train,185,23940,0.2700918912887573,0.2403537929058075,-0.02973809838294983,1.0,1.0
18,train,186,7676,0.7179757952690125,0.6882394552230835,-0.029736340045928955,1.0,1.0
18,train,187,18065,1.0191459655761719,0.989410936832428,-0.029735028743743896,1.0,1.0
18,train,188,14199,0.8463037014007568,0.8165985941886902,-0.02970510721206665,1.0,1.0
18,train,189,1030,0.6548818945884705,0.6251807808876038,-0.0297011137008667,1.0,1.0
18,train,190,18997,0.5571214556694031,0.5868005752563477,0.02967911958694458,1.0,1.0
18,train,191,16962,0.21016913652420044,0.2397736757993698,0.029604539275169373,1.0,1.0
18,train,192,21557,0.4114924371242523,0.44100290536880493,0.029510468244552612,1.0,1.0
18,train,193,15281,0.6494177579879761,0.6199343204498291,-0.029483437538146973,1.0,1.0
18,train,194,9211,0.15377496182918549,0.1832503229379654,0.029475361108779907,1.0,1.0
18,train,195,17909,0.3543064594268799,0.3837209641933441,0.029414504766464233,1.0,1.0
18,train,196,10551,0.9584253430366516,0.9878196716308594,0.029394328594207764,1.0,1.0
18,train,197,24133,0.7705330848693848,0.799883246421814,0.0293501615524292,1.0,1.0
18,train,198,16147,0.9937964081764221,1.023145318031311,0.029348909854888916,1.0,1.0
18,train,199,22919,0.4349069893360138,0.40556710958480835,-0.029339879751205444,1.0,1.0
18,train,200,6515,0.7866957187652588,0.8160328269004822,0.02933710813522339,1.0,1.0
18,train,201,994,0.33041617274284363,0.3597477078437805,0.02933153510093689,1.0,1.0
18,train,202,8477,1.5128750801086426,1.5421687364578247,0.02929365634918213,1.0,1.0
18,train,203,12250,0.6633036732673645,0.634086549282074,-0.029217123985290527,1.0,1.0
18,train,204,23259,0.6272445917129517,0.5980730652809143,-0.029171526432037354,1.0,1.0
18,train,205,22942,0.634311854839325,0.6634760499000549,0.02916419506072998,1.0,1.0
18,train,206,22917,0.5273711085319519,0.5565330982208252,0.02916198968887329,1.0,1.0
18,train,207,22526,0.7434866428375244,0.7726413607597351,0.029154717922210693,1.0,1.0
18,train,208,4306,0.7489505410194397,0.719817042350769,-0.029133498668670654,1.0,1.0
18,train,209,14673,0.5018271803855896,0.5309213995933533,0.029094219207763672,1.0,1.0
18,train,210,2320,0.7058811187744141,0.6767935156822205,-0.029087603092193604,1.0,1.0
18,train,211,26326,0.6794076561927795,0.6503559947013855,-0.029051661491394043,1.0,1.0
18,train,212,28240,0.7835288047790527,0.8125553727149963,0.029026567935943604,1.0,1.0
18,train,213,13364,0.5497779250144958,0.5787044763565063,0.028926551342010498,1.0,1.0
18,train,214,23729,0.5082935690879822,0.5371525287628174,0.028858959674835205,1.0,1.0
18,train,215,25630,0.7219674587249756,0.6931285858154297,-0.0288388729095459,1.0,1.0
18,train,216,25426,0.3923194110393524,0.3634839951992035,-0.028835415840148926,1.0,1.0
18,train,217,5857,0.8219271302223206,0.7930982708930969,-0.028828859329223633,1.0,1.0
18,train,218,1941,0.5488057732582092,0.5199790596961975,-0.02882671356201172,1.0,1.0
18,train,219,7120,0.48039868474006653,0.4515736997127533,-0.028824985027313232,1.0,1.0
18,train,220,9835,0.7905552387237549,0.8193638920783997,0.028808653354644775,1.0,1.0
18,train,221,6250,1.110864520072937,1.0820833444595337,-0.02878117561340332,1.0,1.0
18,train,222,10803,0.5987635254859924,0.6274997591972351,0.028736233711242676,1.0,1.0
18,train,223,24429,1.1532763242721558,1.1819700002670288,0.028693675994873047,1.0,1.0
18,train,224,12347,1.1868664026260376,1.158174991607666,-0.028691411018371582,1.0,1.0
18,train,225,14275,0.3637567460536957,0.3351857662200928,-0.028570979833602905,1.0,1.0
18,train,226,17928,0.603264570236206,0.631781816482544,0.02851724624633789,1.0,1.0
18,train,227,28244,0.49058035016059875,0.5190950036048889,0.02851465344429016,1.0,1.0
18,train,228,170,0.6981163620948792,0.6696136593818665,-0.028502702713012695,1.0,1.0
18,train,229,23856,0.7889744639396667,0.7605047225952148,-0.028469741344451904,1.0,1.0
18,train,230,25617,1.269973874092102,1.2415186166763306,-0.028455257415771484,1.0,1.0
18,train,231,16791,1.3021856546401978,1.2737388610839844,-0.02844679355621338,1.0,1.0
18,train,232,25575,0.44978415966033936,0.4782228469848633,0.028438687324523926,1.0,1.0
18,train,233,8598,0.5967681407928467,0.625150740146637,0.028382599353790283,1.0,1.0
18,train,234,17365,0.7140073180198669,0.742382287979126,0.028374969959259033,1.0,1.0
18,train,235,3469,0.5037364363670349,0.47536638379096985,-0.028370052576065063,1.0,1.0
18,train,236,24989,0.8276448845863342,0.8560076355934143,0.028362751007080078,1.0,1.0
18,train,237,2143,0.7093784213066101,0.7377402186393738,0.028361797332763672,1.0,1.0
18,train,238,6063,0.6323366761207581,0.603985607624054,-0.0283510684967041,1.0,1.0
18,train,239,27348,0.6264342665672302,0.5980865955352783,-0.028347671031951904,1.0,1.0
18,train,240,16869,0.36297300457954407,0.3912588655948639,0.028285861015319824,1.0,1.0
18,train,241,13695,0.6296618580818176,0.6578943133354187,0.028232455253601074,1.0,1.0
18,train,242,17466,0.8426811695098877,0.8708972930908203,0.028216123580932617,1.0,1.0
18,train,243,9225,0.7351295948028564,0.7633424401283264,0.02821284532546997,1.0,1.0
18,train,244,24601,0.5503085255622864,0.5785062313079834,0.02819770574569702,1.0,1.0
18,train,245,15003,0.7794193625450134,0.8076088428497314,0.028189480304718018,1.0,1.0
18,train,246,16578,0.6356056332588196,0.663794755935669,0.028189122676849365,1.0,1.0
18,train,247,20811,0.6382085084915161,0.6100261807441711,-0.02818232774734497,1.0,1.0
18,train,248,25187,0.7542157173156738,0.7260411381721497,-0.02817457914352417,1.0,1.0
18,train,249,14413,0.45148324966430664,0.4233105480670929,-0.028172701597213745,1.0,1.0
18,train,250,13054,0.6957941651344299,0.7239391207695007,0.0281449556350708,1.0,1.0
18,train,251,17655,0.28428807854652405,0.3124289810657501,0.028140902519226074,1.0,1.0
18,train,252,14650,0.46207043528556824,0.4901825189590454,0.028112083673477173,1.0,1.0
18,train,253,18568,0.3220093548297882,0.35008659958839417,0.028077244758605957,1.0,1.0
18,train,254,13577,0.5876872539520264,0.5596665143966675,-0.028020739555358887,1.0,1.0
18,train,255,5246,0.7018774151802063,0.7298867702484131,0.028009355068206787,1.0,1.0
18,train,256,6287,0.6571587920188904,0.6851614713668823,0.028002679347991943,1.0,1.0
18,train,257,270,1.1939797401428223,1.1659854650497437,-0.027994275093078613,1.0,1.0
18,train,258,725,0.7995175719261169,0.8275020718574524,0.02798449993133545,1.0,1.0
18,train,259,8472,0.597561240196228,0.5695792436599731,-0.027981996536254883,1.0,1.0
18,train,260,5041,0.6433879137039185,0.6154223084449768,-0.02796560525894165,1.0,1.0
18,train,261,14284,0.712965726852417,0.7409042716026306,0.027938544750213623,1.0,1.0
18,train,262,22782,0.8409666419029236,0.8130397200584412,-0.027926921844482422,1.0,1.0
18,train,263,19581,0.645804226398468,0.673728346824646,0.02792412042617798,1.0,1.0
18,train,264,18445,1.2925790548324585,1.2647356986999512,-0.027843356132507324,1.0,1.0
18,train,265,18150,1.3191249370574951,1.346954345703125,0.027829408645629883,1.0,1.0
18,train,266,25574,1.7619237899780273,1.7341549396514893,-0.027768850326538086,1.0,1.0
18,train,267,15746,0.5147480368614197,0.4870048761367798,-0.027743160724639893,1.0,1.0
18,train,268,16812,0.5125899910926819,0.48484739661216736,-0.027742594480514526,1.0,1.0
18,train,269,21277,0.5437178015708923,0.5160126090049744,-0.02770519256591797,1.0,1.0
18,train,270,28507,0.7619044184684753,0.7342348694801331,-0.027669548988342285,1.0,1.0
18,train,271,8666,0.6164931654930115,0.6441340446472168,0.027640879154205322,1.0,1.0
18,train,272,27030,0.9121303558349609,0.8845056295394897,-0.02762472629547119,1.0,1.0
18,train,273,3700,1.2053583860397339,1.1777515411376953,-0.027606844902038574,1.0,1.0
18,train,274,26944,0.4145340025424957,0.3869323134422302,-0.027601689100265503,1.0,1.0
18,train,275,16543,0.35269665718078613,0.38029593229293823,0.0275992751121521,1.0,1.0
18,train,276,19764,0.8437681794166565,0.8713604211807251,0.027592241764068604,1.0,1.0
18,train,277,24669,0.6505150198936462,0.6229483485221863,-0.02756667137145996,1.0,1.0
18,train,278,24388,0.7668135762214661,0.7392976880073547,-0.027515888214111328,1.0,1.0
18,train,279,11874,0.4112031161785126,0.3836963474750519,-0.027506768703460693,1.0,1.0
18,train,280,8681,0.5066066384315491,0.47914212942123413,-0.02746450901031494,1.0,1.0
18,train,281,20147,0.528348982334137,0.5558034181594849,0.0274544358253479,1.0,1.0
18,train,282,13579,0.6344252228736877,0.6618726253509521,0.027447402477264404,1.0,1.0
18,train,283,5592,0.7271167635917664,0.7545607686042786,0.027444005012512207,1.0,1.0
18,train,284,12290,0.7669828534126282,0.7944216728210449,0.027438819408416748,1.0,1.0
18,train,285,13406,0.4743852913379669,0.4469646215438843,-0.02742066979408264,1.0,1.0
18,train,286,5576,0.438944935798645,0.4663451611995697,0.027400225400924683,1.0,1.0
18,train,287,10900,0.8063259720802307,0.8337162137031555,0.027390241622924805,1.0,1.0
18,train,288,19695,0.631382167339325,0.6587433218955994,0.027361154556274414,1.0,1.0
18,train,289,1995,0.6394763588905334,0.6121178865432739,-0.02735847234725952,1.0,1.0
18,train,290,16236,0.8169875741004944,0.7896320223808289,-0.027355551719665527,1.0,1.0
18,train,291,21706,1.0306485891342163,1.0032986402511597,-0.02734994888305664,1.0,1.0
18,train,292,3036,1.8191291093826294,1.846445083618164,0.027315974235534668,1.0,1.0
18,train,293,28583,0.7634229063987732,0.736129105091095,-0.027293801307678223,1.0,1.0
18,train,294,2516,0.915518581867218,0.8882352709770203,-0.027283310890197754,1.0,1.0
18,train,295,17618,0.7101184725761414,0.7373911738395691,0.027272701263427734,1.0,1.0
18,train,296,19332,0.8115563988685608,0.7842985987663269,-0.027257800102233887,1.0,1.0
18,train,297,11771,0.6622561812400818,0.6895137429237366,0.027257561683654785,1.0,1.0
18,train,298,4587,0.35725703835487366,0.3845111131668091,0.027254074811935425,1.0,1.0
18,train,299,21747,0.7709775567054749,0.7437333464622498,-0.027244210243225098,1.0,1.0
18,train,300,21811,0.4970754384994507,0.4698437452316284,-0.027231693267822266,1.0,1.0
18,train,301,8352,0.21460865437984467,0.18739053606987,-0.02721811830997467,1.0,1.0
18,train,302,12323,0.3436783254146576,0.3708784580230713,0.027200132608413696,1.0,1.0
18,train,303,24728,0.7219259738922119,0.6947274804115295,-0.027198493480682373,1.0,1.0
18,train,304,26299,0.892108678817749,0.9192947745323181,0.027186095714569092,1.0,1.0
18,train,305,13938,1.004219889640808,1.0314037799835205,0.027183890342712402,1.0,1.0
18,train,306,20050,0.6138344407081604,0.5866535902023315,-0.027180850505828857,1.0,1.0
18,train,307,5184,0.8147682547569275,0.7876100540161133,-0.02715820074081421,1.0,1.0
18,train,308,754,0.42304834723472595,0.3959304988384247,-0.02711784839630127,1.0,1.0
18,train,309,21395,0.764739990234375,0.7918431758880615,0.027103185653686523,1.0,1.0
18,train,310,16896,0.6787429451942444,0.7058327198028564,0.02708977460861206,1.0,1.0
18,train,311,13559,0.4364820420742035,0.4635685384273529,0.027086496353149414,1.0,1.0
18,train,312,19770,1.0371816158294678,1.0101171731948853,-0.02706444263458252,1.0,1.0
18,train,313,27713,0.722568690776825,0.6955298185348511,-0.027038872241973877,1.0,1.0
18,train,314,4611,0.9372825622558594,0.9102712273597717,-0.027011334896087646,1.0,1.0
18,train,315,3481,0.7427032589912415,0.7696854472160339,0.02698218822479248,1.0,1.0
18,train,316,24478,0.5318925976753235,0.5049214959144592,-0.026971101760864258,1.0,1.0
18,train,317,11392,0.5597405433654785,0.5327708721160889,-0.02696967124938965,1.0,1.0
18,train,318,14250,0.7236527800559998,0.7506186366081238,0.026965856552124023,1.0,1.0
18,train,319,8595,0.5546550154685974,0.581619381904602,0.02696436643600464,1.0,1.0
18,train,320,22565,1.006370186805725,0.9794093370437622,-0.02696084976196289,1.0,1.0
18,train,321,19041,0.7256529331207275,0.6987066864967346,-0.02694624662399292,1.0,1.0
18,train,322,16735,0.45014476776123047,0.42320770025253296,-0.02693706750869751,1.0,1.0
18,train,323,6312,0.6294205188751221,0.6024872064590454,-0.02693331241607666,1.0,1.0
18,train,324,24732,0.48611295223236084,0.5129945278167725,0.02688157558441162,1.0,1.0
18,train,325,26728,0.6896697878837585,0.6627925038337708,-0.026877284049987793,1.0,1.0
18,train,326,26198,1.2752763032913208,1.2484114170074463,-0.02686488628387451,1.0,1.0
18,train,327,22611,1.0192381143569946,0.9923778176307678,-0.026860296726226807,1.0,1.0
18,train,328,14061,1.155053734779358,1.128200888633728,-0.026852846145629883,1.0,1.0
18,train,329,11093,0.6771860122680664,0.7040312886238098,0.026845276355743408,1.0,1.0
18,train,330,13649,0.35986337065696716,0.3330543339252472,-0.02680903673171997,1.0,1.0
18,train,331,7410,0.691471517086029,0.6646740436553955,-0.026797473430633545,1.0,1.0
18,train,332,16555,0.48776158690452576,0.5145576596260071,0.026796072721481323,1.0,1.0
18,train,333,12227,0.48921772837638855,0.5160012245178223,0.026783496141433716,1.0,1.0
18,train,334,21588,0.6111631989479065,0.5843846797943115,-0.02677851915359497,1.0,1.0
18,train,335,27141,0.33409932255744934,0.3608602285385132,0.026760905981063843,1.0,1.0
18,train,336,19999,0.7070856094360352,0.733839750289917,0.026754140853881836,1.0,1.0
18,train,337,4079,0.40616926550865173,0.43292197585105896,0.026752710342407227,1.0,1.0
18,train,338,11391,0.356326699256897,0.32958337664604187,-0.026743322610855103,1.0,1.0
18,train,339,20793,0.5252808928489685,0.4985382854938507,-0.026742607355117798,1.0,1.0
18,train,340,10783,0.9121837615966797,0.9389116764068604,0.026727914810180664,1.0,1.0
18,train,341,3601,0.7105877995491028,0.6838659644126892,-0.026721835136413574,1.0,1.0
18,train,342,11423,0.8580923676490784,0.8848035931587219,0.026711225509643555,1.0,1.0
18,train,343,19106,0.851574182510376,0.8248844742774963,-0.02668970823287964,1.0,1.0
18,train,344,22389,0.4959709644317627,0.469301700592041,-0.02666926383972168,1.0,1.0
18,train,345,24043,0.5417320132255554,0.5683967471122742,0.02666473388671875,1.0,1.0
18,train,346,24558,0.5344339609146118,0.5610781311988831,0.02664417028427124,1.0,1.0
18,train,347,6293,0.6452774405479431,0.6186903119087219,-0.02658712863922119,1.0,1.0
18,train,348,14388,0.5424559712409973,0.5690256357192993,0.026569664478302002,1.0,1.0
18,train,349,18608,1.0024014711380005,0.9758400321006775,-0.026561439037322998,1.0,1.0
18,train,350,20168,0.7029363512992859,0.6763787865638733,-0.026557564735412598,1.0,1.0
18,train,351,5569,0.722305953502655,0.6957486271858215,-0.026557326316833496,1.0,1.0
18,train,352,14925,0.6498950719833374,0.6233415603637695,-0.02655351161956787,1.0,1.0
18,train,353,27927,1.0009878873825073,0.9744362235069275,-0.026551663875579834,1.0,1.0
18,train,354,21760,0.40364328026771545,0.3771016001701355,-0.026541680097579956,1.0,1.0
18,train,355,12872,0.6372467279434204,0.6637709736824036,0.026524245738983154,1.0,1.0
18,train,356,7261,0.6932677626609802,0.6667578220367432,-0.02650994062423706,1.0,1.0
18,train,357,4313,0.3142258822917938,0.3407243490219116,0.026498466730117798,1.0,1.0
18,train,358,852,0.609089195728302,0.5825915932655334,-0.026497602462768555,1.0,1.0
18,train,359,20928,0.7417581677436829,0.7152698636054993,-0.026488304138183594,1.0,1.0
18,train,360,2389,0.45163437724113464,0.47810617089271545,0.02647179365158081,1.0,1.0
18,train,361,16505,0.17935021221637726,0.20581743121147156,0.0264672189950943,1.0,1.0
18,train,362,13634,0.6780772805213928,0.6516100764274597,-0.026467204093933105,1.0,1.0
18,train,363,21676,0.6393824219703674,0.6129319667816162,-0.02645045518875122,1.0,1.0
18,train,364,26245,0.5716775059700012,0.5981127619743347,0.026435256004333496,1.0,1.0
18,train,365,16324,0.683175802230835,0.6567550897598267,-0.0264207124710083,1.0,1.0
18,train,366,20814,0.9369430541992188,0.9105381369590759,-0.026404917240142822,1.0,1.0
18,train,367,25469,0.7291242480278015,0.7555041909217834,0.026379942893981934,1.0,1.0
18,train,368,26962,0.7656781077384949,0.7392987608909607,-0.02637934684753418,1.0,1.0
18,train,369,10447,0.738203227519989,0.7118303775787354,-0.026372849941253662,1.0,1.0
18,train,370,14449,0.7380061149597168,0.711644172668457,-0.026361942291259766,1.0,1.0
18,train,371,19318,0.6012246608734131,0.6275857090950012,0.026361048221588135,1.0,1.0
18,train,372,21234,0.8347578644752502,0.8083990812301636,-0.02635878324508667,1.0,1.0
18,train,373,14777,0.7223150134086609,0.6959831714630127,-0.026331841945648193,1.0,1.0
18,train,374,27411,0.46345362067222595,0.4897739589214325,0.026320338249206543,1.0,1.0
18,train,375,16457,0.2006729394197464,0.22697919607162476,0.026306256651878357,1.0,1.0
18,train,376,9508,0.5770055651664734,0.5507050156593323,-0.026300549507141113,1.0,1.0
18,train,377,5047,0.501789391040802,0.5280495285987854,0.0262601375579834,1.0,1.0
18,train,378,27509,0.6108283996582031,0.6370611190795898,0.02623271942138672,1.0,1.0
18,train,379,2958,0.7890586256980896,0.7628291249275208,-0.026229500770568848,1.0,1.0
18,train,380,28195,0.7248781323432922,0.6986545324325562,-0.026223599910736084,1.0,1.0
18,train,381,13734,1.1870110034942627,1.1608102321624756,-0.02620077133178711,1.0,1.0
18,train,382,27487,0.4088219106197357,0.3826262652873993,-0.026195645332336426,1.0,1.0
18,train,383,4570,1.0081826448440552,0.9819924235343933,-0.026190221309661865,1.0,1.0
18,train,384,11797,0.21017754077911377,0.23634642362594604,0.026168882846832275,1.0,1.0
18,train,385,13906,0.6619569659233093,0.6881126761436462,0.026155710220336914,1.0,1.0
18,train,386,18131,0.5703210830688477,0.5964726805686951,0.026151597499847412,1.0,1.0
18,train,387,19661,0.2747310400009155,0.30088043212890625,0.026149392127990723,1.0,1.0
18,train,388,21313,0.4167911112308502,0.39064329862594604,-0.026147812604904175,1.0,1.0
18,train,389,12664,0.323743611574173,0.2975977957248688,-0.0261458158493042,1.0,1.0
18,train,390,5312,0.5473710894584656,0.5735089182853699,0.026137828826904297,1.0,1.0
18,train,391,12730,0.9947366714477539,0.9686025977134705,-0.026134073734283447,1.0,1.0
18,train,392,17188,0.2871248424053192,0.3132207691669464,0.026095926761627197,1.0,1.0
18,train,393,14133,1.370036244392395,1.3961260318756104,0.026089787483215332,1.0,1.0
18,train,394,15406,0.7305422425270081,0.7044676542282104,-0.026074588298797607,1.0,1.0
18,train,395,10392,0.5231695771217346,0.5492412447929382,0.026071667671203613,1.0,1.0
18,train,396,26740,0.5421147346496582,0.5681856870651245,0.02607095241546631,1.0,1.0
18,train,397,5973,0.453170508146286,0.47923189401626587,0.02606138586997986,1.0,1.0
18,train,398,303,1.0702121257781982,1.0441560745239258,-0.02605605125427246,1.0,1.0
18,train,399,27199,1.4567421674728394,1.430692434310913,-0.02604973316192627,1.0,1.0
18,train,400,11070,0.7114076018333435,0.7374275922775269,0.02601999044418335,1.0,1.0
18,train,401,5325,0.4841247797012329,0.4581174850463867,-0.02600729465484619,1.0,1.0
18,train,402,8257,1.451062560081482,1.4250829219818115,-0.02597963809967041,1.0,1.0
18,train,403,22444,0.4718058109283447,0.4458298087120056,-0.02597600221633911,1.0,1.0
18,train,404,19977,0.5393468141555786,0.5133755207061768,-0.025971293449401855,1.0,1.0
18,train,405,2164,0.8673463463783264,0.89328932762146,0.025942981243133545,1.0,1.0
18,train,406,25023,0.6770070195198059,0.6510664224624634,-0.02594059705734253,1.0,1.0
18,train,407,3171,0.4416867792606354,0.41576045751571655,-0.025926321744918823,1.0,1.0
18,train,408,21882,0.7655599117279053,0.7914733290672302,0.02591341733932495,1.0,1.0
18,train,409,12620,0.589508593082428,0.6154215335845947,0.025912940502166748,1.0,1.0
18,train,410,1120,0.9043170809745789,0.9302294254302979,0.025912344455718994,1.0,1.0
18,train,411,26769,0.5509430170059204,0.5768532752990723,0.025910258293151855,1.0,1.0
18,train,412,4052,0.7685759663581848,0.7944846749305725,0.025908708572387695,1.0,1.0
18,train,413,13060,0.74896639585495,0.7748749852180481,0.025908589363098145,1.0,1.0
18,train,414,1411,0.6752187609672546,0.6493154168128967,-0.02590334415435791,1.0,1.0
18,train,415,23658,0.727550745010376,0.7016497850418091,-0.025900959968566895,1.0,1.0
18,train,416,20134,0.8930158615112305,0.8671289086341858,-0.025886952877044678,1.0,1.0
18,train,417,18230,0.3774171769618988,0.4032960534095764,0.025878876447677612,1.0,1.0
18,train,418,7259,0.8650638461112976,0.8909325003623962,0.025868654251098633,1.0,1.0
18,train,419,27504,0.630578339099884,0.6047137975692749,-0.02586454153060913,1.0,1.0
18,train,420,6710,0.4612874984741211,0.43542420864105225,-0.025863289833068848,1.0,1.0
18,train,421,4546,0.489386647939682,0.4635326564311981,-0.025853991508483887,1.0,1.0
18,train,422,10424,0.39781486988067627,0.37196290493011475,-0.025851964950561523,1.0,1.0
18,train,423,16304,1.3006755113601685,1.3265211582183838,0.025845646858215332,1.0,1.0
18,train,424,18782,0.9977285265922546,0.9718836545944214,-0.025844871997833252,1.0,1.0
18,train,425,16049,0.4816243648529053,0.5074608325958252,0.025836467742919922,1.0,1.0
18,train,426,18589,0.7381701469421387,0.7123639583587646,-0.025806188583374023,1.0,1.0
18,train,427,5277,0.46061208844184875,0.48637422919273376,0.02576214075088501,1.0,1.0
18,train,428,7814,0.23005670309066772,0.2558165490627289,0.025759845972061157,1.0,1.0
18,train,429,21119,0.47667357325553894,0.5024234652519226,0.025749891996383667,1.0,1.0
18,train,430,8561,0.4621119499206543,0.48784977197647095,0.02573782205581665,1.0,1.0
18,train,431,20503,0.5931875705718994,0.6189229488372803,0.02573537826538086,1.0,1.0
18,train,432,27042,0.6519952416419983,0.6777101755142212,0.0257149338722229,1.0,1.0
18,train,433,6336,0.6424359083175659,0.6167230010032654,-0.025712907314300537,1.0,1.0
18,train,434,14648,0.7372686862945557,0.7629585266113281,0.02568984031677246,1.0,1.0
18,train,435,21493,0.9418159127235413,0.9161326289176941,-0.025683283805847168,1.0,1.0
18,train,436,10498,0.18374471366405487,0.20940661430358887,0.025661900639533997,1.0,1.0
18,train,437,11346,0.36476102471351624,0.33909958600997925,-0.025661438703536987,1.0,1.0
18,train,438,13000,0.9028975367546082,0.928544282913208,0.025646746158599854,1.0,1.0
18,train,439,24274,0.49964073300361633,0.5252862572669983,0.025645524263381958,1.0,1.0
18,train,440,14291,0.6731843948364258,0.64754319190979,-0.025641202926635742,1.0,1.0
18,train,441,3322,0.8354067802429199,0.8097708821296692,-0.025635898113250732,1.0,1.0
18,train,442,3804,1.1644285917282104,1.1900216341018677,0.025593042373657227,1.0,1.0
18,train,443,13504,0.6348028182983398,0.6603829860687256,0.025580167770385742,1.0,1.0
18,train,444,9161,0.68408203125,0.7096364498138428,0.025554418563842773,1.0,1.0
18,train,445,9020,0.5846288204193115,0.6101779341697693,0.025549113750457764,1.0,1.0
18,train,446,25007,1.1266940832138062,1.1011605262756348,-0.025533556938171387,1.0,1.0
18,train,447,7351,0.6117501854896545,0.5862189531326294,-0.025531232357025146,1.0,1.0
18,train,448,19962,0.8872268795967102,0.9127215147018433,0.025494635105133057,1.0,1.0
18,train,449,3619,0.9708440899848938,0.9453628063201904,-0.02548128366470337,1.0,1.0
18,train,450,5615,0.1049916222691536,0.13045407831668854,0.025462456047534943,1.0,1.0
18,train,451,8580,0.673265278339386,0.6987239122390747,0.02545863389968872,1.0,1.0
18,train,452,19512,0.9427341818809509,0.9173088073730469,-0.025425374507904053,1.0,1.0
18,train,453,4870,0.28188279271125793,0.25646793842315674,-0.025414854288101196,1.0,1.0
18,train,454,27998,0.535377562046051,0.5099713802337646,-0.025406181812286377,1.0,1.0
18,train,455,23308,0.5218605995178223,0.4964867830276489,-0.02537381649017334,1.0,1.0
18,train,456,11124,0.5337816476821899,0.5591409206390381,0.025359272956848145,1.0,1.0
18,train,457,10569,0.5487220883369446,0.5740734934806824,0.025351405143737793,1.0,1.0
18,train,458,26443,0.7988553643226624,0.7735217809677124,-0.02533358335494995,1.0,1.0
18,train,459,19613,0.18102554976940155,0.20635384321212769,0.025328293442726135,1.0,1.0
18,train,460,339,0.9986218810081482,0.9732998609542847,-0.025322020053863525,1.0,1.0
18,train,461,1201,0.2486172914505005,0.27393868565559387,0.025321394205093384,1.0,1.0
18,train,462,5056,0.6728975176811218,0.6475769281387329,-0.025320589542388916,1.0,1.0
18,train,463,8768,0.3305594027042389,0.35587266087532043,0.025313258171081543,1.0,1.0
18,train,464,289,0.6524922847747803,0.6778045296669006,0.02531224489212036,1.0,1.0
18,train,465,28275,1.9065114259719849,1.8812103271484375,-0.025301098823547363,1.0,1.0
18,train,466,14015,1.0045195817947388,0.9792187809944153,-0.025300800800323486,1.0,1.0
18,train,467,3800,0.6424693465232849,0.6677452921867371,0.02527594566345215,1.0,1.0
18,train,468,20738,0.6484602689743042,0.673714816570282,0.025254547595977783,1.0,1.0
18,train,469,19110,0.5992351174354553,0.5739814639091492,-0.025253653526306152,1.0,1.0
18,train,470,10009,0.9123597741127014,0.8871258497238159,-0.025233924388885498,1.0,1.0
18,train,471,21172,0.5537176728248596,0.5284876227378845,-0.025230050086975098,1.0,1.0
18,train,472,1455,0.579456090927124,0.6046799421310425,0.025223851203918457,1.0,1.0
18,train,473,17576,0.7234220504760742,0.6982038021087646,-0.02521824836730957,1.0,1.0
18,train,474,7671,1.0914883613586426,1.0662708282470703,-0.025217533111572266,1.0,1.0
18,train,475,29,1.4636155366897583,1.4384229183197021,-0.025192618370056152,1.0,1.0
18,train,476,1217,0.7466593384742737,0.7214763164520264,-0.025183022022247314,1.0,1.0
18,train,477,5693,0.37688323855400085,0.4020581543445587,0.02517491579055786,1.0,1.0
18,train,478,14970,0.6712811589241028,0.6964556574821472,0.025174498558044434,1.0,1.0
18,train,479,22564,0.6789570450782776,0.6537919640541077,-0.025165081024169922,1.0,1.0
18,train,480,27940,0.5898317694664001,0.5646668672561646,-0.025164902210235596,1.0,1.0
18,train,481,15751,0.5983784794807434,0.5732170939445496,-0.025161385536193848,1.0,1.0
18,train,482,25232,1.3781423568725586,1.352988839149475,-0.025153517723083496,1.0,1.0
18,train,483,27997,0.5354524254798889,0.5605996251106262,0.025147199630737305,1.0,1.0
18,train,484,5905,0.47194361686706543,0.4970901906490326,0.025146573781967163,1.0,1.0
18,train,485,27003,0.8538129329681396,0.8286739587783813,-0.0251389741897583,1.0,1.0
18,train,486,1350,0.9075693488121033,0.9327013492584229,0.02513200044631958,1.0,1.0
18,train,487,25770,0.8198085427284241,0.8449327945709229,0.02512425184249878,1.0,1.0
18,train,488,15334,0.6656042337417603,0.6404872536659241,-0.02511698007583618,1.0,1.0
18,train,489,22104,0.5955538153648376,0.6206662058830261,0.025112390518188477,1.0,1.0
18,train,490,16030,0.6359748244285583,0.6108649373054504,-0.02510988712310791,1.0,1.0
18,train,491,22355,0.9147518277168274,0.9398559927940369,0.025104165077209473,1.0,1.0
18,train,492,18784,0.5638406872749329,0.5889202952384949,0.02507960796356201,1.0,1.0
18,train,493,13159,0.8330077528953552,0.8079484701156616,-0.025059282779693604,1.0,1.0
18,train,494,18721,0.6976409554481506,0.6725845336914062,-0.025056421756744385,1.0,1.0
18,train,495,1041,0.48718807101249695,0.5122440457344055,0.02505597472190857,1.0,1.0
18,train,496,10377,0.8985786437988281,0.9236082434654236,0.02502959966659546,1.0,1.0
18,train,497,25800,1.1922283172607422,1.2172577381134033,0.025029420852661133,1.0,1.0
18,train,498,7733,0.731555700302124,0.7565831542015076,0.025027453899383545,1.0,1.0
18,train,499,8823,0.43287742137908936,0.45789989829063416,0.0250224769115448,1.0,1.0
18,train,500,3924,0.15558762848377228,0.1805828958749771,0.024995267391204834,1.0,1.0
18,eval,1,26909,0.4904240667819977,0.5646589994430542,0.07423493266105652,1.0,1.0
18,eval,2,13794,1.9714974164962769,2.0362651348114014,0.06476771831512451,1.0,1.0
18,eval,3,3036,1.8316893577575684,1.88984215259552,0.05815279483795166,1.0,1.0
18,eval,4,5595,0.8241083025932312,0.8786410689353943,0.054532766342163086,1.0,1.0
18,eval,5,11496,0.6764361262321472,0.7280132174491882,0.051577091217041016,1.0,1.0
18,eval,6,13010,0.7020321488380432,0.7522241473197937,0.05019199848175049,1.0,1.0
18,eval,7,28109,1.6764965057373047,1.726518154144287,0.05002164840698242,1.0,1.0
18,eval,8,21730,0.6031243801116943,0.5536603927612305,-0.04946398735046387,1.0,1.0
18,eval,9,4957,0.3892265558242798,0.43854111433029175,0.04931455850601196,1.0,1.0
18,eval,10,2230,0.27950242161750793,0.23092800378799438,-0.04857441782951355,1.0,1.0
18,eval,11,11590,0.7483928203582764,0.6999549269676208,-0.04843789339065552,1.0,1.0
18,eval,12,19793,1.1006301641464233,1.1485995054244995,0.04796934127807617,1.0,1.0
18,eval,13,7164,1.169846773147583,1.1226820945739746,-0.0471646785736084,1.0,1.0
18,eval,14,28461,0.8807272911071777,0.8340680599212646,-0.046659231185913086,1.0,1.0
18,eval,15,7410,0.6974741816520691,0.6510177850723267,-0.04645639657974243,1.0,1.0
18,eval,16,20838,1.459755301475525,1.4134459495544434,-0.04630935192108154,1.0,1.0
18,eval,17,5310,1.1194313764572144,1.1655936241149902,0.04616224765777588,1.0,1.0
18,eval,18,13194,0.6159442663192749,0.5709642767906189,-0.044979989528656006,1.0,1.0
18,eval,19,11145,1.2739862203598022,1.3188576698303223,0.04487144947052002,1.0,1.0
18,eval,20,8477,1.5125962495803833,1.5573018789291382,0.04470562934875488,1.0,1.0
18,eval,21,23433,0.9970555305480957,0.9525083899497986,-0.04454714059829712,1.0,1.0
18,eval,22,21763,0.48625245690345764,0.4427984356880188,-0.04345402121543884,1.0,1.0
18,eval,23,1941,0.5500134825706482,0.50665682554245,-0.04335665702819824,1.0,1.0
18,eval,24,2171,1.2539281845092773,1.2106822729110718,-0.043245911598205566,1.0,1.0
18,eval,25,17565,1.0421799421310425,0.9993093013763428,-0.04287064075469971,1.0,1.0
18,eval,26,24310,0.8587282299995422,0.8158614635467529,-0.04286676645278931,1.0,1.0
18,eval,27,143,0.6872856616973877,0.6444903612136841,-0.04279530048370361,1.0,1.0
18,eval,28,25349,0.5420830249786377,0.49945008754730225,-0.04263293743133545,1.0,1.0
18,eval,29,10952,0.7913351058959961,0.7487912178039551,-0.042543888092041016,1.0,1.0
18,eval,30,22503,0.5556851029396057,0.5132538676261902,-0.04243123531341553,1.0,1.0
18,eval,31,25478,0.8250589966773987,0.7827938199043274,-0.04226517677307129,1.0,1.0
18,eval,32,20639,0.5954649448394775,0.553380012512207,-0.04208493232727051,1.0,1.0
18,eval,33,3634,1.1166739463806152,1.158664345741272,0.04199039936065674,1.0,1.0
18,eval,34,18997,0.5568018555641174,0.5987414717674255,0.041939616203308105,1.0,1.0
18,eval,35,15003,0.8005574345588684,0.8424035906791687,0.04184615612030029,1.0,1.0
18,eval,36,20622,0.7590133547782898,0.7173343300819397,-0.0416790246963501,1.0,1.0
18,eval,37,13056,0.543014645576477,0.5013376474380493,-0.041676998138427734,1.0,1.0
18,eval,38,28522,0.6747066974639893,0.6332305073738098,-0.04147619009017944,1.0,1.0
18,eval,39,9702,0.611936092376709,0.6533366441726685,0.04140055179595947,1.0,1.0
18,eval,40,16856,0.5294641256332397,0.4882839024066925,-0.04118022322654724,1.0,1.0
18,eval,41,21801,0.5731347799301147,0.5321751236915588,-0.04095965623855591,1.0,1.0
18,eval,42,4637,0.9514473080635071,0.992285430431366,0.04083812236785889,1.0,1.0
18,eval,43,14762,0.5651288628578186,0.6058390140533447,0.04071015119552612,1.0,1.0
18,eval,44,2507,0.2305653691291809,0.1900509148836136,-0.04051445424556732,1.0,1.0
18,eval,45,18715,0.7074066996574402,0.6672238707542419,-0.04018282890319824,1.0,1.0
18,eval,46,13016,0.6308653950691223,0.5907288193702698,-0.04013657569885254,1.0,1.0
18,eval,47,8743,0.7027454972267151,0.7426600456237793,0.03991454839706421,1.0,1.0
18,eval,48,1427,0.7119004726409912,0.6720081567764282,-0.03989231586456299,1.0,1.0
18,eval,49,18131,0.5711650848388672,0.6110320091247559,0.03986692428588867,1.0,1.0
18,eval,50,19999,0.7056875228881836,0.7454349994659424,0.03974747657775879,1.0,1.0
18,eval,51,672,0.5108429193496704,0.5505556464195251,0.039712727069854736,1.0,1.0
18,eval,52,16213,0.8397987484931946,0.8001053929328918,-0.039693355560302734,1.0,1.0
18,eval,53,22632,0.6054157614707947,0.5657349824905396,-0.03968077898025513,1.0,1.0
18,eval,54,1876,1.3550442457199097,1.394612431526184,0.039568185806274414,1.0,1.0
18,eval,55,6250,1.1144400835037231,1.0750350952148438,-0.039404988288879395,1.0,1.0
18,eval,56,13060,0.748613178730011,0.7877872586250305,0.03917407989501953,1.0,1.0
18,eval,57,20512,0.7861345410346985,0.7469894886016846,-0.039145052433013916,1.0,1.0
18,eval,58,26994,0.7931310534477234,0.7539917230606079,-0.03913933038711548,1.0,1.0
18,eval,59,24665,0.53737872838974,0.576043963432312,0.03866523504257202,1.0,1.0
18,eval,60,10424,0.40274474024772644,0.3641127347946167,-0.03863200545310974,1.0,1.0
18,eval,61,22009,0.6289743185043335,0.6673228740692139,0.03834855556488037,1.0,1.0
18,eval,62,19369,0.7569370865821838,0.7951493263244629,0.03821223974227905,1.0,1.0
18,eval,63,6357,0.6691267490386963,0.630935549736023,-0.03819119930267334,1.0,1.0
18,eval,64,7485,0.6610898375511169,0.6992709636688232,0.0381811261177063,1.0,1.0
18,eval,65,11303,0.6128020286560059,0.5746477842330933,-0.0381542444229126,1.0,1.0
18,eval,66,16578,0.6410154104232788,0.6791685819625854,0.03815317153930664,1.0,1.0
18,eval,67,4804,0.5673050284385681,0.5292028188705444,-0.03810220956802368,1.0,1.0
18,eval,68,11070,0.7288681864738464,0.7669470310211182,0.03807884454727173,1.0,1.0
18,eval,69,12735,1.419983983039856,1.4577869176864624,0.037802934646606445,1.0,1.0
18,eval,70,2906,0.3708982765674591,0.40848156809806824,0.03758329153060913,1.0,1.0
18,eval,71,17686,0.21251414716243744,0.25006023049354553,0.03754608333110809,1.0,1.0
18,eval,72,16233,0.5181555151939392,0.48062875866889954,-0.03752675652503967,1.0,1.0
18,eval,73,23350,0.9518048167228699,0.9892895817756653,0.03748476505279541,1.0,1.0
18,eval,74,529,0.6143738031387329,0.5769268870353699,-0.03744691610336304,1.0,1.0
18,eval,75,11918,0.8240453600883484,0.8612807989120483,0.03723543882369995,1.0,1.0
18,eval,76,20558,0.7198417782783508,0.7570449113845825,0.03720313310623169,1.0,1.0
18,eval,77,14061,1.1551973819732666,1.118028163909912,-0.03716921806335449,1.0,1.0
18,eval,78,4606,0.6567577123641968,0.6938632130622864,0.0371055006980896,1.0,1.0
18,eval,79,10402,0.4052015542984009,0.44227322936058044,0.037071675062179565,1.0,1.0
18,eval,80,11391,0.35650205612182617,0.3194366991519928,-0.037065356969833374,1.0,1.0
18,eval,81,7823,0.4130690395832062,0.45009109377861023,0.03702205419540405,1.0,1.0
18,eval,82,26326,0.6698622107505798,0.6328637599945068,-0.036998450756073,1.0,1.0
18,eval,83,9407,0.7606451511383057,0.7236745953559875,-0.036970555782318115,1.0,1.0
18,eval,84,25426,0.3942042589187622,0.3572562336921692,-0.03694802522659302,1.0,1.0
18,eval,85,20541,0.6665561199188232,0.6296336054801941,-0.03692251443862915,1.0,1.0
18,eval,86,20866,0.7977774739265442,0.8346746563911438,0.03689718246459961,1.0,1.0
18,eval,87,1389,0.8223311901092529,0.859196126461029,0.03686493635177612,1.0,1.0
18,eval,88,23225,0.4956715404987335,0.45884594321250916,-0.036825597286224365,1.0,1.0
18,eval,89,13559,0.4436628818511963,0.4804884195327759,0.03682553768157959,1.0,1.0
18,eval,90,3200,0.6352541446685791,0.5984518527984619,-0.03680229187011719,1.0,1.0
18,eval,91,10551,0.9632813334465027,1.0000399351119995,0.036758601665496826,1.0,1.0
18,eval,92,6275,0.7010565400123596,0.7377831935882568,0.03672665357589722,1.0,1.0
18,eval,93,11474,0.7335088849067688,0.6968257427215576,-0.03668314218521118,1.0,1.0
18,eval,94,18745,0.2442997246980667,0.28088679909706116,0.036587074398994446,1.0,1.0
18,eval,95,11338,0.822033703327179,0.7856001257896423,-0.03643357753753662,1.0,1.0
18,eval,96,24227,0.6193690299987793,0.5830065011978149,-0.036362528800964355,1.0,1.0
18,eval,97,23186,0.8731473088264465,0.9094897508621216,0.03634244203567505,1.0,1.0
18,eval,98,19733,0.9297481179237366,0.965937077999115,0.03618896007537842,1.0,1.0
18,eval,99,2151,0.48476365208625793,0.4487021863460541,-0.03606146574020386,1.0,1.0
18,eval,100,17350,0.4065682888031006,0.37053531408309937,-0.03603297472000122,1.0,1.0
18,eval,101,23395,1.029496669769287,0.993475615978241,-0.03602105379104614,1.0,1.0
18,eval,102,24547,0.42007386684417725,0.456092894077301,0.03601902723312378,1.0,1.0
18,eval,103,11874,0.4154145419597626,0.3794894218444824,-0.03592512011528015,1.0,1.0
18,eval,104,4466,0.7187181115150452,0.6828679442405701,-0.0358501672744751,1.0,1.0
18,eval,105,17281,0.5448394417762756,0.5090101361274719,-0.03582930564880371,1.0,1.0
18,eval,106,24408,0.4327809810638428,0.4685708284378052,0.0357898473739624,1.0,1.0
18,eval,107,13938,1.0119153261184692,1.0476911067962646,0.03577578067779541,1.0,1.0
18,eval,108,5418,0.5175995230674744,0.5533011555671692,0.035701632499694824,1.0,1.0
18,eval,109,23856,0.7968043684959412,0.7611255645751953,-0.03567880392074585,1.0,1.0
18,eval,110,25086,0.38266995549201965,0.41834500432014465,0.035675048828125,1.0,1.0
18,eval,111,19337,0.49425268173217773,0.5298100709915161,0.03555738925933838,1.0,1.0
18,eval,112,17399,0.7722134590148926,0.7366721630096436,-0.03554129600524902,1.0,1.0
18,eval,113,16330,0.6443044543266296,0.6797844767570496,0.03548002243041992,1.0,1.0
18,eval,114,1829,0.4893876612186432,0.524832546710968,0.03544488549232483,1.0,1.0
18,eval,115,18796,1.0143269300460815,0.9788901805877686,-0.03543674945831299,1.0,1.0
18,eval,116,2483,0.5484945178031921,0.5130661725997925,-0.03542834520339966,1.0,1.0
18,eval,117,26785,0.24626344442367554,0.2816328704357147,0.035369426012039185,1.0,1.0
18,eval,118,16845,0.291425496339798,0.2561052441596985,-0.03532025218009949,1.0,1.0
18,eval,119,28502,0.5967809557914734,0.5614861249923706,-0.03529483079910278,1.0,1.0
18,eval,120,13430,0.6923542618751526,0.7276440858840942,0.03528982400894165,1.0,1.0
18,eval,121,16812,0.5141534209251404,0.47889742255210876,-0.035255998373031616,1.0,1.0
18,eval,122,633,0.7378544211387634,0.7730938196182251,0.03523939847946167,1.0,1.0
18,eval,123,18518,1.0039383172988892,0.9687064290046692,-0.03523188829421997,1.0,1.0
18,eval,124,17283,0.5893309116363525,0.6245443224906921,0.0352134108543396,1.0,1.0
18,eval,125,3470,0.5941166877746582,0.5589364767074585,-0.03518021106719971,1.0,1.0
18,eval,126,11075,1.0011016130447388,1.0362287759780884,0.03512716293334961,1.0,1.0
18,eval,127,3469,0.5036755800247192,0.4685492515563965,-0.035126328468322754,1.0,1.0
18,eval,128,28268,1.1736656427383423,1.2087903022766113,0.03512465953826904,1.0,1.0
18,eval,129,20226,0.8717913627624512,0.9068943858146667,0.035103023052215576,1.0,1.0
18,eval,130,19019,1.1136332750320435,1.1486378908157349,0.035004615783691406,1.0,1.0
18,eval,131,3177,0.6125628352165222,0.5776153802871704,-0.03494745492935181,1.0,1.0
18,eval,132,16739,1.015779972076416,0.980841875076294,-0.03493809700012207,1.0,1.0
18,eval,133,911,0.559410810470581,0.5943434238433838,0.034932613372802734,1.0,1.0
18,eval,134,6038,0.6543683409690857,0.6195010542869568,-0.034867286682128906,1.0,1.0
18,eval,135,25354,0.6346518993377686,0.5998119115829468,-0.03483998775482178,1.0,1.0
18,eval,136,17370,0.38726916909217834,0.35249388217926025,-0.03477528691291809,1.0,1.0
18,eval,137,28046,0.40264663100242615,0.4373570680618286,0.034710437059402466,1.0,1.0
18,eval,138,14275,0.3724728524684906,0.33780181407928467,-0.03467103838920593,1.0,1.0
18,eval,139,4456,0.8781986832618713,0.9127716422080994,0.03457295894622803,1.0,1.0
18,eval,140,4769,0.6822702288627625,0.6477154493331909,-0.03455477952957153,1.0,1.0
18,eval,141,8873,0.5198771953582764,0.5543872714042664,0.03451007604598999,1.0,1.0
18,eval,142,17188,0.28871074318885803,0.32320475578308105,0.03449401259422302,1.0,1.0
18,eval,143,28054,1.1476131677627563,1.1820576190948486,0.034444451332092285,1.0,1.0
18,eval,144,4667,0.5771437883377075,0.6115853190422058,0.03444153070449829,1.0,1.0
18,eval,145,6710,0.4643072783946991,0.42990216612815857,-0.03440511226654053,1.0,1.0
18,eval,146,21313,0.417412132024765,0.38301822543144226,-0.034393906593322754,1.0,1.0
18,eval,147,7104,0.34495994448661804,0.3105677664279938,-0.03439217805862427,1.0,1.0
18,eval,148,11093,0.6777027249336243,0.7120888829231262,0.03438615798950195,1.0,1.0
18,eval,149,15281,0.654093861579895,0.6197754144668579,-0.03431844711303711,1.0,1.0
18,eval,150,21089,1.0192147493362427,1.0535223484039307,0.03430759906768799,1.0,1.0
18,eval,151,5246,0.7009009718894958,0.7351959943771362,0.03429502248764038,1.0,1.0
18,eval,152,26093,0.7019414901733398,0.6676474213600159,-0.034294068813323975,1.0,1.0
18,eval,153,6340,0.5711426138877869,0.5368810296058655,-0.03426158428192139,1.0,1.0
18,eval,154,20661,0.6156273484230042,0.5813806056976318,-0.034246742725372314,1.0,1.0
18,eval,155,10854,0.3663109838962555,0.4004591107368469,0.03414812684059143,1.0,1.0
18,eval,156,5537,0.7854436039924622,0.8195511698722839,0.03410756587982178,1.0,1.0
18,eval,157,18461,0.7655291557312012,0.7994225025177002,0.03389334678649902,1.0,1.0
18,eval,158,24957,0.4600257873535156,0.4261407256126404,-0.033885061740875244,1.0,1.0
18,eval,159,25854,0.4772067070007324,0.5110309720039368,0.033824265003204346,1.0,1.0
18,eval,160,5440,0.7956454157829285,0.8294247388839722,0.0337793231010437,1.0,1.0
18,eval,161,24989,0.837632417678833,0.871375322341919,0.03374290466308594,1.0,1.0
18,eval,162,14190,0.9645225405693054,0.9982548952102661,0.03373235464096069,1.0,1.0
18,eval,163,5402,0.6620795726776123,0.6283665895462036,-0.03371298313140869,1.0,1.0
18,eval,164,4121,0.9450201988220215,0.9113486409187317,-0.033671557903289795,1.0,1.0
18,eval,165,10767,0.9475545287132263,0.913883626461029,-0.033670902252197266,1.0,1.0
18,eval,166,21460,0.41208162903785706,0.44574716687202454,0.03366553783416748,1.0,1.0
18,eval,167,7404,0.5707793235778809,0.5371363162994385,-0.03364300727844238,1.0,1.0
18,eval,168,20390,0.318825364112854,0.35246169567108154,0.03363633155822754,1.0,1.0
18,eval,169,19106,0.8512701988220215,0.8176428079605103,-0.03362739086151123,1.0,1.0
18,eval,170,15152,0.44407689571380615,0.47768449783325195,0.0336076021194458,1.0,1.0
18,eval,171,14533,0.7435488700866699,0.7099623084068298,-0.03358656167984009,1.0,1.0
18,eval,172,8598,0.6030535101890564,0.6366245746612549,0.033571064472198486,1.0,1.0
18,eval,173,16304,1.2973426580429077,1.3309036493301392,0.033560991287231445,1.0,1.0
18,eval,174,3619,0.9808147549629211,0.9472653865814209,-0.033549368381500244,1.0,1.0
18,eval,175,19977,0.5410091280937195,0.5074930787086487,-0.0335160493850708,1.0,1.0
18,eval,176,22389,0.49605512619018555,0.4625851809978485,-0.033469945192337036,1.0,1.0
18,eval,177,19129,1.0767898559570312,1.1102155447006226,0.03342568874359131,1.0,1.0
18,eval,178,20416,0.34630656242370605,0.31293779611587524,-0.03336876630783081,1.0,1.0
18,eval,179,9211,0.16689352691173553,0.2002391815185547,0.03334565460681915,1.0,1.0
18,eval,180,17667,0.4586755931377411,0.4253304600715637,-0.03334513306617737,1.0,1.0
18,eval,181,10734,0.6187559962272644,0.5854122638702393,-0.033343732357025146,1.0,1.0
18,eval,182,8232,0.7726760506629944,0.8060035705566406,0.03332751989364624,1.0,1.0
18,eval,183,20738,0.6543686985969543,0.6876780986785889,0.03330940008163452,1.0,1.0
18,eval,184,19732,1.0967336893081665,1.063510775566101,-0.03322291374206543,1.0,1.0
18,eval,185,7351,0.6147723197937012,0.5815733075141907,-0.0331990122795105,1.0,1.0
18,eval,186,8303,0.8332826495170593,0.8664708137512207,0.03318816423416138,1.0,1.0
18,eval,187,18829,0.5708920359611511,0.6040430665016174,0.03315103054046631,1.0,1.0
18,eval,188,22253,1.0067707300186157,1.039913296699524,0.0331425666809082,1.0,1.0
18,eval,189,22826,0.7772086262702942,0.7440767884254456,-0.03313183784484863,1.0,1.0
18,eval,190,10803,0.6053500771522522,0.6384562253952026,0.03310614824295044,1.0,1.0
18,eval,191,19242,0.455714613199234,0.48881134390830994,0.03309673070907593,1.0,1.0
18,eval,192,10900,0.806145429611206,0.839226484298706,0.0330810546875,1.0,1.0
18,eval,193,3692,0.8375399112701416,0.8045130968093872,-0.033026814460754395,1.0,1.0
18,eval,194,20811,0.6330909132957458,0.6001160740852356,-0.032974839210510254,1.0,1.0
18,eval,195,7764,0.6415415406227112,0.6085872054100037,-0.03295433521270752,1.0,1.0
18,eval,196,5727,0.5855512022972107,0.6184918880462646,0.032940685749053955,1.0,1.0
18,eval,197,16442,0.6718568205833435,0.6389787197113037,-0.032878100872039795,1.0,1.0
18,eval,198,19315,0.3535855710506439,0.320715069770813,-0.03287050127983093,1.0,1.0
18,eval,199,11797,0.2122618407011032,0.24509580433368683,0.03283396363258362,1.0,1.0
18,eval,200,11867,0.6823905110359192,0.6495664119720459,-0.03282409906387329,1.0,1.0
18,eval,201,22574,1.4772337675094604,1.4444345235824585,-0.03279924392700195,1.0,1.0
18,eval,202,21912,0.8443331718444824,0.8115370869636536,-0.03279608488082886,1.0,1.0
18,eval,203,357,0.44793227314949036,0.41516533493995667,-0.03276693820953369,1.0,1.0
18,eval,204,5056,0.6727079749107361,0.6399506330490112,-0.032757341861724854,1.0,1.0
18,eval,205,6543,1.0945879220962524,1.0618586540222168,-0.032729268074035645,1.0,1.0
18,eval,206,23528,0.5210583806037903,0.5537593960762024,0.03270101547241211,1.0,1.0
18,eval,207,2593,1.032516598701477,0.9998254776000977,-0.032691121101379395,1.0,1.0
18,eval,208,25837,0.8399496078491211,0.8072783350944519,-0.03267127275466919,1.0,1.0
18,eval,209,1654,0.6223222613334656,0.5897137522697449,-0.0326085090637207,1.0,1.0
18,eval,210,10548,0.6833358407020569,0.7158948183059692,0.032558977603912354,1.0,1.0
18,eval,211,7198,1.1512223482131958,1.1837801933288574,0.03255784511566162,1.0,1.0
18,eval,212,27940,0.5827612280845642,0.5502088069915771,-0.03255242109298706,1.0,1.0
18,eval,213,3193,0.3947451412677765,0.4272945523262024,0.0325494110584259,1.0,1.0
18,eval,214,4016,0.32000914216041565,0.35253557562828064,0.03252643346786499,1.0,1.0
18,eval,215,21747,0.7754170894622803,0.7429128289222717,-0.032504260540008545,1.0,1.0
18,eval,216,12774,0.5995611548423767,0.6320216655731201,0.03246051073074341,1.0,1.0
18,eval,217,21779,0.6012356281280518,0.6336854100227356,0.03244978189468384,1.0,1.0
18,eval,218,23658,0.7264849543571472,0.6940690279006958,-0.032415926456451416,1.0,1.0
18,eval,219,20699,0.5565161108970642,0.5241215825080872,-0.03239452838897705,1.0,1.0
18,eval,220,27986,0.4237314462661743,0.45609644055366516,0.032364994287490845,1.0,1.0
18,eval,221,8788,0.35171186923980713,0.3193589746952057,-0.03235289454460144,1.0,1.0
18,eval,222,19799,0.36711356043815613,0.3994486629962921,0.032335102558135986,1.0,1.0
18,eval,223,4790,0.6663151979446411,0.6339808702468872,-0.032334327697753906,1.0,1.0
18,eval,224,5693,0.3797670602798462,0.4120970070362091,0.032329946756362915,1.0,1.0
18,eval,225,22468,0.796872079372406,0.8291997909545898,0.03232771158218384,1.0,1.0
18,eval,226,6359,0.6119988560676575,0.6442829370498657,0.03228408098220825,1.0,1.0
18,eval,227,18571,1.5238772630691528,1.4916322231292725,-0.03224503993988037,1.0,1.0
18,eval,228,8681,0.5097466111183167,0.4775067865848541,-0.032239824533462524,1.0,1.0
18,eval,229,2889,0.46215590834617615,0.429936021566391,-0.032219886779785156,1.0,1.0
18,eval,230,7417,0.6032471060752869,0.5710582733154297,-0.03218883275985718,1.0,1.0
18,eval,231,3596,0.5929091572761536,0.6250594258308411,0.0321502685546875,1.0,1.0
18,eval,232,22363,0.6670949459075928,0.6349484324455261,-0.03214651346206665,1.0,1.0
18,eval,233,24299,1.1796594858169556,1.211781620979309,0.032122135162353516,1.0,1.0
18,eval,234,8568,0.5707514882087708,0.6028720736503601,0.032120585441589355,1.0,1.0
18,eval,235,15664,0.5074681043624878,0.5395447611808777,0.03207665681838989,1.0,1.0
18,eval,236,17392,0.8304631114006042,0.8625367879867554,0.03207367658615112,1.0,1.0
18,eval,237,20398,0.3453056514263153,0.3132379949092865,-0.03206765651702881,1.0,1.0
18,eval,238,13579,0.6420806050300598,0.6741138100624084,0.03203320503234863,1.0,1.0
18,eval,239,11374,0.6422383189201355,0.6102433800697327,-0.03199493885040283,1.0,1.0
18,eval,240,1856,0.3458820581436157,0.3139101564884186,-0.031971901655197144,1.0,1.0
18,eval,241,4313,0.3152117133140564,0.3470613360404968,0.03184962272644043,1.0,1.0
18,eval,242,26443,0.8013150691986084,0.7694950103759766,-0.031820058822631836,1.0,1.0
18,eval,243,16869,0.36196282505989075,0.39376091957092285,0.031798094511032104,1.0,1.0
18,eval,244,2143,0.7084331512451172,0.7402102947235107,0.031777143478393555,1.0,1.0
18,eval,245,15759,0.5018510222434998,0.5336251854896545,0.031774163246154785,1.0,1.0
18,eval,246,18971,0.4917115867137909,0.45994049310684204,-0.03177109360694885,1.0,1.0
18,eval,247,24755,0.7752720713615417,0.743532121181488,-0.03173995018005371,1.0,1.0
18,eval,248,21234,0.8340463042259216,0.8023440837860107,-0.03170222043991089,1.0,1.0
18,eval,249,7130,0.5248203873634338,0.5564969182014465,0.031676530838012695,1.0,1.0
18,eval,250,13982,0.36822307109832764,0.3997844457626343,0.03156137466430664,1.0,1.0
18,eval,251,11936,0.6346920132637024,0.6662447452545166,0.03155273199081421,1.0,1.0
18,eval,252,18442,0.43286263942718506,0.40131524205207825,-0.03154739737510681,1.0,1.0
18,eval,253,19082,0.6072636246681213,0.6387848258018494,0.03152120113372803,1.0,1.0
18,eval,254,13711,0.8102825284004211,0.8417985439300537,0.03151601552963257,1.0,1.0
18,eval,255,14206,0.587073802947998,0.5555658936500549,-0.031507909297943115,1.0,1.0
18,eval,256,26529,0.5453812479972839,0.5768499374389648,0.03146868944168091,1.0,1.0
18,eval,257,12805,0.7235574126243591,0.7550191879272461,0.03146177530288696,1.0,1.0
18,eval,258,14829,0.5631229877471924,0.5316739678382874,-0.03144901990890503,1.0,1.0
18,eval,259,12927,0.33333298563957214,0.36477911472320557,0.03144612908363342,1.0,1.0
18,eval,260,13990,0.4869900941848755,0.518429696559906,0.03143960237503052,1.0,1.0
18,eval,261,1852,0.5418251156806946,0.5732448697090149,0.03141975402832031,1.0,1.0
18,eval,262,6510,0.3931812047958374,0.4245925545692444,0.03141134977340698,1.0,1.0
18,eval,263,26259,0.571654200553894,0.5402682423591614,-0.031385958194732666,1.0,1.0
18,eval,264,26728,0.688703715801239,0.6573382616043091,-0.03136545419692993,1.0,1.0
18,eval,265,28240,0.7989302277565002,0.8302345275878906,0.03130429983139038,1.0,1.0
18,eval,266,10583,1.088389277458191,1.1196742057800293,0.03128492832183838,1.0,1.0
18,eval,267,19613,0.18572640419006348,0.2169799655675888,0.03125356137752533,1.0,1.0
18,eval,268,19071,0.474936842918396,0.5061851143836975,0.031248271465301514,1.0,1.0
18,eval,269,23714,0.6730944514274597,0.70433509349823,0.031240642070770264,1.0,1.0
18,eval,270,613,0.6273192763328552,0.6585389375686646,0.031219661235809326,1.0,1.0
18,eval,271,16714,0.5620735287666321,0.5308678150177002,-0.031205713748931885,1.0,1.0
18,eval,272,21757,0.6094192266464233,0.5782397985458374,-0.031179428100585938,1.0,1.0
18,eval,273,1718,0.6141507625579834,0.5830121636390686,-0.031138598918914795,1.0,1.0
18,eval,274,6264,1.4939441680908203,1.4628194570541382,-0.03112471103668213,1.0,1.0
18,eval,275,11124,0.5348946452140808,0.566002368927002,0.031107723712921143,1.0,1.0
18,eval,276,26236,0.7241818904876709,0.7552669048309326,0.03108501434326172,1.0,1.0
18,eval,277,12729,0.7766692042350769,0.8077126741409302,0.03104346990585327,1.0,1.0
18,eval,278,1802,1.1516813039779663,1.1827048063278198,0.031023502349853516,1.0,1.0
18,eval,279,573,0.547457754611969,0.516465425491333,-0.030992329120635986,1.0,1.0
18,eval,280,19454,0.7042591571807861,0.7352443933486938,0.030985236167907715,1.0,1.0
18,eval,281,19634,0.5448346734046936,0.5757840275764465,0.03094935417175293,1.0,1.0
18,eval,282,22103,0.19157475233078003,0.22248393297195435,0.030909180641174316,1.0,1.0
18,eval,283,22611,1.0141133069992065,0.9832470417022705,-0.030866265296936035,1.0,1.0
18,eval,284,24652,0.44456788897514343,0.4754289388656616,0.03086104989051819,1.0,1.0
18,eval,285,13995,0.8995394706726074,0.9303858280181885,0.030846357345581055,1.0,1.0
18,eval,286,8159,0.679793119430542,0.6489827632904053,-0.03081035614013672,1.0,1.0
18,eval,287,17128,0.6889314651489258,0.7197121977806091,0.03078073263168335,1.0,1.0
18,eval,288,17466,0.8431586623191833,0.8738994598388672,0.030740797519683838,1.0,1.0
18,eval,289,6312,0.6261377334594727,0.5954230427742004,-0.030714690685272217,1.0,1.0
18,eval,290,28365,0.35474440455436707,0.38542813062667847,0.0306837260723114,1.0,1.0
18,eval,291,1995,0.6464713215827942,0.6157964468002319,-0.030674874782562256,1.0,1.0
18,eval,292,8666,0.6201216578483582,0.6507952213287354,0.030673563480377197,1.0,1.0
18,eval,293,15622,0.8753617405891418,0.8447263240814209,-0.030635416507720947,1.0,1.0
18,eval,294,19243,1.2592042684555054,1.228589415550232,-0.030614852905273438,1.0,1.0
18,eval,295,14539,0.5497549176216125,0.5803326964378357,0.030577778816223145,1.0,1.0
18,eval,296,22919,0.43358373641967773,0.4030182957649231,-0.03056544065475464,1.0,1.0
18,eval,297,16147,1.0075253248214722,1.0380847454071045,0.030559420585632324,1.0,1.0
18,eval,298,18946,0.5430396199226379,0.512514591217041,-0.030525028705596924,1.0,1.0
18,eval,299,11716,0.6273202300071716,0.657843828201294,0.030523598194122314,1.0,1.0
18,eval,300,24709,0.7830824851989746,0.8135950565338135,0.030512571334838867,1.0,1.0
18,eval,301,4717,0.7915115356445312,0.8220078945159912,0.03049635887145996,1.0,1.0
18,eval,302,28583,0.7411746382713318,0.7107207179069519,-0.030453920364379883,1.0,1.0
18,eval,303,12551,0.6855649352073669,0.7160161733627319,0.03045123815536499,1.0,1.0
18,eval,304,17608,0.5420193672180176,0.5116088390350342,-0.0304105281829834,1.0,1.0
18,eval,305,1317,0.8714157938957214,0.9018199443817139,0.03040415048599243,1.0,1.0
18,eval,306,3750,0.9221271872520447,0.9525197148323059,0.03039252758026123,1.0,1.0
18,eval,307,13465,0.1985587477684021,0.22893844544887543,0.030379697680473328,1.0,1.0
18,eval,308,21395,0.7637286186218262,0.7940489649772644,0.030320346355438232,1.0,1.0
18,eval,309,10695,0.6010947823524475,0.6314085721969604,0.03031378984451294,1.0,1.0
18,eval,310,3633,1.2665090560913086,1.2362254858016968,-0.030283570289611816,1.0,1.0
18,eval,311,12664,0.3318297564983368,0.3016034662723541,-0.030226290225982666,1.0,1.0
18,eval,312,17034,0.24838876724243164,0.21817313134670258,-0.030215635895729065,1.0,1.0
18,eval,313,9626,0.5220839381217957,0.4918771982192993,-0.030206739902496338,1.0,1.0
18,eval,314,20075,0.4847146272659302,0.5149134993553162,0.030198872089385986,1.0,1.0
18,eval,315,7261,0.7033936381340027,0.6732115149497986,-0.0301821231842041,1.0,1.0
18,eval,316,26206,0.47571608424186707,0.5058830976486206,0.03016701340675354,1.0,1.0
18,eval,317,5016,1.0037308931350708,1.0338876247406006,0.030156731605529785,1.0,1.0
18,eval,318,6063,0.6307143568992615,0.6005591154098511,-0.0301552414894104,1.0,1.0
18,eval,319,5376,1.5382343530654907,1.5080820322036743,-0.030152320861816406,1.0,1.0
18,eval,320,1411,0.6748096942901611,0.6446695923805237,-0.03014010190963745,1.0,1.0
18,eval,321,3068,0.6472289562225342,0.617094874382019,-0.030134081840515137,1.0,1.0
18,eval,322,6515,0.7925553321838379,0.8226509690284729,0.03009563684463501,1.0,1.0
18,eval,323,7671,1.0846625566482544,1.054581880569458,-0.030080676078796387,1.0,1.0
18,eval,324,23302,0.5813323259353638,0.6114030480384827,0.030070722103118896,1.0,1.0
18,eval,325,24693,1.0802420377731323,1.1102842092514038,0.030042171478271484,1.0,1.0
18,eval,326,22221,0.3684483766555786,0.33846721053123474,-0.029981166124343872,1.0,1.0
18,eval,327,4527,0.2949282228946686,0.2649516761302948,-0.02997654676437378,1.0,1.0
18,eval,328,2300,1.0393849611282349,1.0094255208969116,-0.029959440231323242,1.0,1.0
18,eval,329,16838,0.6503466367721558,0.620405912399292,-0.02994072437286377,1.0,1.0
18,eval,330,8352,0.21637654304504395,0.18644414842128754,-0.02993239462375641,1.0,1.0
18,eval,331,7737,0.5710294246673584,0.600959300994873,0.02992987632751465,1.0,1.0
18,eval,332,22942,0.6368715167045593,0.6667816638946533,0.029910147190093994,1.0,1.0
18,eval,333,9763,0.22636942565441132,0.19648057222366333,-0.029888853430747986,1.0,1.0
18,eval,334,13575,0.5170326828956604,0.4871632158756256,-0.02986946702003479,1.0,1.0
18,eval,335,13551,0.42686930298805237,0.3970770835876465,-0.029792219400405884,1.0,1.0
18,eval,336,14291,0.6695141196250916,0.6397250890731812,-0.0297890305519104,1.0,1.0
18,eval,337,611,1.4906352758407593,1.4608665704727173,-0.029768705368041992,1.0,1.0
18,eval,338,25197,0.6049894690513611,0.6347524523735046,0.029762983322143555,1.0,1.0
18,eval,339,5044,0.38427504897117615,0.35455816984176636,-0.02971687912940979,1.0,1.0
18,eval,340,22465,0.8030915260314941,0.8327500224113464,0.029658496379852295,1.0,1.0
18,eval,341,26616,0.7035451531410217,0.7332002520561218,0.029655098915100098,1.0,1.0
18,eval,342,20143,0.5169789791107178,0.4873444139957428,-0.029634565114974976,1.0,1.0
18,eval,343,1683,0.628804624080658,0.6584389805793762,0.02963435649871826,1.0,1.0
18,eval,344,10569,0.5485690832138062,0.578195333480835,0.02962625026702881,1.0,1.0
18,eval,345,10037,0.47221946716308594,0.5018401145935059,0.029620647430419922,1.0,1.0
18,eval,346,7433,0.5114110708236694,0.48179250955581665,-0.029618561267852783,1.0,1.0
18,eval,347,3171,0.43815651535987854,0.40854260325431824,-0.029613912105560303,1.0,1.0
18,eval,348,14353,0.8064172267913818,0.8360277414321899,0.029610514640808105,1.0,1.0
18,eval,349,6059,0.5303751826286316,0.5007717609405518,-0.029603421688079834,1.0,1.0
18,eval,350,27927,0.9978224635124207,0.9682372212409973,-0.02958524227142334,1.0,1.0
18,eval,351,19868,0.350955605506897,0.32138216495513916,-0.029573440551757812,1.0,1.0
18,eval,352,27066,0.2552768290042877,0.22571131587028503,-0.029565513134002686,1.0,1.0
18,eval,353,7484,0.365617036819458,0.3360585868358612,-0.029558449983596802,1.0,1.0
18,eval,354,24045,0.7817361950874329,0.7521782517433167,-0.02955794334411621,1.0,1.0
18,eval,355,18906,0.9093529582023621,0.8798004388809204,-0.02955251932144165,1.0,1.0
18,eval,356,4585,0.7873139977455139,0.8168393969535828,0.029525399208068848,1.0,1.0
18,eval,357,18782,0.9988566040992737,0.9693355560302734,-0.029521048069000244,1.0,1.0
18,eval,358,13399,0.6091191172599792,0.6386305093765259,0.02951139211654663,1.0,1.0
18,eval,359,20113,0.4934401214122772,0.46393877267837524,-0.029501348733901978,1.0,1.0
18,eval,360,26003,0.7020585536956787,0.6725613474845886,-0.029497206211090088,1.0,1.0
18,eval,361,3582,0.4962761402130127,0.4667810797691345,-0.029495060443878174,1.0,1.0
18,eval,362,5968,0.7518520355224609,0.7813458442687988,0.02949380874633789,1.0,1.0
18,eval,363,8561,0.4672376215457916,0.49672937393188477,0.02949175238609314,1.0,1.0
18,eval,364,18568,0.3417064845561981,0.3711937963962555,0.029487311840057373,1.0,1.0
18,eval,365,12249,1.083375334739685,1.1128594875335693,0.029484152793884277,1.0,1.0
18,eval,366,14337,0.5631822943687439,0.5926632881164551,0.02948099374771118,1.0,1.0
18,eval,367,26044,0.6664309501647949,0.6369555592536926,-0.029475390911102295,1.0,1.0
18,eval,368,14970,0.6766195893287659,0.7060936689376831,0.029474079608917236,1.0,1.0
18,eval,369,18668,0.5850499868392944,0.6145148873329163,0.029464900493621826,1.0,1.0
18,eval,370,10782,0.6398329138755798,0.6692850589752197,0.029452145099639893,1.0,1.0
18,eval,371,19674,0.6129360795021057,0.5834957361221313,-0.029440343379974365,1.0,1.0
18,eval,372,3722,0.7865247130393982,0.8159602880477905,0.029435575008392334,1.0,1.0
18,eval,373,22631,0.5188179016113281,0.4893874526023865,-0.02943044900894165,1.0,1.0
18,eval,374,27477,0.41097769141197205,0.44036734104156494,0.029389649629592896,1.0,1.0
18,eval,375,19440,0.6772992014884949,0.7066882252693176,0.029389023780822754,1.0,1.0
18,eval,376,21588,0.6120395064353943,0.5826519131660461,-0.029387593269348145,1.0,1.0
18,eval,377,14296,0.5574567914009094,0.5868415832519531,0.0293847918510437,1.0,1.0
18,eval,378,17351,1.0549089908599854,1.0255272388458252,-0.029381752014160156,1.0,1.0
18,eval,379,17519,0.8742534518241882,0.9036268591880798,0.0293734073638916,1.0,1.0
18,eval,380,26256,0.6953760981559753,0.7247488498687744,0.029372751712799072,1.0,1.0
18,eval,381,10485,0.3661503493785858,0.3367782533168793,-0.029372096061706543,1.0,1.0
18,eval,382,5806,0.226543590426445,0.1971948742866516,-0.029348716139793396,1.0,1.0
18,eval,383,17134,1.0731390714645386,1.04380464553833,-0.029334425926208496,1.0,1.0
18,eval,384,24539,0.47725817561149597,0.44795259833335876,-0.029305577278137207,1.0,1.0
18,eval,385,20906,0.7229732871055603,0.6936770081520081,-0.029296278953552246,1.0,1.0
18,eval,386,25574,1.7714070081710815,1.7421221733093262,-0.02928483486175537,1.0,1.0
18,eval,387,7216,1.1079535484313965,1.1372261047363281,0.02927255630493164,1.0,1.0
18,eval,388,270,1.197013020515442,1.167757272720337,-0.02925574779510498,1.0,1.0
18,eval,389,24742,0.43636903166770935,0.4655822217464447,0.02921319007873535,1.0,1.0
18,eval,390,22294,0.4874574840068817,0.4582611322402954,-0.029196351766586304,1.0,1.0
18,eval,391,27284,0.6268998980522156,0.5977175235748291,-0.029182374477386475,1.0,1.0
18,eval,392,19484,0.8679543137550354,0.8388139009475708,-0.0291404128074646,1.0,1.0
18,eval,393,1733,0.6201539635658264,0.6492817997932434,0.029127836227416992,1.0,1.0
18,eval,394,14183,1.5908617973327637,1.6199712753295898,0.029109477996826172,1.0,1.0
18,eval,395,14250,0.7322155833244324,0.761315643787384,0.02910006046295166,1.0,1.0
18,eval,396,7532,0.6586744785308838,0.6877732872962952,0.029098808765411377,1.0,1.0
18,eval,397,8422,0.8527870774269104,0.8237126469612122,-0.029074430465698242,1.0,1.0
18,eval,398,18721,0.6989231109619141,0.6698639392852783,-0.029059171676635742,1.0,1.0
18,eval,399,25293,0.643542468547821,0.6144940853118896,-0.029048383235931396,1.0,1.0
18,eval,400,3543,0.5384467244148254,0.5674915313720703,0.029044806957244873,1.0,1.0
18,eval,401,7595,1.3252849578857422,1.3543200492858887,0.029035091400146484,1.0,1.0
18,eval,402,21263,0.29696130752563477,0.2679278552532196,-0.02903345227241516,1.0,1.0
18,eval,403,16632,0.702406644821167,0.7314099073410034,0.029003262519836426,1.0,1.0
18,eval,404,10756,0.7330853939056396,0.7620852589607239,0.02899986505508423,1.0,1.0
18,eval,405,19002,0.40016889572143555,0.4291539490222931,0.028985053300857544,1.0,1.0
18,eval,406,9436,0.44405266642570496,0.47303736209869385,0.02898469567298889,1.0,1.0
18,eval,407,3907,1.580881953239441,1.6098662614822388,0.02898430824279785,1.0,1.0
18,eval,408,22,0.6115191578865051,0.640500009059906,0.02898085117340088,1.0,1.0
18,eval,409,12620,0.5987876057624817,0.6277511119842529,0.02896350622177124,1.0,1.0
18,eval,410,24720,0.6285286545753479,0.5995967388153076,-0.028931915760040283,1.0,1.0
18,eval,411,21417,0.7844211459159851,0.8133528828620911,0.028931736946105957,1.0,1.0
18,eval,412,2949,0.5059268474578857,0.5348536968231201,0.028926849365234375,1.0,1.0
18,eval,413,23695,0.08512353152036667,0.11402608454227448,0.028902553021907806,1.0,1.0
18,eval,414,275,0.6301372647285461,0.6012469530105591,-0.02889031171798706,1.0,1.0
18,eval,415,14365,0.43424949049949646,0.4053601026535034,-0.028889387845993042,1.0,1.0
18,eval,416,9315,0.6853194832801819,0.6564453840255737,-0.028874099254608154,1.0,1.0
18,eval,417,8036,0.6061155200004578,0.634975254535675,0.028859734535217285,1.0,1.0
18,eval,418,6808,0.6907050013542175,0.6618573069572449,-0.028847694396972656,1.0,1.0
18,eval,419,27401,0.5744994878768921,0.545652449131012,-0.028847038745880127,1.0,1.0
18,eval,420,16244,0.6400194764137268,0.6688554286956787,0.028835952281951904,1.0,1.0
18,eval,421,9835,0.7962339520454407,0.8250696063041687,0.028835654258728027,1.0,1.0
18,eval,422,13712,0.9355971217155457,0.964423418045044,0.02882629632949829,1.0,1.0
18,eval,423,21811,0.4928413927555084,0.4640255570411682,-0.02881583571434021,1.0,1.0
18,eval,424,6361,0.5579651594161987,0.5291616916656494,-0.028803467750549316,1.0,1.0
18,eval,425,23809,1.0772074460983276,1.106009840965271,0.02880239486694336,1.0,1.0
18,eval,426,17462,0.6883962154388428,0.7171981334686279,0.028801918029785156,1.0,1.0
18,eval,427,10778,0.2633122503757477,0.29210007190704346,0.028787821531295776,1.0,1.0
18,eval,428,8350,0.4183679521083832,0.44712284207344055,0.028754889965057373,1.0,1.0
18,eval,429,28395,0.4544512927532196,0.4257003366947174,-0.028750956058502197,1.0,1.0
18,eval,430,16422,0.5733043551445007,0.5445799827575684,-0.028724372386932373,1.0,1.0
18,eval,431,1895,0.6031922101974487,0.631894588470459,0.028702378273010254,1.0,1.0
18,eval,432,6171,0.6931764483451843,0.7218508124351501,0.02867436408996582,1.0,1.0
18,eval,433,5878,0.5996474623680115,0.6283084750175476,0.028661012649536133,1.0,1.0
18,eval,434,12964,0.48821568489074707,0.5168750286102295,0.028659343719482422,1.0,1.0
18,eval,435,19882,0.5612366199493408,0.5325795412063599,-0.028657078742980957,1.0,1.0
18,eval,436,19962,0.880052387714386,0.9087089896202087,0.028656601905822754,1.0,1.0
18,eval,437,21922,0.6822140216827393,0.6535574793815613,-0.02865654230117798,1.0,1.0
18,eval,438,25212,0.9105920791625977,0.881946325302124,-0.028645753860473633,1.0,1.0
18,eval,439,27903,1.0674445629119873,1.0960898399353027,0.02864527702331543,1.0,1.0
18,eval,440,8580,0.667527437210083,0.6961670517921448,0.028639614582061768,1.0,1.0
18,eval,441,6722,0.6926751732826233,0.6640442609786987,-0.02863091230392456,1.0,1.0
18,eval,442,7401,0.5974684357643127,0.6260828971862793,0.028614461421966553,1.0,1.0
18,eval,443,19360,0.35873016715049744,0.38734254240989685,0.028612375259399414,1.0,1.0
18,eval,444,821,0.5311931371688843,0.559794545173645,0.028601408004760742,1.0,1.0
18,eval,445,26704,0.6790087223052979,0.7075958847999573,0.028587162494659424,1.0,1.0
18,eval,446,3833,0.6213003396987915,0.5927536487579346,-0.028546690940856934,1.0,1.0
18,eval,447,17759,0.7515209317207336,0.7229754328727722,-0.028545498847961426,1.0,1.0
18,eval,448,17094,0.716132402420044,0.7446649074554443,0.02853250503540039,1.0,1.0
18,eval,449,18044,1.1970192193984985,1.1684945821762085,-0.02852463722229004,1.0,1.0
18,eval,450,12239,0.7251492142677307,0.6966429948806763,-0.028506219387054443,1.0,1.0
18,eval,451,7933,0.3696850836277008,0.3981870412826538,0.028501957654953003,1.0,1.0
18,eval,452,13397,0.5614267587661743,0.5329639315605164,-0.02846282720565796,1.0,1.0
18,eval,453,11032,0.7307610511779785,0.7023025155067444,-0.02845853567123413,1.0,1.0
18,eval,454,9418,0.4892219305038452,0.5176581740379333,0.028436243534088135,1.0,1.0
18,eval,455,8472,0.5983624458312988,0.5699265003204346,-0.028435945510864258,1.0,1.0
18,eval,456,16745,0.7703373432159424,0.741934597492218,-0.028402745723724365,1.0,1.0
18,eval,457,14304,0.3360516130924225,0.3644280433654785,0.02837643027305603,1.0,1.0
18,eval,458,14907,0.6717486381530762,0.7001191973686218,0.028370559215545654,1.0,1.0
18,eval,459,18027,0.49360787868499756,0.5219736099243164,0.028365731239318848,1.0,1.0
18,eval,460,26245,0.5820205807685852,0.6103833913803101,0.028362810611724854,1.0,1.0
18,eval,461,24355,0.8547084331512451,0.8830708861351013,0.0283624529838562,1.0,1.0
18,eval,462,20656,0.778095543384552,0.7497578859329224,-0.02833765745162964,1.0,1.0
18,eval,463,19403,0.4353369176387787,0.4070274829864502,-0.02830943465232849,1.0,1.0
18,eval,464,3912,1.124016284942627,1.152311086654663,0.028294801712036133,1.0,1.0
18,eval,465,20785,0.6750091910362244,0.7033030986785889,0.028293907642364502,1.0,1.0
18,eval,466,14777,0.7251109480857849,0.6968180537223816,-0.02829289436340332,1.0,1.0
18,eval,467,18562,0.9427675604820251,0.9144831895828247,-0.02828437089920044,1.0,1.0
18,eval,468,27462,0.7428982853889465,0.714633047580719,-0.02826523780822754,1.0,1.0
18,eval,469,10216,0.38622578978538513,0.4144822955131531,0.028256505727767944,1.0,1.0
18,eval,470,26623,0.9859278798103333,0.9576737880706787,-0.02825409173965454,1.0,1.0
18,eval,471,15514,1.0012730360031128,1.029502511024475,0.028229475021362305,1.0,1.0
18,eval,472,12290,0.7671873569488525,0.7953879833221436,0.028200626373291016,1.0,1.0
18,eval,473,25619,0.5067418813705444,0.4785473644733429,-0.028194516897201538,1.0,1.0
18,eval,474,22473,0.7327186465263367,0.7045320868492126,-0.028186559677124023,1.0,1.0
18,eval,475,8267,0.8320929408073425,0.8602745532989502,0.028181612491607666,1.0,1.0
18,eval,476,24669,0.6468372941017151,0.6186595559120178,-0.028177738189697266,1.0,1.0
18,eval,477,4546,0.4797370731830597,0.45156970620155334,-0.028167366981506348,1.0,1.0
18,eval,478,22991,0.7475199699401855,0.7193601131439209,-0.02815985679626465,1.0,1.0
18,eval,479,17196,0.6272050738334656,0.655357837677002,0.028152763843536377,1.0,1.0
18,eval,480,16083,0.8901178240776062,0.9182643890380859,0.028146564960479736,1.0,1.0
18,eval,481,2307,0.982951819896698,0.95481938123703,-0.02813243865966797,1.0,1.0
18,eval,482,4541,0.5556473731994629,0.5275270938873291,-0.02812027931213379,1.0,1.0
18,eval,483,18466,0.5099713206291199,0.4818541705608368,-0.02811715006828308,1.0,1.0
18,eval,484,23631,0.4499880075454712,0.47807443141937256,0.028086423873901367,1.0,1.0
18,eval,485,11190,0.36043861508369446,0.3885241150856018,0.02808550000190735,1.0,1.0
18,eval,486,10046,0.5534507632255554,0.5815359354019165,0.028085172176361084,1.0,1.0
18,eval,487,21899,0.6435010433197021,0.6715841889381409,0.02808314561843872,1.0,1.0
18,eval,488,8842,0.6540215611457825,0.6820952892303467,0.02807372808456421,1.0,1.0
18,eval,489,4110,0.849613606929779,0.8776851296424866,0.02807152271270752,1.0,1.0
18,eval,490,17928,0.6021445393562317,0.6301986575126648,0.028054118156433105,1.0,1.0
18,eval,491,28520,0.606128454208374,0.5780923962593079,-0.028036057949066162,1.0,1.0
18,eval,492,15752,0.47959938645362854,0.45157182216644287,-0.02802756428718567,1.0,1.0
18,eval,493,6804,0.5440289378166199,0.5720451474189758,0.028016209602355957,1.0,1.0
18,eval,494,8153,1.1074481010437012,1.1354433298110962,0.02799522876739502,1.0,1.0
18,eval,495,11213,0.9191135764122009,0.9470896124839783,0.027976036071777344,1.0,1.0
18,eval,496,12872,0.6362459063529968,0.6642178297042847,0.027971923351287842,1.0,1.0
18,eval,497,17380,0.8319352269172668,0.8039712905883789,-0.02796393632888794,1.0,1.0
18,eval,498,5283,0.7060489058494568,0.7340056896209717,0.027956783771514893,1.0,1.0
18,eval,499,22998,1.0378729104995728,1.0658217668533325,0.027948856353759766,1.0,1.0
18,eval,500,21944,0.6391207575798035,0.611174464225769,-0.027946293354034424,1.0,1.0
