participant_id,group_id,round_number,max_private_risk,decision,decision_opponent,decision_lag,decision_opponent_lag,acc_steps,acc_steps_opponent,acc_steps_lag,acc_steps_opponent_lag,delta_steps_lag,won_race,num_rounds,sex,age,nationality_group,risk_gamble_choice
P0001,G0077,1,0.9,0.0,0.0,-1,-1,1.0,1.0,0.0,0.0,0.0,0.0,9.0,Male,28-32,Other,1.0
P0001,G0077,2,0.9,0.0,0.0,0,0,2.0,2.0,1.0,1.0,0.0,0.0,9.0,Male,28-32,Other,1.0
P0001,G0077,3,0.9,0.0,0.0,0,0,3.0,3.0,2.0,2.0,0.0,0.0,9.0,Male,28-32,Other,1.0
P0001,G0077,4,0.9,1.0,0.0,0,0,4.5,4.0,3.0,3.0,0.0,0.0,9.0,Male,28-32,Other,1.0
P0001,G0077,5,0.9,0.0,1.0,1,0,5.5,5.5,4.5,4.0,0.5,0.0,9.0,Male,28-32,Other,1.0
P0001,G0077,6,0.9,0.0,0.0,0,1,6.5,6.5,5.5,5.5,0.0,0.0,9.0,Male,28-32,Other,1.0
P0001,G0077,7,0.9,1.0,0.0,0,0,8.0,7.5,6.5,6.5,0.0,0.0,9.0,Male,28-32,Other,1.0
P0001,G0077,8,0.9,1.0,1.0,1,0,9.5,9.0,8.0,7.5,0.5,0.0,9.0,Male,28-32,Other,1.0
P0001,G0077,9,0.9,1.0,1.0,1,1,11.0,10.5,9.5,9.0,0.5,1.0,9.0,Male,28-32,Other,1.0
P0002,G0089,1,0.6,1.0,0.0,-1,-1,1.5,1.0,0.0,0.0,0.0,0.0,5.0,Male,28-32,Poland,4.0
P0002,G0089,2,0.6,0.0,1.0,1,0,2.5,2.5,1.5,1.0,0.5,0.0,5.0,Male,28-32,Poland,4.0
P0002,G0089,3,0.6,0.0,1.0,0,1,3.5,4.0,2.5,2.5,0.0,0.0,5.0,Male,28-32,Poland,4.0
P0002,G0089,4,0.6,0.0,0.0,0,1,4.5,5.0,3.5,4.0,-0.5,0.0,5.0,Male,28-32,Poland,4.0
P0002,G0089,5,0.6,0.0,1.0,0,0,5.5,6.5,4.5,5.0,-0.5,0.0,5.0,Male,28-32,Poland,4.0
P0003,G0170,1,0.9,1.0,1.0,-1,-1,1.5,1.5,0.0,0.0,0.0,0.0,13.0,Male,23-27,South Africa,0.0
P0003,G0170,2,0.9,0.0,1.0,1,1,2.5,3.0,1.5,1.5,0.0,0.0,13.0,Male,23-27,South Africa,0.0
P0003,G0170,3,0.9,1.0,1.0,0,1,4.0,4.5,2.5,3.0,-0.5,0.0,13.0,Male,23-27,South Africa,0.0
P0003,G0170,4,0.9,0.0,1.0,1,1,5.0,6.0,4.0,4.5,-0.5,0.0,13.0,Male,23-27,South Africa,0.0
P0003,G0170,5,0.9,1.0,1.0,0,1,6.5,7.5,5.0,6.0,-1.0,0.0,13.0,Male,23-27,South Africa,0.0
P0003,G0170,6,0.9,0.0,1.0,1,1,7.5,9.0,6.5,7.5,-1.0,0.0,13.0,Male,23-27,South Africa,0.0
P0003,G0170,7,0.9,1.0,1.0,0,1,9.0,10.5,7.5,9.0,-1.5,0.0,13.0,Male,23-27,South Africa,0.0
P0003,G0170,8,0.9,0.0,1.0,1,1,10.0,12.0,9.0,10.5,-1.5,0.0,13.0,Male,23-27,South Africa,0.0
P0003,G0170,9,0.9,1.0,1.0,0,1,11.5,13.5,10.0,12.0,-2.0,0.0,13.0,Male,23-27,South Africa,0.0
P0003,G0170,10,0.9,1.0,1.0,1,1,13.0,15.0,11.5,13.5,-2.0,0.0,13.0,Male,23-27,South Africa,0.0
P0003,G0170,11,0.9,0.0,0.0,1,1,14.0,16.0,13.0,15.0,-2.0,0.0,13.0,Male,23-27,South Africa,0.0
P0003,G0170,12,0.9,0.0,1.0,0,0,15.0,17.5,14.0,16.0,-2.0,0.0,13.0,Male,23-27,South Africa,0.0
P0003,G0170,13,0.9,1.0,1.0,0,1,16.5,19.0,15.0,17.5,-2.5,0.0,13.0,Male,23-27,South Africa,0.0
P0004,G0044,1,0.9,0.0,0.0,-1,-1,1.0,1.0,0.0,0.0,0.0,0.0,5.0,Male,28-32,South Africa,2.0
P0004,G0044,2,0.9,1.0,0.0,0,0,2.5,2.0,1.0,1.0,0.0,0.0,5.0,Male,28-32,South Africa,2.0
P0004,G0044,3,0.9,1.0,1.0,1,0,4.0,3.5,2.5,2.0,0.5,0.0,5.0,Male,28-32,South Africa,2.0
P0004,G0044,4,0.9,0.0,0.0,1,1,5.0,4.5,4.0,3.5,0.5,0.0,5.0,Male,28-32,South Africa,2.0
P0004,G0044,5,0.9,1.0,0.0,0,0,6.5,5.5,5.0,4.5,0.5,1.0,5.0,Male,28-32,South Africa,2.0
P0005,G0073,1,0.6,0.0,1.0,-1,-1,1.0,1.5,0.0,0.0,0.0,0.0,7.0,Female,28-32,Other,2.0
P0005,G0073,2,0.6,0.0,1.0,0,1,2.0,3.0,1.0,1.5,-0.5,0.0,7.0,Female,28-32,Other,2.0
P0005,G0073,3,0.6,1.0,0.0,0,1,3.5,4.0,2.0,3.0,-1.0,0.0,7.0,Female,28-32,Other,2.0
P0005,G0073,4,0.6,0.0,1.0,1,0,4.5,5.5,3.5,4.0,-0.5,0.0,7.0,Female,28-32,Other,2.0
P0005,G0073,5,0.6,1.0,1.0,0,1,6.0,7.0,4.5,5.5,-1.0,0.0,7.0,Female,28-32,Other,2.0
P0005,G0073,6,0.6,1.0,1.0,1,1,7.5,8.5,6.0,7.0,-1.0,0.0,7.0,Female,28-32,Other,2.0
P0005,G0073,7,0.6,0.0,1.0,1,1,8.5,10.0,7.5,8.5,-1.0,0.0,7.0,Female,28-32,Other,2.0
P0006,G0160,1,0.1,1.0,1.0,-1,-1,1.5,1.5,0.0,0.0,0.0,0.0,10.0,Female,23-27,Other,3.0
P0006,G0160,2,0.1,1.0,0.0,1,1,3.0,2.5,1.5,1.5,0.0,0.0,10.0,Female,23-27,Other,3.0
P0006,G0160,3,0.1,0.0,1.0,1,0,4.0,4.0,3.0,2.5,0.5,0.0,10.0,Female,23-27,Other,3.0
P0006,G0160,4,0.1,1.0,0.0,0,1,5.5,5.0,4.0,4.0,0.0,0.0,10.0,Female,23-27,Other,3.0
P0006,G0160,5,0.1,1.0,0.0,1,0,7.0,6.0,5.5,5.0,0.5,0.0,10.0,Female,23-27,Other,3.0
P0006,G0160,6,0.1,1.0,1.0,1,0,8.5,7.5,7.0,6.0,1.0,0.0,10.0,Female,23-27,Other,3.0
P0006,G0160,7,0.1,0.0,0.0,1,1,9.5,8.5,8.5,7.5,1.0,0.0,10.0,Female,23-27,Other,3.0
P0006,G0160,8,0.1,1.0,1.0,0,0,11.0,10.0,9.5,8.5,1.0,0.0,10.0,Female,23-27,Other,3.0
P0006,G0160,9,0.1,1.0,0.0,1,1,12.5,11.0,11.0,10.0,1.0,0.0,10.0,Female,23-27,Other,3.0
P0006,G0160,10,0.1,0.0,1.0,1,0,13.5,12.5,12.5,11.0,1.5,1.0,10.0,Female,23-27,Other,3.0
P0007,G0100,1,0.9,1.0,1.0,-1,-1,1.5,1.5,0.0,0.0,0.0,0.0,5.0,Female,23-27,South Africa,2.0
P0007,G0100,2,0.9,1.0,1.0,1,1,3.0,3.0,1.5,1.5,0.0,0.0,5.0,Female,23-27,South Africa,2.0
P0007,G0100,3,0.9,1.0,0.0,1,1,4.5,4.0,3.0,3.0,0.0,0.0,5.0,Female,23-27,South Africa,2.0
P0007,G0100,4,0.9,0.0,1.0,1,0,5.5,5.5,4.5,4.0,0.5,0.0,5.0,Female,23-27,South Africa,2.0
P0007,G0100,5,0.9,1.0,1.0,0,1,7.0,7.0,5.5,5.5,0.0,1.0,5.0,Female,23-27,South Africa,2.0
P0008,G0065,1,0.1,1.0,1.0,-1,-1,1.5,1.5,0.0,0.0,0.0,0.0,11.0,Female,23-27,South Africa,4.0
P0008,G0065,2,0.1,0.0,1.0,1,1,2.5,3.0,1.5,1.5,0.0,0.0,11.0,Female,23-27,South Africa,4.0
P0008,G0065,3,0.1,1.0,1.0,0,1,4.0,4.5,2.5,3.0,-0.5,0.0,11.0,Female,23-27,South Africa,4.0
P0008,G0065,4,0.1,0.0,1.0,1,1,5.0,6.0,4.0,4.5,-0.5,0.0,11.0,Female,23-27,South Africa,4.0
P0008,G0065,5,0.1,0.0,1.0,0,1,6.0,7.5,5.0,6.0,-1.0,0.0,11.0,Female,23-27,South Africa,4.0
P0008,G0065,6,0.1,1.0,1.0,0,1,7.5,9.0,6.0,7.5,-1.5,0.0,11.0,Female,23-27,South Africa,4.0
P0008,G0065,7,0.1,1.0,1.0,1,1,9.0,10.5,7.5,9.0,-1.5,0.0,11.0,Female,23-27,South Africa,4.0
P0008,G0065,8,0.1,1.0,1.0,1,1,10.5,12.0,9.0,10.5,-1.5,0.0,11.0,Female,23-27,South Africa,4.0
P0008,G0065,9,0.1,0.0,1.0,1,1,11.5,13.5,10.5,12.0,-1.5,0.0,11.0,Female,23-27,South Africa,4.0
P0008,G0065,10,0.1,0.0,1.0,0,1,12.5,15.0,11.5,13.5,-2.0,0.0,11.0,Female,23-27,South Africa,4.0
P0008,G0065,11,0.1,0.0,1.0,0,1,13.5,16.5,12.5,15.0,-2.5,0.0,11.0,Female,23-27,South Africa,4.0
P0009,G0085,1,0.9,0.0,0.0,-1,-1,1.0,1.0,0.0,0.0,0.0,0.0,6.0,Female,18-22,South Africa,2.0
P0009,G0085,2,0.9,1.0,1.0,0,0,2.5,2.5,1.0,1.0,0.0,0.0,6.0,Female,18-22,South Africa,2.0
P0009,G0085,3,0.9,0.0,0.0,1,1,3.5,3.5,2.5,2.5,0.0,0.0,6.0,Female,18-22,South Africa,2.0
P0009,G0085,4,0.9,1.0,0.0,0,0,5.0,4.5,3.5,3.5,0.0,0.0,6.0,Female,18-22,South Africa,2.0
P0009,G0085,5,0.9,0.0,1.0,1,0,6.0,6.0,5.0,4.5,0.5,0.0,6.0,Female,18-22,South Africa,2.0
P0009,G0085,6,0.9,0.0,1.0,0,1,7.0,7.5,6.0,6.0,0.0,0.0,6.0,Female,18-22,South Africa,2.0
P0010,G0033,1,0.9,1.0,0.0,-1,-1,1.5,1.0,0.0,0.0,0.0,0.0,10.0,Female,33-37,South Africa,4.0
P0010,G0033,2,0.9,1.0,1.0,1,0,3.0,2.5,1.5,1.0,0.5,0.0,10.0,Female,33-37,South Africa,4.0
P0010,G0033,3,0.9,1.0,0.0,1,1,4.5,3.5,3.0,2.5,0.5,0.0,10.0,Female,33-37,South Africa,4.0
P0010,G0033,4,0.9,0.0,0.0,1,0,5.5,4.5,4.5,3.5,1.0,0.0,10.0,Female,33-37,South Africa,4.0
P0010,G0033,5,0.9,1.0,0.0,0,0,7.0,5.5,5.5,4.5,1.0,0.0,10.0,Female,33-37,South Africa,4.0
P0010,G0033,6,0.9,1.0,1.0,1,0,8.5,7.0,7.0,5.5,1.5,0.0,10.0,Female,33-37,South Africa,4.0
P0010,G0033,7,0.9,1.0,0.0,1,1,10.0,8.0,8.5,7.0,1.5,0.0,10.0,Female,33-37,South Africa,4.0
P0010,G0033,8,0.9,1.0,0.0,1,0,11.5,9.0,10.0,8.0,2.0,0.0,10.0,Female,33-37,South Africa,4.0
P0010,G0033,9,0.9,0.0,0.0,1,0,12.5,10.0,11.5,9.0,2.5,0.0,10.0,Female,33-37,South Africa,4.0
P0010,G0033,10,0.9,1.0,1.0,0,0,14.0,11.5,12.5,10.0,2.5,1.0,10.0,Female,33-37,South Africa,4.0
P0011,G0010,1,0.9,0.0,1.0,-1,-1,1.0,1.5,0.0,0.0,0.0,0.0,21.0,Male,28-32,Other,3.0
P0011,G0010,2,0.9,0.0,0.0,0,1,2.0,2.5,1.0,1.5,-0.5,0.0,21.0,Male,28-32,Other,3.0
P0011,G0010,3,0.9,0.0,1.0,0,0,3.0,4.0,2.0,2.5,-0.5,0.0,21.0,Male,28-32,Other,3.0
P0011,G0010,4,0.9,1.0,0.0,0,1,4.5,5.0,3.0,4.0,-1.0,0.0,21.0,Male,28-32,Other,3.0
P0011,G0010,5,0.9,1.0,0.0,1,0,6.0,6.0,4.5,5.0,-0.5,0.0,21.0,Male,28-32,Other,3.0
P0011,G0010,6,0.9,1.0,0.0,1,0,7.5,7.0,6.0,6.0,0.0,0.0,21.0,Male,28-32,Other,3.0
P0011,G0010,7,0.9,0.0,0.0,1,0,8.5,8.0,7.5,7.0,0.5,0.0,21.0,Male,28-32,Other,3.0
P0011,G0010,8,0.9,1.0,1.0,0,0,10.0,9.5,8.5,8.0,0.5,0.0,21.0,Male,28-32,Other,3.0
P0011,G0010,9,0.9,0.0,1.0,1,1,11.0,11.0,10.0,9.5,0.5,0.0,21.0,Male,28-32,Other,3.0
P0011,G0010,10,0.9,1.0,0.0,0,1,12.5,12.0,11.0,11.0,0.0,0.0,21.0,Male,28-32,Other,3.0
P0011,G0010,11,0.9,1.0,1.0,1,0,14.0,13.5,12.5,12.0,0.5,0.0,21.0,Male,28-32,Other,3.0
P0011,G0010,12,0.9,1.0,0.0,1,1,15.5,14.5,14.0,13.5,0.5,0.0,21.0,Male,28-32,Other,3.0
P0011,G0010,13,0.9,1.0,0.0,1,0,17.0,15.5,15.5,14.5,1.0,0.0,21.0,Male,28-32,Other,3.0
P0011,G0010,14,0.9,1.0,0.0,1,0,18.5,16.5,17.0,15.5,1.5,0.0,21.0,Male,28-32,Other,3.0
P0011,G0010,15,0.9,1.0,0.0,1,0,20.0,17.5,18.5,16.5,2.0,0.0,21.0,Male,28-32,Other,3.0
P0011,G0010,16,0.9,1.0,1.0,1,0,21.5,19.0,20.0,17.5,2.5,0.0,21.0,Male,28-32,Other,3.0
P0011,G0010,17,0.9,1.0,0.0,1,1,23.0,20.0,21.5,19.0,2.5,0.0,21.0,Male,28-32,Other,3.0
P0011,G0010,18,0.9,1.0,0.0,1,0,24.5,21.0,23.0,20.0,3.0,0.0,21.0,Male,28-32,Other,3.0
P0011,G0010,19,0.9,0.0,1.0,1,0,25.5,22.5,24.5,21.0,3.5,0.0,21.0,Male,28-32,Other,3.0
P0011,G0010,20,0.9,1.0,1.0,0,1,27.0,24.0,25.5,22.5,3.0,0.0,21.0,Male,28-32,Other,3.0
P0011,G0010,21,0.9,1.0,1.0,1,1,28.5,25.5,27.0,24.0,3.0,1.0,21.0,Male,28-32,Other,3.0
P0012,G0087,1,0.6,0.0,0.0,-1,-1,1.0,1.0,0.0,0.0,0.0,0.0,5.0,Female,18-22,Other,1.0
P0012,G0087,2,0.6,0.0,0.0,0,0,2.0,2.0,1.0,1.0,0.0,0.0,5.0,Female,18-22,Other,1.0
P0012,G0087,3,0.6,0.0,0.0,0,0,3.0,3.0,2.0,2.0,0.0,0.0,5.0,Female,18-22,Other,1.0
P0012,G0087,4,0.6,0.0,0.0,0,0,4.0,4.0,3.0,3.0,0.0,0.0,5.0,Female,18-22,Other,1.0
P0012,G0087,5,0.6,0.0,0.0,0,0,5.0,5.0,4.0,4.0,0.0,1.0,5.0,Female,18-22,Other,1.0
P0013,G0052,1,0.9,1.0,0.0,-1,-1,1.5,1.0,0.0,0.0,0.0,0.0,11.0,Male,23-27,Poland,2.0
P0013,G0052,2,0.9,0.0,0.0,1,0,2.5,2.0,1.5,1.0,0.5,0.0,11.0,Male,23-27,Poland,2.0
P0013,G0052,3,0.9,0.0,1.0,0,0,3.5,3.5,2.5,2.0,0.5,0.0,11.0,Male,23-27,Poland,2.0
P0013,G0052,4,0.9,0.0,1.0,0,1,4.5,5.0,3.5,3.5,0.0,0.0,11.0,Male,23-27,Poland,2.0
P0013,G0052,5,0.9,0.0,0.0,0,1,5.5,6.0,4.5,5.0,-0.5,0.0,11.0,Male,23-27,Poland,2.0
P0013,G0052,6,0.9,0.0,0.0,0,0,6.5,7.0,5.5,6.0,-0.5,0.0,11.0,Male,23-27,Poland,2.0
P0013,G0052,7,0.9,1.0,0.0,0,0,8.0,8.0,6.5,7.0,-0.5,0.0,11.0,Male,23-27,Poland,2.0
P0013,G0052,8,0.9,0.0,1.0,1,0,9.0,9.5,8.0,8.0,0.0,0.0,11.0,Male,23-27,Poland,2.0
P0013,G0052,9,0.9,0.0,0.0,0,1,10.0,10.5,9.0,9.5,-0.5,0.0,11.0,Male,23-27,Poland,2.0
P0013,G0052,10,0.9,0.0,1.0,0,0,11.0,12.0,10.0,10.5,-0.5,0.0,11.0,Male,23-27,Poland,2.0
P0013,G0052,11,0.9,0.0,0.0,0,1,12.0,13.0,11.0,12.0,-1.0,0.0,11.0,Male,23-27,Poland,2.0
P0014,G0050,1,0.9,1.0,1.0,-1,-1,1.5,1.5,0.0,0.0,0.0,0.0,9.0,Male,18-22,Other,4.0
P0014,G0050,2,0.9,1.0,0.0,1,1,3.0,2.5,1.5,1.5,0.0,0.0,9.0,Male,18-22,Other,4.0
P0014,G0050,3,0.9,0.0,0.0,1,0,4.0,3.5,3.0,2.5,0.5,0.0,9.0,Male,18-22,Other,4.0
P0014,G0050,4,0.9,0.0,1.0,0,0,5.0,5.0,4.0,3.5,0.5,0.0,9.0,Male,18-22,Other,4.0
P0014,G0050,5,0.9,1.0,0.0,0,1,6.5,6.0,5.0,5.0,0.0,0.0,9.0,Male,18-22,Other,4.0
P0014,G0050,6,0.9,1.0,1.0,1,0,8.0,7.5,6.5,6.0,0.5,0.0,9.0,Male,18-22,Other,4.0
P0014,G0050,7,0.9,0.0,1.0,1,1,9.0,9.0,8.0,7.5,0.5,0.0,9.0,Male,18-22,Other,4.0
P0014,G0050,8,0.9,1.0,0.0,0,1,10.5,10.0,9.0,9.0,0.0,0.0,9.0,Male,18-22,Other,4.0
P0014,G0050,9,0.9,1.0,1.0,1,0,12.0,11.5,10.5,10.0,0.5,1.0,9.0,Male,18-22,Other,4.0
P0015,G0135,1,0.9,1.0,1.0,-1,-1,1.5,1.5,0.0,0.0,0.0,0.0,14.0,Female,23-27,South Africa,0.0
P0015,G0135,2,0.9,1.0,1.0,1,1,3.0,3.0,1.5,1.5,0.0,0.0,14.0,Female,23-27,South Africa,0.0
P0015,G0135,3,0.9,1.0,1.0,1,1,4.5,4.5,3.0,3.0,0.0,0.0,14.0,Female,23-27,South Africa,0.0
P0015,G0135,4,0.9,1.0,1.0,1,1,6.0,6.0,4.5,4.5,0.0,0.0,14.0,Female,23-27,South Africa,0.0
P0015,G0135,5,0.9,1.0,1.0,1,1,7.5,7.5,6.0,6.0,0.0,0.0,14.0,Female,23-27,South Africa,0.0
P0015,G0135,6,0.9,0.0,1.0,1,1,8.5,9.0,7.5,7.5,0.0,0.0,14.0,Female,23-27,South Africa,0.0
P0015,G0135,7,0.9,1.0,1.0,0,1,10.0,10.5,8.5,9.0,-0.5,0.0,14.0,Female,23-27,South Africa,0.0
P0015,G0135,8,0.9,1.0,1.0,1,1,11.5,12.0,10.0,10.5,-0.5,0.0,14.0,Female,23-27,South Africa,0.0
P0015,G0135,9,0.9,1.0,1.0,1,1,13.0,13.5,11.5,12.0,-0.5,0.0,14.0,Female,23-27,South Africa,0.0
P0015,G0135,10,0.9,1.0,1.0,1,1,14.5,15.0,13.0,13.5,-0.5,0.0,14.0,Female,23-27,South Africa,0.0
P0015,G0135,11,0.9,1.0,1.0,1,1,16.0,16.5,14.5,15.0,-0.5,0.0,14.0,Female,23-27,South Africa,0.0
P0015,G0135,12,0.9,1.0,1.0,1,1,17.5,18.0,16.0,16.5,-0.5,0.0,14.0,Female,23-27,South Africa,0.0
P0015,G0135,13,0.9,1.0,1.0,1,1,19.0,19.5,17.5,18.0,-0.5,0.0,14.0,Female,23-27,South Africa,0.0
P0015,G0135,14,0.9,1.0,1.0,1,1,20.5,21.0,19.0,19.5,-0.5,0.0,14.0,Female,23-27,South Africa,0.0
P0016,G0020,1,0.9,0.0,1.0,-1,-1,1.0,1.5,0.0,0.0,0.0,0.0,5.0,Female,28-32,South Africa,1.0
P0016,G0020,2,0.9,0.0,0.0,0,1,2.0,2.5,1.0,1.5,-0.5,0.0,5.0,Female,28-32,South Africa,1.0
P0016,G0020,3,0.9,1.0,0.0,0,0,3.5,3.5,2.0,2.5,-0.5,0.0,5.0,Female,28-32,South Africa,1.0
P0016,G0020,4,0.9,1.0,1.0,1,0,5.0,5.0,3.5,3.5,0.0,0.0,5.0,Female,28-32,South Africa,1.0
P0016,G0020,5,0.9,0.0,1.0,1,1,6.0,6.5,5.0,5.0,0.0,0.0,5.0,Female,28-32,South Africa,1.0
P0017,G0160,1,0.1,1.0,1.0,-1,-1,1.5,1.5,0.0,0.0,0.0,0.0,10.0,Female,28-32,South Africa,2.0
P0017,G0160,2,0.1,0.0,1.0,1,1,2.5,3.0,1.5,1.5,0.0,0.0,10.0,Female,28-32,South Africa,2.0
P0017,G0160,3,0.1,1.0,0.0,0,1,4.0,4.0,2.5,3.0,-0.5,0.0,10.0,Female,28-32,South Africa,2.0
P0017,G0160,4,0.1,0.0,1.0,1,0,5.0,5.5,4.0,4.0,0.0,0.0,10.0,Female,28-32,South Africa,2.0
P0017,G0160,5,0.1,0.0,1.0,0,1,6.0,7.0,5.0,5.5,-0.5,0.0,10.0,Female,28-32,South Africa,2.0
P0017,G0160,6,0.1,1.0,1.0,0,1,7.5,8.5,6.0,7.0,-1.0,0.0,10.0,Female,28-32,South Africa,2.0
P0017,G0160,7,0.1,0.0,0.0,1,1,8.5,9.5,7.5,8.5,-1.0,0.0,10.0,Female,28-32,South Africa,2.0
P0017,G0160,8,0.1,1.0,1.0,0,0,10.0,11.0,8.5,9.5,-1.0,0.0,10.0,Female,28-32,South Africa,2.0
P0017,G0160,9,0.1,0.0,1.0,1,1,11.0,12.5,10.0,11.0,-1.0,0.0,10.0,Female,28-32,South Africa,2.0
P0017,G0160,10,0.1,1.0,0.0,0,1,12.5,13.5,11.0,12.5,-1.5,0.0,10.0,Female,28-32,South Africa,2.0
P0018,G0080,1,0.1,1.0,0.0,-1,-1,1.5,1.0,0.0,0.0,0.0,0.0,8.0,Male,18-22,Other,2.0
P0018,G0080,2,0.1,0.0,0.0,1,0,2.5,2.0,1.5,1.0,0.5,0.0,8.0,Male,18-22,Other,2.0
P0018,G0080,3,0.1,1.0,1.0,0,0,4.0,3.5,2.5,2.0,0.5,0.0,8.0,Male,18-22,Other,2.0
P0018,G0080,4,0.1,1.0,1.0,1,1,5.5,5.0,4.0,3.5,0.5,0.0,8.0,Male,18-22,Other,2.0
P0018,G0080,5,0.1,1.0,1.0,1,1,7.0,6.5,5.5,5.0,0.5,0.0,8.0,Male,18-22,Other,2.0
P0018,G0080,6,0.1,1.0,0.0,1,1,8.5,7.5,7.0,6.5,0.5,0.0,8.0,Male,18-22,Other,2.0
P0018,G0080,7,0.1,1.0,0.0,1,0,10.0,8.5,8.5,7.5,1.0,0.0,8.0,Male,18-22,Other,2.0
P0018,G0080,8,0.1,1.0,0.0,1,0,11.5,9.5,10.0,8.5,1.5,1.0,8.0,Male,18-22,Other,2.0
P0019,G0065,1,0.1,1.0,1.0,-1,-1,1.5,1.5,0.0,0.0,0.0,0.0,11.0,Female,48-52,South Africa,5.0
P0019,G0065,2,0.1,1.0,0.0,1,1,3.0,2.5,1.5,1.5,0.0,0.0,11.0,Female,48-52,South Africa,5.0
P0019,G0065,3,0.1,1.0,1.0,1,0,4.5,4.0,3.0,2.5,0.5,0.0,11.0,Female,48-52,South Africa,5.0
P0019,G0065,4,0.1,1.0,0.0,1,1,6.0,5.0,4.5,4.0,0.5,0.0,11.0,Female,48-52,South Africa,5.0
P0019,G0065,5,0.1,1.0,0.0,1,0,7.5,6.0,6.0,5.0,1.0,0.0,11.0,Female,48-52,South Africa,5.0
P0019,G0065,6,0.1,1.0,1.0,1,0,9.0,7.5,7.5,6.0,1.5,0.0,11.0,Female,48-52,South Africa,5.0
P0019,G0065,7,0.1,1.0,1.0,1,1,10.5,9.0,9.0,7.5,1.5,0.0,11.0,Female,48-52,South Africa,5.0
P0019,G0065,8,0.1,1.0,1.0,1,1,12.0,10.5,10.5,9.0,1.5,0.0,11.0,Female,48-52,South Africa,5.0
P0019,G0065,9,0.1,1.0,0.0,1,1,13.5,11.5,12.0,10.5,1.5,0.0,11.0,Female,48-52,South Africa,5.0
P0019,G0065,10,0.1,1.0,0.0,1,0,15.0,12.5,13.5,11.5,2.0,0.0,11.0,Female,48-52,South Africa,5.0
P0019,G0065,11,0.1,1.0,0.0,1,0,16.5,13.5,15.0,12.5,2.5,1.0,11.0,Female,48-52,South Africa,5.0
P0020,G0099,1,0.9,1.0,0.0,-1,-1,1.5,1.0,0.0,0.0,0.0,0.0,5.0,Female,28-32,South Africa,2.0
P0020,G0099,2,0.9,1.0,1.0,1,0,3.0,2.5,1.5,1.0,0.5,0.0,5.0,Female,28-32,South Africa,2.0
P0020,G0099,3,0.9,0.0,0.0,1,1,4.0,3.5,3.0,2.5,0.5,0.0,5.0,Female,28-32,South Africa,2.0
P0020,G0099,4,0.9,1.0,1.0,0,0,5.5,5.0,4.0,3.5,0.5,0.0,5.0,Female,28-32,South Africa,2.0
P0020,G0099,5,0.9,1.0,1.0,1,1,7.0,6.5,5.5,5.0,0.5,1.0,5.0,Female,28-32,South Africa,2.0
P0021,G0007,1,0.6,0.0,1.0,-1,-1,1.0,1.5,0.0,0.0,0.0,0.0,15.0,Female,23-27,Other,0.0
P0021,G0007,2,0.6,0.0,0.0,0,1,2.0,2.5,1.0,1.5,-0.5,0.0,15.0,Female,23-27,Other,0.0
P0021,G0007,3,0.6,1.0,0.0,0,0,3.5,3.5,2.0,2.5,-0.5,0.0,15.0,Female,23-27,Other,0.0
P0021,G0007,4,0.6,0.0,1.0,1,0,4.5,5.0,3.5,3.5,0.0,0.0,15.0,Female,23-27,Other,0.0
P0021,G0007,5,0.6,1.0,0.0,0,1,6.0,6.0,4.5,5.0,-0.5,0.0,15.0,Female,23-27,Other,0.0
P0021,G0007,6,0.6,1.0,1.0,1,0,7.5,7.5,6.0,6.0,0.0,0.0,15.0,Female,23-27,Other,0.0
P0021,G0007,7,0.6,0.0,0.0,1,1,8.5,8.5,7.5,7.5,0.0,0.0,15.0,Female,23-27,Other,0.0
P0021,G0007,8,0.6,1.0,0.0,0,0,10.0,9.5,8.5,8.5,0.0,0.0,15.0,Female,23-27,Other,0.0
P0021,G0007,9,0.6,1.0,1.0,1,0,11.5,11.0,10.0,9.5,0.5,0.0,15.0,Female,23-27,Other,0.0
P0021,G0007,10,0.6,0.0,1.0,1,1,12.5,12.5,11.5,11.0,0.5,0.0,15.0,Female,23-27,Other,0.0
P0021,G0007,11,0.6,0.0,0.0,0,1,13.5,13.5,12.5,12.5,0.0,0.0,15.0,Female,23-27,Other,0.0
P0021,G0007,12,0.6,1.0,1.0,0,0,15.0,15.0,13.5,13.5,0.0,0.0,15.0,Female,23-27,Other,0.0
P0021,G0007,13,0.6,1.0,1.0,1,1,16.5,16.5,15.0,15.0,0.0,0.0,15.0,Female,23-27,Other,0.0
P0021,G0007,14,0.6,0.0,1.0,1,1,17.5,18.0,16.5,16.5,0.0,0.0,15.0,Female,23-27,Other,0.0
P0021,G0007,15,0.6,0.0,1.0,0,1,18.5,19.5,17.5,18.0,-0.5,0.0,15.0,Female,23-27,Other,0.0
P0022,G0148,1,0.6,0.0,1.0,-1,-1,1.0,1.5,0.0,0.0,0.0,0.0,9.0,Male,18-22,Other,1.0
P0022,G0148,2,0.6,1.0,0.0,0,1,2.5,2.5,1.0,1.5,-0.5,0.0,9.0,Male,18-22,Other,1.0
P0022,G0148,3,0.6,1.0,0.0,1,0,4.0,3.5,2.5,2.5,0.0,0.0,9.0,Male,18-22,Other,1.0
P0022,G0148,4,0.6,0.0,1.0,1,0,5.0,5.0,4.0,3.5,0.5,0.0,9.0,Male,18-22,Other,1.0
P0022,G0148,5,0.6,1.0,1.0,0,1,6.5,6.5,5.0,5.0,0.0,0.0,9.0,Male,18-22,Other,1.0
P0022,G0148,6,0.6,1.0,0.0,1,1,8.0,7.5,6.5,6.5,0.0,0.0,9.0,Male,18-22,Other,1.0
P0022,G0148,7,0.6,1.0,1.0,1,0,9.5,9.0,8.0,7.5,0.5,0.0,9.0,Male,18-22,Other,1.0
P0022,G0148,8,0.6,1.0,1.0,1,1,11.0,10.5,9.5,9.0,0.5,0.0,9.0,Male,18-22,Other,1.0
P0022,G0148,9,0.6,1.0,0.0,1,1,12.5,11.5,11.0,10.5,0.5,1.0,9.0,Male,18-22,Other,1.0
P0023,G0155,1,0.9,0.0,0.0,-1,-1,1.0,1.0,0.0,0.0,0.0,0.0,10.0,Female,28-32,Poland,1.0
P0023,G0155,2,0.9,0.0,1.0,0,0,2.0,2.5,1.0,1.0,0.0,0.0,10.0,Female,28-32,Poland,1.0
P0023,G0155,3,0.9,1.0,0.0,0,1,3.5,3.5,2.0,2.5,-0.5,0.0,10.0,Female,28-32,Poland,1.0
P0023,G0155,4,0.9,1.0,0.0,1,0,5.0,4.5,3.5,3.5,0.0,0.0,10.0,Female,28-32,Poland,1.0
P0023,G0155,5,0.9,1.0,1.0,1,0,6.5,6.0,5.0,4.5,0.5,0.0,10.0,Female,28-32,Poland,1.0
P0023,G0155,6,0.9,1.0,0.0,1,1,8.0,7.0,6.5,6.0,0.5,0.0,10.0,Female,28-32,Poland,1.0
P0023,G0155,7,0.9,0.0,0.0,1,0,9.0,8.0,8.0,7.0,1.0,0.0,10.0,Female,28-32,Poland,1.0
P0023,G0155,8,0.9,0.0,0.0,0,0,10.0,9.0,9.0,8.0,1.0,0.0,10.0,Female,28-32,Poland,1.0
P0023,G0155,9,0.9,1.0,1.0,0,0,11.5,10.5,10.0,9.0,1.0,0.0,10.0,Female,28-32,Poland,1.0
P0023,G0155,10,0.9,0.0,1.0,1,1,12.5,12.0,11.5,10.5,1.0,1.0,10.0,Female,28-32,Poland,1.0
P0024,G0110,1,0.6,1.0,1.0,-1,-1,1.5,1.5,0.0,0.0,0.0,0.0,11.0,Male,23-27,Other,2.0
P0024,G0110,2,0.6,1.0,1.0,1,1,3.0,3.0,1.5,1.5,0.0,0.0,11.0,Male,23-27,Other,2.0
P0024,G0110,3,0.6,1.0,0.0,1,1,4.5,4.0,3.0,3.0,0.0,0.0,11.0,Male,23-27,Other,2.0
P0024,G0110,4,0.6,0.0,1.0,1,0,5.5,5.5,4.5,4.0,0.5,0.0,11.0,Male,23-27,Other,2.0
P0024,G0110,5,0.6,1.0,1.0,0,1,7.0,7.0,5.5,5.5,0.0,0.0,11.0,Male,23-27,Other,2.0
P0024,G0110,6,0.6,1.0,1.0,1,1,8.5,8.5,7.0,7.0,0.0,0.0,11.0,Male,23-27,Other,2.0
P0024,G0110,7,0.6,1.0,1.0,1,1,10.0,10.0,8.5,8.5,0.0,0.0,11.0,Male,23-27,Other,2.0
P0024,G0110,8,0.6,0.0,1.0,1,1,11.0,11.5,10.0,10.0,0.0,0.0,11.0,Male,23-27,Other,2.0
P0024,G0110,9,0.6,1.0,1.0,0,1,12.5,13.0,11.0,11.5,-0.5,0.0,11.0,Male,23-27,Other,2.0
P0024,G0110,10,0.6,0.0,1.0,1,1,13.5,14.5,12.5,13.0,-0.5,0.0,11.0,Male,23-27,Other,2.0
P0024,G0110,11,0.6,1.0,1.0,0,1,15.0,16.0,13.5,14.5,-1.0,0.0,11.0,Male,23-27,Other,2.0
P0025,G0112,1,0.6,0.0,1.0,-1,-1,1.0,1.5,0.0,0.0,0.0,0.0,23.0,Male,23-27,Poland,1.0
P0025,G0112,2,0.6,0.0,1.0,0,1,2.0,3.0,1.0,1.5,-0.5,0.0,23.0,Male,23-27,Poland,1.0
P0025,G0112,3,0.6,1.0,1.0,0,1,3.5,4.5,2.0,3.0,-1.0,0.0,23.0,Male,23-27,Poland,1.0
P0025,G0112,4,0.6,1.0,0.0,1,1,5.0,5.5,3.5,4.5,-1.0,0.0,23.0,Male,23-27,Poland,1.0
P0025,G0112,5,0.6,1.0,1.0,1,0,6.5,7.0,5.0,5.5,-0.5,0.0,23.0,Male,23-27,Poland,1.0
P0025,G0112,6,0.6,1.0,1.0,1,1,8.0,8.5,6.5,7.0,-0.5,0.0,23.0,Male,23-27,Poland,1.0
P0025,G0112,7,0.6,1.0,1.0,1,1,9.5,10.0,8.0,8.5,-0.5,0.0,23.0,Male,23-27,Poland,1.0
P0025,G0112,8,0.6,1.0,0.0,1,1,11.0,11.0,9.5,10.0,-0.5,0.0,23.0,Male,23-27,Poland,1.0
P0025,G0112,9,0.6,1.0,1.0,1,0,12.5,12.5,11.0,11.0,0.0,0.0,23.0,Male,23-27,Poland,1.0
P0025,G0112,10,0.6,0.0,1.0,1,1,13.5,14.0,12.5,12.5,0.0,0.0,23.0,Male,23-27,Poland,1.0
P0025,G0112,11,0.6,1.0,1.0,0,1,15.0,15.5,13.5,14.0,-0.5,0.0,23.0,Male,23-27,Poland,1.0
P0025,G0112,12,0.6,1.0,1.0,1,1,16.5,17.0,15.0,15.5,-0.5,0.0,23.0,Male,23-27,Poland,1.0
P0025,G0112,13,0.6,1.0,1.0,1,1,18.0,18.5,16.5,17.0,-0.5,0.0,23.0,Male,23-27,Poland,1.0
P0025,G0112,14,0.6,1.0,1.0,1,1,19.5,20.0,18.0,18.5,-0.5,0.0,23.0,Male,23-27,Poland,1.0
P0025,G0112,15,0.6,1.0,1.0,1,1,21.0,21.5,19.5,20.0,-0.5,0.0,23.0,Male,23-27,Poland,1.0
P0025,G0112,16,0.6,1.0,1.0,1,1,22.5,23.0,21.0,21.5,-0.5,0.0,23.0,Male,23-27,Poland,1.0
P0025,G0112,17,0.6,1.0,0.0,1,1,24.0,24.0,22.5,23.0,-0.5,0.0,23.0,Male,23-27,Poland,1.0
P0025,G0112,18,0.6,1.0,0.0,1,0,25.5,25.0,24.0,24.0,0.0,0.0,23.0,Male,23-27,Poland,1.0
P0025,G0112,19,0.6,1.0,1.0,1,0,27.0,26.5,25.5,25.0,0.5,0.0,23.0,Male,23-27,Poland,1.0
P0025,G0112,20,0.6,0.0,1.0,1,1,28.0,28.0,27.0,26.5,0.5,0.0,23.0,Male,23-27,Poland,1.0
P0025,G0112,21,0.6,0.0,0.0,0,1,29.0,29.0,28.0,28.0,0.0,0.0,23.0,Male,23-27,Poland,1.0
P0025,G0112,22,0.6,0.0,1.0,0,0,30.0,30.5,29.0,29.0,0.0,0.0,23.0,Male,23-27,Poland,1.0
P0025,G0112,23,0.6,1.0,1.0,0,1,31.5,32.0,30.0,30.5,-0.5,0.0,23.0,Male,23-27,Poland,1.0
P0026,G0060,1,0.9,0.0,1.0,-1,-1,1.0,1.5,0.0,0.0,0.0,0.0,5.0,Male,18-22,Other,2.0
P0026,G0060,2,0.9,0.0,1.0,0,1,2.0,3.0,1.0,1.5,-0.5,0.0,5.0,Male,18-22,Other,2.0
P0026,G0060,3,0.9,1.0,0.0,0,1,3.5,4.0,2.0,3.0,-1.0,0.0,5.0,Male,18-22,Other,2.0
P0026,G0060,4,0.9,0.0,1.0,1,0,4.5,5.5,3.5,4.0,-0.5,0.0,5.0,Male,18-22,Other,2.0
P0026,G0060,5,0.9,1.0,0.0,0,1,6.0,6.5,4.5,5.5,-1.0,0.0,5.0,Male,18-22,Other,2.0
P0027,G0103,1,0.6,0.0,1.0,-1,-1,1.0,1.5,0.0,0.0,0.0,0.0,5.0,Male,18-22,South Africa,1.0
P0027,G0103,2,0.6,0.0,1.0,0,1,2.0,3.0,1.0,1.5,-0.5,0.0,5.0,Male,18-22,South Africa,1.0
P0027,G0103,3,0.6,0.0,0.0,0,1,3.0,4.0,2.0,3.0,-1.0,0.0,5.0,Male,18-22,South Africa,1.0
P0027,G0103,4,0.6,1.0,1.0,0,0,4.5,5.5,3.0,4.0,-1.0,0.0,5.0,Male,18-22,South Africa,1.0
P0027,G0103,5,0.6,0.0,1.0,1,1,5.5,7.0,4.5,5.5,-1.0,0.0,5.0,Male,18-22,South Africa,1.0
P0028,G0124,1,0.6,1.0,0.0,-1,-1,1.5,1.0,0.0,0.0,0.0,0.0,6.0,Male,28-32,Other,5.0
P0028,G0124,2,0.6,1.0,1.0,1,0,3.0,2.5,1.5,1.0,0.5,0.0,6.0,Male,28-32,Other,5.0
P0028,G0124,3,0.6,1.0,1.0,1,1,4.5,4.0,3.0,2.5,0.5,0.0,6.0,Male,28-32,Other,5.0
P0028,G0124,4,0.6,1.0,1.0,1,1,6.0,5.5,4.5,4.0,0.5,0.0,6.0,Male,28-32,Other,5.0
P0028,G0124,5,0.6,1.0,1.0,1,1,7.5,7.0,6.0,5.5,0.5,0.0,6.0,Male,28-32,Other,5.0
P0028,G0124,6,0.6,1.0,1.0,1,1,9.0,8.5,7.5,7.0,0.5,1.0,6.0,Male,28-32,Other,5.0
P0029,G0140,1,0.6,1.0,1.0,-1,-1,1.5,1.5,0.0,0.0,0.0,0.0,7.0,Female,23-27,South Africa,2.0
P0029,G0140,2,0.6,0.0,0.0,1,1,2.5,2.5,1.5,1.5,0.0,0.0,7.0,Female,23-27,South Africa,2.0
P0029,G0140,3,0.6,0.0,1.0,0,0,3.5,4.0,2.5,2.5,0.0,0.0,7.0,Female,23-27,South Africa,2.0
P0029,G0140,4,0.6,1.0,0.0,0,1,5.0,5.0,3.5,4.0,-0.5,0.0,7.0,Female,23-27,South Africa,2.0
P0029,G0140,5,0.6,0.0,1.0,1,0,6.0,6.5,5.0,5.0,0.0,0.0,7.0,Female,23-27,South Africa,2.0
P0029,G0140,6,0.6,1.0,0.0,0,1,7.5,7.5,6.0,6.5,-0.5,0.0,7.0,Female,23-27,South Africa,2.0
P0029,G0140,7,0.6,1.0,1.0,1,0,9.0,9.0,7.5,7.5,0.0,1.0,7.0,Female,23-27,South Africa,2.0
P0030,G0135,1,0.9,1.0,1.0,-1,-1,1.5,1.5,0.0,0.0,0.0,0.0,14.0,Male,28-32,South Africa,2.0
P0030,G0135,2,0.9,1.0,1.0,1,1,3.0,3.0,1.5,1.5,0.0,0.0,14.0,Male,28-32,South Africa,2.0
P0030,G0135,3,0.9,1.0,1.0,1,1,4.5,4.5,3.0,3.0,0.0,0.0,14.0,Male,28-32,South Africa,2.0
P0030,G0135,4,0.9,1.0,1.0,1,1,6.0,6.0,4.5,4.5,0.0,0.0,14.0,Male,28-32,South Africa,2.0
P0030,G0135,5,0.9,1.0,1.0,1,1,7.5,7.5,6.0,6.0,0.0,0.0,14.0,Male,28-32,South Africa,2.0
P0030,G0135,6,0.9,1.0,0.0,1,1,9.0,8.5,7.5,7.5,0.0,0.0,14.0,Male,28-32,South Africa,2.0
P0030,G0135,7,0.9,1.0,1.0,1,0,10.5,10.0,9.0,8.5,0.5,0.0,14.0,Male,28-32,South Africa,2.0
P0030,G0135,8,0.9,1.0,1.0,1,1,12.0,11.5,10.5,10.0,0.5,0.0,14.0,Male,28-32,South Africa,2.0
P0030,G0135,9,0.9,1.0,1.0,1,1,13.5,13.0,12.0,11.5,0.5,0.0,14.0,Male,28-32,South Africa,2.0
P0030,G0135,10,0.9,1.0,1.0,1,1,15.0,14.5,13.5,13.0,0.5,0.0,14.0,Male,28-32,South Africa,2.0
P0030,G0135,11,0.9,1.0,1.0,1,1,16.5,16.0,15.0,14.5,0.5,0.0,14.0,Male,28-32,South Africa,2.0
P0030,G0135,12,0.9,1.0,1.0,1,1,18.0,17.5,16.5,16.0,0.5,0.0,14.0,Male,28-32,South Africa,2.0
P0030,G0135,13,0.9,1.0,1.0,1,1,19.5,19.0,18.0,17.5,0.5,0.0,14.0,Male,28-32,South Africa,2.0
P0030,G0135,14,0.9,1.0,1.0,1,1,21.0,20.5,19.5,19.0,0.5,1.0,14.0,Male,28-32,South Africa,2.0
P0031,G0054,1,0.6,0.0,0.0,-1,-1,1.0,1.0,0.0,0.0,0.0,0.0,12.0,Female,28-32,South Africa,4.0
P0031,G0054,2,0.6,0.0,0.0,0,0,2.0,2.0,1.0,1.0,0.0,0.0,12.0,Female,28-32,South Africa,4.0
P0031,G0054,3,0.6,0.0,1.0,0,0,3.0,3.5,2.0,2.0,0.0,0.0,12.0,Female,28-32,South Africa,4.0
P0031,G0054,4,0.6,0.0,0.0,0,1,4.0,4.5,3.0,3.5,-0.5,0.0,12.0,Female,28-32,South Africa,4.0
P0031,G0054,5,0.6,0.0,1.0,0,0,5.0,6.0,4.0,4.5,-0.5,0.0,12.0,Female,28-32,South Africa,4.0
P0031,G0054,6,0.6,0.0,0.0,0,1,6.0,7.0,5.0,6.0,-1.0,0.0,12.0,Female,28-32,South Africa,4.0
P0031,G0054,7,0.6,0.0,0.0,0,0,7.0,8.0,6.0,7.0,-1.0,0.0,12.0,Female,28-32,South Africa,4.0
P0031,G0054,8,0.6,0.0,0.0,0,0,8.0,9.0,7.0,8.0,-1.0,0.0,12.0,Female,28-32,South Africa,4.0
P0031,G0054,9,0.6,0.0,0.0,0,0,9.0,10.0,8.0,9.0,-1.0,0.0,12.0,Female,28-32,South Africa,4.0
P0031,G0054,10,0.6,0.0,0.0,0,0,10.0,11.0,9.0,10.0,-1.0,0.0,12.0,Female,28-32,South Africa,4.0
P0031,G0054,11,0.6,0.0,0.0,0,0,11.0,12.0,10.0,11.0,-1.0,0.0,12.0,Female,28-32,South Africa,4.0
P0031,G0054,12,0.6,0.0,0.0,0,0,12.0,13.0,11.0,12.0,-1.0,0.0,12.0,Female,28-32,South Africa,4.0
P0032,G0157,1,0.9,1.0,1.0,-1,-1,1.5,1.5,0.0,0.0,0.0,0.0,15.0,Female,23-27,Other,3.0
P0032,G0157,2,0.9,0.0,1.0,1,1,2.5,3.0,1.5,1.5,0.0,0.0,15.0,Female,23-27,Other,3.0
P0032,G0157,3,0.9,1.0,1.0,0,1,4.0,4.5,2.5,3.0,-0.5,0.0,15.0,Female,23-27,Other,3.0
P0032,G0157,4,0.9,1.0,0.0,1,1,5.5,5.5,4.0,4.5,-0.5,0.0,15.0,Female,23-27,Other,3.0
P0032,G0157,5,0.9,0.0,0.0,1,0,6.5,6.5,5.5,5.5,0.0,0.0,15.0,Female,23-27,Other,3.0
P0032,G0157,6,0.9,1.0,1.0,0,0,8.0,8.0,6.5,6.5,0.0,0.0,15.0,Female,23-27,Other,3.0
P0032,G0157,7,0.9,1.0,1.0,1,1,9.5,9.5,8.0,8.0,0.0,0.0,15.0,Female,23-27,Other,3.0
P0032,G0157,8,0.9,1.0,1.0,1,1,11.0,11.0,9.5,9.5,0.0,0.0,15.0,Female,23-27,Other,3.0
P0032,G0157,9,0.9,1.0,1.0,1,1,12.5,12.5,11.0,11.0,0.0,0.0,15.0,Female,23-27,Other,3.0
P0032,G0157,10,0.9,1.0,1.0,1,1,14.0,14.0,12.5,12.5,0.0,0.0,15.0,Female,23-27,Other,3.0
P0032,G0157,11,0.9,1.0,0.0,1,1,15.5,15.0,14.0,14.0,0.0,0.0,15.0,Female,23-27,Other,3.0
P0032,G0157,12,0.9,1.0,1.0,1,0,17.0,16.5,15.5,15.0,0.5,0.0,15.0,Female,23-27,Other,3.0
P0032,G0157,13,0.9,1.0,1.0,1,1,18.5,18.0,17.0,16.5,0.5,0.0,15.0,Female,23-27,Other,3.0
P0032,G0157,14,0.9,1.0,1.0,1,1,20.0,19.5,18.5,18.0,0.5,0.0,15.0,Female,23-27,Other,3.0
P0032,G0157,15,0.9,1.0,1.0,1,1,21.5,21.0,20.0,19.5,0.5,1.0,15.0,Female,23-27,Other,3.0
P0033,G0154,1,0.9,0.0,1.0,-1,-1,1.0,1.5,0.0,0.0,0.0,0.0,11.0,Female,33-37,Other,5.0
P0033,G0154,2,0.9,0.0,0.0,0,1,2.0,2.5,1.0,1.5,-0.5,0.0,11.0,Female,33-37,Other,5.0
P0033,G0154,3,0.9,1.0,0.0,0,0,3.5,3.5,2.0,2.5,-0.5,0.0,11.0,Female,33-37,Other,5.0
P0033,G0154,4,0.9,1.0,0.0,1,0,5.0,4.5,3.5,3.5,0.0,0.0,11.0,Female,33-37,Other,5.0
P0033,G0154,5,0.9,1.0,1.0,1,0,6.5,6.0,5.0,4.5,0.5,0.0,11.0,Female,33-37,Other,5.0
P0033,G0154,6,0.9,0.0,1.0,1,1,7.5,7.5,6.5,6.0,0.5,0.0,11.0,Female,33-37,Other,5.0
P0033,G0154,7,0.9,1.0,1.0,0,1,9.0,9.0,7.5,7.5,0.0,0.0,11.0,Female,33-37,Other,5.0
P0033,G0154,8,0.9,0.0,1.0,1,1,10.0,10.5,9.0,9.0,0.0,0.0,11.0,Female,33-37,Other,5.0
P0033,G0154,9,0.9,1.0,0.0,0,1,11.5,11.5,10.0,10.5,-0.5,0.0,11.0,Female,33-37,Other,5.0
P0033,G0154,10,0.9,1.0,1.0,1,0,13.0,13.0,11.5,11.5,0.0,0.0,11.0,Female,33-37,Other,5.0
P0033,G0154,11,0.9,0.0,1.0,1,1,14.0,14.5,13.0,13.0,0.0,0.0,11.0,Female,33-37,Other,5.0
P0034,G0107,1,0.9,1.0,0.0,-1,-1,1.5,1.0,0.0,0.0,0.0,0.0,5.0,Male,33-37,Other,2.0
P0034,G0107,2,0.9,0.0,1.0,1,0,2.5,2.5,1.5,1.0,0.5,0.0,5.0,Male,33-37,Other,2.0
P0034,G0107,3,0.9,1.0,0.0,0,1,4.0,3.5,2.5,2.5,0.0,0.0,5.0,Male,33-37,Other,2.0
P0034,G0107,4,0.9,1.0,1.0,1,0,5.5,5.0,4.0,3.5,0.5,0.0,5.0,Male,33-37,Other,2.0
P0034,G0107,5,0.9,0.0,0.0,1,1,6.5,6.0,5.5,5.0,0.5,1.0,5.0,Male,33-37,Other,2.0
P0035,G0044,1,0.9,0.0,0.0,-1,-1,1.0,1.0,0.0,0.0,0.0,0.0,5.0,Female,53-57,South Africa,5.0
P0035,G0044,2,0.9,0.0,1.0,0,0,2.0,2.5,1.0,1.0,0.0,0.0,5.0,Female,53-57,South Africa,5.0
P0035,G0044,3,0.9,1.0,1.0,0,1,3.5,4.0,2.0,2.5,-0.5,0.0,5.0,Female,53-57,South Africa,5.0
P0035,G0044,4,0.9,0.0,0.0,1,1,4.5,5.0,3.5,4.0,-0.5,0.0,5.0,Female,53-57,South Africa,5.0
P0035,G0044,5,0.9,0.0,1.0,0,0,5.5,6.5,4.5,5.0,-0.5,0.0,5.0,Female,53-57,South Africa,5.0
P0036,G0011,1,0.1,1.0,0.0,-1,-1,1.5,1.0,0.0,0.0,0.0,0.0,8.0,Male,23-27,South Africa,0.0
P0036,G0011,2,0.1,0.0,1.0,1,0,2.5,2.5,1.5,1.0,0.5,0.0,8.0,Male,23-27,South Africa,0.0
P0036,G0011,3,0.1,1.0,1.0,0,1,4.0,4.0,2.5,2.5,0.0,0.0,8.0,Male,23-27,South Africa,0.0
P0036,G0011,4,0.1,1.0,0.0,1,1,5.5,5.0,4.0,4.0,0.0,0.0,8.0,Male,23-27,South Africa,0.0
P0036,G0011,5,0.1,1.0,1.0,1,0,7.0,6.5,5.5,5.0,0.5,0.0,8.0,Male,23-27,South Africa,0.0
P0036,G0011,6,0.1,0.0,1.0,1,1,8.0,8.0,7.0,6.5,0.5,0.0,8.0,Male,23-27,South Africa,0.0
P0036,G0011,7,0.1,1.0,0.0,0,1,9.5,9.0,8.0,8.0,0.0,0.0,8.0,Male,23-27,South Africa,0.0
P0036,G0011,8,0.1,1.0,1.0,1,0,11.0,10.5,9.5,9.0,0.5,1.0,8.0,Male,23-27,South Africa,0.0
P0037,G0047,1,0.9,1.0,0.0,-1,-1,1.5,1.0,0.0,0.0,0.0,0.0,15.0,Female,28-32,South Africa,2.0
P0037,G0047,2,0.9,1.0,1.0,1,0,3.0,2.5,1.5,1.0,0.5,0.0,15.0,Female,28-32,South Africa,2.0
P0037,G0047,3,0.9,0.0,1.0,1,1,4.0,4.0,3.0,2.5,0.5,0.0,15.0,Female,28-32,South Africa,2.0
P0037,G0047,4,0.9,1.0,0.0,0,1,5.5,5.0,4.0,4.0,0.0,0.0,15.0,Female,28-32,South Africa,2.0
P0037,G0047,5,0.9,0.0,1.0,1,0,6.5,6.5,5.5,5.0,0.5,0.0,15.0,Female,28-32,South Africa,2.0
P0037,G0047,6,0.9,0.0,1.0,0,1,7.5,8.0,6.5,6.5,0.0,0.0,15.0,Female,28-32,South Africa,2.0
P0037,G0047,7,0.9,0.0,1.0,0,1,8.5,9.5,7.5,8.0,-0.5,0.0,15.0,Female,28-32,South Africa,2.0
P0037,G0047,8,0.9,0.0,0.0,0,1,9.5,10.5,8.5,9.5,-1.0,0.0,15.0,Female,28-32,South Africa,2.0
P0037,G0047,9,0.9,0.0,0.0,0,0,10.5,11.5,9.5,10.5,-1.0,0.0,15.0,Female,28-32,South Africa,2.0
P0037,G0047,10,0.9,0.0,0.0,0,0,11.5,12.5,10.5,11.5,-1.0,0.0,15.0,Female,28-32,South Africa,2.0
P0037,G0047,11,0.9,0.0,0.0,0,0,12.5,13.5,11.5,12.5,-1.0,0.0,15.0,Female,28-32,South Africa,2.0
P0037,G0047,12,0.9,1.0,0.0,0,0,14.0,14.5,12.5,13.5,-1.0,0.0,15.0,Female,28-32,South Africa,2.0
P0037,G0047,13,0.9,1.0,1.0,1,0,15.5,16.0,14.0,14.5,-0.5,0.0,15.0,Female,28-32,South Africa,2.0
P0037,G0047,14,0.9,1.0,1.0,1,1,17.0,17.5,15.5,16.0,-0.5,0.0,15.0,Female,28-32,South Africa,2.0
P0037,G0047,15,0.9,0.0,1.0,1,1,18.0,19.0,17.0,17.5,-0.5,0.0,15.0,Female,28-32,South Africa,2.0
P0038,G0048,1,0.1,1.0,1.0,-1,-1,1.5,1.5,0.0,0.0,0.0,0.0,7.0,Female,18-22,South Africa,1.0
P0038,G0048,2,0.1,1.0,1.0,1,1,3.0,3.0,1.5,1.5,0.0,0.0,7.0,Female,18-22,South Africa,1.0
P0038,G0048,3,0.1,0.0,0.0,1,1,4.0,4.0,3.0,3.0,0.0,0.0,7.0,Female,18-22,South Africa,1.0
P0038,G0048,4,0.1,0.0,0.0,0,0,5.0,5.0,4.0,4.0,0.0,0.0,7.0,Female,18-22,South Africa,1.0
P0038,G0048,5,0.1,1.0,1.0,0,0,6.5,6.5,5.0,5.0,0.0,0.0,7.0,Female,18-22,South Africa,1.0
P0038,G0048,6,0.1,0.0,0.0,1,1,7.5,7.5,6.5,6.5,0.0,0.0,7.0,Female,18-22,South Africa,1.0
P0038,G0048,7,0.1,0.0,1.0,0,0,8.5,9.0,7.5,7.5,0.0,0.0,7.0,Female,18-22,South Africa,1.0
P0039,G0082,1,0.1,1.0,0.0,-1,-1,1.5,1.0,0.0,0.0,0.0,0.0,20.0,Female,28-32,South Africa,2.0
P0039,G0082,2,0.1,0.0,1.0,1,0,2.5,2.5,1.5,1.0,0.5,0.0,20.0,Female,28-32,South Africa,2.0
P0039,G0082,3,0.1,0.0,1.0,0,1,3.5,4.0,2.5,2.5,0.0,0.0,20.0,Female,28-32,South Africa,2.0
P0039,G0082,4,0.1,1.0,0.0,0,1,5.0,5.0,3.5,4.0,-0.5,0.0,20.0,Female,28-32,South Africa,2.0
P0039,G0082,5,0.1,1.0,1.0,1,0,6.5,6.5,5.0,5.0,0.0,0.0,20.0,Female,28-32,South Africa,2.0
P0039,G0082,6,0.1,0.0,0.0,1,1,7.5,7.5,6.5,6.5,0.0,0.0,20.0,Female,28-32,South Africa,2.0
P0039,G0082,7,0.1,0.0,1.0,0,0,8.5,9.0,7.5,7.5,0.0,0.0,20.0,Female,28-32,South Africa,2.0
P0039,G0082,8,0.1,0.0,1.0,0,1,9.5,10.5,8.5,9.0,-0.5,0.0,20.0,Female,28-32,South Africa,2.0
P0039,G0082,9,0.1,1.0,0.0,0,1,11.0,11.5,9.5,10.5,-1.0,0.0,20.0,Female,28-32,South Africa,2.0
P0039,G0082,10,0.1,1.0,1.0,1,0,12.5,13.0,11.0,11.5,-0.5,0.0,20.0,Female,28-32,South Africa,2.0
P0039,G0082,11,0.1,1.0,1.0,1,1,14.0,14.5,12.5,13.0,-0.5,0.0,20.0,Female,28-32,South Africa,2.0
P0039,G0082,12,0.1,0.0,0.0,1,1,15.0,15.5,14.0,14.5,-0.5,0.0,20.0,Female,28-32,South Africa,2.0
P0039,G0082,13,0.1,0.0,1.0,0,0,16.0,17.0,15.0,15.5,-0.5,0.0,20.0,Female,28-32,South Africa,2.0
P0039,G0082,14,0.1,1.0,1.0,0,1,17.5,18.5,16.0,17.0,-1.0,0.0,20.0,Female,28-32,South Africa,2.0
P0039,G0082,15,0.1,1.0,0.0,1,1,19.0,19.5,17.5,18.5,-1.0,0.0,20.0,Female,28-32,South Africa,2.0
P0039,G0082,16,0.1,0.0,1.0,1,0,20.0,21.0,19.0,19.5,-0.5,0.0,20.0,Female,28-32,South Africa,2.0
P0039,G0082,17,0.1,1.0,0.0,0,1,21.5,22.0,20.0,21.0,-1.0,0.0,20.0,Female,28-32,South Africa,2.0
P0039,G0082,18,0.1,1.0,0.0,1,0,23.0,23.0,21.5,22.0,-0.5,0.0,20.0,Female,28-32,South Africa,2.0
P0039,G0082,19,0.1,1.0,0.0,1,0,24.5,24.0,23.0,23.0,0.0,0.0,20.0,Female,28-32,South Africa,2.0
P0039,G0082,20,0.1,0.0,1.0,1,0,25.5,25.5,24.5,24.0,0.5,1.0,20.0,Female,28-32,South Africa,2.0
P0040,G0041,1,0.9,0.0,0.0,-1,-1,1.0,1.0,0.0,0.0,0.0,0.0,6.0,Female,18-22,South Africa,0.0
P0040,G0041,2,0.9,0.0,0.0,0,0,2.0,2.0,1.0,1.0,0.0,0.0,6.0,Female,18-22,South Africa,0.0
P0040,G0041,3,0.9,1.0,0.0,0,0,3.5,3.0,2.0,2.0,0.0,0.0,6.0,Female,18-22,South Africa,0.0
P0040,G0041,4,0.9,0.0,1.0,1,0,4.5,4.5,3.5,3.0,0.5,0.0,6.0,Female,18-22,South Africa,0.0
P0040,G0041,5,0.9,0.0,0.0,0,1,5.5,5.5,4.5,4.5,0.0,0.0,6.0,Female,18-22,South Africa,0.0
P0040,G0041,6,0.9,1.0,0.0,0,0,7.0,6.5,5.5,5.5,0.0,1.0,6.0,Female,18-22,South Africa,0.0
P0041,G0043,1,0.1,1.0,0.0,-1,-1,1.5,1.0,0.0,0.0,0.0,0.0,10.0,Female,28-32,South Africa,2.0
P0041,G0043,2,0.1,1.0,1.0,1,0,3.0,2.5,1.5,1.0,0.5,0.0,10.0,Female,28-32,South Africa,2.0
P0041,G0043,3,0.1,1.0,1.0,1,1,4.5,4.0,3.0,2.5,0.5,0.0,10.0,Female,28-32,South Africa,2.0
P0041,G0043,4,0.1,1.0,1.0,1,1,6.0,5.5,4.5,4.0,0.5,0.0,10.0,Female,28-32,South Africa,2.0
P0041,G0043,5,0.1,1.0,0.0,1,1,7.5,6.5,6.0,5.5,0.5,0.0,10.0,Female,28-32,South Africa,2.0
P0041,G0043,6,0.1,1.0,1.0,1,0,9.0,8.0,7.5,6.5,1.0,0.0,10.0,Female,28-32,South Africa,2.0
P0041,G0043,7,0.1,1.0,1.0,1,1,10.5,9.5,9.0,8.0,1.0,0.0,10.0,Female,28-32,South Africa,2.0
P0041,G0043,8,0.1,1.0,1.0,1,1,12.0,11.0,10.5,9.5,1.0,0.0,10.0,Female,28-32,South Africa,2.0
P0041,G0043,9,0.1,1.0,1.0,1,1,13.5,12.5,12.0,11.0,1.0,0.0,10.0,Female,28-32,South Africa,2.0
P0041,G0043,10,0.1,1.0,1.0,1,1,15.0,14.0,13.5,12.5,1.0,1.0,10.0,Female,28-32,South Africa,2.0
P0042,G0006,1,0.1,1.0,0.0,-1,-1,1.5,1.0,0.0,0.0,0.0,0.0,5.0,Male,18-22,Poland,5.0
P0042,G0006,2,0.1,0.0,1.0,1,0,2.5,2.5,1.5,1.0,0.5,0.0,5.0,Male,18-22,Poland,5.0
P0042,G0006,3,0.1,1.0,1.0,0,1,4.0,4.0,2.5,2.5,0.0,0.0,5.0,Male,18-22,Poland,5.0
P0042,G0006,4,0.1,1.0,0.0,1,1,5.5,5.0,4.0,4.0,0.0,0.0,5.0,Male,18-22,Poland,5.0
P0042,G0006,5,0.1,1.0,1.0,1,0,7.0,6.5,5.5,5.0,0.5,1.0,5.0,Male,18-22,Poland,5.0
P0043,G0161,1,0.6,1.0,0.0,-1,-1,1.5,1.0,0.0,0.0,0.0,0.0,9.0,Male,28-32,Other,3.0
P0043,G0161,2,0.6,0.0,0.0,1,0,2.5,2.0,1.5,1.0,0.5,0.0,9.0,Male,28-32,Other,3.0
P0043,G0161,3,0.6,0.0,1.0,0,0,3.5,3.5,2.5,2.0,0.5,0.0,9.0,Male,28-32,Other,3.0
P0043,G0161,4,0.6,0.0,1.0,0,1,4.5,5.0,3.5,3.5,0.0,0.0,9.0,Male,28-32,Other,3.0
P0043,G0161,5,0.6,0.0,1.0,0,1,5.5,6.5,4.5,5.0,-0.5,0.0,9.0,Male,28-32,Other,3.0
P0043,G0161,6,0.6,1.0,0.0,0,1,7.0,7.5,5.5,6.5,-1.0,0.0,9.0,Male,28-32,Other,3.0
P0043,G0161,7,0.6,0.0,1.0,1,0,8.0,9.0,7.0,7.5,-0.5,0.0,9.0,Male,28-32,Other,3.0
P0043,G0161,8,0.6,1.0,1.0,0,1,9.5,10.5,8.0,9.0,-1.0,0.0,9.0,Male,28-32,Other,3.0
P0043,G0161,9,0.6,0.0,1.0,1,1,10.5,12.0,9.5,10.5,-1.0,0.0,9.0,Male,28-32,Other,3.0
P0044,G0115,1,0.1,1.0,1.0,-1,-1,1.5,1.5,0.0,0.0,0.0,0.0,6.0,CONSENT_REVOKED,CONSENT_REVOKED,CONSENT_REVOKED,2.0
P0044,G0115,2,0.1,1.0,0.0,1,1,3.0,2.5,1.5,1.5,0.0,0.0,6.0,CONSENT_REVOKED,CONSENT_REVOKED,CONSENT_REVOKED,2.0
P0044,G0115,3,0.1,0.0,1.0,1,0,4.0,4.0,3.0,2.5,0.5,0.0,6.0,CONSENT_REVOKED,CONSENT_REVOKED,CONSENT_REVOKED,2.0
P0044,G0115,4,0.1,1.0,0.0,0,1,5.5,5.0,4.0,4.0,0.0,0.0,6.0,CONSENT_REVOKED,CONSENT_REVOKED,CONSENT_REVOKED,2.0
P0044,G0115,5,0.1,1.0,1.0,1,0,7.0,6.5,5.5,5.0,0.5,0.0,6.0,CONSENT_REVOKED,CONSENT_REVOKED,CONSENT_REVOKED,2.0
P0045,G0124,1,0.6,0.0,1.0,-1,-1,1.0,1.5,0.0,0.0,0.0,0.0,6.0,Female,23-27,Other,2.0
P0045,G0124,2,0.6,1.0,1.0,0,1,2.5,3.0,1.0,1.5,-0.5,0.0,6.0,Female,23-27,Other,2.0
P0045,G0124,3,0.6,1.0,1.0,1,1,4.0,4.5,2.5,3.0,-0.5,0.0,6.0,Female,23-27,Other,2.0
P0045,G0124,4,0.6,1.0,1.0,1,1,5.5,6.0,4.0,4.5,-0.5,0.0,6.0,Female,23-27,Other,2.0
P0045,G0124,5,0.6,1.0,1.0,1,1,7.0,7.5,5.5,6.0,-0.5,0.0,6.0,Female,23-27,Other,2.0
P0045,G0124,6,0.6,1.0,1.0,1,1,8.5,9.0,7.0,7.5,-0.5,0.0,6.0,Female,23-27,Other,2.0
P0046,G0145,1,0.9,0.0,1.0,-1,-1,1.0,1.5,0.0,0.0,0.0,0.0,7.0,Male,18-22,Poland,2.0
P0046,G0145,2,0.9,0.0,0.0,0,1,2.0,2.5,1.0,1.5,-0.5,0.0,7.0,Male,18-22,Poland,2.0
P0046,G0145,3,0.9,0.0,0.0,0,0,3.0,3.5,2.0,2.5,-0.5,0.0,7.0,Male,18-22,Poland,2.0
P0046,G0145,4,0.9,1.0,1.0,0,0,4.5,5.0,3.0,3.5,-0.5,0.0,7.0,Male,18-22,Poland,2.0
P0046,G0145,5,0.9,1.0,0.0,1,1,6.0,6.0,4.5,5.0,-0.5,0.0,7.0,Male,18-22,Poland,2.0
P0046,G0145,6,0.9,0.0,0.0,1,0,7.0,7.0,6.0,6.0,0.0,0.0,7.0,Male,18-22,Poland,2.0
P0046,G0145,7,0.9,0.0,0.0,0,0,8.0,8.0,7.0,7.0,0.0,1.0,7.0,Male,18-22,Poland,2.0
P0047,G0158,1,0.1,1.0,0.0,-1,-1,1.5,1.0,0.0,0.0,0.0,0.0,9.0,Male,23-27,South Africa,5.0
P0047,G0158,2,0.1,0.0,0.0,1,0,2.5,2.0,1.5,1.0,0.5,0.0,9.0,Male,23-27,South Africa,5.0
P0047,G0158,3,0.1,0.0,0.0,0,0,3.5,3.0,2.5,2.0,0.5,0.0,9.0,Male,23-27,South Africa,5.0
P0047,G0158,4,0.1,1.0,1.0,0,0,5.0,4.5,3.5,3.0,0.5,0.0,9.0,Male,23-27,South Africa,5.0
P0047,G0158,5,0.1,1.0,1.0,1,1,6.5,6.0,5.0,4.5,0.5,0.0,9.0,Male,23-27,South Africa,5.0
P0047,G0158,6,0.1,1.0,0.0,1,1,8.0,7.0,6.5,6.0,0.5,0.0,9.0,Male,23-27,South Africa,5.0
P0047,G0158,7,0.1,0.0,0.0,1,0,9.0,8.0,8.0,7.0,1.0,0.0,9.0,Male,23-27,South Africa,5.0
P0047,G0158,8,0.1,1.0,1.0,0,0,10.5,9.5,9.0,8.0,1.0,0.0,9.0,Male,23-27,South Africa,5.0
P0047,G0158,9,0.1,1.0,1.0,1,1,12.0,11.0,10.5,9.5,1.0,1.0,9.0,Male,23-27,South Africa,5.0
P0048,G0103,1,0.6,1.0,0.0,-1,-1,1.5,1.0,0.0,0.0,0.0,0.0,5.0,Female,18-22,South Africa,0.0
P0048,G0103,2,0.6,1.0,0.0,1,0,3.0,2.0,1.5,1.0,0.5,0.0,5.0,Female,18-22,South Africa,0.0
P0048,G0103,3,0.6,0.0,0.0,1,0,4.0,3.0,3.0,2.0,1.0,0.0,5.0,Female,18-22,South Africa,0.0
P0048,G0103,4,0.6,1.0,1.0,0,0,5.5,4.5,4.0,3.0,1.0,0.0,5.0,Female,18-22,South Africa,0.0
P0048,G0103,5,0.6,1.0,0.0,1,1,7.0,5.5,5.5,4.5,1.0,1.0,5.0,Female,18-22,South Africa,0.0
P0049,G0015,1,0.9,0.0,0.0,-1,-1,1.0,1.0,0.0,0.0,0.0,0.0,9.0,Female,18-22,South Africa,2.0
P0049,G0015,2,0.9,1.0,1.0,0,0,2.5,2.5,1.0,1.0,0.0,0.0,9.0,Female,18-22,South Africa,2.0
P0049,G0015,3,0.9,0.0,0.0,1,1,3.5,3.5,2.5,2.5,0.0,0.0,9.0,Female,18-22,South Africa,2.0
P0049,G0015,4,0.9,1.0,1.0,0,0,5.0,5.0,3.5,3.5,0.0,0.0,9.0,Female,18-22,South Africa,2.0
P0049,G0015,5,0.9,0.0,0.0,1,1,6.0,6.0,5.0,5.0,0.0,0.0,9.0,Female,18-22,South Africa,2.0
P0049,G0015,6,0.9,1.0,0.0,0,0,7.5,7.0,6.0,6.0,0.0,0.0,9.0,Female,18-22,South Africa,2.0
P0049,G0015,7,0.9,0.0,1.0,1,0,8.5,8.5,7.5,7.0,0.5,0.0,9.0,Female,18-22,South Africa,2.0
P0049,G0015,8,0.9,0.0,0.0,0,1,9.5,9.5,8.5,8.5,0.0,0.0,9.0,Female,18-22,South Africa,2.0
P0049,G0015,9,0.9,1.0,1.0,0,0,11.0,11.0,9.5,9.5,0.0,1.0,9.0,Female,18-22,South Africa,2.0
P0050,G0023,1,0.1,0.0,1.0,-1,-1,1.0,1.5,0.0,0.0,0.0,0.0,5.0,Female,33-37,South Africa,2.0
P0050,G0023,2,0.1,0.0,1.0,0,1,2.0,3.0,1.0,1.5,-0.5,0.0,5.0,Female,33-37,South Africa,2.0
P0050,G0023,3,0.1,1.0,0.0,0,1,3.5,4.0,2.0,3.0,-1.0,0.0,5.0,Female,33-37,South Africa,2.0
P0050,G0023,4,0.1,1.0,0.0,1,0,5.0,5.0,3.5,4.0,-0.5,0.0,5.0,Female,33-37,South Africa,2.0
P0050,G0023,5,0.1,0.0,1.0,1,0,6.0,6.5,5.0,5.0,0.0,0.0,5.0,Female,33-37,South Africa,2.0
P0051,G0120,1,0.9,1.0,1.0,-1,-1,1.5,1.5,0.0,0.0,0.0,0.0,5.0,Male,23-27,Other,1.0
P0051,G0120,2,0.9,1.0,1.0,1,1,3.0,3.0,1.5,1.5,0.0,0.0,5.0,Male,23-27,Other,1.0
P0051,G0120,3,0.9,0.0,1.0,1,1,4.0,4.5,3.0,3.0,0.0,0.0,5.0,Male,23-27,Other,1.0
P0051,G0120,4,0.9,1.0,1.0,0,1,5.5,6.0,4.0,4.5,-0.5,0.0,5.0,Male,23-27,Other,1.0
P0051,G0120,5,0.9,1.0,1.0,1,1,7.0,7.5,5.5,6.0,-0.5,0.0,5.0,Male,23-27,Other,1.0
P0052,G0173,1,0.9,1.0,1.0,-1,-1,1.5,1.5,0.0,0.0,0.0,0.0,22.0,Female,38-42,Other,2.0
P0052,G0173,2,0.9,0.0,1.0,1,1,2.5,3.0,1.5,1.5,0.0,0.0,22.0,Female,38-42,Other,2.0
P0052,G0173,3,0.9,1.0,1.0,0,1,4.0,4.5,2.5,3.0,-0.5,0.0,22.0,Female,38-42,Other,2.0
P0052,G0173,4,0.9,0.0,0.0,1,1,5.0,5.5,4.0,4.5,-0.5,0.0,22.0,Female,38-42,Other,2.0
P0052,G0173,5,0.9,1.0,0.0,0,0,6.5,6.5,5.0,5.5,-0.5,0.0,22.0,Female,38-42,Other,2.0
P0052,G0173,6,0.9,0.0,1.0,1,0,7.5,8.0,6.5,6.5,0.0,0.0,22.0,Female,38-42,Other,2.0
P0052,G0173,7,0.9,1.0,0.0,0,1,9.0,9.0,7.5,8.0,-0.5,0.0,22.0,Female,38-42,Other,2.0
P0052,G0173,8,0.9,0.0,1.0,1,0,10.0,10.5,9.0,9.0,0.0,0.0,22.0,Female,38-42,Other,2.0
P0052,G0173,9,0.9,1.0,1.0,0,1,11.5,12.0,10.0,10.5,-0.5,0.0,22.0,Female,38-42,Other,2.0
P0052,G0173,10,0.9,0.0,0.0,1,1,12.5,13.0,11.5,12.0,-0.5,0.0,22.0,Female,38-42,Other,2.0
P0052,G0173,11,0.9,1.0,0.0,0,0,14.0,14.0,12.5,13.0,-0.5,0.0,22.0,Female,38-42,Other,2.0
P0052,G0173,12,0.9,0.0,1.0,1,0,15.0,15.5,14.0,14.0,0.0,0.0,22.0,Female,38-42,Other,2.0
P0052,G0173,13,0.9,1.0,1.0,0,1,16.5,17.0,15.0,15.5,-0.5,0.0,22.0,Female,38-42,Other,2.0
P0052,G0173,14,0.9,1.0,0.0,1,1,18.0,18.0,16.5,17.0,-0.5,0.0,22.0,Female,38-42,Other,2.0
P0052,G0173,15,0.9,1.0,1.0,1,0,19.5,19.5,18.0,18.0,0.0,0.0,22.0,Female,38-42,Other,2.0
P0052,G0173,16,0.9,1.0,1.0,1,1,21.0,21.0,19.5,19.5,0.0,0.0,22.0,Female,38-42,Other,2.0
P0052,G0173,17,0.9,1.0,1.0,1,1,22.5,22.5,21.0,21.0,0.0,0.0,22.0,Female,38-42,Other,2.0
P0052,G0173,18,0.9,1.0,1.0,1,1,24.0,24.0,22.5,22.5,0.0,0.0,22.0,Female,38-42,Other,2.0
P0052,G0173,19,0.9,1.0,1.0,1,1,25.5,25.5,24.0,24.0,0.0,0.0,22.0,Female,38-42,Other,2.0
P0052,G0173,20,0.9,1.0,1.0,1,1,27.0,27.0,25.5,25.5,0.0,0.0,22.0,Female,38-42,Other,2.0
P0052,G0173,21,0.9,1.0,1.0,1,1,28.5,28.5,27.0,27.0,0.0,0.0,22.0,Female,38-42,Other,2.0
P0052,G0173,22,0.9,1.0,1.0,1,1,30.0,30.0,28.5,28.5,0.0,1.0,22.0,Female,38-42,Other,2.0
P0053,G0142,1,0.1,0.0,1.0,-1,-1,1.0,1.5,0.0,0.0,0.0,0.0,9.0,Male,28-32,South Africa,2.0
P0053,G0142,2,0.1,1.0,1.0,0,1,2.5,3.0,1.0,1.5,-0.5,0.0,9.0,Male,28-32,South Africa,2.0
P0053,G0142,3,0.1,1.0,0.0,1,1,4.0,4.0,2.5,3.0,-0.5,0.0,9.0,Male,28-32,South Africa,2.0
P0053,G0142,4,0.1,0.0,1.0,1,0,5.0,5.5,4.0,4.0,0.0,0.0,9.0,Male,28-32,South Africa,2.0
P0053,G0142,5,0.1,1.0,1.0,0,1,6.5,7.0,5.0,5.5,-0.5,0.0,9.0,Male,28-32,South Africa,2.0
P0053,G0142,6,0.1,1.0,1.0,1,1,8.0,8.5,6.5,7.0,-0.5,0.0,9.0,Male,28-32,South Africa,2.0
P0053,G0142,7,0.1,1.0,0.0,1,1,9.5,9.5,8.0,8.5,-0.5,0.0,9.0,Male,28-32,South Africa,2.0
P0053,G0142,8,0.1,0.0,1.0,1,0,10.5,11.0,9.5,9.5,0.0,0.0,9.0,Male,28-32,South Africa,2.0
P0053,G0142,9,0.1,1.0,1.0,0,1,12.0,12.5,10.5,11.0,-0.5,0.0,9.0,Male,28-32,South Africa,2.0
P0054,G0039,1,0.1,1.0,1.0,-1,-1,1.5,1.5,0.0,0.0,0.0,0.0,7.0,Male,28-32,Other,0.0
P0054,G0039,2,0.1,1.0,1.0,1,1,3.0,3.0,1.5,1.5,0.0,0.0,7.0,Male,28-32,Other,0.0
P0054,G0039,3,0.1,1.0,0.0,1,1,4.5,4.0,3.0,3.0,0.0,0.0,7.0,Male,28-32,Other,0.0
P0054,G0039,4,0.1,0.0,1.0,1,0,5.5,5.5,4.5,4.0,0.5,0.0,7.0,Male,28-32,Other,0.0
P0054,G0039,5,0.1,1.0,0.0,0,1,7.0,6.5,5.5,5.5,0.0,0.0,7.0,Male,28-32,Other,0.0
P0054,G0039,6,0.1,1.0,1.0,1,0,8.5,8.0,7.0,6.5,0.5,0.0,7.0,Male,28-32,Other,0.0
P0054,G0039,7,0.1,0.0,0.0,1,1,9.5,9.0,8.5,8.0,0.5,1.0,7.0,Male,28-32,Other,0.0
P0055,G0102,1,0.6,1.0,0.0,-1,-1,1.5,1.0,0.0,0.0,0.0,0.0,5.0,Male,23-27,Other,5.0
P0055,G0102,2,0.6,1.0,1.0,1,0,3.0,2.5,1.5,1.0,0.5,0.0,5.0,Male,23-27,Other,5.0
P0055,G0102,3,0.6,0.0,1.0,1,1,4.0,4.0,3.0,2.5,0.5,0.0,5.0,Male,23-27,Other,5.0
P0055,G0102,4,0.6,1.0,0.0,0,1,5.5,5.0,4.0,4.0,0.0,0.0,5.0,Male,23-27,Other,5.0
P0055,G0102,5,0.6,1.0,1.0,1,0,7.0,6.5,5.5,5.0,0.5,1.0,5.0,Male,23-27,Other,5.0
P0056,G0102,1,0.6,0.0,1.0,-1,-1,1.0,1.5,0.0,0.0,0.0,0.0,5.0,Female,28-32,South Africa,2.0
P0056,G0102,2,0.6,1.0,1.0,0,1,2.5,3.0,1.0,1.5,-0.5,0.0,5.0,Female,28-32,South Africa,2.0
P0056,G0102,3,0.6,1.0,0.0,1,1,4.0,4.0,2.5,3.0,-0.5,0.0,5.0,Female,28-32,South Africa,2.0
P0056,G0102,4,0.6,0.0,1.0,1,0,5.0,5.5,4.0,4.0,0.0,0.0,5.0,Female,28-32,South Africa,2.0
P0056,G0102,5,0.6,1.0,1.0,0,1,6.5,7.0,5.0,5.5,-0.5,0.0,5.0,Female,28-32,South Africa,2.0
P0057,G0060,1,0.9,1.0,0.0,-1,-1,1.5,1.0,0.0,0.0,0.0,0.0,5.0,Male,23-27,South Africa,1.0
P0057,G0060,2,0.9,1.0,0.0,1,0,3.0,2.0,1.5,1.0,0.5,0.0,5.0,Male,23-27,South Africa,1.0
P0057,G0060,3,0.9,0.0,1.0,1,0,4.0,3.5,3.0,2.0,1.0,0.0,5.0,Male,23-27,South Africa,1.0
P0057,G0060,4,0.9,1.0,0.0,0,1,5.5,4.5,4.0,3.5,0.5,0.0,5.0,Male,23-27,South Africa,1.0
P0057,G0060,5,0.9,0.0,1.0,1,0,6.5,6.0,5.5,4.5,1.0,1.0,5.0,Male,23-27,South Africa,1.0
P0058,G0031,1,0.1,1.0,0.0,-1,-1,1.5,1.0,0.0,0.0,0.0,0.0,6.0,Female,23-27,Poland,2.0
P0058,G0031,2,0.1,0.0,0.0,1,0,2.5,2.0,1.5,1.0,0.5,0.0,6.0,Female,23-27,Poland,2.0
P0058,G0031,3,0.1,0.0,1.0,0,0,3.5,3.5,2.5,2.0,0.5,0.0,6.0,Female,23-27,Poland,2.0
P0058,G0031,4,0.1,1.0,1.0,0,1,5.0,5.0,3.5,3.5,0.0,0.0,6.0,Female,23-27,Poland,2.0
P0058,G0031,5,0.1,1.0,1.0,1,1,6.5,6.5,5.0,5.0,0.0,0.0,6.0,Female,23-27,Poland,2.0
P0058,G0031,6,0.1,1.0,1.0,1,1,8.0,8.0,6.5,6.5,0.0,1.0,6.0,Female,23-27,Poland,2.0
P0059,G0161,1,0.6,0.0,1.0,-1,-1,1.0,1.5,0.0,0.0,0.0,0.0,9.0,Male,23-27,South Africa,2.0
P0059,G0161,2,0.6,0.0,0.0,0,1,2.0,2.5,1.0,1.5,-0.5,0.0,9.0,Male,23-27,South Africa,2.0
P0059,G0161,3,0.6,1.0,0.0,0,0,3.5,3.5,2.0,2.5,-0.5,0.0,9.0,Male,23-27,South Africa,2.0
P0059,G0161,4,0.6,1.0,0.0,1,0,5.0,4.5,3.5,3.5,0.0,0.0,9.0,Male,23-27,South Africa,2.0
P0059,G0161,5,0.6,1.0,0.0,1,0,6.5,5.5,5.0,4.5,0.5,0.0,9.0,Male,23-27,South Africa,2.0
P0059,G0161,6,0.6,0.0,1.0,1,0,7.5,7.0,6.5,5.5,1.0,0.0,9.0,Male,23-27,South Africa,2.0
P0059,G0161,7,0.6,1.0,0.0,0,1,9.0,8.0,7.5,7.0,0.5,0.0,9.0,Male,23-27,South Africa,2.0
P0059,G0161,8,0.6,1.0,1.0,1,0,10.5,9.5,9.0,8.0,1.0,0.0,9.0,Male,23-27,South Africa,2.0
P0059,G0161,9,0.6,1.0,0.0,1,1,12.0,10.5,10.5,9.5,1.0,1.0,9.0,Male,23-27,South Africa,2.0
P0060,G0097,1,0.6,1.0,0.0,-1,-1,1.5,1.0,0.0,0.0,0.0,0.0,15.0,Male,28-32,Other,2.0
P0060,G0097,2,0.6,0.0,1.0,1,0,2.5,2.5,1.5,1.0,0.5,0.0,15.0,Male,28-32,Other,2.0
P0060,G0097,3,0.6,0.0,1.0,0,1,3.5,4.0,2.5,2.5,0.0,0.0,15.0,Male,28-32,Other,2.0
P0060,G0097,4,0.6,1.0,0.0,0,1,5.0,5.0,3.5,4.0,-0.5,0.0,15.0,Male,28-32,Other,2.0
P0061,G0025,1,0.9,0.0,1.0,-1,-1,1.0,1.5,0.0,0.0,0.0,0.0,7.0,Female,18-22,South Africa,1.0
P0061,G0025,2,0.9,1.0,0.0,0,1,2.5,2.5,1.0,1.5,-0.5,0.0,7.0,Female,18-22,South Africa,1.0
P0061,G0025,3,0.9,1.0,1.0,1,0,4.0,4.0,2.5,2.5,0.0,0.0,7.0,Female,18-22,South Africa,1.0
P0061,G0025,4,0.9,0.0,0.0,1,1,5.0,5.0,4.0,4.0,0.0,0.0,7.0,Female,18-22,South Africa,1.0
P0061,G0025,5,0.9,1.0,0.0,0,0,6.5,6.0,5.0,5.0,0.0,0.0,7.0,Female,18-22,South Africa,1.0
P0061,G0025,6,0.9,0.0,0.0,1,0,7.5,7.0,6.5,6.0,0.5,0.0,7.0,Female,18-22,South Africa,1.0
P0061,G0025,7,0.9,1.0,1.0,0,0,9.0,8.5,7.5,7.0,0.5,1.0,7.0,Female,18-22,South Africa,1.0
P0062,G0137,1,0.6,1.0,1.0,-1,-1,1.5,1.5,0.0,0.0,0.0,0.0,9.0,Female,28-32,Poland,0.0
P0062,G0137,2,0.6,0.0,0.0,1,1,2.5,2.5,1.5,1.5,0.0,0.0,9.0,Female,28-32,Poland,0.0
P0062,G0137,3,0.6,1.0,0.0,0,0,4.0,3.5,2.5,2.5,0.0,0.0,9.0,Female,28-32,Poland,0.0
P0062,G0137,4,0.6,0.0,1.0,1,0,5.0,5.0,4.0,3.5,0.5,0.0,9.0,Female,28-32,Poland,0.0
P0062,G0137,5,0.6,1.0,1.0,0,1,6.5,6.5,5.0,5.0,0.0,0.0,9.0,Female,28-32,Poland,0.0
P0062,G0137,6,0.6,1.0,1.0,1,1,8.0,8.0,6.5,6.5,0.0,0.0,9.0,Female,28-32,Poland,0.0
P0062,G0137,7,0.6,1.0,0.0,1,1,9.5,9.0,8.0,8.0,0.0,0.0,9.0,Female,28-32,Poland,0.0
P0062,G0137,8,0.6,0.0,1.0,1,0,10.5,10.5,9.5,9.0,0.5,0.0,9.0,Female,28-32,Poland,0.0
P0062,G0137,9,0.6,1.0,1.0,0,1,12.0,12.0,10.5,10.5,0.0,1.0,9.0,Female,28-32,Poland,0.0
P0063,G0093,1,0.6,0.0,1.0,-1,-1,1.0,1.5,0.0,0.0,0.0,0.0,10.0,Female,38-42,South Africa,2.0
P0063,G0093,2,0.6,1.0,1.0,0,1,2.5,3.0,1.0,1.5,-0.5,0.0,10.0,Female,38-42,South Africa,2.0
P0063,G0093,3,0.6,0.0,1.0,1,1,3.5,4.5,2.5,3.0,-0.5,0.0,10.0,Female,38-42,South Africa,2.0
P0063,G0093,4,0.6,0.0,1.0,0,1,4.5,6.0,3.5,4.5,-1.0,0.0,10.0,Female,38-42,South Africa,2.0
P0063,G0093,5,0.6,1.0,1.0,0,1,6.0,7.5,4.5,6.0,-1.5,0.0,10.0,Female,38-42,South Africa,2.0
P0063,G0093,6,0.6,1.0,1.0,1,1,7.5,9.0,6.0,7.5,-1.5,0.0,10.0,Female,38-42,South Africa,2.0
P0063,G0093,7,0.6,1.0,1.0,1,1,9.0,10.5,7.5,9.0,-1.5,0.0,10.0,Female,38-42,South Africa,2.0
P0063,G0093,8,0.6,1.0,1.0,1,1,10.5,12.0,9.0,10.5,-1.5,0.0,10.0,Female,38-42,South Africa,2.0
P0063,G0093,9,0.6,1.0,1.0,1,1,12.0,13.5,10.5,12.0,-1.5,0.0,10.0,Female,38-42,South Africa,2.0
P0063,G0093,10,0.6,0.0,1.0,1,1,13.0,15.0,12.0,13.5,-1.5,0.0,10.0,Female,38-42,South Africa,2.0
P0064,G0130,1,0.1,1.0,0.0,-1,-1,1.5,1.0,0.0,0.0,0.0,0.0,10.0,Female,23-27,South Africa,2.0
P0064,G0130,2,0.1,0.0,1.0,1,0,2.5,2.5,1.5,1.0,0.5,0.0,10.0,Female,23-27,South Africa,2.0
P0064,G0130,3,0.1,0.0,1.0,0,1,3.5,4.0,2.5,2.5,0.0,0.0,10.0,Female,23-27,South Africa,2.0
P0064,G0130,4,0.1,1.0,1.0,0,1,5.0,5.5,3.5,4.0,-0.5,0.0,10.0,Female,23-27,South Africa,2.0
P0064,G0130,5,0.1,0.0,1.0,1,1,6.0,7.0,5.0,5.5,-0.5,0.0,10.0,Female,23-27,South Africa,2.0
P0064,G0130,6,0.1,0.0,1.0,0,1,7.0,8.5,6.0,7.0,-1.0,0.0,10.0,Female,23-27,South Africa,2.0
P0064,G0130,7,0.1,1.0,1.0,0,1,8.5,10.0,7.0,8.5,-1.5,0.0,10.0,Female,23-27,South Africa,2.0
P0064,G0130,8,0.1,1.0,1.0,1,1,10.0,11.5,8.5,10.0,-1.5,0.0,10.0,Female,23-27,South Africa,2.0
P0064,G0130,9,0.1,1.0,1.0,1,1,11.5,13.0,10.0,11.5,-1.5,0.0,10.0,Female,23-27,South Africa,2.0
P0064,G0130,10,0.1,0.0,1.0,1,1,12.5,14.5,11.5,13.0,-1.5,0.0,10.0,Female,23-27,South Africa,2.0
P0065,G0133,1,0.9,0.0,0.0,-1,-1,1.0,1.0,0.0,0.0,0.0,0.0,9.0,Female,33-37,South Africa,0.0
P0065,G0133,2,0.9,1.0,0.0,0,0,2.5,2.0,1.0,1.0,0.0,0.0,9.0,Female,33-37,South Africa,0.0
P0065,G0133,3,0.9,1.0,0.0,1,0,4.0,3.0,2.5,2.0,0.5,0.0,9.0,Female,33-37,South Africa,0.0
P0065,G0133,4,0.9,1.0,1.0,1,0,5.5,4.5,4.0,3.0,1.0,0.0,9.0,Female,33-37,South Africa,0.0
P0065,G0133,5,0.9,1.0,0.0,1,1,7.0,5.5,5.5,4.5,1.0,0.0,9.0,Female,33-37,South Africa,0.0
P0065,G0133,6,0.9,1.0,1.0,1,0,8.5,7.0,7.0,5.5,1.5,0.0,9.0,Female,33-37,South Africa,0.0
P0065,G0133,7,0.9,1.0,1.0,1,1,10.0,8.5,8.5,7.0,1.5,0.0,9.0,Female,33-37,South Africa,0.0
P0065,G0133,8,0.9,1.0,0.0,1,1,11.5,9.5,10.0,8.5,1.5,0.0,9.0,Female,33-37,South Africa,0.0
P0065,G0133,9,0.9,1.0,1.0,1,0,13.0,11.0,11.5,9.5,2.0,1.0,9.0,Female,33-37,South Africa,0.0
P0066,G0092,1,0.1,0.0,1.0,-1,-1,1.0,1.5,0.0,0.0,0.0,0.0,19.0,Male,23-27,South Africa,4.0
P0066,G0092,2,0.1,1.0,1.0,0,1,2.5,3.0,1.0,1.5,-0.5,0.0,19.0,Male,23-27,South Africa,4.0
P0066,G0092,3,0.1,1.0,1.0,1,1,4.0,4.5,2.5,3.0,-0.5,0.0,19.0,Male,23-27,South Africa,4.0
P0066,G0092,4,0.1,1.0,1.0,1,1,5.5,6.0,4.0,4.5,-0.5,0.0,19.0,Male,23-27,South Africa,4.0
P0066,G0092,5,0.1,1.0,0.0,1,1,7.0,7.0,5.5,6.0,-0.5,0.0,19.0,Male,23-27,South Africa,4.0
P0066,G0092,6,0.1,0.0,1.0,1,0,8.0,8.5,7.0,7.0,0.0,0.0,19.0,Male,23-27,South Africa,4.0
P0066,G0092,7,0.1,1.0,0.0,0,1,9.5,9.5,8.0,8.5,-0.5,0.0,19.0,Male,23-27,South Africa,4.0
P0066,G0092,8,0.1,1.0,1.0,1,0,11.0,11.0,9.5,9.5,0.0,0.0,19.0,Male,23-27,South Africa,4.0
P0066,G0092,9,0.1,0.0,1.0,1,1,12.0,12.5,11.0,11.0,0.0,0.0,19.0,Male,23-27,South Africa,4.0
P0066,G0092,10,0.1,0.0,0.0,0,1,13.0,13.5,12.0,12.5,-0.5,0.0,19.0,Male,23-27,South Africa,4.0
P0066,G0092,11,0.1,1.0,1.0,0,0,14.5,15.0,13.0,13.5,-0.5,0.0,19.0,Male,23-27,South Africa,4.0
P0066,G0092,12,0.1,1.0,1.0,1,1,16.0,16.5,14.5,15.0,-0.5,0.0,19.0,Male,23-27,South Africa,4.0
P0066,G0092,13,0.1,1.0,1.0,1,1,17.5,18.0,16.0,16.5,-0.5,0.0,19.0,Male,23-27,South Africa,4.0
P0066,G0092,14,0.1,0.0,1.0,1,1,18.5,19.5,17.5,18.0,-0.5,0.0,19.0,Male,23-27,South Africa,4.0
P0066,G0092,15,0.1,1.0,1.0,0,1,20.0,21.0,18.5,19.5,-1.0,0.0,19.0,Male,23-27,South Africa,4.0
P0066,G0092,16,0.1,1.0,1.0,1,1,21.5,22.5,20.0,21.0,-1.0,0.0,19.0,Male,23-27,South Africa,4.0
P0066,G0092,17,0.1,1.0,0.0,1,1,23.0,23.5,21.5,22.5,-1.0,0.0,19.0,Male,23-27,South Africa,4.0
P0066,G0092,18,0.1,1.0,0.0,1,0,24.5,24.5,23.0,23.5,-0.5,0.0,19.0,Male,23-27,South Africa,4.0
P0066,G0092,19,0.1,1.0,0.0,1,0,26.0,25.5,24.5,24.5,0.0,1.0,19.0,Male,23-27,South Africa,4.0
P0067,G0028,1,0.9,1.0,1.0,-1,-1,1.5,1.5,0.0,0.0,0.0,0.0,10.0,Female,23-27,South Africa,3.0
P0067,G0028,2,0.9,1.0,0.0,1,1,3.0,2.5,1.5,1.5,0.0,0.0,10.0,Female,23-27,South Africa,3.0
P0067,G0028,3,0.9,0.0,0.0,1,0,4.0,3.5,3.0,2.5,0.5,0.0,10.0,Female,23-27,South Africa,3.0
P0067,G0028,4,0.9,1.0,1.0,0,0,5.5,5.0,4.0,3.5,0.5,0.0,10.0,Female,23-27,South Africa,3.0
P0067,G0028,5,0.9,1.0,1.0,1,1,7.0,6.5,5.5,5.0,0.5,0.0,10.0,Female,23-27,South Africa,3.0
P0067,G0028,6,0.9,1.0,1.0,1,1,8.5,8.0,7.0,6.5,0.5,0.0,10.0,Female,23-27,South Africa,3.0
P0067,G0028,7,0.9,1.0,1.0,1,1,10.0,9.5,8.5,8.0,0.5,0.0,10.0,Female,23-27,South Africa,3.0
P0067,G0028,8,0.9,0.0,1.0,1,1,11.0,11.0,10.0,9.5,0.5,0.0,10.0,Female,23-27,South Africa,3.0
P0067,G0028,9,0.9,1.0,1.0,0,1,12.5,12.5,11.0,11.0,0.0,0.0,10.0,Female,23-27,South Africa,3.0
P0067,G0028,10,0.9,1.0,1.0,1,1,14.0,14.0,12.5,12.5,0.0,1.0,10.0,Female,23-27,South Africa,3.0
P0068,G0037,1,0.6,1.0,1.0,-1,-1,1.5,1.5,0.0,0.0,0.0,0.0,5.0,Male,28-32,Other,5.0
P0068,G0037,2,0.6,1.0,1.0,1,1,3.0,3.0,1.5,1.5,0.0,0.0,5.0,Male,28-32,Other,5.0
P0068,G0037,3,0.6,1.0,1.0,1,1,4.5,4.5,3.0,3.0,0.0,0.0,5.0,Male,28-32,Other,5.0
P0068,G0037,4,0.6,1.0,1.0,1,1,6.0,6.0,4.5,4.5,0.0,0.0,5.0,Male,28-32,Other,5.0
P0068,G0037,5,0.6,0.0,1.0,1,1,7.0,7.5,6.0,6.0,0.0,0.0,5.0,Male,28-32,Other,5.0
P0069,G0067,1,0.9,0.0,1.0,-1,-1,1.0,1.5,0.0,0.0,0.0,0.0,5.0,Female,28-32,Poland,2.0
P0069,G0067,2,0.9,1.0,0.0,0,1,2.5,2.5,1.0,1.5,-0.5,0.0,5.0,Female,28-32,Poland,2.0
P0069,G0067,3,0.9,0.0,0.0,1,0,3.5,3.5,2.5,2.5,0.0,0.0,5.0,Female,28-32,Poland,2.0
P0069,G0067,4,0.9,1.0,0.0,0,0,5.0,4.5,3.5,3.5,0.0,0.0,5.0,Female,28-32,Poland,2.0
P0069,G0067,5,0.9,0.0,1.0,1,0,6.0,6.0,5.0,4.5,0.5,1.0,5.0,Female,28-32,Poland,2.0
P0070,G0146,1,0.1,1.0,0.0,-1,-1,1.5,1.0,0.0,0.0,0.0,0.0,9.0,Male,38-42,Other,3.0
P0070,G0146,2,0.1,0.0,0.0,1,0,2.5,2.0,1.5,1.0,0.5,0.0,9.0,Male,38-42,Other,3.0
P0070,G0146,3,0.1,0.0,0.0,0,0,3.5,3.0,2.5,2.0,0.5,0.0,9.0,Male,38-42,Other,3.0
P0070,G0146,4,0.1,0.0,0.0,0,0,4.5,4.0,3.5,3.0,0.5,0.0,9.0,Male,38-42,Other,3.0
P0070,G0146,5,0.1,0.0,1.0,0,0,5.5,5.5,4.5,4.0,0.5,0.0,9.0,Male,38-42,Other,3.0
P0070,G0146,6,0.1,1.0,1.0,0,1,7.0,7.0,5.5,5.5,0.0,0.0,9.0,Male,38-42,Other,3.0
P0070,G0146,7,0.1,1.0,1.0,1,1,8.5,8.5,7.0,7.0,0.0,0.0,9.0,Male,38-42,Other,3.0
P0070,G0146,8,0.1,0.0,1.0,1,1,9.5,10.0,8.5,8.5,0.0,0.0,9.0,Male,38-42,Other,3.0
P0070,G0146,9,0.1,1.0,1.0,0,1,11.0,11.5,9.5,10.0,-0.5,0.0,9.0,Male,38-42,Other,3.0
P0071,G0086,1,0.1,0.0,1.0,-1,-1,1.0,1.5,0.0,0.0,0.0,0.0,7.0,Male,18-22,South Africa,1.0
P0071,G0086,2,0.1,0.0,0.0,0,1,2.0,2.5,1.0,1.5,-0.5,0.0,7.0,Male,18-22,South Africa,1.0
P0071,G0086,3,0.1,1.0,0.0,0,0,3.5,3.5,2.0,2.5,-0.5,0.0,7.0,Male,18-22,South Africa,1.0
P0071,G0086,4,0.1,0.0,1.0,1,0,4.5,5.0,3.5,3.5,0.0,0.0,7.0,Male,18-22,South Africa,1.0
P0071,G0086,5,0.1,0.0,0.0,0,1,5.5,6.0,4.5,5.0,-0.5,0.0,7.0,Male,18-22,South Africa,1.0
P0071,G0086,6,0.1,1.0,1.0,0,0,7.0,7.5,5.5,6.0,-0.5,0.0,7.0,Male,18-22,South Africa,1.0
P0071,G0086,7,0.1,1.0,0.0,1,1,8.5,8.5,7.0,7.5,-0.5,1.0,7.0,Male,18-22,South Africa,1.0
P0072,G0104,1,0.6,1.0,0.0,-1,-1,1.5,1.0,0.0,0.0,0.0,0.0,6.0,Male,18-22,Other,2.0
P0072,G0104,2,0.6,0.0,0.0,1,0,2.5,2.0,1.5,1.0,0.5,0.0,6.0,Male,18-22,Other,2.0
P0072,G0104,3,0.6,0.0,1.0,0,0,3.5,3.5,2.5,2.0,0.5,0.0,6.0,Male,18-22,Other,2.0
P0072,G0104,4,0.6,1.0,1.0,0,1,5.0,5.0,3.5,3.5,0.0,0.0,6.0,Male,18-22,Other,2.0
P0072,G0104,5,0.6,1.0,0.0,1,1,6.5,6.0,5.0,5.0,0.0,0.0,6.0,Male,18-22,Other,2.0
P0072,G0104,6,0.6,1.0,0.0,1,0,8.0,7.0,6.5,6.0,0.5,1.0,6.0,Male,18-22,Other,2.0
P0073,G0018,1,0.9,0.0,0.0,-1,-1,1.0,1.0,0.0,0.0,0.0,0.0,14.0,Female,53-57,Other,2.0
P0073,G0018,2,0.9,0.0,1.0,0,0,2.0,2.5,1.0,1.0,0.0,0.0,14.0,Female,53-57,Other,2.0
P0073,G0018,3,0.9,1.0,1.0,0,1,3.5,4.0,2.0,2.5,-0.5,0.0,14.0,Female,53-57,Other,2.0
P0073,G0018,4,0.9,1.0,1.0,1,1,5.0,5.5,3.5,4.0,-0.5,0.0,14.0,Female,53-57,Other,2.0
P0073,G0018,5,0.9,1.0,1.0,1,1,6.5,7.0,5.0,5.5,-0.5,0.0,14.0,Female,53-57,Other,2.0
P0073,G0018,6,0.9,1.0,0.0,1,1,8.0,8.0,6.5,7.0,-0.5,0.0,14.0,Female,53-57,Other,2.0
P0073,G0018,7,0.9,1.0,1.0,1,0,9.5,9.5,8.0,8.0,0.0,0.0,14.0,Female,53-57,Other,2.0
P0073,G0018,8,0.9,1.0,1.0,1,1,11.0,11.0,9.5,9.5,0.0,0.0,14.0,Female,53-57,Other,2.0
P0073,G0018,9,0.9,1.0,1.0,1,1,12.5,12.5,11.0,11.0,0.0,0.0,14.0,Female,53-57,Other,2.0
P0073,G0018,10,0.9,1.0,0.0,1,1,14.0,13.5,12.5,12.5,0.0,0.0,14.0,Female,53-57,Other,2.0
P0073,G0018,11,0.9,1.0,0.0,1,0,15.5,14.5,14.0,13.5,0.5,0.0,14.0,Female,53-57,Other,2.0
P0073,G0018,12,0.9,1.0,1.0,1,0,17.0,16.0,15.5,14.5,1.0,0.0,14.0,Female,53-57,Other,2.0
P0073,G0018,13,0.9,1.0,1.0,1,1,18.5,17.5,17.0,16.0,1.0,0.0,14.0,Female,53-57,Other,2.0
P0073,G0018,14,0.9,1.0,1.0,1,1,20.0,19.0,18.5,17.5,1.0,1.0,14.0,Female,53-57,Other,2.0
P0074,G0088,1,0.9,0.0,1.0,-1,-1,1.0,1.5,0.0,0.0,0.0,0.0,5.0,Female,28-32,DATA_EXPIRED,1.0
P0074,G0088,2,0.9,1.0,0.0,0,1,2.5,2.5,1.0,1.5,-0.5,0.0,5.0,Female,28-32,DATA_EXPIRED,1.0
P0074,G0088,3,0.9,1.0,0.0,1,0,4.0,3.5,2.5,2.5,0.0,0.0,5.0,Female,28-32,DATA_EXPIRED,1.0
P0074,G0088,4,0.9,1.0,1.0,1,0,5.5,5.0,4.0,3.5,0.5,0.0,5.0,Female,28-32,DATA_EXPIRED,1.0
P0074,G0088,5,0.9,0.0,1.0,1,1,6.5,6.5,5.5,5.0,0.5,1.0,5.0,Female,28-32,DATA_EXPIRED,1.0
P0075,G0120,1,0.9,1.0,1.0,-1,-1,1.5,1.5,0.0,0.0,0.0,0.0,5.0,Male,28-32,Other,2.0
P0075,G0120,2,0.9,1.0,1.0,1,1,3.0,3.0,1.5,1.5,0.0,0.0,5.0,Male,28-32,Other,2.0
P0075,G0120,3,0.9,1.0,0.0,1,1,4.5,4.0,3.0,3.0,0.0,0.0,5.0,Male,28-32,Other,2.0
P0075,G0120,4,0.9,1.0,1.0,1,0,6.0,5.5,4.5,4.0,0.5,0.0,5.0,Male,28-32,Other,2.0
P0075,G0120,5,0.9,1.0,1.0,1,1,7.5,7.0,6.0,5.5,0.5,1.0,5.0,Male,28-32,Other,2.0
P0076,G0084,1,0.6,0.0,1.0,-1,-1,1.0,1.5,0.0,0.0,0.0,0.0,27.0,Female,23-27,Other,2.0
P0076,G0084,2,0.6,1.0,1.0,0,1,2.5,3.0,1.0,1.5,-0.5,0.0,27.0,Female,23-27,Other,2.0
P0076,G0084,3,0.6,1.0,1.0,1,1,4.0,4.5,2.5,3.0,-0.5,0.0,27.0,Female,23-27,Other,2.0
P0076,G0084,4,0.6,0.0,0.0,1,1,5.0,5.5,4.0,4.5,-0.5,0.0,27.0,Female,23-27,Other,2.0
P0076,G0084,5,0.6,0.0,1.0,0,0,6.0,7.0,5.0,5.5,-0.5,0.0,27.0,Female,23-27,Other,2.0
P0076,G0084,6,0.6,1.0,0.0,0,1,7.5,8.0,6.0,7.0,-1.0,0.0,27.0,Female,23-27,Other,2.0
P0076,G0084,7,0.6,0.0,1.0,1,0,8.5,9.5,7.5,8.0,-0.5,0.0,27.0,Female,23-27,Other,2.0
P0076,G0084,8,0.6,1.0,0.0,0,1,10.0,10.5,8.5,9.5,-1.0,0.0,27.0,Female,23-27,Other,2.0
P0076,G0084,9,0.6,0.0,1.0,1,0,11.0,12.0,10.0,10.5,-0.5,0.0,27.0,Female,23-27,Other,2.0
P0076,G0084,10,0.6,0.0,0.0,0,1,12.0,13.0,11.0,12.0,-1.0,0.0,27.0,Female,23-27,Other,2.0
P0076,G0084,11,0.6,1.0,1.0,0,0,13.5,14.5,12.0,13.0,-1.0,0.0,27.0,Female,23-27,Other,2.0
P0076,G0084,12,0.6,1.0,0.0,1,1,15.0,15.5,13.5,14.5,-1.0,0.0,27.0,Female,23-27,Other,2.0
P0076,G0084,13,0.6,0.0,1.0,1,0,16.0,17.0,15.0,15.5,-0.5,0.0,27.0,Female,23-27,Other,2.0
P0076,G0084,14,0.6,1.0,1.0,0,1,17.5,18.5,16.0,17.0,-1.0,0.0,27.0,Female,23-27,Other,2.0
P0076,G0084,15,0.6,0.0,0.0,1,1,18.5,19.5,17.5,18.5,-1.0,0.0,27.0,Female,23-27,Other,2.0
P0076,G0084,16,0.6,0.0,0.0,0,0,19.5,20.5,18.5,19.5,-1.0,0.0,27.0,Female,23-27,Other,2.0
P0076,G0084,17,0.6,1.0,1.0,0,0,21.0,22.0,19.5,20.5,-1.0,0.0,27.0,Female,23-27,Other,2.0
P0076,G0084,18,0.6,0.0,1.0,1,1,22.0,23.5,21.0,22.0,-1.0,0.0,27.0,Female,23-27,Other,2.0
P0076,G0084,19,0.6,1.0,1.0,0,1,23.5,25.0,22.0,23.5,-1.5,0.0,27.0,Female,23-27,Other,2.0
P0076,G0084,20,0.6,1.0,0.0,1,1,25.0,26.0,23.5,25.0,-1.5,0.0,27.0,Female,23-27,Other,2.0
P0076,G0084,21,0.6,0.0,0.0,1,0,26.0,27.0,25.0,26.0,-1.0,0.0,27.0,Female,23-27,Other,2.0
P0076,G0084,22,0.6,0.0,1.0,0,0,27.0,28.5,26.0,27.0,-1.0,0.0,27.0,Female,23-27,Other,2.0
P0076,G0084,23,0.6,0.0,1.0,0,1,28.0,30.0,27.0,28.5,-1.5,0.0,27.0,Female,23-27,Other,2.0
P0076,G0084,24,0.6,0.0,0.0,0,1,29.0,31.0,28.0,30.0,-2.0,0.0,27.0,Female,23-27,Other,2.0
P0076,G0084,25,0.6,1.0,0.0,0,0,30.5,32.0,29.0,31.0,-2.0,0.0,27.0,Female,23-27,Other,2.0
P0076,G0084,26,0.6,1.0,1.0,1,0,32.0,33.5,30.5,32.0,-1.5,0.0,27.0,Female,23-27,Other,2.0
P0076,G0084,27,0.6,1.0,0.0,1,1,33.5,34.5,32.0,33.5,-1.5,0.0,27.0,Female,23-27,Other,2.0
P0077,G0032,1,0.6,0.0,1.0,-1,-1,1.0,1.5,0.0,0.0,0.0,0.0,8.0,Female,48-52,Poland,0.0
P0077,G0032,2,0.6,1.0,0.0,0,1,2.5,2.5,1.0,1.5,-0.5,0.0,8.0,Female,48-52,Poland,0.0
P0077,G0032,3,0.6,1.0,0.0,1,0,4.0,3.5,2.5,2.5,0.0,0.0,8.0,Female,48-52,Poland,0.0
P0077,G0032,4,0.6,0.0,0.0,1,0,5.0,4.5,4.0,3.5,0.5,0.0,8.0,Female,48-52,Poland,0.0
P0077,G0032,5,0.6,1.0,1.0,0,0,6.5,6.0,5.0,4.5,0.5,0.0,8.0,Female,48-52,Poland,0.0
P0077,G0032,6,0.6,1.0,1.0,1,1,8.0,7.5,6.5,6.0,0.5,0.0,8.0,Female,48-52,Poland,0.0
P0077,G0032,7,0.6,1.0,1.0,1,1,9.5,9.0,8.0,7.5,0.5,0.0,8.0,Female,48-52,Poland,0.0
P0077,G0032,8,0.6,1.0,1.0,1,1,11.0,10.5,9.5,9.0,0.5,1.0,8.0,Female,48-52,Poland,0.0
P0078,G0142,1,0.1,1.0,0.0,-1,-1,1.5,1.0,0.0,0.0,0.0,0.0,9.0,Male,33-37,South Africa,0.0
P0078,G0142,2,0.1,1.0,1.0,1,0,3.0,2.5,1.5,1.0,0.5,0.0,9.0,Male,33-37,South Africa,0.0
P0078,G0142,3,0.1,0.0,1.0,1,1,4.0,4.0,3.0,2.5,0.5,0.0,9.0,Male,33-37,South Africa,0.0
P0078,G0142,4,0.1,1.0,0.0,0,1,5.5,5.0,4.0,4.0,0.0,0.0,9.0,Male,33-37,South Africa,0.0
P0078,G0142,5,0.1,1.0,1.0,1,0,7.0,6.5,5.5,5.0,0.5,0.0,9.0,Male,33-37,South Africa,0.0
P0078,G0142,6,0.1,1.0,1.0,1,1,8.5,8.0,7.0,6.5,0.5,0.0,9.0,Male,33-37,South Africa,0.0
P0078,G0142,7,0.1,0.0,1.0,1,1,9.5,9.5,8.5,8.0,0.5,0.0,9.0,Male,33-37,South Africa,0.0
P0078,G0142,8,0.1,1.0,0.0,0,1,11.0,10.5,9.5,9.5,0.0,0.0,9.0,Male,33-37,South Africa,0.0
P0078,G0142,9,0.1,1.0,1.0,1,0,12.5,12.0,11.0,10.5,0.5,1.0,9.0,Male,33-37,South Africa,0.0
P0079,G0052,1,0.9,0.0,1.0,-1,-1,1.0,1.5,0.0,0.0,0.0,0.0,11.0,Female,58-62,Other,0.0
P0079,G0052,2,0.9,0.0,0.0,0,1,2.0,2.5,1.0,1.5,-0.5,0.0,11.0,Female,58-62,Other,0.0
P0079,G0052,3,0.9,1.0,0.0,0,0,3.5,3.5,2.0,2.5,-0.5,0.0,11.0,Female,58-62,Other,0.0
P0079,G0052,4,0.9,1.0,0.0,1,0,5.0,4.5,3.5,3.5,0.0,0.0,11.0,Female,58-62,Other,0.0
P0079,G0052,5,0.9,0.0,0.0,1,0,6.0,5.5,5.0,4.5,0.5,0.0,11.0,Female,58-62,Other,0.0
P0079,G0052,6,0.9,0.0,0.0,0,0,7.0,6.5,6.0,5.5,0.5,0.0,11.0,Female,58-62,Other,0.0
P0079,G0052,7,0.9,0.0,1.0,0,0,8.0,8.0,7.0,6.5,0.5,0.0,11.0,Female,58-62,Other,0.0
P0079,G0052,8,0.9,1.0,0.0,0,1,9.5,9.0,8.0,8.0,0.0,0.0,11.0,Female,58-62,Other,0.0
P0079,G0052,9,0.9,0.0,0.0,1,0,10.5,10.0,9.5,9.0,0.5,0.0,11.0,Female,58-62,Other,0.0
P0079,G0052,10,0.9,1.0,0.0,0,0,12.0,11.0,10.5,10.0,0.5,0.0,11.0,Female,58-62,Other,0.0
P0079,G0052,11,0.9,0.0,0.0,1,0,13.0,12.0,12.0,11.0,1.0,1.0,11.0,Female,58-62,Other,0.0
P0080,G0153,1,0.6,0.0,1.0,-1,-1,1.0,1.5,0.0,0.0,0.0,0.0,7.0,Male,23-27,Poland,1.0
P0080,G0153,2,0.6,0.0,0.0,0,1,2.0,2.5,1.0,1.5,-0.5,0.0,7.0,Male,23-27,Poland,1.0
P0080,G0153,3,0.6,1.0,0.0,0,0,3.5,3.5,2.0,2.5,-0.5,0.0,7.0,Male,23-27,Poland,1.0
P0080,G0153,4,0.6,0.0,1.0,1,0,4.5,5.0,3.5,3.5,0.0,0.0,7.0,Male,23-27,Poland,1.0
P0080,G0153,5,0.6,0.0,0.0,0,1,5.5,6.0,4.5,5.0,-0.5,0.0,7.0,Male,23-27,Poland,1.0
P0080,G0153,6,0.6,1.0,0.0,0,0,7.0,7.0,5.5,6.0,-0.5,0.0,7.0,Male,23-27,Poland,1.0
P0080,G0153,7,0.6,1.0,1.0,1,0,8.5,8.5,7.0,7.0,0.0,1.0,7.0,Male,23-27,Poland,1.0
P0081,G0013,1,0.9,0.0,1.0,-1,-1,1.0,1.5,0.0,0.0,0.0,0.0,9.0,Female,23-27,South Africa,5.0
P0081,G0013,2,0.9,1.0,1.0,0,1,2.5,3.0,1.0,1.5,-0.5,0.0,9.0,Female,23-27,South Africa,5.0
P0081,G0013,3,0.9,0.0,1.0,1,1,3.5,4.5,2.5,3.0,-0.5,0.0,9.0,Female,23-27,South Africa,5.0
P0081,G0013,4,0.9,1.0,1.0,0,1,5.0,6.0,3.5,4.5,-1.0,0.0,9.0,Female,23-27,South Africa,5.0
P0081,G0013,5,0.9,0.0,0.0,1,1,6.0,7.0,5.0,6.0,-1.0,0.0,9.0,Female,23-27,South Africa,5.0
P0081,G0013,6,0.9,1.0,1.0,0,0,7.5,8.5,6.0,7.0,-1.0,0.0,9.0,Female,23-27,South Africa,5.0
P0081,G0013,7,0.9,0.0,1.0,1,1,8.5,10.0,7.5,8.5,-1.0,0.0,9.0,Female,23-27,South Africa,5.0
P0081,G0013,8,0.9,0.0,0.0,0,1,9.5,11.0,8.5,10.0,-1.5,0.0,9.0,Female,23-27,South Africa,5.0
P0081,G0013,9,0.9,1.0,1.0,0,0,11.0,12.5,9.5,11.0,-1.5,0.0,9.0,Female,23-27,South Africa,5.0
P0082,G0071,1,0.9,0.0,0.0,-1,-1,1.0,1.0,0.0,0.0,0.0,0.0,12.0,Male,23-27,Other,1.0
P0082,G0071,2,0.9,0.0,1.0,0,0,2.0,2.5,1.0,1.0,0.0,0.0,12.0,Male,23-27,Other,1.0
P0082,G0071,3,0.9,0.0,0.0,0,1,3.0,3.5,2.0,2.5,-0.5,0.0,12.0,Male,23-27,Other,1.0
P0082,G0071,4,0.9,0.0,1.0,0,0,4.0,5.0,3.0,3.5,-0.5,0.0,12.0,Male,23-27,Other,1.0
P0082,G0071,5,0.9,1.0,0.0,0,1,5.5,6.0,4.0,5.0,-1.0,0.0,12.0,Male,23-27,Other,1.0
P0082,G0071,6,0.9,0.0,1.0,1,0,6.5,7.5,5.5,6.0,-0.5,0.0,12.0,Male,23-27,Other,1.0
P0082,G0071,7,0.9,1.0,0.0,0,1,8.0,8.5,6.5,7.5,-1.0,0.0,12.0,Male,23-27,Other,1.0
P0082,G0071,8,0.9,0.0,1.0,1,0,9.0,10.0,8.0,8.5,-0.5,0.0,12.0,Male,23-27,Other,1.0
P0082,G0071,9,0.9,1.0,0.0,0,1,10.5,11.0,9.0,10.0,-1.0,0.0,12.0,Male,23-27,Other,1.0
P0082,G0071,10,0.9,1.0,1.0,1,0,12.0,12.5,10.5,11.0,-0.5,0.0,12.0,Male,23-27,Other,1.0
P0082,G0071,11,0.9,1.0,1.0,1,1,13.5,14.0,12.0,12.5,-0.5,0.0,12.0,Male,23-27,Other,1.0
P0082,G0071,12,0.9,1.0,1.0,1,1,15.0,15.5,13.5,14.0,-0.5,0.0,12.0,Male,23-27,Other,1.0
P0083,G0095,1,0.1,1.0,1.0,-1,-1,1.5,1.5,0.0,0.0,0.0,0.0,5.0,Male,53-57,South Africa,0.0
P0083,G0095,2,0.1,1.0,0.0,1,1,3.0,2.5,1.5,1.5,0.0,0.0,5.0,Male,53-57,South Africa,0.0
P0083,G0095,3,0.1,1.0,1.0,1,0,4.5,4.0,3.0,2.5,0.5,0.0,5.0,Male,53-57,South Africa,0.0
P0083,G0095,4,0.1,0.0,0.0,1,1,5.5,5.0,4.5,4.0,0.5,0.0,5.0,Male,53-57,South Africa,0.0
P0083,G0095,5,0.1,0.0,1.0,0,0,6.5,6.5,5.5,5.0,0.5,1.0,5.0,Male,53-57,South Africa,0.0
P0084,G0008,1,0.6,1.0,0.0,-1,-1,1.5,1.0,0.0,0.0,0.0,0.0,18.0,Male,23-27,Other,3.0
P0084,G0008,2,0.6,0.0,1.0,1,0,2.5,2.5,1.5,1.0,0.5,0.0,18.0,Male,23-27,Other,3.0
P0084,G0008,3,0.6,1.0,1.0,0,1,4.0,4.0,2.5,2.5,0.0,0.0,18.0,Male,23-27,Other,3.0
P0084,G0008,4,0.6,0.0,0.0,1,1,5.0,5.0,4.0,4.0,0.0,0.0,18.0,Male,23-27,Other,3.0
P0084,G0008,5,0.6,1.0,1.0,0,0,6.5,6.5,5.0,5.0,0.0,0.0,18.0,Male,23-27,Other,3.0
P0084,G0008,6,0.6,0.0,0.0,1,1,7.5,7.5,6.5,6.5,0.0,0.0,18.0,Male,23-27,Other,3.0
P0084,G0008,7,0.6,1.0,1.0,0,0,9.0,9.0,7.5,7.5,0.0,0.0,18.0,Male,23-27,Other,3.0
P0084,G0008,8,0.6,0.0,0.0,1,1,10.0,10.0,9.0,9.0,0.0,0.0,18.0,Male,23-27,Other,3.0
P0084,G0008,9,0.6,1.0,1.0,0,0,11.5,11.5,10.0,10.0,0.0,0.0,18.0,Male,23-27,Other,3.0
P0084,G0008,10,0.6,0.0,0.0,1,1,12.5,12.5,11.5,11.5,0.0,0.0,18.0,Male,23-27,Other,3.0
P0084,G0008,11,0.6,1.0,1.0,0,0,14.0,14.0,12.5,12.5,0.0,0.0,18.0,Male,23-27,Other,3.0
P0084,G0008,12,0.6,0.0,0.0,1,1,15.0,15.0,14.0,14.0,0.0,0.0,18.0,Male,23-27,Other,3.0
P0084,G0008,13,0.6,1.0,1.0,0,0,16.5,16.5,15.0,15.0,0.0,0.0,18.0,Male,23-27,Other,3.0
P0084,G0008,14,0.6,0.0,1.0,1,1,17.5,18.0,16.5,16.5,0.0,0.0,18.0,Male,23-27,Other,3.0
P0084,G0008,15,0.6,1.0,1.0,0,1,19.0,19.5,17.5,18.0,-0.5,0.0,18.0,Male,23-27,Other,3.0
P0084,G0008,16,0.6,0.0,0.0,1,1,20.0,20.5,19.0,19.5,-0.5,0.0,18.0,Male,23-27,Other,3.0
P0084,G0008,17,0.6,1.0,1.0,0,0,21.5,22.0,20.0,20.5,-0.5,0.0,18.0,Male,23-27,Other,3.0
P0084,G0008,18,0.6,0.0,0.0,1,1,22.5,23.0,21.5,22.0,-0.5,0.0,18.0,Male,23-27,Other,3.0
P0085,G0089,1,0.6,0.0,1.0,-1,-1,1.0,1.5,0.0,0.0,0.0,0.0,5.0,Female,23-27,South Africa,5.0
P0085,G0089,2,0.6,1.0,0.0,0,1,2.5,2.5,1.0,1.5,-0.5,0.0,5.0,Female,23-27,South Africa,5.0
P0085,G0089,3,0.6,1.0,0.0,1,0,4.0,3.5,2.5,2.5,0.0,0.0,5.0,Female,23-27,South Africa,5.0
P0085,G0089,4,0.6,0.0,0.0,1,0,5.0,4.5,4.0,3.5,0.5,0.0,5.0,Female,23-27,South Africa,5.0
P0085,G0089,5,0.6,1.0,0.0,0,0,6.5,5.5,5.0,4.5,0.5,1.0,5.0,Female,23-27,South Africa,5.0
P0086,G0117,1,0.6,1.0,1.0,-1,-1,1.5,1.5,0.0,0.0,0.0,0.0,12.0,Male,18-22,Other,1.0
P0086,G0117,2,0.6,1.0,0.0,1,1,3.0,2.5,1.5,1.5,0.0,0.0,12.0,Male,18-22,Other,1.0
P0086,G0117,3,0.6,1.0,0.0,1,0,4.5,3.5,3.0,2.5,0.5,0.0,12.0,Male,18-22,Other,1.0
P0086,G0117,4,0.6,0.0,1.0,1,0,5.5,5.0,4.5,3.5,1.0,0.0,12.0,Male,18-22,Other,1.0
P0086,G0117,5,0.6,0.0,1.0,0,1,6.5,6.5,5.5,5.0,0.5,0.0,12.0,Male,18-22,Other,1.0
P0086,G0117,6,0.6,0.0,0.0,0,1,7.5,7.5,6.5,6.5,0.0,0.0,12.0,Male,18-22,Other,1.0
P0086,G0117,7,0.6,0.0,0.0,0,0,8.5,8.5,7.5,7.5,0.0,0.0,12.0,Male,18-22,Other,1.0
P0086,G0117,8,0.6,1.0,0.0,0,0,10.0,9.5,8.5,8.5,0.0,0.0,12.0,Male,18-22,Other,1.0
P0086,G0117,9,0.6,0.0,0.0,1,0,11.0,10.5,10.0,9.5,0.5,0.0,12.0,Male,18-22,Other,1.0
P0086,G0117,10,0.6,0.0,1.0,0,0,12.0,12.0,11.0,10.5,0.5,0.0,12.0,Male,18-22,Other,1.0
P0086,G0117,11,0.6,0.0,0.0,0,1,13.0,13.0,12.0,12.0,0.0,0.0,12.0,Male,18-22,Other,1.0
P0086,G0117,12,0.6,1.0,0.0,0,0,14.5,14.0,13.0,13.0,0.0,1.0,12.0,Male,18-22,Other,1.0
P0087,G0166,1,0.9,1.0,0.0,-1,-1,1.5,1.0,0.0,0.0,0.0,0.0,22.0,Female,38-42,South Africa,4.0
P0087,G0166,2,0.9,1.0,1.0,1,0,3.0,2.5,1.5,1.0,0.5,0.0,22.0,Female,38-42,South Africa,4.0
P0087,G0166,3,0.9,0.0,1.0,1,1,4.0,4.0,3.0,2.5,0.5,0.0,22.0,Female,38-42,South Africa,4.0
P0087,G0166,4,0.9,0.0,0.0,0,1,5.0,5.0,4.0,4.0,0.0,0.0,22.0,Female,38-42,South Africa,4.0
P0087,G0166,5,0.9,1.0,1.0,0,0,6.5,6.5,5.0,5.0,0.0,0.0,22.0,Female,38-42,South Africa,4.0
P0087,G0166,6,0.9,0.0,0.0,1,1,7.5,7.5,6.5,6.5,0.0,0.0,22.0,Female,38-42,South Africa,4.0
P0087,G0166,7,0.9,0.0,1.0,0,0,8.5,9.0,7.5,7.5,0.0,0.0,22.0,Female,38-42,South Africa,4.0
P0087,G0166,8,0.9,0.0,1.0,0,1,9.5,10.5,8.5,9.0,-0.5,0.0,22.0,Female,38-42,South Africa,4.0
P0087,G0166,9,0.9,1.0,0.0,0,1,11.0,11.5,9.5,10.5,-1.0,0.0,22.0,Female,38-42,South Africa,4.0
P0087,G0166,10,0.9,1.0,0.0,1,0,12.5,12.5,11.0,11.5,-0.5,0.0,22.0,Female,38-42,South Africa,4.0
P0087,G0166,11,0.9,1.0,1.0,1,0,14.0,14.0,12.5,12.5,0.0,0.0,22.0,Female,38-42,South Africa,4.0
P0087,G0166,12,0.9,0.0,0.0,1,1,15.0,15.0,14.0,14.0,0.0,0.0,22.0,Female,38-42,South Africa,4.0
P0087,G0166,13,0.9,0.0,1.0,0,0,16.0,16.5,15.0,15.0,0.0,0.0,22.0,Female,38-42,South Africa,4.0
P0087,G0166,14,0.9,1.0,1.0,0,1,17.5,18.0,16.0,16.5,-0.5,0.0,22.0,Female,38-42,South Africa,4.0
P0087,G0166,15,0.9,1.0,0.0,1,1,19.0,19.0,17.5,18.0,-0.5,0.0,22.0,Female,38-42,South Africa,4.0
P0087,G0166,16,0.9,1.0,0.0,1,0,20.5,20.0,19.0,19.0,0.0,0.0,22.0,Female,38-42,South Africa,4.0
P0087,G0166,17,0.9,0.0,1.0,1,0,21.5,21.5,20.5,20.0,0.5,0.0,22.0,Female,38-42,South Africa,4.0
P0087,G0166,18,0.9,0.0,0.0,0,1,22.5,22.5,21.5,21.5,0.0,0.0,22.0,Female,38-42,South Africa,4.0
P0087,G0166,19,0.9,1.0,1.0,0,0,24.0,24.0,22.5,22.5,0.0,0.0,22.0,Female,38-42,South Africa,4.0
P0087,G0166,20,0.9,1.0,1.0,1,1,25.5,25.5,24.0,24.0,0.0,0.0,22.0,Female,38-42,South Africa,4.0
P0087,G0166,21,0.9,1.0,0.0,1,1,27.0,26.5,25.5,25.5,0.0,0.0,22.0,Female,38-42,South Africa,4.0
P0087,G0166,22,0.9,1.0,1.0,1,0,28.5,28.0,27.0,26.5,0.5,1.0,22.0,Female,38-42,South Africa,4.0
P0088,G0019,1,0.1,0.0,1.0,-1,-1,1.0,1.5,0.0,0.0,0.0,0.0,21.0,Female,23-27,South Africa,0.0
P0088,G0019,2,0.1,1.0,1.0,0,1,2.5,3.0,1.0,1.5,-0.5,0.0,21.0,Female,23-27,South Africa,0.0
P0088,G0019,3,0.1,0.0,1.0,1,1,3.5,4.5,2.5,3.0,-0.5,0.0,21.0,Female,23-27,South Africa,0.0
P0088,G0019,4,0.1,1.0,1.0,0,1,5.0,6.0,3.5,4.5,-1.0,0.0,21.0,Female,23-27,South Africa,0.0
P0088,G0019,5,0.1,0.0,1.0,1,1,6.0,7.5,5.0,6.0,-1.0,0.0,21.0,Female,23-27,South Africa,0.0
P0088,G0019,6,0.1,0.0,0.0,0,1,7.0,8.5,6.0,7.5,-1.5,0.0,21.0,Female,23-27,South Africa,0.0
P0088,G0019,7,0.1,1.0,0.0,0,0,8.5,9.5,7.0,8.5,-1.5,0.0,21.0,Female,23-27,South Africa,0.0
P0088,G0019,8,0.1,1.0,0.0,1,0,10.0,10.5,8.5,9.5,-1.0,0.0,21.0,Female,23-27,South Africa,0.0
P0088,G0019,9,0.1,0.0,1.0,1,0,11.0,12.0,10.0,10.5,-0.5,0.0,21.0,Female,23-27,South Africa,0.0
P0088,G0019,10,0.1,0.0,0.0,0,1,12.0,13.0,11.0,12.0,-1.0,0.0,21.0,Female,23-27,South Africa,0.0
P0088,G0019,11,0.1,1.0,0.0,0,0,13.5,14.0,12.0,13.0,-1.0,0.0,21.0,Female,23-27,South Africa,0.0
P0088,G0019,12,0.1,1.0,1.0,1,0,15.0,15.5,13.5,14.0,-0.5,0.0,21.0,Female,23-27,South Africa,0.0
P0088,G0019,13,0.1,1.0,1.0,1,1,16.5,17.0,15.0,15.5,-0.5,0.0,21.0,Female,23-27,South Africa,0.0
P0088,G0019,14,0.1,0.0,1.0,1,1,17.5,18.5,16.5,17.0,-0.5,0.0,21.0,Female,23-27,South Africa,0.0
P0088,G0019,15,0.1,1.0,0.0,0,1,19.0,19.5,17.5,18.5,-1.0,0.0,21.0,Female,23-27,South Africa,0.0
P0088,G0019,16,0.1,0.0,1.0,1,0,20.0,21.0,19.0,19.5,-0.5,0.0,21.0,Female,23-27,South Africa,0.0
P0088,G0019,17,0.1,1.0,0.0,0,1,21.5,22.0,20.0,21.0,-1.0,0.0,21.0,Female,23-27,South Africa,0.0
P0088,G0019,18,0.1,0.0,1.0,1,0,22.5,23.5,21.5,22.0,-0.5,0.0,21.0,Female,23-27,South Africa,0.0
P0088,G0019,19,0.1,1.0,0.0,0,1,24.0,24.5,22.5,23.5,-1.0,0.0,21.0,Female,23-27,South Africa,0.0
P0088,G0019,20,0.1,1.0,1.0,1,0,25.5,26.0,24.0,24.5,-0.5,0.0,21.0,Female,23-27,South Africa,0.0
P0088,G0019,21,0.1,1.0,1.0,1,1,27.0,27.5,25.5,26.0,-0.5,0.0,21.0,Female,23-27,South Africa,0.0
P0089,G0028,1,0.9,1.0,1.0,-1,-1,1.5,1.5,0.0,0.0,0.0,0.0,10.0,Male,18-22,Other,2.0
P0089,G0028,2,0.9,0.0,1.0,1,1,2.5,3.0,1.5,1.5,0.0,0.0,10.0,Male,18-22,Other,2.0
P0089,G0028,3,0.9,0.0,0.0,0,1,3.5,4.0,2.5,3.0,-0.5,0.0,10.0,Male,18-22,Other,2.0
P0089,G0028,4,0.9,1.0,1.0,0,0,5.0,5.5,3.5,4.0,-0.5,0.0,10.0,Male,18-22,Other,2.0
P0089,G0028,5,0.9,1.0,1.0,1,1,6.5,7.0,5.0,5.5,-0.5,0.0,10.0,Male,18-22,Other,2.0
P0089,G0028,6,0.9,1.0,1.0,1,1,8.0,8.5,6.5,7.0,-0.5,0.0,10.0,Male,18-22,Other,2.0
P0089,G0028,7,0.9,1.0,1.0,1,1,9.5,10.0,8.0,8.5,-0.5,0.0,10.0,Male,18-22,Other,2.0
P0089,G0028,8,0.9,1.0,0.0,1,1,11.0,11.0,9.5,10.0,-0.5,0.0,10.0,Male,18-22,Other,2.0
P0089,G0028,9,0.9,1.0,1.0,1,0,12.5,12.5,11.0,11.0,0.0,0.0,10.0,Male,18-22,Other,2.0
P0089,G0028,10,0.9,1.0,1.0,1,1,14.0,14.0,12.5,12.5,0.0,1.0,10.0,Male,18-22,Other,2.0
P0090,G0159,1,0.6,0.0,1.0,-1,-1,1.0,1.5,0.0,0.0,0.0,0.0,23.0,Male,18-22,Poland,5.0
P0090,G0159,2,0.6,0.0,1.0,0,1,2.0,3.0,1.0,1.5,-0.5,0.0,23.0,Male,18-22,Poland,5.0
P0090,G0159,3,0.6,1.0,1.0,0,1,3.5,4.5,2.0,3.0,-1.0,0.0,23.0,Male,18-22,Poland,5.0
P0090,G0159,4,0.6,0.0,1.0,1,1,4.5,6.0,3.5,4.5,-1.0,0.0,23.0,Male,18-22,Poland,5.0
P0090,G0159,5,0.6,0.0,1.0,0,1,5.5,7.5,4.5,6.0,-1.5,0.0,23.0,Male,18-22,Poland,5.0
P0090,G0159,6,0.6,1.0,1.0,0,1,7.0,9.0,5.5,7.5,-2.0,0.0,23.0,Male,18-22,Poland,5.0
P0090,G0159,7,0.6,1.0,1.0,1,1,8.5,10.5,7.0,9.0,-2.0,0.0,23.0,Male,18-22,Poland,5.0
P0090,G0159,8,0.6,0.0,1.0,1,1,9.5,12.0,8.5,10.5,-2.0,0.0,23.0,Male,18-22,Poland,5.0
P0090,G0159,9,0.6,1.0,1.0,0,1,11.0,13.5,9.5,12.0,-2.5,0.0,23.0,Male,18-22,Poland,5.0
P0090,G0159,10,0.6,1.0,1.0,1,1,12.5,15.0,11.0,13.5,-2.5,0.0,23.0,Male,18-22,Poland,5.0
P0090,G0159,11,0.6,1.0,1.0,1,1,14.0,16.5,12.5,15.0,-2.5,0.0,23.0,Male,18-22,Poland,5.0
P0090,G0159,12,0.6,1.0,1.0,1,1,15.5,18.0,14.0,16.5,-2.5,0.0,23.0,Male,18-22,Poland,5.0
P0090,G0159,13,0.6,1.0,1.0,1,1,17.0,19.5,15.5,18.0,-2.5,0.0,23.0,Male,18-22,Poland,5.0
P0090,G0159,14,0.6,0.0,1.0,1,1,18.0,21.0,17.0,19.5,-2.5,0.0,23.0,Male,18-22,Poland,5.0
P0090,G0159,15,0.6,1.0,1.0,0,1,19.5,22.5,18.0,21.0,-3.0,0.0,23.0,Male,18-22,Poland,5.0
P0090,G0159,16,0.6,1.0,1.0,1,1,21.0,24.0,19.5,22.5,-3.0,0.0,23.0,Male,18-22,Poland,5.0
P0090,G0159,17,0.6,1.0,1.0,1,1,22.5,25.5,21.0,24.0,-3.0,0.0,23.0,Male,18-22,Poland,5.0
P0090,G0159,18,0.6,0.0,1.0,1,1,23.5,27.0,22.5,25.5,-3.0,0.0,23.0,Male,18-22,Poland,5.0
P0090,G0159,19,0.6,1.0,1.0,0,1,25.0,28.5,23.5,27.0,-3.5,0.0,23.0,Male,18-22,Poland,5.0
P0090,G0159,20,0.6,1.0,1.0,1,1,26.5,30.0,25.0,28.5,-3.5,0.0,23.0,Male,18-22,Poland,5.0
P0090,G0159,21,0.6,1.0,1.0,1,1,28.0,31.5,26.5,30.0,-3.5,0.0,23.0,Male,18-22,Poland,5.0
P0090,G0159,22,0.6,0.0,1.0,1,1,29.0,33.0,28.0,31.5,-3.5,0.0,23.0,Male,18-22,Poland,5.0
P0090,G0159,23,0.6,1.0,1.0,0,1,30.5,34.5,29.0,33.0,-4.0,0.0,23.0,Male,18-22,Poland,5.0
P0091,G0123,1,0.9,0.0,1.0,-1,-1,1.0,1.5,0.0,0.0,0.0,0.0,6.0,Male,38-42,Other,4.0
P0091,G0123,2,0.9,0.0,1.0,0,1,2.0,3.0,1.0,1.5,-0.5,0.0,6.0,Male,38-42,Other,4.0
P0091,G0123,3,0.9,1.0,1.0,0,1,3.5,4.5,2.0,3.0,-1.0,0.0,6.0,Male,38-42,Other,4.0
P0091,G0123,4,0.9,0.0,1.0,1,1,4.5,6.0,3.5,4.5,-1.0,0.0,6.0,Male,38-42,Other,4.0
P0091,G0123,5,0.9,1.0,1.0,0,1,6.0,7.5,4.5,6.0,-1.5,0.0,6.0,Male,38-42,Other,4.0
P0091,G0123,6,0.9,1.0,1.0,1,1,7.5,9.0,6.0,7.5,-1.5,0.0,6.0,Male,38-42,Other,4.0
P0092,G0129,1,0.1,0.0,1.0,-1,-1,1.0,1.5,0.0,0.0,0.0,0.0,6.0,Male,38-42,South Africa,3.0
P0092,G0129,2,0.1,1.0,0.0,0,1,2.5,2.5,1.0,1.5,-0.5,0.0,6.0,Male,38-42,South Africa,3.0
P0092,G0129,3,0.1,1.0,1.0,1,0,4.0,4.0,2.5,2.5,0.0,0.0,6.0,Male,38-42,South Africa,3.0
P0092,G0129,4,0.1,0.0,0.0,1,1,5.0,5.0,4.0,4.0,0.0,0.0,6.0,Male,38-42,South Africa,3.0
P0092,G0129,5,0.1,1.0,1.0,0,0,6.5,6.5,5.0,5.0,0.0,0.0,6.0,Male,38-42,South Africa,3.0
P0092,G0129,6,0.1,1.0,0.0,1,1,8.0,7.5,6.5,6.5,0.0,1.0,6.0,Male,38-42,South Africa,3.0
P0093,G0171,1,0.6,0.0,0.0,-1,-1,1.0,1.0,0.0,0.0,0.0,0.0,7.0,Male,23-27,Other,0.0
P0093,G0171,2,0.6,1.0,1.0,0,0,2.5,2.5,1.0,1.0,0.0,0.0,7.0,Male,23-27,Other,0.0
P0093,G0171,3,0.6,1.0,0.0,1,1,4.0,3.5,2.5,2.5,0.0,0.0,7.0,Male,23-27,Other,0.0
P0093,G0171,4,0.6,0.0,0.0,1,0,5.0,4.5,4.0,3.5,0.5,0.0,7.0,Male,23-27,Other,0.0
P0093,G0171,5,0.6,1.0,1.0,0,0,6.5,6.0,5.0,4.5,0.5,0.0,7.0,Male,23-27,Other,0.0
P0093,G0171,6,0.6,1.0,1.0,1,1,8.0,7.5,6.5,6.0,0.5,0.0,7.0,Male,23-27,Other,0.0
P0093,G0171,7,0.6,1.0,1.0,1,1,9.5,9.0,8.0,7.5,0.5,1.0,7.0,Male,23-27,Other,0.0
P0094,G0094,1,0.9,0.0,0.0,-1,-1,1.0,1.0,0.0,0.0,0.0,0.0,20.0,Male,33-37,Other,0.0
P0094,G0094,2,0.9,1.0,1.0,0,0,2.5,2.5,1.0,1.0,0.0,0.0,20.0,Male,33-37,Other,0.0
P0094,G0094,3,0.9,0.0,0.0,1,1,3.5,3.5,2.5,2.5,0.0,0.0,20.0,Male,33-37,Other,0.0
P0094,G0094,4,0.9,0.0,1.0,0,0,4.5,5.0,3.5,3.5,0.0,0.0,20.0,Male,33-37,Other,0.0
P0094,G0094,5,0.9,0.0,0.0,0,1,5.5,6.0,4.5,5.0,-0.5,0.0,20.0,Male,33-37,Other,0.0
P0094,G0094,6,0.9,1.0,0.0,0,0,7.0,7.0,5.5,6.0,-0.5,0.0,20.0,Male,33-37,Other,0.0
P0094,G0094,7,0.9,0.0,1.0,1,0,8.0,8.5,7.0,7.0,0.0,0.0,20.0,Male,33-37,Other,0.0
P0094,G0094,8,0.9,0.0,1.0,0,1,9.0,10.0,8.0,8.5,-0.5,0.0,20.0,Male,33-37,Other,0.0
P0094,G0094,9,0.9,1.0,0.0,0,1,10.5,11.0,9.0,10.0,-1.0,0.0,20.0,Male,33-37,Other,0.0
P0094,G0094,10,0.9,0.0,1.0,1,0,11.5,12.5,10.5,11.0,-0.5,0.0,20.0,Male,33-37,Other,0.0
P0094,G0094,11,0.9,1.0,0.0,0,1,13.0,13.5,11.5,12.5,-1.0,0.0,20.0,Male,33-37,Other,0.0
P0094,G0094,12,0.9,0.0,1.0,1,0,14.0,15.0,13.0,13.5,-0.5,0.0,20.0,Male,33-37,Other,0.0
P0094,G0094,13,0.9,1.0,1.0,0,1,15.5,16.5,14.0,15.0,-1.0,0.0,20.0,Male,33-37,Other,0.0
P0094,G0094,14,0.9,0.0,1.0,1,1,16.5,18.0,15.5,16.5,-1.0,0.0,20.0,Male,33-37,Other,0.0
P0094,G0094,15,0.9,1.0,0.0,0,1,18.0,19.0,16.5,18.0,-1.5,0.0,20.0,Male,33-37,Other,0.0
P0094,G0094,16,0.9,1.0,0.0,1,0,19.5,20.0,18.0,19.0,-1.0,0.0,20.0,Male,33-37,Other,0.0
P0094,G0094,17,0.9,0.0,1.0,1,0,20.5,21.5,19.5,20.0,-0.5,0.0,20.0,Male,33-37,Other,0.0
P0094,G0094,18,0.9,0.0,0.0,0,1,21.5,22.5,20.5,21.5,-1.0,0.0,20.0,Male,33-37,Other,0.0
P0094,G0094,19,0.9,1.0,1.0,0,0,23.0,24.0,21.5,22.5,-1.0,0.0,20.0,Male,33-37,Other,0.0
P0094,G0094,20,0.9,0.0,0.0,1,1,24.0,25.0,23.0,24.0,-1.0,0.0,20.0,Male,33-37,Other,0.0
P0095,G0136,1,0.1,0.0,1.0,-1,-1,1.0,1.5,0.0,0.0,0.0,0.0,8.0,Female,23-27,South Africa,0.0
P0095,G0136,2,0.1,0.0,0.0,0,1,2.0,2.5,1.0,1.5,-0.5,0.0,8.0,Female,23-27,South Africa,0.0
P0095,G0136,3,0.1,0.0,1.0,0,0,3.0,4.0,2.0,2.5,-0.5,0.0,8.0,Female,23-27,South Africa,0.0
P0095,G0136,4,0.1,1.0,0.0,0,1,4.5,5.0,3.0,4.0,-1.0,0.0,8.0,Female,23-27,South Africa,0.0
P0095,G0136,5,0.1,1.0,1.0,1,0,6.0,6.5,4.5,5.0,-0.5,0.0,8.0,Female,23-27,South Africa,0.0
P0095,G0136,6,0.1,1.0,0.0,1,1,7.5,7.5,6.0,6.5,-0.5,0.0,8.0,Female,23-27,South Africa,0.0
P0095,G0136,7,0.1,0.0,0.0,1,0,8.5,8.5,7.5,7.5,0.0,0.0,8.0,Female,23-27,South Africa,0.0
P0095,G0136,8,0.1,0.0,0.0,0,0,9.5,9.5,8.5,8.5,0.0,1.0,8.0,Female,23-27,South Africa,0.0
P0096,G0085,1,0.9,0.0,0.0,-1,-1,1.0,1.0,0.0,0.0,0.0,0.0,6.0,Male,18-22,Other,5.0
P0096,G0085,2,0.9,1.0,1.0,0,0,2.5,2.5,1.0,1.0,0.0,0.0,6.0,Male,18-22,Other,5.0
P0096,G0085,3,0.9,0.0,0.0,1,1,3.5,3.5,2.5,2.5,0.0,0.0,6.0,Male,18-22,Other,5.0
P0096,G0085,4,0.9,0.0,1.0,0,0,4.5,5.0,3.5,3.5,0.0,0.0,6.0,Male,18-22,Other,5.0
P0096,G0085,5,0.9,1.0,0.0,0,1,6.0,6.0,4.5,5.0,-0.5,0.0,6.0,Male,18-22,Other,5.0
P0096,G0085,6,0.9,1.0,0.0,1,0,7.5,7.0,6.0,6.0,0.0,1.0,6.0,Male,18-22,Other,5.0
P0097,G0139,1,0.6,1.0,1.0,-1,-1,1.5,1.5,0.0,0.0,0.0,0.0,5.0,Male,38-42,Other,3.0
P0097,G0139,2,0.6,1.0,0.0,1,1,3.0,2.5,1.5,1.5,0.0,0.0,5.0,Male,38-42,Other,3.0
P0097,G0139,3,0.6,0.0,0.0,1,0,4.0,3.5,3.0,2.5,0.5,0.0,5.0,Male,38-42,Other,3.0
P0097,G0139,4,0.6,0.0,1.0,0,0,5.0,5.0,4.0,3.5,0.5,0.0,5.0,Male,38-42,Other,3.0
P0097,G0139,5,0.6,1.0,1.0,0,1,6.5,6.5,5.0,5.0,0.0,1.0,5.0,Male,38-42,Other,3.0
P0098,G0159,1,0.6,1.0,0.0,-1,-1,1.5,1.0,0.0,0.0,0.0,0.0,23.0,Female,23-27,South Africa,1.0
P0098,G0159,2,0.6,1.0,0.0,1,0,3.0,2.0,1.5,1.0,0.5,0.0,23.0,Female,23-27,South Africa,1.0
P0098,G0159,3,0.6,1.0,1.0,1,0,4.5,3.5,3.0,2.0,1.0,0.0,23.0,Female,23-27,South Africa,1.0
P0098,G0159,4,0.6,1.0,0.0,1,1,6.0,4.5,4.5,3.5,1.0,0.0,23.0,Female,23-27,South Africa,1.0
P0098,G0159,5,0.6,1.0,0.0,1,0,7.5,5.5,6.0,4.5,1.5,0.0,23.0,Female,23-27,South Africa,1.0
P0098,G0159,6,0.6,1.0,1.0,1,0,9.0,7.0,7.5,5.5,2.0,0.0,23.0,Female,23-27,South Africa,1.0
P0098,G0159,7,0.6,1.0,1.0,1,1,10.5,8.5,9.0,7.0,2.0,0.0,23.0,Female,23-27,South Africa,1.0
P0098,G0159,8,0.6,1.0,0.0,1,1,12.0,9.5,10.5,8.5,2.0,0.0,23.0,Female,23-27,South Africa,1.0
P0098,G0159,9,0.6,1.0,1.0,1,0,13.5,11.0,12.0,9.5,2.5,0.0,23.0,Female,23-27,South Africa,1.0
P0098,G0159,10,0.6,1.0,1.0,1,1,15.0,12.5,13.5,11.0,2.5,0.0,23.0,Female,23-27,South Africa,1.0
P0098,G0159,11,0.6,1.0,1.0,1,1,16.5,14.0,15.0,12.5,2.5,0.0,23.0,Female,23-27,South Africa,1.0
P0098,G0159,12,0.6,1.0,1.0,1,1,18.0,15.5,16.5,14.0,2.5,0.0,23.0,Female,23-27,South Africa,1.0
P0098,G0159,13,0.6,1.0,1.0,1,1,19.5,17.0,18.0,15.5,2.5,0.0,23.0,Female,23-27,South Africa,1.0
P0098,G0159,14,0.6,1.0,0.0,1,1,21.0,18.0,19.5,17.0,2.5,0.0,23.0,Female,23-27,South Africa,1.0
P0098,G0159,15,0.6,1.0,1.0,1,0,22.5,19.5,21.0,18.0,3.0,0.0,23.0,Female,23-27,South Africa,1.0
P0098,G0159,16,0.6,1.0,1.0,1,1,24.0,21.0,22.5,19.5,3.0,0.0,23.0,Female,23-27,South Africa,1.0
P0098,G0159,17,0.6,1.0,1.0,1,1,25.5,22.5,24.0,21.0,3.0,0.0,23.0,Female,23-27,South Africa,1.0
P0098,G0159,18,0.6,1.0,0.0,1,1,27.0,23.5,25.5,22.5,3.0,0.0,23.0,Female,23-27,South Africa,1.0
P0098,G0159,19,0.6,1.0,1.0,1,0,28.5,25.0,27.0,23.5,3.5,0.0,23.0,Female,23-27,South Africa,1.0
P0098,G0159,20,0.6,1.0,1.0,1,1,30.0,26.5,28.5,25.0,3.5,0.0,23.0,Female,23-27,South Africa,1.0
P0098,G0159,21,0.6,1.0,1.0,1,1,31.5,28.0,30.0,26.5,3.5,0.0,23.0,Female,23-27,South Africa,1.0
P0098,G0159,22,0.6,1.0,0.0,1,1,33.0,29.0,31.5,28.0,3.5,0.0,23.0,Female,23-27,South Africa,1.0
P0098,G0159,23,0.6,1.0,1.0,1,0,34.5,30.5,33.0,29.0,4.0,1.0,23.0,Female,23-27,South Africa,1.0
P0099,G0051,1,0.9,0.0,1.0,-1,-1,1.0,1.5,0.0,0.0,0.0,0.0,7.0,Male,43-47,Other,1.0
P0099,G0051,2,0.9,1.0,0.0,0,1,2.5,2.5,1.0,1.5,-0.5,0.0,7.0,Male,43-47,Other,1.0
P0099,G0051,3,0.9,1.0,1.0,1,0,4.0,4.0,2.5,2.5,0.0,0.0,7.0,Male,43-47,Other,1.0
P0099,G0051,4,0.9,0.0,1.0,1,1,5.0,5.5,4.0,4.0,0.0,0.0,7.0,Male,43-47,Other,1.0
P0099,G0051,5,0.9,1.0,1.0,0,1,6.5,7.0,5.0,5.5,-0.5,0.0,7.0,Male,43-47,Other,1.0
P0099,G0051,6,0.9,1.0,0.0,1,1,8.0,8.0,6.5,7.0,-0.5,0.0,7.0,Male,43-47,Other,1.0
P0099,G0051,7,0.9,1.0,1.0,1,0,9.5,9.5,8.0,8.0,0.0,1.0,7.0,Male,43-47,Other,1.0
P0100,G0091,1,0.1,1.0,0.0,-1,-1,1.5,1.0,0.0,0.0,0.0,0.0,10.0,Female,28-32,Other,4.0
P0100,G0091,2,0.1,1.0,0.0,1,0,3.0,2.0,1.5,1.0,0.5,0.0,10.0,Female,28-32,Other,4.0
P0100,G0091,3,0.1,0.0,1.0,1,0,4.0,3.5,3.0,2.0,1.0,0.0,10.0,Female,28-32,Other,4.0
P0100,G0091,4,0.1,0.0,0.0,0,1,5.0,4.5,4.0,3.5,0.5,0.0,10.0,Female,28-32,Other,4.0
P0100,G0091,5,0.1,0.0,0.0,0,0,6.0,5.5,5.0,4.5,0.5,0.0,10.0,Female,28-32,Other,4.0
P0100,G0091,6,0.1,1.0,0.0,0,0,7.5,6.5,6.0,5.5,0.5,0.0,10.0,Female,28-32,Other,4.0
P0100,G0091,7,0.1,0.0,1.0,1,0,8.5,8.0,7.5,6.5,1.0,0.0,10.0,Female,28-32,Other,4.0
P0100,G0091,8,0.1,0.0,0.0,0,1,9.5,9.0,8.5,8.0,0.5,0.0,10.0,Female,28-32,Other,4.0
P0100,G0091,9,0.1,0.0,0.0,0,0,10.5,10.0,9.5,9.0,0.5,0.0,10.0,Female,28-32,Other,4.0
P0100,G0091,10,0.1,1.0,0.0,0,0,12.0,11.0,10.5,10.0,0.5,1.0,10.0,Female,28-32,Other,4.0
P0101,G0116,1,0.6,1.0,1.0,-1,-1,1.5,1.5,0.0,0.0,0.0,0.0,7.0,Male,23-27,Other,1.0
P0101,G0116,2,0.6,0.0,1.0,1,1,2.5,3.0,1.5,1.5,0.0,0.0,7.0,Male,23-27,Other,1.0
P0101,G0116,3,0.6,1.0,0.0,0,1,4.0,4.0,2.5,3.0,-0.5,0.0,7.0,Male,23-27,Other,1.0
P0101,G0116,4,0.6,0.0,0.0,1,0,5.0,5.0,4.0,4.0,0.0,0.0,7.0,Male,23-27,Other,1.0
P0101,G0116,5,0.6,1.0,0.0,0,0,6.5,6.0,5.0,5.0,0.0,0.0,7.0,Male,23-27,Other,1.0
P0101,G0116,6,0.6,0.0,1.0,1,0,7.5,7.5,6.5,6.0,0.5,0.0,7.0,Male,23-27,Other,1.0
P0101,G0116,7,0.6,1.0,0.0,0,1,9.0,8.5,7.5,7.5,0.0,1.0,7.0,Male,23-27,Other,1.0
P0102,G0062,1,0.9,0.0,0.0,-1,-1,1.0,1.0,0.0,0.0,0.0,0.0,6.0,Male,23-27,Other,1.0
P0102,G0062,2,0.9,1.0,0.0,0,0,2.5,2.0,1.0,1.0,0.0,0.0,6.0,Male,23-27,Other,1.0
P0102,G0062,3,0.9,0.0,1.0,1,0,3.5,3.5,2.5,2.0,0.5,0.0,6.0,Male,23-27,Other,1.0
P0102,G0062,4,0.9,1.0,0.0,0,1,5.0,4.5,3.5,3.5,0.0,0.0,6.0,Male,23-27,Other,1.0
P0102,G0062,5,0.9,1.0,0.0,1,0,6.5,5.5,5.0,4.5,0.5,0.0,6.0,Male,23-27,Other,1.0
P0102,G0062,6,0.9,1.0,1.0,1,0,8.0,7.0,6.5,5.5,1.0,1.0,6.0,Male,23-27,Other,1.0
P0103,G0018,1,0.9,0.0,0.0,-1,-1,1.0,1.0,0.0,0.0,0.0,0.0,14.0,Female,23-27,South Africa,2.0
P0103,G0018,2,0.9,1.0,0.0,0,0,2.5,2.0,1.0,1.0,0.0,0.0,14.0,Female,23-27,South Africa,2.0
P0103,G0018,3,0.9,1.0,1.0,1,0,4.0,3.5,2.5,2.0,0.5,0.0,14.0,Female,23-27,South Africa,2.0
P0103,G0018,4,0.9,1.0,1.0,1,1,5.5,5.0,4.0,3.5,0.5,0.0,14.0,Female,23-27,South Africa,2.0
P0103,G0018,5,0.9,1.0,1.0,1,1,7.0,6.5,5.5,5.0,0.5,0.0,14.0,Female,23-27,South Africa,2.0
P0103,G0018,6,0.9,0.0,1.0,1,1,8.0,8.0,7.0,6.5,0.5,0.0,14.0,Female,23-27,South Africa,2.0
P0103,G0018,7,0.9,1.0,1.0,0,1,9.5,9.5,8.0,8.0,0.0,0.0,14.0,Female,23-27,South Africa,2.0
P0103,G0018,8,0.9,1.0,1.0,1,1,11.0,11.0,9.5,9.5,0.0,0.0,14.0,Female,23-27,South Africa,2.0
P0103,G0018,9,0.9,1.0,1.0,1,1,12.5,12.5,11.0,11.0,0.0,0.0,14.0,Female,23-27,South Africa,2.0
P0103,G0018,10,0.9,0.0,1.0,1,1,13.5,14.0,12.5,12.5,0.0,0.0,14.0,Female,23-27,South Africa,2.0
P0103,G0018,11,0.9,0.0,1.0,0,1,14.5,15.5,13.5,14.0,-0.5,0.0,14.0,Female,23-27,South Africa,2.0
P0103,G0018,12,0.9,1.0,1.0,0,1,16.0,17.0,14.5,15.5,-1.0,0.0,14.0,Female,23-27,South Africa,2.0
P0103,G0018,13,0.9,1.0,1.0,1,1,17.5,18.5,16.0,17.0,-1.0,0.0,14.0,Female,23-27,South Africa,2.0
P0103,G0018,14,0.9,1.0,1.0,1,1,19.0,20.0,17.5,18.5,-1.0,0.0,14.0,Female,23-27,South Africa,2.0
P0104,G0094,1,0.9,0.0,0.0,-1,-1,1.0,1.0,0.0,0.0,0.0,0.0,20.0,Female,28-32,Other,1.0
P0104,G0094,2,0.9,1.0,1.0,0,0,2.5,2.5,1.0,1.0,0.0,0.0,20.0,Female,28-32,Other,1.0
P0104,G0094,3,0.9,0.0,0.0,1,1,3.5,3.5,2.5,2.5,0.0,0.0,20.0,Female,28-32,Other,1.0
P0104,G0094,4,0.9,1.0,0.0,0,0,5.0,4.5,3.5,3.5,0.0,0.0,20.0,Female,28-32,Other,1.0
P0104,G0094,5,0.9,0.0,0.0,1,0,6.0,5.5,5.0,4.5,0.5,0.0,20.0,Female,28-32,Other,1.0
P0104,G0094,6,0.9,0.0,1.0,0,0,7.0,7.0,6.0,5.5,0.5,0.0,20.0,Female,28-32,Other,1.0
P0104,G0094,7,0.9,1.0,0.0,0,1,8.5,8.0,7.0,7.0,0.0,0.0,20.0,Female,28-32,Other,1.0
P0104,G0094,8,0.9,1.0,0.0,1,0,10.0,9.0,8.5,8.0,0.5,0.0,20.0,Female,28-32,Other,1.0
P0104,G0094,9,0.9,0.0,1.0,1,0,11.0,10.5,10.0,9.0,1.0,0.0,20.0,Female,28-32,Other,1.0
P0104,G0094,10,0.9,1.0,0.0,0,1,12.5,11.5,11.0,10.5,0.5,0.0,20.0,Female,28-32,Other,1.0
P0104,G0094,11,0.9,0.0,1.0,1,0,13.5,13.0,12.5,11.5,1.0,0.0,20.0,Female,28-32,Other,1.0
P0104,G0094,12,0.9,1.0,0.0,0,1,15.0,14.0,13.5,13.0,0.5,0.0,20.0,Female,28-32,Other,1.0
P0104,G0094,13,0.9,1.0,1.0,1,0,16.5,15.5,15.0,14.0,1.0,0.0,20.0,Female,28-32,Other,1.0
P0104,G0094,14,0.9,1.0,0.0,1,1,18.0,16.5,16.5,15.5,1.0,0.0,20.0,Female,28-32,Other,1.0
P0104,G0094,15,0.9,0.0,1.0,1,0,19.0,18.0,18.0,16.5,1.5,0.0,20.0,Female,28-32,Other,1.0
P0104,G0094,16,0.9,0.0,1.0,0,1,20.0,19.5,19.0,18.0,1.0,0.0,20.0,Female,28-32,Other,1.0
P0104,G0094,17,0.9,1.0,0.0,0,1,21.5,20.5,20.0,19.5,0.5,0.0,20.0,Female,28-32,Other,1.0
P0104,G0094,18,0.9,0.0,0.0,1,0,22.5,21.5,21.5,20.5,1.0,0.0,20.0,Female,28-32,Other,1.0
P0104,G0094,19,0.9,1.0,1.0,0,0,24.0,23.0,22.5,21.5,1.0,0.0,20.0,Female,28-32,Other,1.0
P0104,G0094,20,0.9,0.0,0.0,1,1,25.0,24.0,24.0,23.0,1.0,1.0,20.0,Female,28-32,Other,1.0
P0105,G0070,1,0.1,0.0,1.0,-1,-1,1.0,1.5,0.0,0.0,0.0,0.0,6.0,Female,23-27,South Africa,2.0
P0105,G0070,2,0.1,1.0,0.0,0,1,2.5,2.5,1.0,1.5,-0.5,0.0,6.0,Female,23-27,South Africa,2.0
P0105,G0070,3,0.1,1.0,1.0,1,0,4.0,4.0,2.5,2.5,0.0,0.0,6.0,Female,23-27,South Africa,2.0
P0105,G0070,4,0.1,1.0,1.0,1,1,5.5,5.5,4.0,4.0,0.0,0.0,6.0,Female,23-27,South Africa,2.0
P0105,G0070,5,0.1,1.0,1.0,1,1,7.0,7.0,5.5,5.5,0.0,0.0,6.0,Female,23-27,South Africa,2.0
P0105,G0070,6,0.1,1.0,1.0,1,1,8.5,8.5,7.0,7.0,0.0,1.0,6.0,Female,23-27,South Africa,2.0
P0106,G0005,1,0.6,1.0,1.0,-1,-1,1.5,1.5,0.0,0.0,0.0,0.0,9.0,Male,23-27,Other,5.0
P0106,G0005,2,0.6,0.0,1.0,1,1,2.5,3.0,1.5,1.5,0.0,0.0,9.0,Male,23-27,Other,5.0
P0106,G0005,3,0.6,0.0,0.0,0,1,3.5,4.0,2.5,3.0,-0.5,0.0,9.0,Male,23-27,Other,5.0
P0106,G0005,4,0.6,0.0,0.0,0,0,4.5,5.0,3.5,4.0,-0.5,0.0,9.0,Male,23-27,Other,5.0
P0106,G0005,5,0.6,1.0,0.0,0,0,6.0,6.0,4.5,5.0,-0.5,0.0,9.0,Male,23-27,Other,5.0
P0106,G0005,6,0.6,1.0,1.0,1,0,7.5,7.5,6.0,6.0,0.0,0.0,9.0,Male,23-27,Other,5.0
P0106,G0005,7,0.6,1.0,1.0,1,1,9.0,9.0,7.5,7.5,0.0,0.0,9.0,Male,23-27,Other,5.0
P0106,G0005,8,0.6,1.0,1.0,1,1,10.5,10.5,9.0,9.0,0.0,0.0,9.0,Male,23-27,Other,5.0
P0106,G0005,9,0.6,1.0,1.0,1,1,12.0,12.0,10.5,10.5,0.0,1.0,9.0,Male,23-27,Other,5.0
P0107,G0016,1,0.9,1.0,1.0,-1,-1,1.5,1.5,0.0,0.0,0.0,0.0,9.0,Female,23-27,South Africa,5.0
P0107,G0016,2,0.9,1.0,1.0,1,1,3.0,3.0,1.5,1.5,0.0,0.0,9.0,Female,23-27,South Africa,5.0
P0107,G0016,3,0.9,0.0,0.0,1,1,4.0,4.0,3.0,3.0,0.0,0.0,9.0,Female,23-27,South Africa,5.0
P0107,G0016,4,0.9,0.0,1.0,0,0,5.0,5.5,4.0,4.0,0.0,0.0,9.0,Female,23-27,South Africa,5.0
P0107,G0016,5,0.9,0.0,1.0,0,1,6.0,7.0,5.0,5.5,-0.5,0.0,9.0,Female,23-27,South Africa,5.0
P0107,G0016,6,0.9,1.0,0.0,0,1,7.5,8.0,6.0,7.0,-1.0,0.0,9.0,Female,23-27,South Africa,5.0
P0107,G0016,7,0.9,1.0,1.0,1,0,9.0,9.5,7.5,8.0,-0.5,0.0,9.0,Female,23-27,South Africa,5.0
P0107,G0016,8,0.9,1.0,0.0,1,1,10.5,10.5,9.0,9.5,-0.5,0.0,9.0,Female,23-27,South Africa,5.0
P0107,G0016,9,0.9,1.0,1.0,1,0,12.0,12.0,10.5,10.5,0.0,1.0,9.0,Female,23-27,South Africa,5.0
P0108,G0122,1,0.6,1.0,0.0,-1,-1,1.5,1.0,0.0,0.0,0.0,0.0,9.0,Male,23-27,Other,0.0
P0108,G0122,2,0.6,0.0,1.0,1,0,2.5,2.5,1.5,1.0,0.5,0.0,9.0,Male,23-27,Other,0.0
P0108,G0122,3,0.6,1.0,0.0,0,1,4.0,3.5,2.5,2.5,0.0,0.0,9.0,Male,23-27,Other,0.0
P0108,G0122,4,0.6,0.0,1.0,1,0,5.0,5.0,4.0,3.5,0.5,0.0,9.0,Male,23-27,Other,0.0
P0108,G0122,5,0.6,1.0,0.0,0,1,6.5,6.0,5.0,5.0,0.0,0.0,9.0,Male,23-27,Other,0.0
P0108,G0122,6,0.6,0.0,0.0,1,0,7.5,7.0,6.5,6.0,0.5,0.0,9.0,Male,23-27,Other,0.0
P0108,G0122,7,0.6,0.0,1.0,0,0,8.5,8.5,7.5,7.0,0.5,0.0,9.0,Male,23-27,Other,0.0
P0108,G0122,8,0.6,1.0,0.0,0,1,10.0,9.5,8.5,8.5,0.0,0.0,9.0,Male,23-27,Other,0.0
P0108,G0122,9,0.6,0.0,1.0,1,0,11.0,11.0,10.0,9.5,0.5,1.0,9.0,Male,23-27,Other,0.0
P0109,G0081,1,0.9,0.0,1.0,-1,-1,1.0,1.5,0.0,0.0,0.0,0.0,7.0,Male,18-22,South Africa,2.0
P0109,G0081,2,0.9,1.0,1.0,0,1,2.5,3.0,1.0,1.5,-0.5,0.0,7.0,Male,18-22,South Africa,2.0
P0109,G0081,3,0.9,0.0,1.0,1,1,3.5,4.5,2.5,3.0,-0.5,0.0,7.0,Male,18-22,South Africa,2.0
P0109,G0081,4,0.9,0.0,0.0,0,1,4.5,5.5,3.5,4.5,-1.0,0.0,7.0,Male,18-22,South Africa,2.0
P0109,G0081,5,0.9,1.0,1.0,0,0,6.0,7.0,4.5,5.5,-1.0,0.0,7.0,Male,18-22,South Africa,2.0
P0109,G0081,6,0.9,0.0,1.0,1,1,7.0,8.5,6.0,7.0,-1.0,0.0,7.0,Male,18-22,South Africa,2.0
P0109,G0081,7,0.9,0.0,1.0,0,1,8.0,10.0,7.0,8.5,-1.5,0.0,7.0,Male,18-22,South Africa,2.0
P0110,G0096,1,0.9,0.0,0.0,-1,-1,1.0,1.0,0.0,0.0,0.0,0.0,11.0,Female,28-32,Other,2.0
P0110,G0096,2,0.9,1.0,1.0,0,0,2.5,2.5,1.0,1.0,0.0,0.0,11.0,Female,28-32,Other,2.0
P0110,G0096,3,0.9,0.0,0.0,1,1,3.5,3.5,2.5,2.5,0.0,0.0,11.0,Female,28-32,Other,2.0
P0110,G0096,4,0.9,0.0,1.0,0,0,4.5,5.0,3.5,3.5,0.0,0.0,11.0,Female,28-32,Other,2.0
P0110,G0096,5,0.9,1.0,0.0,0,1,6.0,6.0,4.5,5.0,-0.5,0.0,11.0,Female,28-32,Other,2.0
P0110,G0096,6,0.9,0.0,0.0,1,0,7.0,7.0,6.0,6.0,0.0,0.0,11.0,Female,28-32,Other,2.0
P0110,G0096,7,0.9,0.0,1.0,0,0,8.0,8.5,7.0,7.0,0.0,0.0,11.0,Female,28-32,Other,2.0
P0110,G0096,8,0.9,1.0,0.0,0,1,9.5,9.5,8.0,8.5,-0.5,0.0,11.0,Female,28-32,Other,2.0
P0110,G0096,9,0.9,0.0,1.0,1,0,10.5,11.0,9.5,9.5,0.0,0.0,11.0,Female,28-32,Other,2.0
P0110,G0096,10,0.9,0.0,1.0,0,1,11.5,12.5,10.5,11.0,-0.5,0.0,11.0,Female,28-32,Other,2.0
P0110,G0096,11,0.9,0.0,0.0,0,1,12.5,13.5,11.5,12.5,-1.0,0.0,11.0,Female,28-32,Other,2.0
P0111,G0066,1,0.9,1.0,0.0,-1,-1,1.5,1.0,0.0,0.0,0.0,0.0,5.0,Male,18-22,Other,3.0
P0111,G0066,2,0.9,1.0,0.0,1,0,3.0,2.0,1.5,1.0,0.5,0.0,5.0,Male,18-22,Other,3.0
P0111,G0066,3,0.9,0.0,1.0,1,0,4.0,3.5,3.0,2.0,1.0,0.0,5.0,Male,18-22,Other,3.0
P0111,G0066,4,0.9,0.0,1.0,0,1,5.0,5.0,4.0,3.5,0.5,0.0,5.0,Male,18-22,Other,3.0
P0111,G0066,5,0.9,0.0,0.0,0,1,6.0,6.0,5.0,5.0,0.0,1.0,5.0,Male,18-22,Other,3.0
P0112,G0109,1,0.6,0.0,1.0,-1,-1,1.0,1.5,0.0,0.0,0.0,0.0,15.0,Female,23-27,Other,0.0
P0112,G0109,2,0.6,1.0,0.0,0,1,2.5,2.5,1.0,1.5,-0.5,0.0,15.0,Female,23-27,Other,0.0
P0112,G0109,3,0.6,0.0,1.0,1,0,3.5,4.0,2.5,2.5,0.0,0.0,15.0,Female,23-27,Other,0.0
P0112,G0109,4,0.6,0.0,0.0,0,1,4.5,5.0,3.5,4.0,-0.5,0.0,15.0,Female,23-27,Other,0.0
P0112,G0109,5,0.6,1.0,1.0,0,0,6.0,6.5,4.5,5.0,-0.5,0.0,15.0,Female,23-27,Other,0.0
P0112,G0109,6,0.6,0.0,1.0,1,1,7.0,8.0,6.0,6.5,-0.5,0.0,15.0,Female,23-27,Other,0.0
P0112,G0109,7,0.6,1.0,1.0,0,1,8.5,9.5,7.0,8.0,-1.0,0.0,15.0,Female,23-27,Other,0.0
P0112,G0109,8,0.6,1.0,0.0,1,1,10.0,10.5,8.5,9.5,-1.0,0.0,15.0,Female,23-27,Other,0.0
P0112,G0109,9,0.6,0.0,1.0,1,0,11.0,12.0,10.0,10.5,-0.5,0.0,15.0,Female,23-27,Other,0.0
P0112,G0109,10,0.6,1.0,0.0,0,1,12.5,13.0,11.0,12.0,-1.0,0.0,15.0,Female,23-27,Other,0.0
P0112,G0109,11,0.6,1.0,1.0,1,0,14.0,14.5,12.5,13.0,-0.5,0.0,15.0,Female,23-27,Other,0.0
P0112,G0109,12,0.6,0.0,1.0,1,1,15.0,16.0,14.0,14.5,-0.5,0.0,15.0,Female,23-27,Other,0.0
P0112,G0109,13,0.6,1.0,0.0,0,1,16.5,17.0,15.0,16.0,-1.0,0.0,15.0,Female,23-27,Other,0.0
P0112,G0109,14,0.6,0.0,1.0,1,0,17.5,18.5,16.5,17.0,-0.5,0.0,15.0,Female,23-27,Other,0.0
P0112,G0109,15,0.6,1.0,0.0,0,1,19.0,19.5,17.5,18.5,-1.0,0.0,15.0,Female,23-27,Other,0.0
P0113,G0008,1,0.6,0.0,1.0,-1,-1,1.0,1.5,0.0,0.0,0.0,0.0,18.0,Male,28-32,Other,2.0
P0113,G0008,2,0.6,1.0,0.0,0,1,2.5,2.5,1.0,1.5,-0.5,0.0,18.0,Male,28-32,Other,2.0
P0113,G0008,3,0.6,1.0,1.0,1,0,4.0,4.0,2.5,2.5,0.0,0.0,18.0,Male,28-32,Other,2.0
P0113,G0008,4,0.6,0.0,0.0,1,1,5.0,5.0,4.0,4.0,0.0,0.0,18.0,Male,28-32,Other,2.0
P0113,G0008,5,0.6,1.0,1.0,0,0,6.5,6.5,5.0,5.0,0.0,0.0,18.0,Male,28-32,Other,2.0
P0113,G0008,6,0.6,0.0,0.0,1,1,7.5,7.5,6.5,6.5,0.0,0.0,18.0,Male,28-32,Other,2.0
P0113,G0008,7,0.6,1.0,1.0,0,0,9.0,9.0,7.5,7.5,0.0,0.0,18.0,Male,28-32,Other,2.0
P0113,G0008,8,0.6,0.0,0.0,1,1,10.0,10.0,9.0,9.0,0.0,0.0,18.0,Male,28-32,Other,2.0
P0113,G0008,9,0.6,1.0,1.0,0,0,11.5,11.5,10.0,10.0,0.0,0.0,18.0,Male,28-32,Other,2.0
P0113,G0008,10,0.6,0.0,0.0,1,1,12.5,12.5,11.5,11.5,0.0,0.0,18.0,Male,28-32,Other,2.0
P0113,G0008,11,0.6,1.0,1.0,0,0,14.0,14.0,12.5,12.5,0.0,0.0,18.0,Male,28-32,Other,2.0
P0113,G0008,12,0.6,0.0,0.0,1,1,15.0,15.0,14.0,14.0,0.0,0.0,18.0,Male,28-32,Other,2.0
P0113,G0008,13,0.6,1.0,1.0,0,0,16.5,16.5,15.0,15.0,0.0,0.0,18.0,Male,28-32,Other,2.0
P0113,G0008,14,0.6,1.0,0.0,1,1,18.0,17.5,16.5,16.5,0.0,0.0,18.0,Male,28-32,Other,2.0
P0113,G0008,15,0.6,1.0,1.0,1,0,19.5,19.0,18.0,17.5,0.5,0.0,18.0,Male,28-32,Other,2.0
P0113,G0008,16,0.6,0.0,0.0,1,1,20.5,20.0,19.5,19.0,0.5,0.0,18.0,Male,28-32,Other,2.0
P0113,G0008,17,0.6,1.0,1.0,0,0,22.0,21.5,20.5,20.0,0.5,0.0,18.0,Male,28-32,Other,2.0
P0113,G0008,18,0.6,0.0,0.0,1,1,23.0,22.5,22.0,21.5,0.5,1.0,18.0,Male,28-32,Other,2.0
P0114,G0048,1,0.1,1.0,1.0,-1,-1,1.5,1.5,0.0,0.0,0.0,0.0,7.0,Male,23-27,South Africa,1.0
P0114,G0048,2,0.1,1.0,1.0,1,1,3.0,3.0,1.5,1.5,0.0,0.0,7.0,Male,23-27,South Africa,1.0
P0114,G0048,3,0.1,0.0,0.0,1,1,4.0,4.0,3.0,3.0,0.0,0.0,7.0,Male,23-27,South Africa,1.0
P0114,G0048,4,0.1,0.0,0.0,0,0,5.0,5.0,4.0,4.0,0.0,0.0,7.0,Male,23-27,South Africa,1.0
P0114,G0048,5,0.1,1.0,1.0,0,0,6.5,6.5,5.0,5.0,0.0,0.0,7.0,Male,23-27,South Africa,1.0
P0114,G0048,6,0.1,0.0,0.0,1,1,7.5,7.5,6.5,6.5,0.0,0.0,7.0,Male,23-27,South Africa,1.0
P0114,G0048,7,0.1,1.0,0.0,0,0,9.0,8.5,7.5,7.5,0.0,1.0,7.0,Male,23-27,South Africa,1.0
P0115,G0036,1,0.6,0.0,1.0,-1,-1,1.0,1.5,0.0,0.0,0.0,0.0,9.0,Female,38-42,Other,2.0
P0115,G0036,2,0.6,1.0,0.0,0,1,2.5,2.5,1.0,1.5,-0.5,0.0,9.0,Female,38-42,Other,2.0
P0115,G0036,3,0.6,0.0,0.0,1,0,3.5,3.5,2.5,2.5,0.0,0.0,9.0,Female,38-42,Other,2.0
P0115,G0036,4,0.6,1.0,1.0,0,0,5.0,5.0,3.5,3.5,0.0,0.0,9.0,Female,38-42,Other,2.0
P0115,G0036,5,0.6,0.0,1.0,1,1,6.0,6.5,5.0,5.0,0.0,0.0,9.0,Female,38-42,Other,2.0
P0115,G0036,6,0.6,1.0,0.0,0,1,7.5,7.5,6.0,6.5,-0.5,0.0,9.0,Female,38-42,Other,2.0
P0115,G0036,7,0.6,0.0,1.0,1,0,8.5,9.0,7.5,7.5,0.0,0.0,9.0,Female,38-42,Other,2.0
P0115,G0036,8,0.6,0.0,1.0,0,1,9.5,10.5,8.5,9.0,-0.5,0.0,9.0,Female,38-42,Other,2.0
P0115,G0036,9,0.6,1.0,0.0,0,1,11.0,11.5,9.5,10.5,-1.0,0.0,9.0,Female,38-42,Other,2.0
P0116,G0162,1,0.9,0.0,0.0,-1,-1,1.0,1.0,0.0,0.0,0.0,0.0,9.0,Female,18-22,South Africa,0.0
P0116,G0162,2,0.9,0.0,0.0,0,0,2.0,2.0,1.0,1.0,0.0,0.0,9.0,Female,18-22,South Africa,0.0
P0116,G0162,3,0.9,1.0,0.0,0,0,3.5,3.0,2.0,2.0,0.0,0.0,9.0,Female,18-22,South Africa,0.0
P0116,G0162,4,0.9,0.0,0.0,1,0,4.5,4.0,3.5,3.0,0.5,0.0,9.0,Female,18-22,South Africa,0.0
P0116,G0162,5,0.9,0.0,0.0,0,0,5.5,5.0,4.5,4.0,0.5,0.0,9.0,Female,18-22,South Africa,0.0
P0116,G0162,6,0.9,0.0,0.0,0,0,6.5,6.0,5.5,5.0,0.5,0.0,9.0,Female,18-22,South Africa,0.0
P0116,G0162,7,0.9,0.0,0.0,0,0,7.5,7.0,6.5,6.0,0.5,0.0,9.0,Female,18-22,South Africa,0.0
P0116,G0162,8,0.9,0.0,0.0,0,0,8.5,8.0,7.5,7.0,0.5,0.0,9.0,Female,18-22,South Africa,0.0
P0116,G0162,9,0.9,0.0,0.0,0,0,9.5,9.0,8.5,8.0,0.5,1.0,9.0,Female,18-22,South Africa,0.0
P0117,G0086,1,0.1,1.0,0.0,-1,-1,1.5,1.0,0.0,0.0,0.0,0.0,7.0,Male,18-22,Other,3.0
P0117,G0086,2,0.1,0.0,0.0,1,0,2.5,2.0,1.5,1.0,0.5,0.0,7.0,Male,18-22,Other,3.0
P0117,G0086,3,0.1,0.0,1.0,0,0,3.5,3.5,2.5,2.0,0.5,0.0,7.0,Male,18-22,Other,3.0
P0117,G0086,4,0.1,1.0,0.0,0,1,5.0,4.5,3.5,3.5,0.0,0.0,7.0,Male,18-22,Other,3.0
P0117,G0086,5,0.1,0.0,0.0,1,0,6.0,5.5,5.0,4.5,0.5,0.0,7.0,Male,18-22,Other,3.0
P0117,G0086,6,0.1,1.0,1.0,0,0,7.5,7.0,6.0,5.5,0.5,0.0,7.0,Male,18-22,Other,3.0
P0117,G0086,7,0.1,0.0,1.0,1,1,8.5,8.5,7.5,7.0,0.5,1.0,7.0,Male,18-22,Other,3.0
P0118,G0055,1,0.1,1.0,1.0,-1,-1,1.5,1.5,0.0,0.0,0.0,0.0,6.0,Female,33-37,South Africa,0.0
P0118,G0055,2,0.1,0.0,1.0,1,1,2.5,3.0,1.5,1.5,0.0,0.0,6.0,Female,33-37,South Africa,0.0
P0118,G0055,3,0.1,1.0,1.0,0,1,4.0,4.5,2.5,3.0,-0.5,0.0,6.0,Female,33-37,South Africa,0.0
P0118,G0055,4,0.1,1.0,1.0,1,1,5.5,6.0,4.0,4.5,-0.5,0.0,6.0,Female,33-37,South Africa,0.0
P0118,G0055,5,0.1,1.0,1.0,1,1,7.0,7.5,5.5,6.0,-0.5,0.0,6.0,Female,33-37,South Africa,0.0
P0118,G0055,6,0.1,1.0,1.0,1,1,8.5,9.0,7.0,7.5,-0.5,0.0,6.0,Female,33-37,South Africa,0.0
P0119,G0017,1,0.1,1.0,1.0,-1,-1,1.5,1.5,0.0,0.0,0.0,0.0,5.0,Male,23-27,South Africa,0.0
P0119,G0017,2,0.1,1.0,0.0,1,1,3.0,2.5,1.5,1.5,0.0,0.0,5.0,Male,23-27,South Africa,0.0
P0119,G0017,3,0.1,1.0,1.0,1,0,4.5,4.0,3.0,2.5,0.5,0.0,5.0,Male,23-27,South Africa,0.0
P0119,G0017,4,0.1,1.0,1.0,1,1,6.0,5.5,4.5,4.0,0.5,0.0,5.0,Male,23-27,South Africa,0.0
P0119,G0017,5,0.1,1.0,0.0,1,1,7.5,6.5,6.0,5.5,0.5,1.0,5.0,Male,23-27,South Africa,0.0
P0120,G0057,1,0.1,1.0,1.0,-1,-1,1.5,1.5,0.0,0.0,0.0,0.0,6.0,Male,18-22,South Africa,0.0
P0120,G0057,2,0.1,1.0,1.0,1,1,3.0,3.0,1.5,1.5,0.0,0.0,6.0,Male,18-22,South Africa,0.0
P0120,G0057,3,0.1,1.0,1.0,1,1,4.5,4.5,3.0,3.0,0.0,0.0,6.0,Male,18-22,South Africa,0.0
P0120,G0057,4,0.1,1.0,1.0,1,1,6.0,6.0,4.5,4.5,0.0,0.0,6.0,Male,18-22,South Africa,0.0
P0120,G0057,5,0.1,1.0,1.0,1,1,7.5,7.5,6.0,6.0,0.0,0.0,6.0,Male,18-22,South Africa,0.0
P0120,G0057,6,0.1,0.0,1.0,1,1,8.5,9.0,7.5,7.5,0.0,0.0,6.0,Male,18-22,South Africa,0.0
P0121,G0107,1,0.9,0.0,1.0,-1,-1,1.0,1.5,0.0,0.0,0.0,0.0,5.0,Male,23-27,Other,2.0
P0121,G0107,2,0.9,1.0,0.0,0,1,2.5,2.5,1.0,1.5,-0.5,0.0,5.0,Male,23-27,Other,2.0
P0121,G0107,3,0.9,0.0,1.0,1,0,3.5,4.0,2.5,2.5,0.0,0.0,5.0,Male,23-27,Other,2.0
P0121,G0107,4,0.9,1.0,1.0,0,1,5.0,5.5,3.5,4.0,-0.5,0.0,5.0,Male,23-27,Other,2.0
P0121,G0107,5,0.9,0.0,0.0,1,1,6.0,6.5,5.0,5.5,-0.5,0.0,5.0,Male,23-27,Other,2.0
P0122,G0125,1,0.6,1.0,1.0,-1,-1,1.5,1.5,0.0,0.0,0.0,0.0,8.0,Male,28-32,Other,3.0
P0122,G0125,2,0.6,1.0,0.0,1,1,3.0,2.5,1.5,1.5,0.0,0.0,8.0,Male,28-32,Other,3.0
P0122,G0125,3,0.6,0.0,0.0,1,0,4.0,3.5,3.0,2.5,0.5,0.0,8.0,Male,28-32,Other,3.0
P0122,G0125,4,0.6,1.0,1.0,0,0,5.5,5.0,4.0,3.5,0.5,0.0,8.0,Male,28-32,Other,3.0
P0122,G0125,5,0.6,1.0,1.0,1,1,7.0,6.5,5.5,5.0,0.5,0.0,8.0,Male,28-32,Other,3.0
P0122,G0125,6,0.6,0.0,1.0,1,1,8.0,8.0,7.0,6.5,0.5,0.0,8.0,Male,28-32,Other,3.0
P0122,G0125,7,0.6,1.0,0.0,0,1,9.5,9.0,8.0,8.0,0.0,0.0,8.0,Male,28-32,Other,3.0
P0122,G0125,8,0.6,1.0,1.0,1,0,11.0,10.5,9.5,9.0,0.5,1.0,8.0,Male,28-32,Other,3.0
P0123,G0108,1,0.9,1.0,0.0,-1,-1,1.5,1.0,0.0,0.0,0.0,0.0,5.0,Female,33-37,Other,3.0
P0123,G0108,2,0.9,0.0,1.0,1,0,2.5,2.5,1.5,1.0,0.5,0.0,5.0,Female,33-37,Other,3.0
P0123,G0108,3,0.9,0.0,0.0,0,1,3.5,3.5,2.5,2.5,0.0,0.0,5.0,Female,33-37,Other,3.0
P0123,G0108,4,0.9,1.0,0.0,0,0,5.0,4.5,3.5,3.5,0.0,0.0,5.0,Female,33-37,Other,3.0
P0123,G0108,5,0.9,0.0,0.0,1,0,6.0,5.5,5.0,4.5,0.5,1.0,5.0,Female,33-37,Other,3.0
P0124,G0169,1,0.1,1.0,1.0,-1,-1,1.5,1.5,0.0,0.0,0.0,0.0,5.0,Female,58-62,Other,3.0
P0124,G0169,2,0.1,1.0,1.0,1,1,3.0,3.0,1.5,1.5,0.0,0.0,5.0,Female,58-62,Other,3.0
P0124,G0169,3,0.1,0.0,1.0,1,1,4.0,4.5,3.0,3.0,0.0,0.0,5.0,Female,58-62,Other,3.0
P0124,G0169,4,0.1,0.0,1.0,0,1,5.0,6.0,4.0,4.5,-0.5,0.0,5.0,Female,58-62,Other,3.0
P0124,G0169,5,0.1,1.0,0.0,0,1,6.5,7.0,5.0,6.0,-1.0,0.0,5.0,Female,58-62,Other,3.0
P0125,G0149,1,0.6,1.0,1.0,-1,-1,1.5,1.5,0.0,0.0,0.0,0.0,7.0,Male,33-37,Other,4.0
P0125,G0149,2,0.6,0.0,0.0,1,1,2.5,2.5,1.5,1.5,0.0,0.0,7.0,Male,33-37,Other,4.0
P0125,G0149,3,0.6,0.0,1.0,0,0,3.5,4.0,2.5,2.5,0.0,0.0,7.0,Male,33-37,Other,4.0
P0125,G0149,4,0.6,1.0,0.0,0,1,5.0,5.0,3.5,4.0,-0.5,0.0,7.0,Male,33-37,Other,4.0
P0125,G0149,5,0.6,1.0,1.0,1,0,6.5,6.5,5.0,5.0,0.0,0.0,7.0,Male,33-37,Other,4.0
P0125,G0149,6,0.6,1.0,0.0,1,1,8.0,7.5,6.5,6.5,0.0,0.0,7.0,Male,33-37,Other,4.0
P0125,G0149,7,0.6,1.0,1.0,1,0,9.5,9.0,8.0,7.5,0.5,1.0,7.0,Male,33-37,Other,4.0
P0126,G0079,1,0.6,0.0,1.0,-1,-1,1.0,1.5,0.0,0.0,0.0,0.0,11.0,Male,38-42,Other,1.0
P0126,G0079,2,0.6,1.0,1.0,0,1,2.5,3.0,1.0,1.5,-0.5,0.0,11.0,Male,38-42,Other,1.0
P0126,G0079,3,0.6,0.0,1.0,1,1,3.5,4.5,2.5,3.0,-0.5,0.0,11.0,Male,38-42,Other,1.0
P0126,G0079,4,0.6,0.0,1.0,0,1,4.5,6.0,3.5,4.5,-1.0,0.0,11.0,Male,38-42,Other,1.0
P0126,G0079,5,0.6,1.0,0.0,0,1,6.0,7.0,4.5,6.0,-1.5,0.0,11.0,Male,38-42,Other,1.0
P0126,G0079,6,0.6,1.0,1.0,1,0,7.5,8.5,6.0,7.0,-1.0,0.0,11.0,Male,38-42,Other,1.0
P0126,G0079,7,0.6,1.0,1.0,1,1,9.0,10.0,7.5,8.5,-1.0,0.0,11.0,Male,38-42,Other,1.0
P0126,G0079,8,0.6,1.0,1.0,1,1,10.5,11.5,9.0,10.0,-1.0,0.0,11.0,Male,38-42,Other,1.0
P0126,G0079,9,0.6,1.0,1.0,1,1,12.0,13.0,10.5,11.5,-1.0,0.0,11.0,Male,38-42,Other,1.0
P0126,G0079,10,0.6,1.0,1.0,1,1,13.5,14.5,12.0,13.0,-1.0,0.0,11.0,Male,38-42,Other,1.0
P0126,G0079,11,0.6,0.0,0.0,1,1,14.5,15.5,13.5,14.5,-1.0,0.0,11.0,Male,38-42,Other,1.0
P0127,G0114,1,0.1,1.0,0.0,-1,-1,1.5,1.0,0.0,0.0,0.0,0.0,13.0,Male,23-27,South Africa,5.0
P0127,G0114,2,0.1,1.0,0.0,1,0,3.0,2.0,1.5,1.0,0.5,0.0,13.0,Male,23-27,South Africa,5.0
P0127,G0114,3,0.1,1.0,1.0,1,0,4.5,3.5,3.0,2.0,1.0,0.0,13.0,Male,23-27,South Africa,5.0
P0127,G0114,4,0.1,1.0,1.0,1,1,6.0,5.0,4.5,3.5,1.0,0.0,13.0,Male,23-27,South Africa,5.0
P0127,G0114,5,0.1,1.0,0.0,1,1,7.5,6.0,6.0,5.0,1.0,0.0,13.0,Male,23-27,South Africa,5.0
P0127,G0114,6,0.1,1.0,1.0,1,0,9.0,7.5,7.5,6.0,1.5,0.0,13.0,Male,23-27,South Africa,5.0
P0127,G0114,7,0.1,1.0,1.0,1,1,10.5,9.0,9.0,7.5,1.5,0.0,13.0,Male,23-27,South Africa,5.0
P0127,G0114,8,0.1,1.0,1.0,1,1,12.0,10.5,10.5,9.0,1.5,0.0,13.0,Male,23-27,South Africa,5.0
P0127,G0114,9,0.1,1.0,0.0,1,1,13.5,11.5,12.0,10.5,1.5,0.0,13.0,Male,23-27,South Africa,5.0
P0127,G0114,10,0.1,1.0,1.0,1,0,15.0,13.0,13.5,11.5,2.0,0.0,13.0,Male,23-27,South Africa,5.0
P0127,G0114,11,0.1,1.0,1.0,1,1,16.5,14.5,15.0,13.0,2.0,0.0,13.0,Male,23-27,South Africa,5.0
P0127,G0114,12,0.1,1.0,1.0,1,1,18.0,16.0,16.5,14.5,2.0,0.0,13.0,Male,23-27,South Africa,5.0
P0127,G0114,13,0.1,1.0,1.0,1,1,19.5,17.5,18.0,16.0,2.0,1.0,13.0,Male,23-27,South Africa,5.0
P0128,G0106,1,0.1,0.0,0.0,-1,-1,1.0,1.0,0.0,0.0,0.0,0.0,7.0,Female,28-32,Other,1.0
P0128,G0106,2,0.1,0.0,1.0,0,0,2.0,2.5,1.0,1.0,0.0,0.0,7.0,Female,28-32,Other,1.0
P0128,G0106,3,0.1,1.0,0.0,0,1,3.5,3.5,2.0,2.5,-0.5,0.0,7.0,Female,28-32,Other,1.0
P0128,G0106,4,0.1,1.0,1.0,1,0,5.0,5.0,3.5,3.5,0.0,0.0,7.0,Female,28-32,Other,1.0
P0128,G0106,5,0.1,0.0,0.0,1,1,6.0,6.0,5.0,5.0,0.0,0.0,7.0,Female,28-32,Other,1.0
P0128,G0106,6,0.1,0.0,1.0,0,0,7.0,7.5,6.0,6.0,0.0,0.0,7.0,Female,28-32,Other,1.0
P0128,G0106,7,0.1,1.0,1.0,0,1,8.5,9.0,7.0,7.5,-0.5,0.0,7.0,Female,28-32,Other,1.0
P0129,G0151,1,0.9,0.0,1.0,-1,-1,1.0,1.5,0.0,0.0,0.0,0.0,5.0,Male,28-32,Other,2.0
P0129,G0151,2,0.9,1.0,1.0,0,1,2.5,3.0,1.0,1.5,-0.5,0.0,5.0,Male,28-32,Other,2.0
P0129,G0151,3,0.9,1.0,0.0,1,1,4.0,4.0,2.5,3.0,-0.5,0.0,5.0,Male,28-32,Other,2.0
P0129,G0151,4,0.9,1.0,0.0,1,0,5.5,5.0,4.0,4.0,0.0,0.0,5.0,Male,28-32,Other,2.0
P0129,G0151,5,0.9,0.0,0.0,1,0,6.5,6.0,5.5,5.0,0.5,1.0,5.0,Male,28-32,Other,2.0
P0130,G0137,1,0.6,1.0,1.0,-1,-1,1.5,1.5,0.0,0.0,0.0,0.0,9.0,Male,23-27,Other,5.0
P0130,G0137,2,0.6,0.0,0.0,1,1,2.5,2.5,1.5,1.5,0.0,0.0,9.0,Male,23-27,Other,5.0
P0130,G0137,3,0.6,0.0,1.0,0,0,3.5,4.0,2.5,2.5,0.0,0.0,9.0,Male,23-27,Other,5.0
P0130,G0137,4,0.6,1.0,0.0,0,1,5.0,5.0,3.5,4.0,-0.5,0.0,9.0,Male,23-27,Other,5.0
P0130,G0137,5,0.6,1.0,1.0,1,0,6.5,6.5,5.0,5.0,0.0,0.0,9.0,Male,23-27,Other,5.0
P0130,G0137,6,0.6,1.0,1.0,1,1,8.0,8.0,6.5,6.5,0.0,0.0,9.0,Male,23-27,Other,5.0
P0130,G0137,7,0.6,0.0,1.0,1,1,9.0,9.5,8.0,8.0,0.0,0.0,9.0,Male,23-27,Other,5.0
P0130,G0137,8,0.6,1.0,0.0,0,1,10.5,10.5,9.0,9.5,-0.5,0.0,9.0,Male,23-27,Other,5.0
P0130,G0137,9,0.6,1.0,1.0,1,0,12.0,12.0,10.5,10.5,0.0,1.0,9.0,Male,23-27,Other,5.0
P0131,G0037,1,0.6,1.0,1.0,-1,-1,1.5,1.5,0.0,0.0,0.0,0.0,5.0,Prefer not to say,28-32,Other,5.0
P0131,G0037,2,0.6,1.0,1.0,1,1,3.0,3.0,1.5,1.5,0.0,0.0,5.0,Prefer not to say,28-32,Other,5.0
P0131,G0037,3,0.6,1.0,1.0,1,1,4.5,4.5,3.0,3.0,0.0,0.0,5.0,Prefer not to say,28-32,Other,5.0
P0131,G0037,4,0.6,1.0,1.0,1,1,6.0,6.0,4.5,4.5,0.0,0.0,5.0,Prefer not to say,28-32,Other,5.0
P0131,G0037,5,0.6,1.0,0.0,1,1,7.5,7.0,6.0,6.0,0.0,1.0,5.0,Prefer not to say,28-32,Other,5.0
P0132,G0023,1,0.1,1.0,0.0,-1,-1,1.5,1.0,0.0,0.0,0.0,0.0,5.0,Male,18-22,South Africa,1.0
P0132,G0023,2,0.1,1.0,0.0,1,0,3.0,2.0,1.5,1.0,0.5,0.0,5.0,Male,18-22,South Africa,1.0
P0132,G0023,3,0.1,0.0,1.0,1,0,4.0,3.5,3.0,2.0,1.0,0.0,5.0,Male,18-22,South Africa,1.0
P0132,G0023,4,0.1,0.0,1.0,0,1,5.0,5.0,4.0,3.5,0.5,0.0,5.0,Male,18-22,South Africa,1.0
P0132,G0023,5,0.1,1.0,0.0,0,1,6.5,6.0,5.0,5.0,0.0,1.0,5.0,Male,18-22,South Africa,1.0
P0133,G0144,1,0.9,1.0,1.0,-1,-1,1.5,1.5,0.0,0.0,0.0,0.0,15.0,Male,18-22,Other,5.0
P0133,G0144,2,0.9,1.0,0.0,1,1,3.0,2.5,1.5,1.5,0.0,0.0,15.0,Male,18-22,Other,5.0
P0133,G0144,3,0.9,0.0,1.0,1,0,4.0,4.0,3.0,2.5,0.5,0.0,15.0,Male,18-22,Other,5.0
P0133,G0144,4,0.9,0.0,1.0,0,1,5.0,5.5,4.0,4.0,0.0,0.0,15.0,Male,18-22,Other,5.0
P0133,G0144,5,0.9,1.0,0.0,0,1,6.5,6.5,5.0,5.5,-0.5,0.0,15.0,Male,18-22,Other,5.0
P0133,G0144,6,0.9,0.0,1.0,1,0,7.5,8.0,6.5,6.5,0.0,0.0,15.0,Male,18-22,Other,5.0
P0133,G0144,7,0.9,0.0,1.0,0,1,8.5,9.5,7.5,8.0,-0.5,0.0,15.0,Male,18-22,Other,5.0
P0133,G0144,8,0.9,1.0,0.0,0,1,10.0,10.5,8.5,9.5,-1.0,0.0,15.0,Male,18-22,Other,5.0
P0133,G0144,9,0.9,1.0,1.0,1,0,11.5,12.0,10.0,10.5,-0.5,0.0,15.0,Male,18-22,Other,5.0
P0133,G0144,10,0.9,0.0,1.0,1,1,12.5,13.5,11.5,12.0,-0.5,0.0,15.0,Male,18-22,Other,5.0
P0133,G0144,11,0.9,1.0,0.0,0,1,14.0,14.5,12.5,13.5,-1.0,0.0,15.0,Male,18-22,Other,5.0
P0133,G0144,12,0.9,0.0,1.0,1,0,15.0,16.0,14.0,14.5,-0.5,0.0,15.0,Male,18-22,Other,5.0
P0133,G0144,13,0.9,0.0,1.0,0,1,16.0,17.5,15.0,16.0,-1.0,0.0,15.0,Male,18-22,Other,5.0
P0133,G0144,14,0.9,1.0,0.0,0,1,17.5,18.5,16.0,17.5,-1.5,0.0,15.0,Male,18-22,Other,5.0
P0133,G0144,15,0.9,0.0,0.0,1,0,18.5,19.5,17.5,18.5,-1.0,0.0,15.0,Male,18-22,Other,5.0
P0134,G0141,1,0.1,1.0,1.0,-1,-1,1.5,1.5,0.0,0.0,0.0,0.0,13.0,Male,23-27,Other,2.0
P0134,G0141,2,0.1,1.0,1.0,1,1,3.0,3.0,1.5,1.5,0.0,0.0,13.0,Male,23-27,Other,2.0
P0134,G0141,3,0.1,0.0,0.0,1,1,4.0,4.0,3.0,3.0,0.0,0.0,13.0,Male,23-27,Other,2.0
P0134,G0141,4,0.1,1.0,1.0,0,0,5.5,5.5,4.0,4.0,0.0,0.0,13.0,Male,23-27,Other,2.0
P0134,G0141,5,0.1,1.0,0.0,1,1,7.0,6.5,5.5,5.5,0.0,0.0,13.0,Male,23-27,Other,2.0
P0134,G0141,6,0.1,0.0,1.0,1,0,8.0,8.0,7.0,6.5,0.5,0.0,13.0,Male,23-27,Other,2.0
P0134,G0141,7,0.1,1.0,1.0,0,1,9.5,9.5,8.0,8.0,0.0,0.0,13.0,Male,23-27,Other,2.0
P0134,G0141,8,0.1,1.0,0.0,1,1,11.0,10.5,9.5,9.5,0.0,0.0,13.0,Male,23-27,Other,2.0
P0134,G0141,9,0.1,0.0,1.0,1,0,12.0,12.0,11.0,10.5,0.5,0.0,13.0,Male,23-27,Other,2.0
P0134,G0141,10,0.1,1.0,1.0,0,1,13.5,13.5,12.0,12.0,0.0,0.0,13.0,Male,23-27,Other,2.0
P0134,G0141,11,0.1,1.0,1.0,1,1,15.0,15.0,13.5,13.5,0.0,0.0,13.0,Male,23-27,Other,2.0
P0134,G0141,12,0.1,1.0,1.0,1,1,16.5,16.5,15.0,15.0,0.0,0.0,13.0,Male,23-27,Other,2.0
P0134,G0141,13,0.1,1.0,1.0,1,1,18.0,18.0,16.5,16.5,0.0,1.0,13.0,Male,23-27,Other,2.0
P0135,G0127,1,0.9,1.0,1.0,-1,-1,1.5,1.5,0.0,0.0,0.0,0.0,7.0,Male,38-42,Other,5.0
P0135,G0127,2,0.9,0.0,1.0,1,1,2.5,3.0,1.5,1.5,0.0,0.0,7.0,Male,38-42,Other,5.0
P0135,G0127,3,0.9,1.0,0.0,0,1,4.0,4.0,2.5,3.0,-0.5,0.0,7.0,Male,38-42,Other,5.0
P0135,G0127,4,0.9,1.0,1.0,1,0,5.5,5.5,4.0,4.0,0.0,0.0,7.0,Male,38-42,Other,5.0
P0135,G0127,5,0.9,1.0,1.0,1,1,7.0,7.0,5.5,5.5,0.0,0.0,7.0,Male,38-42,Other,5.0
P0135,G0127,6,0.9,0.0,0.0,1,1,8.0,8.0,7.0,7.0,0.0,0.0,7.0,Male,38-42,Other,5.0
P0135,G0127,7,0.9,0.0,1.0,0,0,9.0,9.5,8.0,8.0,0.0,0.0,7.0,Male,38-42,Other,5.0
P0136,G0118,1,0.1,1.0,1.0,-1,-1,1.5,1.5,0.0,0.0,0.0,0.0,7.0,Female,33-37,South Africa,0.0
P0136,G0118,2,0.1,1.0,1.0,1,1,3.0,3.0,1.5,1.5,0.0,0.0,7.0,Female,33-37,South Africa,0.0
P0136,G0118,3,0.1,1.0,1.0,1,1,4.5,4.5,3.0,3.0,0.0,0.0,7.0,Female,33-37,South Africa,0.0
P0136,G0118,4,0.1,1.0,1.0,1,1,6.0,6.0,4.5,4.5,0.0,0.0,7.0,Female,33-37,South Africa,0.0
P0136,G0118,5,0.1,1.0,1.0,1,1,7.5,7.5,6.0,6.0,0.0,0.0,7.0,Female,33-37,South Africa,0.0
P0136,G0118,6,0.1,1.0,1.0,1,1,9.0,9.0,7.5,7.5,0.0,0.0,7.0,Female,33-37,South Africa,0.0
P0136,G0118,7,0.1,1.0,1.0,1,1,10.5,10.5,9.0,9.0,0.0,1.0,7.0,Female,33-37,South Africa,0.0
P0137,G0070,1,0.1,1.0,0.0,-1,-1,1.5,1.0,0.0,0.0,0.0,0.0,6.0,Male,18-22,South Africa,0.0
P0137,G0070,2,0.1,0.0,1.0,1,0,2.5,2.5,1.5,1.0,0.5,0.0,6.0,Male,18-22,South Africa,0.0
P0137,G0070,3,0.1,1.0,1.0,0,1,4.0,4.0,2.5,2.5,0.0,0.0,6.0,Male,18-22,South Africa,0.0
P0137,G0070,4,0.1,1.0,1.0,1,1,5.5,5.5,4.0,4.0,0.0,0.0,6.0,Male,18-22,South Africa,0.0
P0137,G0070,5,0.1,1.0,1.0,1,1,7.0,7.0,5.5,5.5,0.0,0.0,6.0,Male,18-22,South Africa,0.0
P0137,G0070,6,0.1,1.0,1.0,1,1,8.5,8.5,7.0,7.0,0.0,1.0,6.0,Male,18-22,South Africa,0.0
P0138,G0169,1,0.1,1.0,1.0,-1,-1,1.5,1.5,0.0,0.0,0.0,0.0,5.0,Female,28-32,Poland,5.0
P0138,G0169,2,0.1,1.0,1.0,1,1,3.0,3.0,1.5,1.5,0.0,0.0,5.0,Female,28-32,Poland,5.0
P0138,G0169,3,0.1,1.0,0.0,1,1,4.5,4.0,3.0,3.0,0.0,0.0,5.0,Female,28-32,Poland,5.0
P0138,G0169,4,0.1,1.0,0.0,1,0,6.0,5.0,4.5,4.0,0.5,0.0,5.0,Female,28-32,Poland,5.0
P0138,G0169,5,0.1,0.0,1.0,1,0,7.0,6.5,6.0,5.0,1.0,1.0,5.0,Female,28-32,Poland,5.0
P0139,G0152,1,0.1,0.0,1.0,-1,-1,1.0,1.5,0.0,0.0,0.0,0.0,17.0,Male,18-22,South Africa,1.0
P0139,G0152,2,0.1,1.0,0.0,0,1,2.5,2.5,1.0,1.5,-0.5,0.0,17.0,Male,18-22,South Africa,1.0
P0139,G0152,3,0.1,1.0,1.0,1,0,4.0,4.0,2.5,2.5,0.0,0.0,17.0,Male,18-22,South Africa,1.0
P0139,G0152,4,0.1,1.0,0.0,1,1,5.5,5.0,4.0,4.0,0.0,0.0,17.0,Male,18-22,South Africa,1.0
P0139,G0152,5,0.1,1.0,1.0,1,0,7.0,6.5,5.5,5.0,0.5,0.0,17.0,Male,18-22,South Africa,1.0
P0139,G0152,6,0.1,1.0,0.0,1,1,8.5,7.5,7.0,6.5,0.5,0.0,17.0,Male,18-22,South Africa,1.0
P0139,G0152,7,0.1,1.0,1.0,1,0,10.0,9.0,8.5,7.5,1.0,0.0,17.0,Male,18-22,South Africa,1.0
P0139,G0152,8,0.1,1.0,0.0,1,1,11.5,10.0,10.0,9.0,1.0,0.0,17.0,Male,18-22,South Africa,1.0
P0139,G0152,9,0.1,1.0,1.0,1,0,13.0,11.5,11.5,10.0,1.5,0.0,17.0,Male,18-22,South Africa,1.0
P0139,G0152,10,0.1,1.0,0.0,1,1,14.5,12.5,13.0,11.5,1.5,0.0,17.0,Male,18-22,South Africa,1.0
P0139,G0152,11,0.1,1.0,1.0,1,0,16.0,14.0,14.5,12.5,2.0,0.0,17.0,Male,18-22,South Africa,1.0
P0139,G0152,12,0.1,1.0,1.0,1,1,17.5,15.5,16.0,14.0,2.0,0.0,17.0,Male,18-22,South Africa,1.0
P0139,G0152,13,0.1,1.0,1.0,1,1,19.0,17.0,17.5,15.5,2.0,0.0,17.0,Male,18-22,South Africa,1.0
P0139,G0152,14,0.1,1.0,0.0,1,1,20.5,18.0,19.0,17.0,2.0,0.0,17.0,Male,18-22,South Africa,1.0
P0139,G0152,15,0.1,1.0,0.0,1,0,22.0,19.0,20.5,18.0,2.5,0.0,17.0,Male,18-22,South Africa,1.0
P0139,G0152,16,0.1,1.0,1.0,1,0,23.5,20.5,22.0,19.0,3.0,0.0,17.0,Male,18-22,South Africa,1.0
P0139,G0152,17,0.1,1.0,1.0,1,1,25.0,22.0,23.5,20.5,3.0,1.0,17.0,Male,18-22,South Africa,1.0
P0140,G0096,1,0.9,0.0,0.0,-1,-1,1.0,1.0,0.0,0.0,0.0,0.0,11.0,Male,28-32,South Africa,0.0
P0140,G0096,2,0.9,1.0,1.0,0,0,2.5,2.5,1.0,1.0,0.0,0.0,11.0,Male,28-32,South Africa,0.0
P0140,G0096,3,0.9,0.0,0.0,1,1,3.5,3.5,2.5,2.5,0.0,0.0,11.0,Male,28-32,South Africa,0.0
P0140,G0096,4,0.9,1.0,0.0,0,0,5.0,4.5,3.5,3.5,0.0,0.0,11.0,Male,28-32,South Africa,0.0
P0140,G0096,5,0.9,0.0,1.0,1,0,6.0,6.0,5.0,4.5,0.5,0.0,11.0,Male,28-32,South Africa,0.0
P0140,G0096,6,0.9,0.0,0.0,0,1,7.0,7.0,6.0,6.0,0.0,0.0,11.0,Male,28-32,South Africa,0.0
P0140,G0096,7,0.9,1.0,0.0,0,0,8.5,8.0,7.0,7.0,0.0,0.0,11.0,Male,28-32,South Africa,0.0
P0140,G0096,8,0.9,0.0,1.0,1,0,9.5,9.5,8.5,8.0,0.5,0.0,11.0,Male,28-32,South Africa,0.0
P0140,G0096,9,0.9,1.0,0.0,0,1,11.0,10.5,9.5,9.5,0.0,0.0,11.0,Male,28-32,South Africa,0.0
P0140,G0096,10,0.9,1.0,0.0,1,0,12.5,11.5,11.0,10.5,0.5,0.0,11.0,Male,28-32,South Africa,0.0
P0140,G0096,11,0.9,0.0,0.0,1,0,13.5,12.5,12.5,11.5,1.0,1.0,11.0,Male,28-32,South Africa,0.0
P0141,G0080,1,0.1,0.0,1.0,-1,-1,1.0,1.5,0.0,0.0,0.0,0.0,8.0,Female,18-22,South Africa,0.0
P0141,G0080,2,0.1,0.0,0.0,0,1,2.0,2.5,1.0,1.5,-0.5,0.0,8.0,Female,18-22,South Africa,0.0
P0141,G0080,3,0.1,1.0,1.0,0,0,3.5,4.0,2.0,2.5,-0.5,0.0,8.0,Female,18-22,South Africa,0.0
P0141,G0080,4,0.1,1.0,1.0,1,1,5.0,5.5,3.5,4.0,-0.5,0.0,8.0,Female,18-22,South Africa,0.0
P0141,G0080,5,0.1,1.0,1.0,1,1,6.5,7.0,5.0,5.5,-0.5,0.0,8.0,Female,18-22,South Africa,0.0
P0141,G0080,6,0.1,0.0,1.0,1,1,7.5,8.5,6.5,7.0,-0.5,0.0,8.0,Female,18-22,South Africa,0.0
P0141,G0080,7,0.1,0.0,1.0,0,1,8.5,10.0,7.5,8.5,-1.0,0.0,8.0,Female,18-22,South Africa,0.0
P0141,G0080,8,0.1,0.0,1.0,0,1,9.5,11.5,8.5,10.0,-1.5,0.0,8.0,Female,18-22,South Africa,0.0
P0142,G0150,1,0.1,0.0,0.0,-1,-1,1.0,1.0,0.0,0.0,0.0,0.0,8.0,Female,43-47,Other,1.0
P0142,G0150,2,0.1,1.0,0.0,0,0,2.5,2.0,1.0,1.0,0.0,0.0,8.0,Female,43-47,Other,1.0
P0142,G0150,3,0.1,1.0,1.0,1,0,4.0,3.5,2.5,2.0,0.5,0.0,8.0,Female,43-47,Other,1.0
P0142,G0150,4,0.1,1.0,1.0,1,1,5.5,5.0,4.0,3.5,0.5,0.0,8.0,Female,43-47,Other,1.0
P0142,G0150,5,0.1,0.0,1.0,1,1,6.5,6.5,5.5,5.0,0.5,0.0,8.0,Female,43-47,Other,1.0
P0142,G0150,6,0.1,0.0,1.0,0,1,7.5,8.0,6.5,6.5,0.0,0.0,8.0,Female,43-47,Other,1.0
P0142,G0150,7,0.1,1.0,1.0,0,1,9.0,9.5,7.5,8.0,-0.5,0.0,8.0,Female,43-47,Other,1.0
P0142,G0150,8,0.1,0.0,1.0,1,1,10.0,11.0,9.0,9.5,-0.5,0.0,8.0,Female,43-47,Other,1.0
P0143,G0138,1,0.6,0.0,1.0,-1,-1,1.0,1.5,0.0,0.0,0.0,0.0,8.0,Male,33-37,Other,2.0
P0143,G0138,2,0.6,1.0,1.0,0,1,2.5,3.0,1.0,1.5,-0.5,0.0,8.0,Male,33-37,Other,2.0
P0143,G0138,3,0.6,1.0,1.0,1,1,4.0,4.5,2.5,3.0,-0.5,0.0,8.0,Male,33-37,Other,2.0
P0143,G0138,4,0.6,0.0,1.0,1,1,5.0,6.0,4.0,4.5,-0.5,0.0,8.0,Male,33-37,Other,2.0
P0143,G0138,5,0.6,1.0,1.0,0,1,6.5,7.5,5.0,6.0,-1.0,0.0,8.0,Male,33-37,Other,2.0
P0143,G0138,6,0.6,1.0,1.0,1,1,8.0,9.0,6.5,7.5,-1.0,0.0,8.0,Male,33-37,Other,2.0
P0143,G0138,7,0.6,0.0,1.0,1,1,9.0,10.5,8.0,9.0,-1.0,0.0,8.0,Male,33-37,Other,2.0
P0143,G0138,8,0.6,1.0,1.0,0,1,10.5,12.0,9.0,10.5,-1.5,0.0,8.0,Male,33-37,Other,2.0
P0144,G0040,1,0.6,1.0,0.0,-1,-1,1.5,1.0,0.0,0.0,0.0,0.0,5.0,Male,23-27,Poland,3.0
P0144,G0040,2,0.6,0.0,1.0,1,0,2.5,2.5,1.5,1.0,0.5,0.0,5.0,Male,23-27,Poland,3.0
P0144,G0040,3,0.6,0.0,0.0,0,1,3.5,3.5,2.5,2.5,0.0,0.0,5.0,Male,23-27,Poland,3.0
P0144,G0040,4,0.6,1.0,1.0,0,0,5.0,5.0,3.5,3.5,0.0,0.0,5.0,Male,23-27,Poland,3.0
P0144,G0040,5,0.6,1.0,0.0,1,1,6.5,6.0,5.0,5.0,0.0,1.0,5.0,Male,23-27,Poland,3.0
P0145,G0167,1,0.1,0.0,1.0,-1,-1,1.0,1.5,0.0,0.0,0.0,0.0,6.0,Male,18-22,South Africa,1.0
P0145,G0167,2,0.1,0.0,0.0,0,1,2.0,2.5,1.0,1.5,-0.5,0.0,6.0,Male,18-22,South Africa,1.0
P0145,G0167,3,0.1,0.0,0.0,0,0,3.0,3.5,2.0,2.5,-0.5,0.0,6.0,Male,18-22,South Africa,1.0
P0145,G0167,4,0.1,1.0,1.0,0,0,4.5,5.0,3.0,3.5,-0.5,0.0,6.0,Male,18-22,South Africa,1.0
P0145,G0167,5,0.1,1.0,1.0,1,1,6.0,6.5,4.5,5.0,-0.5,0.0,6.0,Male,18-22,South Africa,1.0
P0145,G0167,6,0.1,1.0,1.0,1,1,7.5,8.0,6.0,6.5,-0.5,0.0,6.0,Male,18-22,South Africa,1.0
P0146,G0157,1,0.9,1.0,1.0,-1,-1,1.5,1.5,0.0,0.0,0.0,0.0,15.0,Male,43-47,Poland,1.0
P0146,G0157,2,0.9,1.0,0.0,1,1,3.0,2.5,1.5,1.5,0.0,0.0,15.0,Male,43-47,Poland,1.0
P0146,G0157,3,0.9,1.0,1.0,1,0,4.5,4.0,3.0,2.5,0.5,0.0,15.0,Male,43-47,Poland,1.0
P0146,G0157,4,0.9,0.0,1.0,1,1,5.5,5.5,4.5,4.0,0.5,0.0,15.0,Male,43-47,Poland,1.0
P0146,G0157,5,0.9,0.0,0.0,0,1,6.5,6.5,5.5,5.5,0.0,0.0,15.0,Male,43-47,Poland,1.0
P0146,G0157,6,0.9,1.0,1.0,0,0,8.0,8.0,6.5,6.5,0.0,0.0,15.0,Male,43-47,Poland,1.0
P0146,G0157,7,0.9,1.0,1.0,1,1,9.5,9.5,8.0,8.0,0.0,0.0,15.0,Male,43-47,Poland,1.0
P0146,G0157,8,0.9,1.0,1.0,1,1,11.0,11.0,9.5,9.5,0.0,0.0,15.0,Male,43-47,Poland,1.0
P0146,G0157,9,0.9,1.0,1.0,1,1,12.5,12.5,11.0,11.0,0.0,0.0,15.0,Male,43-47,Poland,1.0
P0146,G0157,10,0.9,1.0,1.0,1,1,14.0,14.0,12.5,12.5,0.0,0.0,15.0,Male,43-47,Poland,1.0
P0146,G0157,11,0.9,0.0,1.0,1,1,15.0,15.5,14.0,14.0,0.0,0.0,15.0,Male,43-47,Poland,1.0
P0146,G0157,12,0.9,1.0,1.0,0,1,16.5,17.0,15.0,15.5,-0.5,0.0,15.0,Male,43-47,Poland,1.0
P0146,G0157,13,0.9,1.0,1.0,1,1,18.0,18.5,16.5,17.0,-0.5,0.0,15.0,Male,43-47,Poland,1.0
P0146,G0157,14,0.9,1.0,1.0,1,1,19.5,20.0,18.0,18.5,-0.5,0.0,15.0,Male,43-47,Poland,1.0
P0146,G0157,15,0.9,1.0,1.0,1,1,21.0,21.5,19.5,20.0,-0.5,0.0,15.0,Male,43-47,Poland,1.0
P0147,G0156,1,0.6,0.0,1.0,-1,-1,1.0,1.5,0.0,0.0,0.0,0.0,8.0,Female,28-32,Other,0.0
P0147,G0156,2,0.6,1.0,0.0,0,1,2.5,2.5,1.0,1.5,-0.5,0.0,8.0,Female,28-32,Other,0.0
P0147,G0156,3,0.6,0.0,0.0,1,0,3.5,3.5,2.5,2.5,0.0,0.0,8.0,Female,28-32,Other,0.0
P0147,G0156,4,0.6,1.0,1.0,0,0,5.0,5.0,3.5,3.5,0.0,0.0,8.0,Female,28-32,Other,0.0
P0147,G0156,5,0.6,1.0,0.0,1,1,6.5,6.0,5.0,5.0,0.0,0.0,8.0,Female,28-32,Other,0.0
P0147,G0156,6,0.6,0.0,0.0,1,0,7.5,7.0,6.5,6.0,0.5,0.0,8.0,Female,28-32,Other,0.0
P0147,G0156,7,0.6,0.0,1.0,0,0,8.5,8.5,7.5,7.0,0.5,0.0,8.0,Female,28-32,Other,0.0
P0147,G0156,8,0.6,1.0,0.0,0,1,10.0,9.5,8.5,8.5,0.0,1.0,8.0,Female,28-32,Other,0.0
P0148,G0153,1,0.6,1.0,0.0,-1,-1,1.5,1.0,0.0,0.0,0.0,0.0,7.0,Male,18-22,Poland,4.0
P0148,G0153,2,0.6,0.0,0.0,1,0,2.5,2.0,1.5,1.0,0.5,0.0,7.0,Male,18-22,Poland,4.0
P0148,G0153,3,0.6,0.0,1.0,0,0,3.5,3.5,2.5,2.0,0.5,0.0,7.0,Male,18-22,Poland,4.0
P0148,G0153,4,0.6,1.0,0.0,0,1,5.0,4.5,3.5,3.5,0.0,0.0,7.0,Male,18-22,Poland,4.0
P0148,G0153,5,0.6,0.0,0.0,1,0,6.0,5.5,5.0,4.5,0.5,0.0,7.0,Male,18-22,Poland,4.0
P0148,G0153,6,0.6,0.0,1.0,0,0,7.0,7.0,6.0,5.5,0.5,0.0,7.0,Male,18-22,Poland,4.0
P0148,G0153,7,0.6,1.0,1.0,0,1,8.5,8.5,7.0,7.0,0.0,1.0,7.0,Male,18-22,Poland,4.0
P0149,G0056,1,0.9,1.0,1.0,-1,-1,1.5,1.5,0.0,0.0,0.0,0.0,13.0,Female,43-47,Other,3.0
P0149,G0056,2,0.9,1.0,1.0,1,1,3.0,3.0,1.5,1.5,0.0,0.0,13.0,Female,43-47,Other,3.0
P0149,G0056,3,0.9,1.0,1.0,1,1,4.5,4.5,3.0,3.0,0.0,0.0,13.0,Female,43-47,Other,3.0
P0149,G0056,4,0.9,1.0,0.0,1,1,6.0,5.5,4.5,4.5,0.0,0.0,13.0,Female,43-47,Other,3.0
P0149,G0056,5,0.9,0.0,0.0,1,0,7.0,6.5,6.0,5.5,0.5,0.0,13.0,Female,43-47,Other,3.0
P0149,G0056,6,0.9,0.0,0.0,0,0,8.0,7.5,7.0,6.5,0.5,0.0,13.0,Female,43-47,Other,3.0
P0149,G0056,7,0.9,0.0,0.0,0,0,9.0,8.5,8.0,7.5,0.5,0.0,13.0,Female,43-47,Other,3.0
P0149,G0056,8,0.9,0.0,1.0,0,0,10.0,10.0,9.0,8.5,0.5,0.0,13.0,Female,43-47,Other,3.0
P0149,G0056,9,0.9,1.0,0.0,0,1,11.5,11.0,10.0,10.0,0.0,0.0,13.0,Female,43-47,Other,3.0
P0149,G0056,10,0.9,1.0,1.0,1,0,13.0,12.5,11.5,11.0,0.5,0.0,13.0,Female,43-47,Other,3.0
P0149,G0056,11,0.9,0.0,1.0,1,1,14.0,14.0,13.0,12.5,0.5,0.0,13.0,Female,43-47,Other,3.0
P0149,G0056,12,0.9,1.0,1.0,0,1,15.5,15.5,14.0,14.0,0.0,0.0,13.0,Female,43-47,Other,3.0
P0149,G0056,13,0.9,1.0,1.0,1,1,17.0,17.0,15.5,15.5,0.0,1.0,13.0,Female,43-47,Other,3.0
P0150,G0113,1,0.6,0.0,0.0,-1,-1,1.0,1.0,0.0,0.0,0.0,0.0,15.0,Female,28-32,Other,0.0
P0150,G0113,2,0.6,0.0,0.0,0,0,2.0,2.0,1.0,1.0,0.0,0.0,15.0,Female,28-32,Other,0.0
P0150,G0113,3,0.6,1.0,1.0,0,0,3.5,3.5,2.0,2.0,0.0,0.0,15.0,Female,28-32,Other,0.0
P0150,G0113,4,0.6,0.0,0.0,1,1,4.5,4.5,3.5,3.5,0.0,0.0,15.0,Female,28-32,Other,0.0
P0150,G0113,5,0.6,1.0,0.0,0,0,6.0,5.5,4.5,4.5,0.0,0.0,15.0,Female,28-32,Other,0.0
P0150,G0113,6,0.6,0.0,1.0,1,0,7.0,7.0,6.0,5.5,0.5,0.0,15.0,Female,28-32,Other,0.0
P0150,G0113,7,0.6,0.0,0.0,0,1,8.0,8.0,7.0,7.0,0.0,0.0,15.0,Female,28-32,Other,0.0
P0150,G0113,8,0.6,0.0,0.0,0,0,9.0,9.0,8.0,8.0,0.0,0.0,15.0,Female,28-32,Other,0.0
P0150,G0113,9,0.6,0.0,0.0,0,0,10.0,10.0,9.0,9.0,0.0,0.0,15.0,Female,28-32,Other,0.0
P0150,G0113,10,0.6,1.0,1.0,0,0,11.5,11.5,10.0,10.0,0.0,0.0,15.0,Female,28-32,Other,0.0
P0150,G0113,11,0.6,0.0,0.0,1,1,12.5,12.5,11.5,11.5,0.0,0.0,15.0,Female,28-32,Other,0.0
P0150,G0113,12,0.6,0.0,0.0,0,0,13.5,13.5,12.5,12.5,0.0,0.0,15.0,Female,28-32,Other,0.0
P0150,G0113,13,0.6,1.0,1.0,0,0,15.0,15.0,13.5,13.5,0.0,0.0,15.0,Female,28-32,Other,0.0
P0150,G0113,14,0.6,1.0,0.0,1,1,16.5,16.0,15.0,15.0,0.0,0.0,15.0,Female,28-32,Other,0.0
P0150,G0113,15,0.6,0.0,1.0,1,0,17.5,17.5,16.5,16.0,0.5,1.0,15.0,Female,28-32,Other,0.0
P0151,G0172,1,0.6,1.0,1.0,-1,-1,1.5,1.5,0.0,0.0,0.0,0.0,5.0,Female,18-22,Other,1.0
P0151,G0172,2,0.6,1.0,1.0,1,1,3.0,3.0,1.5,1.5,0.0,0.0,5.0,Female,18-22,Other,1.0
P0151,G0172,3,0.6,1.0,0.0,1,1,4.5,4.0,3.0,3.0,0.0,0.0,5.0,Female,18-22,Other,1.0
P0151,G0172,4,0.6,0.0,0.0,1,0,5.5,5.0,4.5,4.0,0.5,0.0,5.0,Female,18-22,Other,1.0
P0151,G0172,5,0.6,0.0,1.0,0,0,6.5,6.5,5.5,5.0,0.5,1.0,5.0,Female,18-22,Other,1.0
P0152,G0152,1,0.1,1.0,0.0,-1,-1,1.5,1.0,0.0,0.0,0.0,0.0,17.0,Female,28-32,South Africa,1.0
P0152,G0152,2,0.1,0.0,1.0,1,0,2.5,2.5,1.5,1.0,0.5,0.0,17.0,Female,28-32,South Africa,1.0
P0152,G0152,3,0.1,1.0,1.0,0,1,4.0,4.0,2.5,2.5,0.0,0.0,17.0,Female,28-32,South Africa,1.0
P0152,G0152,4,0.1,0.0,1.0,1,1,5.0,5.5,4.0,4.0,0.0,0.0,17.0,Female,28-32,South Africa,1.0
P0152,G0152,5,0.1,1.0,1.0,0,1,6.5,7.0,5.0,5.5,-0.5,0.0,17.0,Female,28-32,South Africa,1.0
P0152,G0152,6,0.1,0.0,1.0,1,1,7.5,8.5,6.5,7.0,-0.5,0.0,17.0,Female,28-32,South Africa,1.0
P0152,G0152,7,0.1,1.0,1.0,0,1,9.0,10.0,7.5,8.5,-1.0,0.0,17.0,Female,28-32,South Africa,1.0
P0152,G0152,8,0.1,0.0,1.0,1,1,10.0,11.5,9.0,10.0,-1.0,0.0,17.0,Female,28-32,South Africa,1.0
P0152,G0152,9,0.1,1.0,1.0,0,1,11.5,13.0,10.0,11.5,-1.5,0.0,17.0,Female,28-32,South Africa,1.0
P0152,G0152,10,0.1,0.0,1.0,1,1,12.5,14.5,11.5,13.0,-1.5,0.0,17.0,Female,28-32,South Africa,1.0
P0152,G0152,11,0.1,1.0,1.0,0,1,14.0,16.0,12.5,14.5,-2.0,0.0,17.0,Female,28-32,South Africa,1.0
P0152,G0152,12,0.1,1.0,1.0,1,1,15.5,17.5,14.0,16.0,-2.0,0.0,17.0,Female,28-32,South Africa,1.0
P0152,G0152,13,0.1,1.0,1.0,1,1,17.0,19.0,15.5,17.5,-2.0,0.0,17.0,Female,28-32,South Africa,1.0
P0152,G0152,14,0.1,0.0,1.0,1,1,18.0,20.5,17.0,19.0,-2.0,0.0,17.0,Female,28-32,South Africa,1.0
P0152,G0152,15,0.1,0.0,1.0,0,1,19.0,22.0,18.0,20.5,-2.5,0.0,17.0,Female,28-32,South Africa,1.0
P0152,G0152,16,0.1,1.0,1.0,0,1,20.5,23.5,19.0,22.0,-3.0,0.0,17.0,Female,28-32,South Africa,1.0
P0152,G0152,17,0.1,1.0,1.0,1,1,22.0,25.0,20.5,23.5,-3.0,0.0,17.0,Female,28-32,South Africa,1.0
P0153,G0082,1,0.1,0.0,1.0,-1,-1,1.0,1.5,0.0,0.0,0.0,0.0,20.0,Female,28-32,South Africa,2.0
P0153,G0082,2,0.1,1.0,0.0,0,1,2.5,2.5,1.0,1.5,-0.5,0.0,20.0,Female,28-32,South Africa,2.0
P0153,G0082,3,0.1,1.0,0.0,1,0,4.0,3.5,2.5,2.5,0.0,0.0,20.0,Female,28-32,South Africa,2.0
P0153,G0082,4,0.1,0.0,1.0,1,0,5.0,5.0,4.0,3.5,0.5,0.0,20.0,Female,28-32,South Africa,2.0
P0153,G0082,5,0.1,1.0,1.0,0,1,6.5,6.5,5.0,5.0,0.0,0.0,20.0,Female,28-32,South Africa,2.0
P0153,G0082,6,0.1,0.0,0.0,1,1,7.5,7.5,6.5,6.5,0.0,0.0,20.0,Female,28-32,South Africa,2.0
P0153,G0082,7,0.1,1.0,0.0,0,0,9.0,8.5,7.5,7.5,0.0,0.0,20.0,Female,28-32,South Africa,2.0
P0153,G0082,8,0.1,1.0,0.0,1,0,10.5,9.5,9.0,8.5,0.5,0.0,20.0,Female,28-32,South Africa,2.0
P0153,G0082,9,0.1,0.0,1.0,1,0,11.5,11.0,10.5,9.5,1.0,0.0,20.0,Female,28-32,South Africa,2.0
P0153,G0082,10,0.1,1.0,1.0,0,1,13.0,12.5,11.5,11.0,0.5,0.0,20.0,Female,28-32,South Africa,2.0
P0153,G0082,11,0.1,1.0,1.0,1,1,14.5,14.0,13.0,12.5,0.5,0.0,20.0,Female,28-32,South Africa,2.0
P0153,G0082,12,0.1,0.0,0.0,1,1,15.5,15.0,14.5,14.0,0.5,0.0,20.0,Female,28-32,South Africa,2.0
P0153,G0082,13,0.1,1.0,0.0,0,0,17.0,16.0,15.5,15.0,0.5,0.0,20.0,Female,28-32,South Africa,2.0
P0153,G0082,14,0.1,1.0,1.0,1,0,18.5,17.5,17.0,16.0,1.0,0.0,20.0,Female,28-32,South Africa,2.0
P0153,G0082,15,0.1,0.0,1.0,1,1,19.5,19.0,18.5,17.5,1.0,0.0,20.0,Female,28-32,South Africa,2.0
P0153,G0082,16,0.1,1.0,0.0,0,1,21.0,20.0,19.5,19.0,0.5,0.0,20.0,Female,28-32,South Africa,2.0
P0153,G0082,17,0.1,0.0,1.0,1,0,22.0,21.5,21.0,20.0,1.0,0.0,20.0,Female,28-32,South Africa,2.0
P0153,G0082,18,0.1,0.0,1.0,0,1,23.0,23.0,22.0,21.5,0.5,0.0,20.0,Female,28-32,South Africa,2.0
P0153,G0082,19,0.1,0.0,1.0,0,1,24.0,24.5,23.0,23.0,0.0,0.0,20.0,Female,28-32,South Africa,2.0
P0153,G0082,20,0.1,1.0,0.0,0,1,25.5,25.5,24.0,24.5,-0.5,1.0,20.0,Female,28-32,South Africa,2.0
P0154,G0078,1,0.9,1.0,0.0,-1,-1,1.5,1.0,0.0,0.0,0.0,0.0,6.0,Female,18-22,South Africa,1.0
P0154,G0078,2,0.9,1.0,0.0,1,0,3.0,2.0,1.5,1.0,0.5,0.0,6.0,Female,18-22,South Africa,1.0
P0154,G0078,3,0.9,0.0,1.0,1,0,4.0,3.5,3.0,2.0,1.0,0.0,6.0,Female,18-22,South Africa,1.0
P0154,G0078,4,0.9,1.0,1.0,0,1,5.5,5.0,4.0,3.5,0.5,0.0,6.0,Female,18-22,South Africa,1.0
P0154,G0078,5,0.9,1.0,1.0,1,1,7.0,6.5,5.5,5.0,0.5,0.0,6.0,Female,18-22,South Africa,1.0
P0154,G0078,6,0.9,1.0,1.0,1,1,8.5,8.0,7.0,6.5,0.5,1.0,6.0,Female,18-22,South Africa,1.0
P0155,G0092,1,0.1,1.0,0.0,-1,-1,1.5,1.0,0.0,0.0,0.0,0.0,19.0,Male,28-32,South Africa,2.0
P0155,G0092,2,0.1,1.0,1.0,1,0,3.0,2.5,1.5,1.0,0.5,0.0,19.0,Male,28-32,South Africa,2.0
P0155,G0092,3,0.1,1.0,1.0,1,1,4.5,4.0,3.0,2.5,0.5,0.0,19.0,Male,28-32,South Africa,2.0
P0155,G0092,4,0.1,1.0,1.0,1,1,6.0,5.5,4.5,4.0,0.5,0.0,19.0,Male,28-32,South Africa,2.0
P0155,G0092,5,0.1,0.0,1.0,1,1,7.0,7.0,6.0,5.5,0.5,0.0,19.0,Male,28-32,South Africa,2.0
P0155,G0092,6,0.1,1.0,0.0,0,1,8.5,8.0,7.0,7.0,0.0,0.0,19.0,Male,28-32,South Africa,2.0
P0155,G0092,7,0.1,0.0,1.0,1,0,9.5,9.5,8.5,8.0,0.5,0.0,19.0,Male,28-32,South Africa,2.0
P0155,G0092,8,0.1,1.0,1.0,0,1,11.0,11.0,9.5,9.5,0.0,0.0,19.0,Male,28-32,South Africa,2.0
P0155,G0092,9,0.1,1.0,0.0,1,1,12.5,12.0,11.0,11.0,0.0,0.0,19.0,Male,28-32,South Africa,2.0
P0155,G0092,10,0.1,0.0,0.0,1,0,13.5,13.0,12.5,12.0,0.5,0.0,19.0,Male,28-32,South Africa,2.0
P0155,G0092,11,0.1,1.0,1.0,0,0,15.0,14.5,13.5,13.0,0.5,0.0,19.0,Male,28-32,South Africa,2.0
P0155,G0092,12,0.1,1.0,1.0,1,1,16.5,16.0,15.0,14.5,0.5,0.0,19.0,Male,28-32,South Africa,2.0
P0155,G0092,13,0.1,1.0,1.0,1,1,18.0,17.5,16.5,16.0,0.5,0.0,19.0,Male,28-32,South Africa,2.0
P0155,G0092,14,0.1,1.0,0.0,1,1,19.5,18.5,18.0,17.5,0.5,0.0,19.0,Male,28-32,South Africa,2.0
P0155,G0092,15,0.1,1.0,1.0,1,0,21.0,20.0,19.5,18.5,1.0,0.0,19.0,Male,28-32,South Africa,2.0
P0155,G0092,16,0.1,1.0,1.0,1,1,22.5,21.5,21.0,20.0,1.0,0.0,19.0,Male,28-32,South Africa,2.0
P0155,G0092,17,0.1,0.0,1.0,1,1,23.5,23.0,22.5,21.5,1.0,0.0,19.0,Male,28-32,South Africa,2.0
P0155,G0092,18,0.1,0.0,1.0,0,1,24.5,24.5,23.5,23.0,0.5,0.0,19.0,Male,28-32,South Africa,2.0
P0155,G0092,19,0.1,0.0,1.0,0,1,25.5,26.0,24.5,24.5,0.0,0.0,19.0,Male,28-32,South Africa,2.0
P0156,G0072,1,0.9,1.0,1.0,-1,-1,1.5,1.5,0.0,0.0,0.0,0.0,14.0,Female,18-22,South Africa,0.0
P0156,G0072,2,0.9,1.0,0.0,1,1,3.0,2.5,1.5,1.5,0.0,0.0,14.0,Female,18-22,South Africa,0.0
P0156,G0072,3,0.9,1.0,1.0,1,0,4.5,4.0,3.0,2.5,0.5,0.0,14.0,Female,18-22,South Africa,0.0
P0156,G0072,4,0.9,1.0,1.0,1,1,6.0,5.5,4.5,4.0,0.5,0.0,14.0,Female,18-22,South Africa,0.0
P0156,G0072,5,0.9,1.0,1.0,1,1,7.5,7.0,6.0,5.5,0.5,0.0,14.0,Female,18-22,South Africa,0.0
P0156,G0072,6,0.9,1.0,0.0,1,1,9.0,8.0,7.5,7.0,0.5,0.0,14.0,Female,18-22,South Africa,0.0
P0156,G0072,7,0.9,1.0,1.0,1,0,10.5,9.5,9.0,8.0,1.0,0.0,14.0,Female,18-22,South Africa,0.0
P0156,G0072,8,0.9,1.0,1.0,1,1,12.0,11.0,10.5,9.5,1.0,0.0,14.0,Female,18-22,South Africa,0.0
P0156,G0072,9,0.9,0.0,0.0,1,1,13.0,12.0,12.0,11.0,1.0,0.0,14.0,Female,18-22,South Africa,0.0
P0156,G0072,10,0.9,1.0,1.0,0,0,14.5,13.5,13.0,12.0,1.0,0.0,14.0,Female,18-22,South Africa,0.0
P0156,G0072,11,0.9,1.0,1.0,1,1,16.0,15.0,14.5,13.5,1.0,0.0,14.0,Female,18-22,South Africa,0.0
P0156,G0072,12,0.9,1.0,1.0,1,1,17.5,16.5,16.0,15.0,1.0,0.0,14.0,Female,18-22,South Africa,0.0
P0156,G0072,13,0.9,0.0,1.0,1,1,18.5,18.0,17.5,16.5,1.0,0.0,14.0,Female,18-22,South Africa,0.0
P0156,G0072,14,0.9,1.0,1.0,0,1,20.0,19.5,18.5,18.0,0.5,1.0,14.0,Female,18-22,South Africa,0.0
P0157,G0154,1,0.9,1.0,0.0,-1,-1,1.5,1.0,0.0,0.0,0.0,0.0,11.0,Male,18-22,Poland,0.0
P0157,G0154,2,0.9,0.0,0.0,1,0,2.5,2.0,1.5,1.0,0.5,0.0,11.0,Male,18-22,Poland,0.0
P0157,G0154,3,0.9,0.0,1.0,0,0,3.5,3.5,2.5,2.0,0.5,0.0,11.0,Male,18-22,Poland,0.0
P0157,G0154,4,0.9,0.0,1.0,0,1,4.5,5.0,3.5,3.5,0.0,0.0,11.0,Male,18-22,Poland,0.0
P0157,G0154,5,0.9,1.0,1.0,0,1,6.0,6.5,4.5,5.0,-0.5,0.0,11.0,Male,18-22,Poland,0.0
P0157,G0154,6,0.9,1.0,0.0,1,1,7.5,7.5,6.0,6.5,-0.5,0.0,11.0,Male,18-22,Poland,0.0
P0157,G0154,7,0.9,1.0,1.0,1,0,9.0,9.0,7.5,7.5,0.0,0.0,11.0,Male,18-22,Poland,0.0
P0157,G0154,8,0.9,1.0,0.0,1,1,10.5,10.0,9.0,9.0,0.0,0.0,11.0,Male,18-22,Poland,0.0
P0157,G0154,9,0.9,0.0,1.0,1,0,11.5,11.5,10.5,10.0,0.5,0.0,11.0,Male,18-22,Poland,0.0
P0157,G0154,10,0.9,1.0,1.0,0,1,13.0,13.0,11.5,11.5,0.0,0.0,11.0,Male,18-22,Poland,0.0
P0157,G0154,11,0.9,1.0,0.0,1,1,14.5,14.0,13.0,13.0,0.0,1.0,11.0,Male,18-22,Poland,0.0
P0158,G0045,1,0.6,1.0,0.0,-1,-1,1.5,1.0,0.0,0.0,0.0,0.0,5.0,Female,23-27,South Africa,3.0
P0158,G0045,2,0.6,0.0,1.0,1,0,2.5,2.5,1.5,1.0,0.5,0.0,5.0,Female,23-27,South Africa,3.0
P0158,G0045,3,0.6,1.0,0.0,0,1,4.0,3.5,2.5,2.5,0.0,0.0,5.0,Female,23-27,South Africa,3.0
P0158,G0045,4,0.6,0.0,0.0,1,0,5.0,4.5,4.0,3.5,0.5,0.0,5.0,Female,23-27,South Africa,3.0
P0158,G0045,5,0.6,0.0,1.0,0,0,6.0,6.0,5.0,4.5,0.5,1.0,5.0,Female,23-27,South Africa,3.0
P0159,G0022,1,0.1,1.0,1.0,-1,-1,1.5,1.5,0.0,0.0,0.0,0.0,5.0,Male,18-22,South Africa,0.0
P0159,G0022,2,0.1,0.0,1.0,1,1,2.5,3.0,1.5,1.5,0.0,0.0,5.0,Male,18-22,South Africa,0.0
P0159,G0022,3,0.1,1.0,1.0,0,1,4.0,4.5,2.5,3.0,-0.5,0.0,5.0,Male,18-22,South Africa,0.0
P0159,G0022,4,0.1,1.0,1.0,1,1,5.5,6.0,4.0,4.5,-0.5,0.0,5.0,Male,18-22,South Africa,0.0
P0159,G0022,5,0.1,0.0,1.0,1,1,6.5,7.5,5.5,6.0,-0.5,0.0,5.0,Male,18-22,South Africa,0.0
P0160,G0141,1,0.1,1.0,1.0,-1,-1,1.5,1.5,0.0,0.0,0.0,0.0,13.0,Male,53-57,Other,2.0
P0160,G0141,2,0.1,1.0,1.0,1,1,3.0,3.0,1.5,1.5,0.0,0.0,13.0,Male,53-57,Other,2.0
P0160,G0141,3,0.1,0.0,0.0,1,1,4.0,4.0,3.0,3.0,0.0,0.0,13.0,Male,53-57,Other,2.0
P0160,G0141,4,0.1,1.0,1.0,0,0,5.5,5.5,4.0,4.0,0.0,0.0,13.0,Male,53-57,Other,2.0
P0160,G0141,5,0.1,0.0,1.0,1,1,6.5,7.0,5.5,5.5,0.0,0.0,13.0,Male,53-57,Other,2.0
P0160,G0141,6,0.1,1.0,0.0,0,1,8.0,8.0,6.5,7.0,-0.5,0.0,13.0,Male,53-57,Other,2.0
P0160,G0141,7,0.1,1.0,1.0,1,0,9.5,9.5,8.0,8.0,0.0,0.0,13.0,Male,53-57,Other,2.0
P0160,G0141,8,0.1,0.0,1.0,1,1,10.5,11.0,9.5,9.5,0.0,0.0,13.0,Male,53-57,Other,2.0
P0160,G0141,9,0.1,1.0,0.0,0,1,12.0,12.0,10.5,11.0,-0.5,0.0,13.0,Male,53-57,Other,2.0
P0160,G0141,10,0.1,1.0,1.0,1,0,13.5,13.5,12.0,12.0,0.0,0.0,13.0,Male,53-57,Other,2.0
P0160,G0141,11,0.1,1.0,1.0,1,1,15.0,15.0,13.5,13.5,0.0,0.0,13.0,Male,53-57,Other,2.0
P0160,G0141,12,0.1,1.0,1.0,1,1,16.5,16.5,15.0,15.0,0.0,0.0,13.0,Male,53-57,Other,2.0
P0160,G0141,13,0.1,1.0,1.0,1,1,18.0,18.0,16.5,16.5,0.0,1.0,13.0,Male,53-57,Other,2.0
P0161,G0108,1,0.9,0.0,1.0,-1,-1,1.0,1.5,0.0,0.0,0.0,0.0,5.0,Male,33-37,Other,1.0
P0161,G0108,2,0.9,1.0,0.0,0,1,2.5,2.5,1.0,1.5,-0.5,0.0,5.0,Male,33-37,Other,1.0
P0161,G0108,3,0.9,0.0,0.0,1,0,3.5,3.5,2.5,2.5,0.0,0.0,5.0,Male,33-37,Other,1.0
P0161,G0108,4,0.9,0.0,1.0,0,0,4.5,5.0,3.5,3.5,0.0,0.0,5.0,Male,33-37,Other,1.0
P0161,G0108,5,0.9,0.0,0.0,0,1,5.5,6.0,4.5,5.0,-0.5,0.0,5.0,Male,33-37,Other,1.0
P0162,G0143,1,0.9,1.0,0.0,-1,-1,1.5,1.0,0.0,0.0,0.0,0.0,8.0,Male,18-22,Other,5.0
P0162,G0143,2,0.9,0.0,1.0,1,0,2.5,2.5,1.5,1.0,0.5,0.0,8.0,Male,18-22,Other,5.0
P0162,G0143,3,0.9,0.0,0.0,0,1,3.5,3.5,2.5,2.5,0.0,0.0,8.0,Male,18-22,Other,5.0
P0162,G0143,4,0.9,0.0,1.0,0,0,4.5,5.0,3.5,3.5,0.0,0.0,8.0,Male,18-22,Other,5.0
P0162,G0143,5,0.9,1.0,0.0,0,1,6.0,6.0,4.5,5.0,-0.5,0.0,8.0,Male,18-22,Other,5.0
P0162,G0143,6,0.9,0.0,1.0,1,0,7.0,7.5,6.0,6.0,0.0,0.0,8.0,Male,18-22,Other,5.0
P0162,G0143,7,0.9,1.0,0.0,0,1,8.5,8.5,7.0,7.5,-0.5,0.0,8.0,Male,18-22,Other,5.0
P0162,G0143,8,0.9,1.0,1.0,1,0,10.0,10.0,8.5,8.5,0.0,1.0,8.0,Male,18-22,Other,5.0
P0163,G0127,1,0.9,1.0,1.0,-1,-1,1.5,1.5,0.0,0.0,0.0,0.0,7.0,Male,23-27,South Africa,3.0
P0163,G0127,2,0.9,1.0,0.0,1,1,3.0,2.5,1.5,1.5,0.0,0.0,7.0,Male,23-27,South Africa,3.0
P0163,G0127,3,0.9,0.0,1.0,1,0,4.0,4.0,3.0,2.5,0.5,0.0,7.0,Male,23-27,South Africa,3.0
P0163,G0127,4,0.9,1.0,1.0,0,1,5.5,5.5,4.0,4.0,0.0,0.0,7.0,Male,23-27,South Africa,3.0
P0163,G0127,5,0.9,1.0,1.0,1,1,7.0,7.0,5.5,5.5,0.0,0.0,7.0,Male,23-27,South Africa,3.0
P0163,G0127,6,0.9,0.0,0.0,1,1,8.0,8.0,7.0,7.0,0.0,0.0,7.0,Male,23-27,South Africa,3.0
P0163,G0127,7,0.9,1.0,0.0,0,0,9.5,9.0,8.0,8.0,0.0,1.0,7.0,Male,23-27,South Africa,3.0
P0164,G0030,1,0.9,0.0,1.0,-1,-1,1.0,1.5,0.0,0.0,0.0,0.0,12.0,Female,18-22,Other,0.0
P0164,G0030,2,0.9,0.0,0.0,0,1,2.0,2.5,1.0,1.5,-0.5,0.0,12.0,Female,18-22,Other,0.0
P0164,G0030,3,0.9,0.0,0.0,0,0,3.0,3.5,2.0,2.5,-0.5,0.0,12.0,Female,18-22,Other,0.0
P0164,G0030,4,0.9,1.0,0.0,0,0,4.5,4.5,3.0,3.5,-0.5,0.0,12.0,Female,18-22,Other,0.0
P0164,G0030,5,0.9,1.0,1.0,1,0,6.0,6.0,4.5,4.5,0.0,0.0,12.0,Female,18-22,Other,0.0
P0164,G0030,6,0.9,0.0,0.0,1,1,7.0,7.0,6.0,6.0,0.0,0.0,12.0,Female,18-22,Other,0.0
P0164,G0030,7,0.9,1.0,1.0,0,0,8.5,8.5,7.0,7.0,0.0,0.0,12.0,Female,18-22,Other,0.0
P0164,G0030,8,0.9,1.0,1.0,1,1,10.0,10.0,8.5,8.5,0.0,0.0,12.0,Female,18-22,Other,0.0
P0164,G0030,9,0.9,0.0,1.0,1,1,11.0,11.5,10.0,10.0,0.0,0.0,12.0,Female,18-22,Other,0.0
P0164,G0030,10,0.9,0.0,0.0,0,1,12.0,12.5,11.0,11.5,-0.5,0.0,12.0,Female,18-22,Other,0.0
P0164,G0030,11,0.9,1.0,0.0,0,0,13.5,13.5,12.0,12.5,-0.5,0.0,12.0,Female,18-22,Other,0.0
P0164,G0030,12,0.9,1.0,0.0,1,0,15.0,14.5,13.5,13.5,0.0,1.0,12.0,Female,18-22,Other,0.0
P0165,G0069,1,0.1,0.0,0.0,-1,-1,1.0,1.0,0.0,0.0,0.0,0.0,13.0,Female,23-27,South Africa,0.0
P0165,G0069,2,0.1,0.0,0.0,0,0,2.0,2.0,1.0,1.0,0.0,0.0,13.0,Female,23-27,South Africa,0.0
P0165,G0069,3,0.1,0.0,0.0,0,0,3.0,3.0,2.0,2.0,0.0,0.0,13.0,Female,23-27,South Africa,0.0
P0165,G0069,4,0.1,0.0,0.0,0,0,4.0,4.0,3.0,3.0,0.0,0.0,13.0,Female,23-27,South Africa,0.0
P0165,G0069,5,0.1,0.0,0.0,0,0,5.0,5.0,4.0,4.0,0.0,0.0,13.0,Female,23-27,South Africa,0.0
P0165,G0069,6,0.1,0.0,0.0,0,0,6.0,6.0,5.0,5.0,0.0,0.0,13.0,Female,23-27,South Africa,0.0
P0165,G0069,7,0.1,0.0,0.0,0,0,7.0,7.0,6.0,6.0,0.0,0.0,13.0,Female,23-27,South Africa,0.0
P0165,G0069,8,0.1,0.0,0.0,0,0,8.0,8.0,7.0,7.0,0.0,0.0,13.0,Female,23-27,South Africa,0.0
P0165,G0069,9,0.1,0.0,0.0,0,0,9.0,9.0,8.0,8.0,0.0,0.0,13.0,Female,23-27,South Africa,0.0
P0165,G0069,10,0.1,0.0,0.0,0,0,10.0,10.0,9.0,9.0,0.0,0.0,13.0,Female,23-27,South Africa,0.0
P0165,G0069,11,0.1,0.0,0.0,0,0,11.0,11.0,10.0,10.0,0.0,0.0,13.0,Female,23-27,South Africa,0.0
P0165,G0069,12,0.1,0.0,0.0,0,0,12.0,12.0,11.0,11.0,0.0,0.0,13.0,Female,23-27,South Africa,0.0
P0165,G0069,13,0.1,0.0,0.0,0,0,13.0,13.0,12.0,12.0,0.0,1.0,13.0,Female,23-27,South Africa,0.0
P0166,G0116,1,0.6,1.0,1.0,-1,-1,1.5,1.5,0.0,0.0,0.0,0.0,7.0,Male,23-27,Poland,3.0
P0166,G0116,2,0.6,1.0,0.0,1,1,3.0,2.5,1.5,1.5,0.0,0.0,7.0,Male,23-27,Poland,3.0
P0166,G0116,3,0.6,0.0,1.0,1,0,4.0,4.0,3.0,2.5,0.5,0.0,7.0,Male,23-27,Poland,3.0
P0166,G0116,4,0.6,0.0,0.0,0,1,5.0,5.0,4.0,4.0,0.0,0.0,7.0,Male,23-27,Poland,3.0
P0166,G0116,5,0.6,0.0,1.0,0,0,6.0,6.5,5.0,5.0,0.0,0.0,7.0,Male,23-27,Poland,3.0
P0166,G0116,6,0.6,1.0,0.0,0,1,7.5,7.5,6.0,6.5,-0.5,0.0,7.0,Male,23-27,Poland,3.0
P0166,G0116,7,0.6,0.0,1.0,1,0,8.5,9.0,7.5,7.5,0.0,0.0,7.0,Male,23-27,Poland,3.0
P0167,G0042,1,0.9,1.0,0.0,-1,-1,1.5,1.0,0.0,0.0,0.0,0.0,14.0,Female,18-22,South Africa,1.0
P0167,G0042,2,0.9,0.0,1.0,1,0,2.5,2.5,1.5,1.0,0.5,0.0,14.0,Female,18-22,South Africa,1.0
P0167,G0042,3,0.9,1.0,0.0,0,1,4.0,3.5,2.5,2.5,0.0,0.0,14.0,Female,18-22,South Africa,1.0
P0167,G0042,4,0.9,0.0,0.0,1,0,5.0,4.5,4.0,3.5,0.5,0.0,14.0,Female,18-22,South Africa,1.0
P0167,G0042,5,0.9,0.0,0.0,0,0,6.0,5.5,5.0,4.5,0.5,0.0,14.0,Female,18-22,South Africa,1.0
P0167,G0042,6,0.9,0.0,1.0,0,0,7.0,7.0,6.0,5.5,0.5,0.0,14.0,Female,18-22,South Africa,1.0
P0167,G0042,7,0.9,1.0,0.0,0,1,8.5,8.0,7.0,7.0,0.0,0.0,14.0,Female,18-22,South Africa,1.0
P0167,G0042,8,0.9,0.0,1.0,1,0,9.5,9.5,8.5,8.0,0.5,0.0,14.0,Female,18-22,South Africa,1.0
P0167,G0042,9,0.9,1.0,1.0,0,1,11.0,11.0,9.5,9.5,0.0,0.0,14.0,Female,18-22,South Africa,1.0
P0167,G0042,10,0.9,1.0,0.0,1,1,12.5,12.0,11.0,11.0,0.0,0.0,14.0,Female,18-22,South Africa,1.0
P0167,G0042,11,0.9,0.0,0.0,1,0,13.5,13.0,12.5,12.0,0.5,0.0,14.0,Female,18-22,South Africa,1.0
P0167,G0042,12,0.9,1.0,0.0,0,0,15.0,14.0,13.5,13.0,0.5,0.0,14.0,Female,18-22,South Africa,1.0
P0167,G0042,13,0.9,0.0,0.0,1,0,16.0,15.0,15.0,14.0,1.0,0.0,14.0,Female,18-22,South Africa,1.0
P0167,G0042,14,0.9,0.0,1.0,0,0,17.0,16.5,16.0,15.0,1.0,1.0,14.0,Female,18-22,South Africa,1.0
P0168,G0076,1,0.1,0.0,1.0,-1,-1,1.0,1.5,0.0,0.0,0.0,0.0,17.0,Male,18-22,Other,2.0
P0168,G0076,2,0.1,1.0,0.0,0,1,2.5,2.5,1.0,1.5,-0.5,0.0,17.0,Male,18-22,Other,2.0
P0168,G0076,3,0.1,0.0,0.0,1,0,3.5,3.5,2.5,2.5,0.0,0.0,17.0,Male,18-22,Other,2.0
P0168,G0076,4,0.1,1.0,1.0,0,0,5.0,5.0,3.5,3.5,0.0,0.0,17.0,Male,18-22,Other,2.0
P0168,G0076,5,0.1,1.0,1.0,1,1,6.5,6.5,5.0,5.0,0.0,0.0,17.0,Male,18-22,Other,2.0
P0168,G0076,6,0.1,1.0,1.0,1,1,8.0,8.0,6.5,6.5,0.0,0.0,17.0,Male,18-22,Other,2.0
P0168,G0076,7,0.1,1.0,1.0,1,1,9.5,9.5,8.0,8.0,0.0,0.0,17.0,Male,18-22,Other,2.0
P0168,G0076,8,0.1,1.0,1.0,1,1,11.0,11.0,9.5,9.5,0.0,0.0,17.0,Male,18-22,Other,2.0
P0168,G0076,9,0.1,1.0,1.0,1,1,12.5,12.5,11.0,11.0,0.0,0.0,17.0,Male,18-22,Other,2.0
P0168,G0076,10,0.1,1.0,1.0,1,1,14.0,14.0,12.5,12.5,0.0,0.0,17.0,Male,18-22,Other,2.0
P0168,G0076,11,0.1,1.0,1.0,1,1,15.5,15.5,14.0,14.0,0.0,0.0,17.0,Male,18-22,Other,2.0
P0168,G0076,12,0.1,1.0,1.0,1,1,17.0,17.0,15.5,15.5,0.0,0.0,17.0,Male,18-22,Other,2.0
P0168,G0076,13,0.1,1.0,1.0,1,1,18.5,18.5,17.0,17.0,0.0,0.0,17.0,Male,18-22,Other,2.0
P0168,G0076,14,0.1,1.0,1.0,1,1,20.0,20.0,18.5,18.5,0.0,0.0,17.0,Male,18-22,Other,2.0
P0168,G0076,15,0.1,1.0,1.0,1,1,21.5,21.5,20.0,20.0,0.0,0.0,17.0,Male,18-22,Other,2.0
P0168,G0076,16,0.1,1.0,1.0,1,1,23.0,23.0,21.5,21.5,0.0,0.0,17.0,Male,18-22,Other,2.0
P0168,G0076,17,0.1,1.0,1.0,1,1,24.5,24.5,23.0,23.0,0.0,1.0,17.0,Male,18-22,Other,2.0
P0169,G0087,1,0.6,0.0,0.0,-1,-1,1.0,1.0,0.0,0.0,0.0,0.0,5.0,Male,28-32,Poland,0.0
P0169,G0087,2,0.6,0.0,0.0,0,0,2.0,2.0,1.0,1.0,0.0,0.0,5.0,Male,28-32,Poland,0.0
P0169,G0087,3,0.6,0.0,0.0,0,0,3.0,3.0,2.0,2.0,0.0,0.0,5.0,Male,28-32,Poland,0.0
P0169,G0087,4,0.6,0.0,0.0,0,0,4.0,4.0,3.0,3.0,0.0,0.0,5.0,Male,28-32,Poland,0.0
P0169,G0087,5,0.6,0.0,0.0,0,0,5.0,5.0,4.0,4.0,0.0,1.0,5.0,Male,28-32,Poland,0.0
P0170,G0031,1,0.1,0.0,1.0,-1,-1,1.0,1.5,0.0,0.0,0.0,0.0,6.0,Female,18-22,South Africa,0.0
P0170,G0031,2,0.1,0.0,0.0,0,1,2.0,2.5,1.0,1.5,-0.5,0.0,6.0,Female,18-22,South Africa,0.0
P0170,G0031,3,0.1,1.0,0.0,0,0,3.5,3.5,2.0,2.5,-0.5,0.0,6.0,Female,18-22,South Africa,0.0
P0170,G0031,4,0.1,1.0,1.0,1,0,5.0,5.0,3.5,3.5,0.0,0.0,6.0,Female,18-22,South Africa,0.0
P0170,G0031,5,0.1,1.0,1.0,1,1,6.5,6.5,5.0,5.0,0.0,0.0,6.0,Female,18-22,South Africa,0.0
P0170,G0031,6,0.1,1.0,1.0,1,1,8.0,8.0,6.5,6.5,0.0,1.0,6.0,Female,18-22,South Africa,0.0
P0171,G0132,1,0.6,0.0,1.0,-1,-1,1.0,1.5,0.0,0.0,0.0,0.0,26.0,Female,18-22,Other,3.0
P0171,G0132,2,0.6,1.0,0.0,0,1,2.5,2.5,1.0,1.5,-0.5,0.0,26.0,Female,18-22,Other,3.0
P0171,G0132,3,0.6,0.0,0.0,1,0,3.5,3.5,2.5,2.5,0.0,0.0,26.0,Female,18-22,Other,3.0
P0171,G0132,4,0.6,1.0,0.0,0,0,5.0,4.5,3.5,3.5,0.0,0.0,26.0,Female,18-22,Other,3.0
P0171,G0132,5,0.6,1.0,1.0,1,0,6.5,6.0,5.0,4.5,0.5,0.0,26.0,Female,18-22,Other,3.0
P0171,G0132,6,0.6,1.0,1.0,1,1,8.0,7.5,6.5,6.0,0.5,0.0,26.0,Female,18-22,Other,3.0
P0171,G0132,7,0.6,0.0,1.0,1,1,9.0,9.0,8.0,7.5,0.5,0.0,26.0,Female,18-22,Other,3.0
P0171,G0132,8,0.6,1.0,0.0,0,1,10.5,10.0,9.0,9.0,0.0,0.0,26.0,Female,18-22,Other,3.0
P0171,G0132,9,0.6,0.0,1.0,1,0,11.5,11.5,10.5,10.0,0.5,0.0,26.0,Female,18-22,Other,3.0
P0171,G0132,10,0.6,1.0,1.0,0,1,13.0,13.0,11.5,11.5,0.0,0.0,26.0,Female,18-22,Other,3.0
P0171,G0132,11,0.6,1.0,1.0,1,1,14.5,14.5,13.0,13.0,0.0,0.0,26.0,Female,18-22,Other,3.0
P0171,G0132,12,0.6,1.0,1.0,1,1,16.0,16.0,14.5,14.5,0.0,0.0,26.0,Female,18-22,Other,3.0
P0171,G0132,13,0.6,1.0,1.0,1,1,17.5,17.5,16.0,16.0,0.0,0.0,26.0,Female,18-22,Other,3.0
P0171,G0132,14,0.6,1.0,1.0,1,1,19.0,19.0,17.5,17.5,0.0,0.0,26.0,Female,18-22,Other,3.0
P0171,G0132,15,0.6,1.0,1.0,1,1,20.5,20.5,19.0,19.0,0.0,0.0,26.0,Female,18-22,Other,3.0
P0171,G0132,16,0.6,1.0,1.0,1,1,22.0,22.0,20.5,20.5,0.0,0.0,26.0,Female,18-22,Other,3.0
P0171,G0132,17,0.6,1.0,1.0,1,1,23.5,23.5,22.0,22.0,0.0,0.0,26.0,Female,18-22,Other,3.0
P0171,G0132,18,0.6,1.0,1.0,1,1,25.0,25.0,23.5,23.5,0.0,0.0,26.0,Female,18-22,Other,3.0
P0171,G0132,19,0.6,1.0,1.0,1,1,26.5,26.5,25.0,25.0,0.0,0.0,26.0,Female,18-22,Other,3.0
P0171,G0132,20,0.6,1.0,1.0,1,1,28.0,28.0,26.5,26.5,0.0,0.0,26.0,Female,18-22,Other,3.0
P0171,G0132,21,0.6,1.0,1.0,1,1,29.5,29.5,28.0,28.0,0.0,0.0,26.0,Female,18-22,Other,3.0
P0171,G0132,22,0.6,1.0,1.0,1,1,31.0,31.0,29.5,29.5,0.0,0.0,26.0,Female,18-22,Other,3.0
P0171,G0132,23,0.6,1.0,1.0,1,1,32.5,32.5,31.0,31.0,0.0,0.0,26.0,Female,18-22,Other,3.0
P0171,G0132,24,0.6,1.0,1.0,1,1,34.0,34.0,32.5,32.5,0.0,0.0,26.0,Female,18-22,Other,3.0
P0171,G0132,25,0.6,1.0,1.0,1,1,35.5,35.5,34.0,34.0,0.0,0.0,26.0,Female,18-22,Other,3.0
P0171,G0132,26,0.6,1.0,1.0,1,1,37.0,37.0,35.5,35.5,0.0,1.0,26.0,Female,18-22,Other,3.0
P0172,G0164,1,0.9,0.0,1.0,-1,-1,1.0,1.5,0.0,0.0,0.0,0.0,19.0,Female,28-32,South Africa,2.0
P0172,G0164,2,0.9,1.0,0.0,0,1,2.5,2.5,1.0,1.5,-0.5,0.0,19.0,Female,28-32,South Africa,2.0
P0172,G0164,3,0.9,0.0,1.0,1,0,3.5,4.0,2.5,2.5,0.0,0.0,19.0,Female,28-32,South Africa,2.0
P0172,G0164,4,0.9,1.0,1.0,0,1,5.0,5.5,3.5,4.0,-0.5,0.0,19.0,Female,28-32,South Africa,2.0
P0172,G0164,5,0.9,0.0,0.0,1,1,6.0,6.5,5.0,5.5,-0.5,0.0,19.0,Female,28-32,South Africa,2.0
P0172,G0164,6,0.9,0.0,1.0,0,0,7.0,8.0,6.0,6.5,-0.5,0.0,19.0,Female,28-32,South Africa,2.0
P0172,G0164,7,0.9,0.0,0.0,0,1,8.0,9.0,7.0,8.0,-1.0,0.0,19.0,Female,28-32,South Africa,2.0
P0172,G0164,8,0.9,0.0,0.0,0,0,9.0,10.0,8.0,9.0,-1.0,0.0,19.0,Female,28-32,South Africa,2.0
P0172,G0164,9,0.9,1.0,1.0,0,0,10.5,11.5,9.0,10.0,-1.0,0.0,19.0,Female,28-32,South Africa,2.0
P0172,G0164,10,0.9,1.0,0.0,1,1,12.0,12.5,10.5,11.5,-1.0,0.0,19.0,Female,28-32,South Africa,2.0
P0172,G0164,11,0.9,0.0,1.0,1,0,13.0,14.0,12.0,12.5,-0.5,0.0,19.0,Female,28-32,South Africa,2.0
P0172,G0164,12,0.9,1.0,0.0,0,1,14.5,15.0,13.0,14.0,-1.0,0.0,19.0,Female,28-32,South Africa,2.0
P0172,G0164,13,0.9,0.0,0.0,1,0,15.5,16.0,14.5,15.0,-0.5,0.0,19.0,Female,28-32,South Africa,2.0
P0172,G0164,14,0.9,1.0,0.0,0,0,17.0,17.0,15.5,16.0,-0.5,0.0,19.0,Female,28-32,South Africa,2.0
P0172,G0164,15,0.9,0.0,0.0,1,0,18.0,18.0,17.0,17.0,0.0,0.0,19.0,Female,28-32,South Africa,2.0
P0172,G0164,16,0.9,0.0,1.0,0,0,19.0,19.5,18.0,18.0,0.0,0.0,19.0,Female,28-32,South Africa,2.0
P0172,G0164,17,0.9,0.0,0.0,0,1,20.0,20.5,19.0,19.5,-0.5,0.0,19.0,Female,28-32,South Africa,2.0
P0172,G0164,18,0.9,1.0,0.0,0,0,21.5,21.5,20.0,20.5,-0.5,0.0,19.0,Female,28-32,South Africa,2.0
P0172,G0164,19,0.9,0.0,1.0,1,0,22.5,23.0,21.5,21.5,0.0,0.0,19.0,Female,28-32,South Africa,2.0
P0173,G0101,1,0.1,1.0,1.0,-1,-1,1.5,1.5,0.0,0.0,0.0,0.0,10.0,Male,28-32,South Africa,4.0
P0173,G0101,2,0.1,0.0,1.0,1,1,2.5,3.0,1.5,1.5,0.0,0.0,10.0,Male,28-32,South Africa,4.0
P0173,G0101,3,0.1,0.0,1.0,0,1,3.5,4.5,2.5,3.0,-0.5,0.0,10.0,Male,28-32,South Africa,4.0
P0173,G0101,4,0.1,0.0,1.0,0,1,4.5,6.0,3.5,4.5,-1.0,0.0,10.0,Male,28-32,South Africa,4.0
P0173,G0101,5,0.1,1.0,1.0,0,1,6.0,7.5,4.5,6.0,-1.5,0.0,10.0,Male,28-32,South Africa,4.0
P0173,G0101,6,0.1,1.0,1.0,1,1,7.5,9.0,6.0,7.5,-1.5,0.0,10.0,Male,28-32,South Africa,4.0
P0173,G0101,7,0.1,1.0,1.0,1,1,9.0,10.5,7.5,9.0,-1.5,0.0,10.0,Male,28-32,South Africa,4.0
P0173,G0101,8,0.1,0.0,1.0,1,1,10.0,12.0,9.0,10.5,-1.5,0.0,10.0,Male,28-32,South Africa,4.0
P0173,G0101,9,0.1,0.0,1.0,0,1,11.0,13.5,10.0,12.0,-2.0,0.0,10.0,Male,28-32,South Africa,4.0
P0173,G0101,10,0.1,1.0,1.0,0,1,12.5,15.0,11.0,13.5,-2.5,0.0,10.0,Male,28-32,South Africa,4.0
P0174,G0143,1,0.9,0.0,1.0,-1,-1,1.0,1.5,0.0,0.0,0.0,0.0,8.0,Female,18-22,Other,3.0
P0174,G0143,2,0.9,1.0,0.0,0,1,2.5,2.5,1.0,1.5,-0.5,0.0,8.0,Female,18-22,Other,3.0
P0174,G0143,3,0.9,0.0,0.0,1,0,3.5,3.5,2.5,2.5,0.0,0.0,8.0,Female,18-22,Other,3.0
P0174,G0143,4,0.9,1.0,0.0,0,0,5.0,4.5,3.5,3.5,0.0,0.0,8.0,Female,18-22,Other,3.0
P0174,G0143,5,0.9,0.0,1.0,1,0,6.0,6.0,5.0,4.5,0.5,0.0,8.0,Female,18-22,Other,3.0
P0174,G0143,6,0.9,1.0,0.0,0,1,7.5,7.0,6.0,6.0,0.0,0.0,8.0,Female,18-22,Other,3.0
P0174,G0143,7,0.9,0.0,1.0,1,0,8.5,8.5,7.5,7.0,0.5,0.0,8.0,Female,18-22,Other,3.0
P0174,G0143,8,0.9,1.0,1.0,0,1,10.0,10.0,8.5,8.5,0.0,1.0,8.0,Female,18-22,Other,3.0
P0175,G0053,1,0.9,0.0,0.0,-1,-1,1.0,1.0,0.0,0.0,0.0,0.0,6.0,Female,23-27,Other,3.0
P0175,G0053,2,0.9,1.0,1.0,0,0,2.5,2.5,1.0,1.0,0.0,0.0,6.0,Female,23-27,Other,3.0
P0175,G0053,3,0.9,0.0,0.0,1,1,3.5,3.5,2.5,2.5,0.0,0.0,6.0,Female,23-27,Other,3.0
P0175,G0053,4,0.9,0.0,1.0,0,0,4.5,5.0,3.5,3.5,0.0,0.0,6.0,Female,23-27,Other,3.0
P0175,G0053,5,0.9,1.0,0.0,0,1,6.0,6.0,4.5,5.0,-0.5,0.0,6.0,Female,23-27,Other,3.0
P0175,G0053,6,0.9,1.0,1.0,1,0,7.5,7.5,6.0,6.0,0.0,1.0,6.0,Female,23-27,Other,3.0
P0176,G0036,1,0.6,1.0,0.0,-1,-1,1.5,1.0,0.0,0.0,0.0,0.0,9.0,Female,28-32,Other,4.0
P0176,G0036,2,0.6,0.0,1.0,1,0,2.5,2.5,1.5,1.0,0.5,0.0,9.0,Female,28-32,Other,4.0
P0176,G0036,3,0.6,0.0,0.0,0,1,3.5,3.5,2.5,2.5,0.0,0.0,9.0,Female,28-32,Other,4.0
P0176,G0036,4,0.6,1.0,1.0,0,0,5.0,5.0,3.5,3.5,0.0,0.0,9.0,Female,28-32,Other,4.0
P0176,G0036,5,0.6,1.0,0.0,1,1,6.5,6.0,5.0,5.0,0.0,0.0,9.0,Female,28-32,Other,4.0
P0176,G0036,6,0.6,0.0,1.0,1,0,7.5,7.5,6.5,6.0,0.5,0.0,9.0,Female,28-32,Other,4.0
P0176,G0036,7,0.6,1.0,0.0,0,1,9.0,8.5,7.5,7.5,0.0,0.0,9.0,Female,28-32,Other,4.0
P0176,G0036,8,0.6,1.0,0.0,1,0,10.5,9.5,9.0,8.5,0.5,0.0,9.0,Female,28-32,Other,4.0
P0176,G0036,9,0.6,0.0,1.0,1,0,11.5,11.0,10.5,9.5,1.0,1.0,9.0,Female,28-32,Other,4.0
P0177,G0081,1,0.9,1.0,0.0,-1,-1,1.5,1.0,0.0,0.0,0.0,0.0,7.0,Male,18-22,South Africa,2.0
P0177,G0081,2,0.9,1.0,1.0,1,0,3.0,2.5,1.5,1.0,0.5,0.0,7.0,Male,18-22,South Africa,2.0
P0177,G0081,3,0.9,1.0,0.0,1,1,4.5,3.5,3.0,2.5,0.5,0.0,7.0,Male,18-22,South Africa,2.0
P0177,G0081,4,0.9,0.0,0.0,1,0,5.5,4.5,4.5,3.5,1.0,0.0,7.0,Male,18-22,South Africa,2.0
P0177,G0081,5,0.9,1.0,1.0,0,0,7.0,6.0,5.5,4.5,1.0,0.0,7.0,Male,18-22,South Africa,2.0
P0177,G0081,6,0.9,1.0,0.0,1,1,8.5,7.0,7.0,6.0,1.0,0.0,7.0,Male,18-22,South Africa,2.0
P0177,G0081,7,0.9,1.0,0.0,1,0,10.0,8.0,8.5,7.0,1.5,1.0,7.0,Male,18-22,South Africa,2.0
P0178,G0009,1,0.6,0.0,1.0,-1,-1,1.0,1.5,0.0,0.0,0.0,0.0,6.0,Female,33-37,Poland,0.0
P0178,G0009,2,0.6,0.0,0.0,0,1,2.0,2.5,1.0,1.5,-0.5,0.0,6.0,Female,33-37,Poland,0.0
P0178,G0009,3,0.6,0.0,0.0,0,0,3.0,3.5,2.0,2.5,-0.5,0.0,6.0,Female,33-37,Poland,0.0
P0178,G0009,4,0.6,1.0,0.0,0,0,4.5,4.5,3.0,3.5,-0.5,0.0,6.0,Female,33-37,Poland,0.0
P0178,G0009,5,0.6,0.0,1.0,1,0,5.5,6.0,4.5,4.5,0.0,0.0,6.0,Female,33-37,Poland,0.0
P0178,G0009,6,0.6,0.0,1.0,0,1,6.5,7.5,5.5,6.0,-0.5,0.0,6.0,Female,33-37,Poland,0.0
P0179,G0056,1,0.9,1.0,1.0,-1,-1,1.5,1.5,0.0,0.0,0.0,0.0,13.0,Male,23-27,South Africa,2.0
P0179,G0056,2,0.9,1.0,1.0,1,1,3.0,3.0,1.5,1.5,0.0,0.0,13.0,Male,23-27,South Africa,2.0
P0179,G0056,3,0.9,1.0,1.0,1,1,4.5,4.5,3.0,3.0,0.0,0.0,13.0,Male,23-27,South Africa,2.0
P0179,G0056,4,0.9,0.0,1.0,1,1,5.5,6.0,4.5,4.5,0.0,0.0,13.0,Male,23-27,South Africa,2.0
P0179,G0056,5,0.9,0.0,0.0,0,1,6.5,7.0,5.5,6.0,-0.5,0.0,13.0,Male,23-27,South Africa,2.0
P0179,G0056,6,0.9,0.0,0.0,0,0,7.5,8.0,6.5,7.0,-0.5,0.0,13.0,Male,23-27,South Africa,2.0
P0179,G0056,7,0.9,0.0,0.0,0,0,8.5,9.0,7.5,8.0,-0.5,0.0,13.0,Male,23-27,South Africa,2.0
P0179,G0056,8,0.9,1.0,0.0,0,0,10.0,10.0,8.5,9.0,-0.5,0.0,13.0,Male,23-27,South Africa,2.0
P0179,G0056,9,0.9,0.0,1.0,1,0,11.0,11.5,10.0,10.0,0.0,0.0,13.0,Male,23-27,South Africa,2.0
P0179,G0056,10,0.9,1.0,1.0,0,1,12.5,13.0,11.0,11.5,-0.5,0.0,13.0,Male,23-27,South Africa,2.0
P0179,G0056,11,0.9,1.0,0.0,1,1,14.0,14.0,12.5,13.0,-0.5,0.0,13.0,Male,23-27,South Africa,2.0
P0179,G0056,12,0.9,1.0,1.0,1,0,15.5,15.5,14.0,14.0,0.0,0.0,13.0,Male,23-27,South Africa,2.0
P0179,G0056,13,0.9,1.0,1.0,1,1,17.0,17.0,15.5,15.5,0.0,1.0,13.0,Male,23-27,South Africa,2.0
P0180,G0172,1,0.6,1.0,1.0,-1,-1,1.5,1.5,0.0,0.0,0.0,0.0,5.0,Male,28-32,Other,2.0
P0180,G0172,2,0.6,1.0,1.0,1,1,3.0,3.0,1.5,1.5,0.0,0.0,5.0,Male,28-32,Other,2.0
P0180,G0172,3,0.6,0.0,1.0,1,1,4.0,4.5,3.0,3.0,0.0,0.0,5.0,Male,28-32,Other,2.0
P0180,G0172,4,0.6,0.0,0.0,0,1,5.0,5.5,4.0,4.5,-0.5,0.0,5.0,Male,28-32,Other,2.0
P0180,G0172,5,0.6,1.0,0.0,0,0,6.5,6.5,5.0,5.5,-0.5,1.0,5.0,Male,28-32,Other,2.0
P0181,G0147,1,0.1,1.0,0.0,-1,-1,1.5,1.0,0.0,0.0,0.0,0.0,6.0,Male,33-37,Poland,5.0
P0181,G0147,2,0.1,0.0,0.0,1,0,2.5,2.0,1.5,1.0,0.5,0.0,6.0,Male,33-37,Poland,5.0
P0181,G0147,3,0.1,0.0,0.0,0,0,3.5,3.0,2.5,2.0,0.5,0.0,6.0,Male,33-37,Poland,5.0
P0181,G0147,4,0.1,0.0,1.0,0,0,4.5,4.5,3.5,3.0,0.5,0.0,6.0,Male,33-37,Poland,5.0
P0181,G0147,5,0.1,1.0,0.0,0,1,6.0,5.5,4.5,4.5,0.0,0.0,6.0,Male,33-37,Poland,5.0
P0181,G0147,6,0.1,1.0,0.0,1,0,7.5,6.5,6.0,5.5,0.5,1.0,6.0,Male,33-37,Poland,5.0
P0182,G0003,1,0.1,0.0,0.0,-1,-1,1.0,1.0,0.0,0.0,0.0,0.0,6.0,Female,28-32,South Africa,1.0
P0182,G0003,2,0.1,1.0,0.0,0,0,2.5,2.0,1.0,1.0,0.0,0.0,6.0,Female,28-32,South Africa,1.0
P0182,G0003,3,0.1,0.0,1.0,1,0,3.5,3.5,2.5,2.0,0.5,0.0,6.0,Female,28-32,South Africa,1.0
P0182,G0003,4,0.1,1.0,1.0,0,1,5.0,5.0,3.5,3.5,0.0,0.0,6.0,Female,28-32,South Africa,1.0
P0182,G0003,5,0.1,1.0,1.0,1,1,6.5,6.5,5.0,5.0,0.0,0.0,6.0,Female,28-32,South Africa,1.0
P0182,G0003,6,0.1,1.0,1.0,1,1,8.0,8.0,6.5,6.5,0.0,1.0,6.0,Female,28-32,South Africa,1.0
P0183,G0010,1,0.9,1.0,0.0,-1,-1,1.5,1.0,0.0,0.0,0.0,0.0,21.0,Male,28-32,Poland,3.0
P0183,G0010,2,0.9,0.0,0.0,1,0,2.5,2.0,1.5,1.0,0.5,0.0,21.0,Male,28-32,Poland,3.0
P0183,G0010,3,0.9,1.0,0.0,0,0,4.0,3.0,2.5,2.0,0.5,0.0,21.0,Male,28-32,Poland,3.0
P0183,G0010,4,0.9,0.0,1.0,1,0,5.0,4.5,4.0,3.0,1.0,0.0,21.0,Male,28-32,Poland,3.0
P0183,G0010,5,0.9,0.0,1.0,0,1,6.0,6.0,5.0,4.5,0.5,0.0,21.0,Male,28-32,Poland,3.0
P0183,G0010,6,0.9,0.0,1.0,0,1,7.0,7.5,6.0,6.0,0.0,0.0,21.0,Male,28-32,Poland,3.0
P0183,G0010,7,0.9,0.0,0.0,0,1,8.0,8.5,7.0,7.5,-0.5,0.0,21.0,Male,28-32,Poland,3.0
P0183,G0010,8,0.9,1.0,1.0,0,0,9.5,10.0,8.0,8.5,-0.5,0.0,21.0,Male,28-32,Poland,3.0
P0183,G0010,9,0.9,1.0,0.0,1,1,11.0,11.0,9.5,10.0,-0.5,0.0,21.0,Male,28-32,Poland,3.0
P0183,G0010,10,0.9,0.0,1.0,1,0,12.0,12.5,11.0,11.0,0.0,0.0,21.0,Male,28-32,Poland,3.0
P0183,G0010,11,0.9,1.0,1.0,0,1,13.5,14.0,12.0,12.5,-0.5,0.0,21.0,Male,28-32,Poland,3.0
P0183,G0010,12,0.9,0.0,1.0,1,1,14.5,15.5,13.5,14.0,-0.5,0.0,21.0,Male,28-32,Poland,3.0
P0183,G0010,13,0.9,0.0,1.0,0,1,15.5,17.0,14.5,15.5,-1.0,0.0,21.0,Male,28-32,Poland,3.0
P0183,G0010,14,0.9,0.0,1.0,0,1,16.5,18.5,15.5,17.0,-1.5,0.0,21.0,Male,28-32,Poland,3.0
P0183,G0010,15,0.9,0.0,1.0,0,1,17.5,20.0,16.5,18.5,-2.0,0.0,21.0,Male,28-32,Poland,3.0
P0183,G0010,16,0.9,1.0,1.0,0,1,19.0,21.5,17.5,20.0,-2.5,0.0,21.0,Male,28-32,Poland,3.0
P0183,G0010,17,0.9,0.0,1.0,1,1,20.0,23.0,19.0,21.5,-2.5,0.0,21.0,Male,28-32,Poland,3.0
P0183,G0010,18,0.9,0.0,1.0,0,1,21.0,24.5,20.0,23.0,-3.0,0.0,21.0,Male,28-32,Poland,3.0
P0183,G0010,19,0.9,1.0,0.0,0,1,22.5,25.5,21.0,24.5,-3.5,0.0,21.0,Male,28-32,Poland,3.0
P0183,G0010,20,0.9,1.0,1.0,1,0,24.0,27.0,22.5,25.5,-3.0,0.0,21.0,Male,28-32,Poland,3.0
P0183,G0010,21,0.9,1.0,1.0,1,1,25.5,28.5,24.0,27.0,-3.0,0.0,21.0,Male,28-32,Poland,3.0
P0184,G0009,1,0.6,1.0,0.0,-1,-1,1.5,1.0,0.0,0.0,0.0,0.0,6.0,Female,23-27,Other,0.0
P0184,G0009,2,0.6,0.0,0.0,1,0,2.5,2.0,1.5,1.0,0.5,0.0,6.0,Female,23-27,Other,0.0
P0184,G0009,3,0.6,0.0,0.0,0,0,3.5,3.0,2.5,2.0,0.5,0.0,6.0,Female,23-27,Other,0.0
P0184,G0009,4,0.6,0.0,1.0,0,0,4.5,4.5,3.5,3.0,0.5,0.0,6.0,Female,23-27,Other,0.0
P0184,G0009,5,0.6,1.0,0.0,0,1,6.0,5.5,4.5,4.5,0.0,0.0,6.0,Female,23-27,Other,0.0
P0184,G0009,6,0.6,1.0,0.0,1,0,7.5,6.5,6.0,5.5,0.5,1.0,6.0,Female,23-27,Other,0.0
P0185,G0093,1,0.6,1.0,0.0,-1,-1,1.5,1.0,0.0,0.0,0.0,0.0,10.0,Male,18-22,Other,2.0
P0185,G0093,2,0.6,1.0,1.0,1,0,3.0,2.5,1.5,1.0,0.5,0.0,10.0,Male,18-22,Other,2.0
P0185,G0093,3,0.6,1.0,0.0,1,1,4.5,3.5,3.0,2.5,0.5,0.0,10.0,Male,18-22,Other,2.0
P0185,G0093,4,0.6,1.0,0.0,1,0,6.0,4.5,4.5,3.5,1.0,0.0,10.0,Male,18-22,Other,2.0
P0185,G0093,5,0.6,1.0,1.0,1,0,7.5,6.0,6.0,4.5,1.5,0.0,10.0,Male,18-22,Other,2.0
P0185,G0093,6,0.6,1.0,1.0,1,1,9.0,7.5,7.5,6.0,1.5,0.0,10.0,Male,18-22,Other,2.0
P0185,G0093,7,0.6,1.0,1.0,1,1,10.5,9.0,9.0,7.5,1.5,0.0,10.0,Male,18-22,Other,2.0
P0185,G0093,8,0.6,1.0,1.0,1,1,12.0,10.5,10.5,9.0,1.5,0.0,10.0,Male,18-22,Other,2.0
P0185,G0093,9,0.6,1.0,1.0,1,1,13.5,12.0,12.0,10.5,1.5,0.0,10.0,Male,18-22,Other,2.0
P0185,G0093,10,0.6,1.0,0.0,1,1,15.0,13.0,13.5,12.0,1.5,1.0,10.0,Male,18-22,Other,2.0
P0186,G0027,1,0.6,1.0,0.0,-1,-1,1.5,1.0,0.0,0.0,0.0,0.0,9.0,Male,23-27,South Africa,2.0
P0186,G0027,2,0.6,0.0,0.0,1,0,2.5,2.0,1.5,1.0,0.5,0.0,9.0,Male,23-27,South Africa,2.0
P0186,G0027,3,0.6,1.0,1.0,0,0,4.0,3.5,2.5,2.0,0.5,0.0,9.0,Male,23-27,South Africa,2.0
P0186,G0027,4,0.6,1.0,0.0,1,1,5.5,4.5,4.0,3.5,0.5,0.0,9.0,Male,23-27,South Africa,2.0
P0186,G0027,5,0.6,1.0,0.0,1,0,7.0,5.5,5.5,4.5,1.0,0.0,9.0,Male,23-27,South Africa,2.0
P0186,G0027,6,0.6,1.0,1.0,1,0,8.5,7.0,7.0,5.5,1.5,0.0,9.0,Male,23-27,South Africa,2.0
P0186,G0027,7,0.6,1.0,1.0,1,1,10.0,8.5,8.5,7.0,1.5,0.0,9.0,Male,23-27,South Africa,2.0
P0186,G0027,8,0.6,1.0,0.0,1,1,11.5,9.5,10.0,8.5,1.5,0.0,9.0,Male,23-27,South Africa,2.0
P0186,G0027,9,0.6,0.0,1.0,1,0,12.5,11.0,11.5,9.5,2.0,1.0,9.0,Male,23-27,South Africa,2.0
P0187,G0067,1,0.9,1.0,0.0,-1,-1,1.5,1.0,0.0,0.0,0.0,0.0,5.0,Male,43-47,Other,4.0
P0187,G0067,2,0.9,0.0,1.0,1,0,2.5,2.5,1.5,1.0,0.5,0.0,5.0,Male,43-47,Other,4.0
P0187,G0067,3,0.9,0.0,0.0,0,1,3.5,3.5,2.5,2.5,0.0,0.0,5.0,Male,43-47,Other,4.0
P0187,G0067,4,0.9,0.0,1.0,0,0,4.5,5.0,3.5,3.5,0.0,0.0,5.0,Male,43-47,Other,4.0
P0187,G0067,5,0.9,1.0,0.0,0,1,6.0,6.0,4.5,5.0,-0.5,1.0,5.0,Male,43-47,Other,4.0
P0188,G0032,1,0.6,1.0,0.0,-1,-1,1.5,1.0,0.0,0.0,0.0,0.0,8.0,Male,18-22,Poland,2.0
P0188,G0032,2,0.6,0.0,1.0,1,0,2.5,2.5,1.5,1.0,0.5,0.0,8.0,Male,18-22,Poland,2.0
P0188,G0032,3,0.6,0.0,1.0,0,1,3.5,4.0,2.5,2.5,0.0,0.0,8.0,Male,18-22,Poland,2.0
P0188,G0032,4,0.6,0.0,0.0,0,1,4.5,5.0,3.5,4.0,-0.5,0.0,8.0,Male,18-22,Poland,2.0
P0188,G0032,5,0.6,1.0,1.0,0,0,6.0,6.5,4.5,5.0,-0.5,0.0,8.0,Male,18-22,Poland,2.0
P0188,G0032,6,0.6,1.0,1.0,1,1,7.5,8.0,6.0,6.5,-0.5,0.0,8.0,Male,18-22,Poland,2.0
P0188,G0032,7,0.6,1.0,1.0,1,1,9.0,9.5,7.5,8.0,-0.5,0.0,8.0,Male,18-22,Poland,2.0
P0188,G0032,8,0.6,1.0,1.0,1,1,10.5,11.0,9.0,9.5,-0.5,0.0,8.0,Male,18-22,Poland,2.0
P0189,G0063,1,0.6,0.0,0.0,-1,-1,1.0,1.0,0.0,0.0,0.0,0.0,5.0,Female,23-27,South Africa,1.0
P0189,G0063,2,0.6,0.0,1.0,0,0,2.0,2.5,1.0,1.0,0.0,0.0,5.0,Female,23-27,South Africa,1.0
P0189,G0063,3,0.6,1.0,0.0,0,1,3.5,3.5,2.0,2.5,-0.5,0.0,5.0,Female,23-27,South Africa,1.0
P0189,G0063,4,0.6,1.0,1.0,1,0,5.0,5.0,3.5,3.5,0.0,0.0,5.0,Female,23-27,South Africa,1.0
P0189,G0063,5,0.6,1.0,0.0,1,1,6.5,6.0,5.0,5.0,0.0,1.0,5.0,Female,23-27,South Africa,1.0
P0190,G0128,1,0.9,0.0,1.0,-1,-1,1.0,1.5,0.0,0.0,0.0,0.0,21.0,Male,23-27,Other,4.0
P0190,G0128,2,0.9,1.0,0.0,0,1,2.5,2.5,1.0,1.5,-0.5,0.0,21.0,Male,23-27,Other,4.0
P0190,G0128,3,0.9,0.0,1.0,1,0,3.5,4.0,2.5,2.5,0.0,0.0,21.0,Male,23-27,Other,4.0
P0190,G0128,4,0.9,0.0,0.0,0,1,4.5,5.0,3.5,4.0,-0.5,0.0,21.0,Male,23-27,Other,4.0
P0190,G0128,5,0.9,0.0,0.0,0,0,5.5,6.0,4.5,5.0,-0.5,0.0,21.0,Male,23-27,Other,4.0
P0190,G0128,6,0.9,0.0,0.0,0,0,6.5,7.0,5.5,6.0,-0.5,0.0,21.0,Male,23-27,Other,4.0
P0190,G0128,7,0.9,0.0,0.0,0,0,7.5,8.0,6.5,7.0,-0.5,0.0,21.0,Male,23-27,Other,4.0
P0190,G0128,8,0.9,0.0,0.0,0,0,8.5,9.0,7.5,8.0,-0.5,0.0,21.0,Male,23-27,Other,4.0
P0190,G0128,9,0.9,0.0,0.0,0,0,9.5,10.0,8.5,9.0,-0.5,0.0,21.0,Male,23-27,Other,4.0
P0190,G0128,10,0.9,0.0,0.0,0,0,10.5,11.0,9.5,10.0,-0.5,0.0,21.0,Male,23-27,Other,4.0
P0190,G0128,11,0.9,0.0,1.0,0,0,11.5,12.5,10.5,11.0,-0.5,0.0,21.0,Male,23-27,Other,4.0
P0190,G0128,12,0.9,0.0,0.0,0,1,12.5,13.5,11.5,12.5,-1.0,0.0,21.0,Male,23-27,Other,4.0
P0190,G0128,13,0.9,0.0,0.0,0,0,13.5,14.5,12.5,13.5,-1.0,0.0,21.0,Male,23-27,Other,4.0
P0190,G0128,14,0.9,0.0,0.0,0,0,14.5,15.5,13.5,14.5,-1.0,0.0,21.0,Male,23-27,Other,4.0
P0190,G0128,15,0.9,0.0,0.0,0,0,15.5,16.5,14.5,15.5,-1.0,0.0,21.0,Male,23-27,Other,4.0
P0190,G0128,16,0.9,0.0,0.0,0,0,16.5,17.5,15.5,16.5,-1.0,0.0,21.0,Male,23-27,Other,4.0
P0190,G0128,17,0.9,0.0,0.0,0,0,17.5,18.5,16.5,17.5,-1.0,0.0,21.0,Male,23-27,Other,4.0
P0190,G0128,18,0.9,0.0,0.0,0,0,18.5,19.5,17.5,18.5,-1.0,0.0,21.0,Male,23-27,Other,4.0
P0190,G0128,19,0.9,0.0,0.0,0,0,19.5,20.5,18.5,19.5,-1.0,0.0,21.0,Male,23-27,Other,4.0
P0190,G0128,20,0.9,0.0,0.0,0,0,20.5,21.5,19.5,20.5,-1.0,0.0,21.0,Male,23-27,Other,4.0
P0190,G0128,21,0.9,0.0,0.0,0,0,21.5,22.5,20.5,21.5,-1.0,0.0,21.0,Male,23-27,Other,4.0
P0191,G0013,1,0.9,1.0,0.0,-1,-1,1.5,1.0,0.0,0.0,0.0,0.0,9.0,Male,23-27,Other,3.0
P0191,G0013,2,0.9,1.0,1.0,1,0,3.0,2.5,1.5,1.0,0.5,0.0,9.0,Male,23-27,Other,3.0
P0191,G0013,3,0.9,1.0,0.0,1,1,4.5,3.5,3.0,2.5,0.5,0.0,9.0,Male,23-27,Other,3.0
P0191,G0013,4,0.9,1.0,1.0,1,0,6.0,5.0,4.5,3.5,1.0,0.0,9.0,Male,23-27,Other,3.0
P0191,G0013,5,0.9,0.0,0.0,1,1,7.0,6.0,6.0,5.0,1.0,0.0,9.0,Male,23-27,Other,3.0
P0191,G0013,6,0.9,1.0,1.0,0,0,8.5,7.5,7.0,6.0,1.0,0.0,9.0,Male,23-27,Other,3.0
P0191,G0013,7,0.9,1.0,0.0,1,1,10.0,8.5,8.5,7.5,1.0,0.0,9.0,Male,23-27,Other,3.0
P0191,G0013,8,0.9,0.0,0.0,1,0,11.0,9.5,10.0,8.5,1.5,0.0,9.0,Male,23-27,Other,3.0
P0191,G0013,9,0.9,1.0,1.0,0,0,12.5,11.0,11.0,9.5,1.5,1.0,9.0,Male,23-27,Other,3.0
P0192,G0043,1,0.1,0.0,1.0,-1,-1,1.0,1.5,0.0,0.0,0.0,0.0,10.0,Male,18-22,South Africa,1.0
P0192,G0043,2,0.1,1.0,1.0,0,1,2.5,3.0,1.0,1.5,-0.5,0.0,10.0,Male,18-22,South Africa,1.0
P0192,G0043,3,0.1,1.0,1.0,1,1,4.0,4.5,2.5,3.0,-0.5,0.0,10.0,Male,18-22,South Africa,1.0
P0192,G0043,4,0.1,1.0,1.0,1,1,5.5,6.0,4.0,4.5,-0.5,0.0,10.0,Male,18-22,South Africa,1.0
P0192,G0043,5,0.1,0.0,1.0,1,1,6.5,7.5,5.5,6.0,-0.5,0.0,10.0,Male,18-22,South Africa,1.0
P0192,G0043,6,0.1,1.0,1.0,0,1,8.0,9.0,6.5,7.5,-1.0,0.0,10.0,Male,18-22,South Africa,1.0
P0192,G0043,7,0.1,1.0,1.0,1,1,9.5,10.5,8.0,9.0,-1.0,0.0,10.0,Male,18-22,South Africa,1.0
P0192,G0043,8,0.1,1.0,1.0,1,1,11.0,12.0,9.5,10.5,-1.0,0.0,10.0,Male,18-22,South Africa,1.0
P0192,G0043,9,0.1,1.0,1.0,1,1,12.5,13.5,11.0,12.0,-1.0,0.0,10.0,Male,18-22,South Africa,1.0
P0192,G0043,10,0.1,1.0,1.0,1,1,14.0,15.0,12.5,13.5,-1.0,0.0,10.0,Male,18-22,South Africa,1.0
P0193,G0091,1,0.1,0.0,1.0,-1,-1,1.0,1.5,0.0,0.0,0.0,0.0,10.0,Female,18-22,South Africa,3.0
P0193,G0091,2,0.1,0.0,1.0,0,1,2.0,3.0,1.0,1.5,-0.5,0.0,10.0,Female,18-22,South Africa,3.0
P0193,G0091,3,0.1,1.0,0.0,0,1,3.5,4.0,2.0,3.0,-1.0,0.0,10.0,Female,18-22,South Africa,3.0
P0193,G0091,4,0.1,0.0,0.0,1,0,4.5,5.0,3.5,4.0,-0.5,0.0,10.0,Female,18-22,South Africa,3.0
P0193,G0091,5,0.1,0.0,0.0,0,0,5.5,6.0,4.5,5.0,-0.5,0.0,10.0,Female,18-22,South Africa,3.0
P0193,G0091,6,0.1,0.0,1.0,0,0,6.5,7.5,5.5,6.0,-0.5,0.0,10.0,Female,18-22,South Africa,3.0
P0193,G0091,7,0.1,1.0,0.0,0,1,8.0,8.5,6.5,7.5,-1.0,0.0,10.0,Female,18-22,South Africa,3.0
P0193,G0091,8,0.1,0.0,0.0,1,0,9.0,9.5,8.0,8.5,-0.5,0.0,10.0,Female,18-22,South Africa,3.0
P0193,G0091,9,0.1,0.0,0.0,0,0,10.0,10.5,9.0,9.5,-0.5,0.0,10.0,Female,18-22,South Africa,3.0
P0193,G0091,10,0.1,0.0,1.0,0,0,11.0,12.0,10.0,10.5,-0.5,0.0,10.0,Female,18-22,South Africa,3.0
P0194,G0131,1,0.9,0.0,1.0,-1,-1,1.0,1.5,0.0,0.0,0.0,0.0,6.0,Female,33-37,South Africa,4.0
P0194,G0131,2,0.9,0.0,1.0,0,1,2.0,3.0,1.0,1.5,-0.5,0.0,6.0,Female,33-37,South Africa,4.0
P0194,G0131,3,0.9,0.0,1.0,0,1,3.0,4.5,2.0,3.0,-1.0,0.0,6.0,Female,33-37,South Africa,4.0
P0194,G0131,4,0.9,1.0,0.0,0,1,4.5,5.5,3.0,4.5,-1.5,0.0,6.0,Female,33-37,South Africa,4.0
P0194,G0131,5,0.9,0.0,1.0,1,0,5.5,7.0,4.5,5.5,-1.0,0.0,6.0,Female,33-37,South Africa,4.0
P0194,G0131,6,0.9,0.0,0.0,0,1,6.5,8.0,5.5,7.0,-1.5,0.0,6.0,Female,33-37,South Africa,4.0
P0195,G0064,1,0.6,1.0,0.0,-1,-1,1.5,1.0,0.0,0.0,0.0,0.0,13.0,Male,23-27,Other,3.0
P0195,G0064,2,0.6,0.0,0.0,1,0,2.5,2.0,1.5,1.0,0.5,0.0,13.0,Male,23-27,Other,3.0
P0195,G0064,3,0.6,0.0,0.0,0,0,3.5,3.0,2.5,2.0,0.5,0.0,13.0,Male,23-27,Other,3.0
P0195,G0064,4,0.6,1.0,1.0,0,0,5.0,4.5,3.5,3.0,0.5,0.0,13.0,Male,23-27,Other,3.0
P0195,G0064,5,0.6,0.0,0.0,1,1,6.0,5.5,5.0,4.5,0.5,0.0,13.0,Male,23-27,Other,3.0
P0195,G0064,6,0.6,1.0,0.0,0,0,7.5,6.5,6.0,5.5,0.5,0.0,13.0,Male,23-27,Other,3.0
P0195,G0064,7,0.6,0.0,1.0,1,0,8.5,8.0,7.5,6.5,1.0,0.0,13.0,Male,23-27,Other,3.0
P0195,G0064,8,0.6,0.0,0.0,0,1,9.5,9.0,8.5,8.0,0.5,0.0,13.0,Male,23-27,Other,3.0
P0195,G0064,9,0.6,0.0,0.0,0,0,10.5,10.0,9.5,9.0,0.5,0.0,13.0,Male,23-27,Other,3.0
P0195,G0064,10,0.6,1.0,0.0,0,0,12.0,11.0,10.5,10.0,0.5,0.0,13.0,Male,23-27,Other,3.0
P0195,G0064,11,0.6,0.0,0.0,1,0,13.0,12.0,12.0,11.0,1.0,0.0,13.0,Male,23-27,Other,3.0
P0195,G0064,12,0.6,0.0,0.0,0,0,14.0,13.0,13.0,12.0,1.0,0.0,13.0,Male,23-27,Other,3.0
P0195,G0064,13,0.6,0.0,1.0,0,0,15.0,14.5,14.0,13.0,1.0,1.0,13.0,Male,23-27,Other,3.0
P0196,G0121,1,0.9,1.0,1.0,-1,-1,1.5,1.5,0.0,0.0,0.0,0.0,5.0,Female,33-37,Other,3.0
P0196,G0121,2,0.9,1.0,1.0,1,1,3.0,3.0,1.5,1.5,0.0,0.0,5.0,Female,33-37,Other,3.0
P0196,G0121,3,0.9,0.0,1.0,1,1,4.0,4.5,3.0,3.0,0.0,0.0,5.0,Female,33-37,Other,3.0
P0196,G0121,4,0.9,0.0,1.0,0,1,5.0,6.0,4.0,4.5,-0.5,0.0,5.0,Female,33-37,Other,3.0
P0196,G0121,5,0.9,1.0,0.0,0,1,6.5,7.0,5.0,6.0,-1.0,0.0,5.0,Female,33-37,Other,3.0
P0197,G0059,1,0.6,0.0,0.0,-1,-1,1.0,1.0,0.0,0.0,0.0,0.0,8.0,Male,38-42,Other,2.0
P0197,G0059,2,0.6,1.0,0.0,0,0,2.5,2.0,1.0,1.0,0.0,0.0,8.0,Male,38-42,Other,2.0
P0197,G0059,3,0.6,0.0,1.0,1,0,3.5,3.5,2.5,2.0,0.5,0.0,8.0,Male,38-42,Other,2.0
P0197,G0059,4,0.6,1.0,0.0,0,1,5.0,4.5,3.5,3.5,0.0,0.0,8.0,Male,38-42,Other,2.0
P0197,G0059,5,0.6,0.0,1.0,1,0,6.0,6.0,5.0,4.5,0.5,0.0,8.0,Male,38-42,Other,2.0
P0197,G0059,6,0.6,1.0,1.0,0,1,7.5,7.5,6.0,6.0,0.0,0.0,8.0,Male,38-42,Other,2.0
P0197,G0059,7,0.6,0.0,1.0,1,1,8.5,9.0,7.5,7.5,0.0,0.0,8.0,Male,38-42,Other,2.0
P0197,G0059,8,0.6,0.0,1.0,0,1,9.5,10.5,8.5,9.0,-0.5,0.0,8.0,Male,38-42,Other,2.0
P0198,G0098,1,0.6,0.0,0.0,-1,-1,1.0,1.0,0.0,0.0,0.0,0.0,9.0,Female,18-22,Other,3.0
P0198,G0098,2,0.6,0.0,1.0,0,0,2.0,2.5,1.0,1.0,0.0,0.0,9.0,Female,18-22,Other,3.0
P0198,G0098,3,0.6,0.0,0.0,0,1,3.0,3.5,2.0,2.5,-0.5,0.0,9.0,Female,18-22,Other,3.0
P0198,G0098,4,0.6,1.0,0.0,0,0,4.5,4.5,3.0,3.5,-0.5,0.0,9.0,Female,18-22,Other,3.0
P0198,G0098,5,0.6,0.0,0.0,1,0,5.5,5.5,4.5,4.5,0.0,0.0,9.0,Female,18-22,Other,3.0
P0198,G0098,6,0.6,0.0,1.0,0,0,6.5,7.0,5.5,5.5,0.0,0.0,9.0,Female,18-22,Other,3.0
P0198,G0098,7,0.6,0.0,1.0,0,1,7.5,8.5,6.5,7.0,-0.5,0.0,9.0,Female,18-22,Other,3.0
P0198,G0098,8,0.6,0.0,0.0,0,1,8.5,9.5,7.5,8.5,-1.0,0.0,9.0,Female,18-22,Other,3.0
P0198,G0098,9,0.6,0.0,0.0,0,0,9.5,10.5,8.5,9.5,-1.0,0.0,9.0,Female,18-22,Other,3.0
P0199,G0121,1,0.9,1.0,1.0,-1,-1,1.5,1.5,0.0,0.0,0.0,0.0,5.0,Male,28-32,Other,0.0
P0199,G0121,2,0.9,1.0,1.0,1,1,3.0,3.0,1.5,1.5,0.0,0.0,5.0,Male,28-32,Other,0.0
P0199,G0121,3,0.9,1.0,0.0,1,1,4.5,4.0,3.0,3.0,0.0,0.0,5.0,Male,28-32,Other,0.0
P0199,G0121,4,0.9,1.0,0.0,1,0,6.0,5.0,4.5,4.0,0.5,0.0,5.0,Male,28-32,Other,0.0
P0199,G0121,5,0.9,0.0,1.0,1,0,7.0,6.5,6.0,5.0,1.0,1.0,5.0,Male,28-32,Other,0.0
P0200,G0026,1,0.9,0.0,1.0,-1,-1,1.0,1.5,0.0,0.0,0.0,0.0,14.0,Female,28-32,Other,5.0
P0200,G0026,2,0.9,1.0,1.0,0,1,2.5,3.0,1.0,1.5,-0.5,0.0,14.0,Female,28-32,Other,5.0
P0200,G0026,3,0.9,1.0,1.0,1,1,4.0,4.5,2.5,3.0,-0.5,0.0,14.0,Female,28-32,Other,5.0
P0200,G0026,4,0.9,0.0,1.0,1,1,5.0,6.0,4.0,4.5,-0.5,0.0,14.0,Female,28-32,Other,5.0
P0200,G0026,5,0.9,1.0,1.0,0,1,6.5,7.5,5.0,6.0,-1.0,0.0,14.0,Female,28-32,Other,5.0
P0200,G0026,6,0.9,1.0,1.0,1,1,8.0,9.0,6.5,7.5,-1.0,0.0,14.0,Female,28-32,Other,5.0
P0200,G0026,7,0.9,1.0,1.0,1,1,9.5,10.5,8.0,9.0,-1.0,0.0,14.0,Female,28-32,Other,5.0
P0200,G0026,8,0.9,1.0,1.0,1,1,11.0,12.0,9.5,10.5,-1.0,0.0,14.0,Female,28-32,Other,5.0
P0200,G0026,9,0.9,0.0,0.0,1,1,12.0,13.0,11.0,12.0,-1.0,0.0,14.0,Female,28-32,Other,5.0
P0200,G0026,10,0.9,1.0,1.0,0,0,13.5,14.5,12.0,13.0,-1.0,0.0,14.0,Female,28-32,Other,5.0
P0200,G0026,11,0.9,1.0,1.0,1,1,15.0,16.0,13.5,14.5,-1.0,0.0,14.0,Female,28-32,Other,5.0
P0200,G0026,12,0.9,1.0,1.0,1,1,16.5,17.5,15.0,16.0,-1.0,0.0,14.0,Female,28-32,Other,5.0
P0200,G0026,13,0.9,0.0,0.0,1,1,17.5,18.5,16.5,17.5,-1.0,0.0,14.0,Female,28-32,Other,5.0
P0200,G0026,14,0.9,1.0,1.0,0,0,19.0,20.0,17.5,18.5,-1.0,0.0,14.0,Female,28-32,Other,5.0
P0201,G0014,1,0.1,0.0,0.0,-1,-1,1.0,1.0,0.0,0.0,0.0,0.0,5.0,Female,23-27,South Africa,1.0
P0201,G0014,2,0.1,1.0,0.0,0,0,2.5,2.0,1.0,1.0,0.0,0.0,5.0,Female,23-27,South Africa,1.0
P0201,G0014,3,0.1,1.0,0.0,1,0,4.0,3.0,2.5,2.0,0.5,0.0,5.0,Female,23-27,South Africa,1.0
P0201,G0014,4,0.1,0.0,0.0,1,0,5.0,4.0,4.0,3.0,1.0,0.0,5.0,Female,23-27,South Africa,1.0
P0201,G0014,5,0.1,1.0,1.0,0,0,6.5,5.5,5.0,4.0,1.0,1.0,5.0,Female,23-27,South Africa,1.0
P0202,G0098,1,0.6,0.0,0.0,-1,-1,1.0,1.0,0.0,0.0,0.0,0.0,9.0,Male,18-22,Other,5.0
P0202,G0098,2,0.6,1.0,0.0,0,0,2.5,2.0,1.0,1.0,0.0,0.0,9.0,Male,18-22,Other,5.0
P0202,G0098,3,0.6,0.0,0.0,1,0,3.5,3.0,2.5,2.0,0.5,0.0,9.0,Male,18-22,Other,5.0
P0202,G0098,4,0.6,0.0,1.0,0,0,4.5,4.5,3.5,3.0,0.5,0.0,9.0,Male,18-22,Other,5.0
P0202,G0098,5,0.6,0.0,0.0,0,1,5.5,5.5,4.5,4.5,0.0,0.0,9.0,Male,18-22,Other,5.0
P0202,G0098,6,0.6,1.0,0.0,0,0,7.0,6.5,5.5,5.5,0.0,0.0,9.0,Male,18-22,Other,5.0
P0202,G0098,7,0.6,1.0,0.0,1,0,8.5,7.5,7.0,6.5,0.5,0.0,9.0,Male,18-22,Other,5.0
P0202,G0098,8,0.6,0.0,0.0,1,0,9.5,8.5,8.5,7.5,1.0,0.0,9.0,Male,18-22,Other,5.0
P0202,G0098,9,0.6,0.0,0.0,0,0,10.5,9.5,9.5,8.5,1.0,1.0,9.0,Male,18-22,Other,5.0
P0203,G0083,1,0.9,1.0,1.0,-1,-1,1.5,1.5,0.0,0.0,0.0,0.0,12.0,Male,28-32,Other,0.0
P0203,G0083,2,0.9,1.0,1.0,1,1,3.0,3.0,1.5,1.5,0.0,0.0,12.0,Male,28-32,Other,0.0
P0203,G0083,3,0.9,1.0,0.0,1,1,4.5,4.0,3.0,3.0,0.0,0.0,12.0,Male,28-32,Other,0.0
P0203,G0083,4,0.9,1.0,1.0,1,0,6.0,5.5,4.5,4.0,0.5,0.0,12.0,Male,28-32,Other,0.0
P0203,G0083,5,0.9,1.0,1.0,1,1,7.5,7.0,6.0,5.5,0.5,0.0,12.0,Male,28-32,Other,0.0
P0203,G0083,6,0.9,1.0,1.0,1,1,9.0,8.5,7.5,7.0,0.5,0.0,12.0,Male,28-32,Other,0.0
P0203,G0083,7,0.9,1.0,1.0,1,1,10.5,10.0,9.0,8.5,0.5,0.0,12.0,Male,28-32,Other,0.0
P0203,G0083,8,0.9,1.0,1.0,1,1,12.0,11.5,10.5,10.0,0.5,0.0,12.0,Male,28-32,Other,0.0
P0203,G0083,9,0.9,1.0,1.0,1,1,13.5,13.0,12.0,11.5,0.5,0.0,12.0,Male,28-32,Other,0.0
P0203,G0083,10,0.9,1.0,1.0,1,1,15.0,14.5,13.5,13.0,0.5,0.0,12.0,Male,28-32,Other,0.0
P0203,G0083,11,0.9,1.0,1.0,1,1,16.5,16.0,15.0,14.5,0.5,0.0,12.0,Male,28-32,Other,0.0
P0203,G0083,12,0.9,1.0,1.0,1,1,18.0,17.5,16.5,16.0,0.5,1.0,12.0,Male,28-32,Other,0.0
P0204,G0163,1,0.9,1.0,0.0,-1,-1,1.5,1.0,0.0,0.0,0.0,0.0,8.0,Female,28-32,Other,5.0
P0204,G0163,2,0.9,0.0,1.0,1,0,2.5,2.5,1.5,1.0,0.5,0.0,8.0,Female,28-32,Other,5.0
P0204,G0163,3,0.9,1.0,1.0,0,1,4.0,4.0,2.5,2.5,0.0,0.0,8.0,Female,28-32,Other,5.0
P0204,G0163,4,0.9,1.0,0.0,1,1,5.5,5.0,4.0,4.0,0.0,0.0,8.0,Female,28-32,Other,5.0
P0204,G0163,5,0.9,1.0,1.0,1,0,7.0,6.5,5.5,5.0,0.5,0.0,8.0,Female,28-32,Other,5.0
P0204,G0163,6,0.9,1.0,0.0,1,1,8.5,7.5,7.0,6.5,0.5,0.0,8.0,Female,28-32,Other,5.0
P0204,G0163,7,0.9,0.0,0.0,1,0,9.5,8.5,8.5,7.5,1.0,0.0,8.0,Female,28-32,Other,5.0
P0204,G0163,8,0.9,0.0,0.0,0,0,10.5,9.5,9.5,8.5,1.0,1.0,8.0,Female,28-32,Other,5.0
P0205,G0145,1,0.9,1.0,0.0,-1,-1,1.5,1.0,0.0,0.0,0.0,0.0,7.0,Female,23-27,South Africa,2.0
P0205,G0145,2,0.9,0.0,0.0,1,0,2.5,2.0,1.5,1.0,0.5,0.0,7.0,Female,23-27,South Africa,2.0
P0205,G0145,3,0.9,0.0,0.0,0,0,3.5,3.0,2.5,2.0,0.5,0.0,7.0,Female,23-27,South Africa,2.0
P0205,G0145,4,0.9,1.0,1.0,0,0,5.0,4.5,3.5,3.0,0.5,0.0,7.0,Female,23-27,South Africa,2.0
P0205,G0145,5,0.9,0.0,1.0,1,1,6.0,6.0,5.0,4.5,0.5,0.0,7.0,Female,23-27,South Africa,2.0
P0205,G0145,6,0.9,0.0,0.0,0,1,7.0,7.0,6.0,6.0,0.0,0.0,7.0,Female,23-27,South Africa,2.0
P0205,G0145,7,0.9,0.0,0.0,0,0,8.0,8.0,7.0,7.0,0.0,1.0,7.0,Female,23-27,South Africa,2.0
P0206,G0073,1,0.6,1.0,0.0,-1,-1,1.5,1.0,0.0,0.0,0.0,0.0,7.0,Female,33-37,Other,1.0
P0206,G0073,2,0.6,1.0,0.0,1,0,3.0,2.0,1.5,1.0,0.5,0.0,7.0,Female,33-37,Other,1.0
P0206,G0073,3,0.6,0.0,1.0,1,0,4.0,3.5,3.0,2.0,1.0,0.0,7.0,Female,33-37,Other,1.0
P0206,G0073,4,0.6,1.0,0.0,0,1,5.5,4.5,4.0,3.5,0.5,0.0,7.0,Female,33-37,Other,1.0
P0206,G0073,5,0.6,1.0,1.0,1,0,7.0,6.0,5.5,4.5,1.0,0.0,7.0,Female,33-37,Other,1.0
P0206,G0073,6,0.6,1.0,1.0,1,1,8.5,7.5,7.0,6.0,1.0,0.0,7.0,Female,33-37,Other,1.0
P0206,G0073,7,0.6,1.0,0.0,1,1,10.0,8.5,8.5,7.5,1.0,1.0,7.0,Female,33-37,Other,1.0
P0207,G0062,1,0.9,0.0,0.0,-1,-1,1.0,1.0,0.0,0.0,0.0,0.0,6.0,Male,23-27,South Africa,5.0
P0207,G0062,2,0.9,0.0,1.0,0,0,2.0,2.5,1.0,1.0,0.0,0.0,6.0,Male,23-27,South Africa,5.0
P0207,G0062,3,0.9,1.0,0.0,0,1,3.5,3.5,2.0,2.5,-0.5,0.0,6.0,Male,23-27,South Africa,5.0
P0207,G0062,4,0.9,0.0,1.0,1,0,4.5,5.0,3.5,3.5,0.0,0.0,6.0,Male,23-27,South Africa,5.0
P0207,G0062,5,0.9,0.0,1.0,0,1,5.5,6.5,4.5,5.0,-0.5,0.0,6.0,Male,23-27,South Africa,5.0
P0207,G0062,6,0.9,1.0,1.0,0,1,7.0,8.0,5.5,6.5,-1.0,0.0,6.0,Male,23-27,South Africa,5.0
P0208,G0076,1,0.1,1.0,0.0,-1,-1,1.5,1.0,0.0,0.0,0.0,0.0,17.0,Male,18-22,Other,5.0
P0208,G0076,2,0.1,0.0,1.0,1,0,2.5,2.5,1.5,1.0,0.5,0.0,17.0,Male,18-22,Other,5.0
P0208,G0076,3,0.1,0.0,0.0,0,1,3.5,3.5,2.5,2.5,0.0,0.0,17.0,Male,18-22,Other,5.0
P0208,G0076,4,0.1,1.0,1.0,0,0,5.0,5.0,3.5,3.5,0.0,0.0,17.0,Male,18-22,Other,5.0
P0208,G0076,5,0.1,1.0,1.0,1,1,6.5,6.5,5.0,5.0,0.0,0.0,17.0,Male,18-22,Other,5.0
P0208,G0076,6,0.1,1.0,1.0,1,1,8.0,8.0,6.5,6.5,0.0,0.0,17.0,Male,18-22,Other,5.0
P0208,G0076,7,0.1,1.0,1.0,1,1,9.5,9.5,8.0,8.0,0.0,0.0,17.0,Male,18-22,Other,5.0
P0208,G0076,8,0.1,1.0,1.0,1,1,11.0,11.0,9.5,9.5,0.0,0.0,17.0,Male,18-22,Other,5.0
P0208,G0076,9,0.1,1.0,1.0,1,1,12.5,12.5,11.0,11.0,0.0,0.0,17.0,Male,18-22,Other,5.0
P0208,G0076,10,0.1,1.0,1.0,1,1,14.0,14.0,12.5,12.5,0.0,0.0,17.0,Male,18-22,Other,5.0
P0208,G0076,11,0.1,1.0,1.0,1,1,15.5,15.5,14.0,14.0,0.0,0.0,17.0,Male,18-22,Other,5.0
P0208,G0076,12,0.1,1.0,1.0,1,1,17.0,17.0,15.5,15.5,0.0,0.0,17.0,Male,18-22,Other,5.0
P0208,G0076,13,0.1,1.0,1.0,1,1,18.5,18.5,17.0,17.0,0.0,0.0,17.0,Male,18-22,Other,5.0
P0208,G0076,14,0.1,1.0,1.0,1,1,20.0,20.0,18.5,18.5,0.0,0.0,17.0,Male,18-22,Other,5.0
P0208,G0076,15,0.1,1.0,1.0,1,1,21.5,21.5,20.0,20.0,0.0,0.0,17.0,Male,18-22,Other,5.0
P0208,G0076,16,0.1,1.0,1.0,1,1,23.0,23.0,21.5,21.5,0.0,0.0,17.0,Male,18-22,Other,5.0
P0208,G0076,17,0.1,1.0,1.0,1,1,24.5,24.5,23.0,23.0,0.0,1.0,17.0,Male,18-22,Other,5.0
P0209,G0118,1,0.1,1.0,1.0,-1,-1,1.5,1.5,0.0,0.0,0.0,0.0,7.0,Male,43-47,South Africa,2.0
P0209,G0118,2,0.1,1.0,1.0,1,1,3.0,3.0,1.5,1.5,0.0,0.0,7.0,Male,43-47,South Africa,2.0
P0209,G0118,3,0.1,1.0,1.0,1,1,4.5,4.5,3.0,3.0,0.0,0.0,7.0,Male,43-47,South Africa,2.0
P0209,G0118,4,0.1,1.0,1.0,1,1,6.0,6.0,4.5,4.5,0.0,0.0,7.0,Male,43-47,South Africa,2.0
P0209,G0118,5,0.1,1.0,1.0,1,1,7.5,7.5,6.0,6.0,0.0,0.0,7.0,Male,43-47,South Africa,2.0
P0209,G0118,6,0.1,1.0,1.0,1,1,9.0,9.0,7.5,7.5,0.0,0.0,7.0,Male,43-47,South Africa,2.0
P0209,G0118,7,0.1,1.0,1.0,1,1,10.5,10.5,9.0,9.0,0.0,1.0,7.0,Male,43-47,South Africa,2.0
P0210,G0016,1,0.9,1.0,1.0,-1,-1,1.5,1.5,0.0,0.0,0.0,0.0,9.0,Male,18-22,South Africa,1.0
P0210,G0016,2,0.9,1.0,1.0,1,1,3.0,3.0,1.5,1.5,0.0,0.0,9.0,Male,18-22,South Africa,1.0
P0210,G0016,3,0.9,0.0,0.0,1,1,4.0,4.0,3.0,3.0,0.0,0.0,9.0,Male,18-22,South Africa,1.0
P0210,G0016,4,0.9,1.0,0.0,0,0,5.5,5.0,4.0,4.0,0.0,0.0,9.0,Male,18-22,South Africa,1.0
P0210,G0016,5,0.9,1.0,0.0,1,0,7.0,6.0,5.5,5.0,0.5,0.0,9.0,Male,18-22,South Africa,1.0
P0210,G0016,6,0.9,0.0,1.0,1,0,8.0,7.5,7.0,6.0,1.0,0.0,9.0,Male,18-22,South Africa,1.0
P0210,G0016,7,0.9,1.0,1.0,0,1,9.5,9.0,8.0,7.5,0.5,0.0,9.0,Male,18-22,South Africa,1.0
P0210,G0016,8,0.9,0.0,1.0,1,1,10.5,10.5,9.5,9.0,0.5,0.0,9.0,Male,18-22,South Africa,1.0
P0210,G0016,9,0.9,1.0,1.0,0,1,12.0,12.0,10.5,10.5,0.0,1.0,9.0,Male,18-22,South Africa,1.0
P0211,G0078,1,0.9,0.0,1.0,-1,-1,1.0,1.5,0.0,0.0,0.0,0.0,6.0,Female,18-22,Other,2.0
P0211,G0078,2,0.9,0.0,1.0,0,1,2.0,3.0,1.0,1.5,-0.5,0.0,6.0,Female,18-22,Other,2.0
P0211,G0078,3,0.9,1.0,0.0,0,1,3.5,4.0,2.0,3.0,-1.0,0.0,6.0,Female,18-22,Other,2.0
P0211,G0078,4,0.9,1.0,1.0,1,0,5.0,5.5,3.5,4.0,-0.5,0.0,6.0,Female,18-22,Other,2.0
P0211,G0078,5,0.9,1.0,1.0,1,1,6.5,7.0,5.0,5.5,-0.5,0.0,6.0,Female,18-22,Other,2.0
P0211,G0078,6,0.9,1.0,1.0,1,1,8.0,8.5,6.5,7.0,-0.5,0.0,6.0,Female,18-22,Other,2.0
P0212,G0125,1,0.6,1.0,1.0,-1,-1,1.5,1.5,0.0,0.0,0.0,0.0,8.0,Male,23-27,Other,1.0
P0212,G0125,2,0.6,0.0,1.0,1,1,2.5,3.0,1.5,1.5,0.0,0.0,8.0,Male,23-27,Other,1.0
P0212,G0125,3,0.6,0.0,0.0,0,1,3.5,4.0,2.5,3.0,-0.5,0.0,8.0,Male,23-27,Other,1.0
P0212,G0125,4,0.6,1.0,1.0,0,0,5.0,5.5,3.5,4.0,-0.5,0.0,8.0,Male,23-27,Other,1.0
P0212,G0125,5,0.6,1.0,1.0,1,1,6.5,7.0,5.0,5.5,-0.5,0.0,8.0,Male,23-27,Other,1.0
P0212,G0125,6,0.6,1.0,0.0,1,1,8.0,8.0,6.5,7.0,-0.5,0.0,8.0,Male,23-27,Other,1.0
P0212,G0125,7,0.6,0.0,1.0,1,0,9.0,9.5,8.0,8.0,0.0,0.0,8.0,Male,23-27,Other,1.0
P0212,G0125,8,0.6,1.0,1.0,0,1,10.5,11.0,9.0,9.5,-0.5,0.0,8.0,Male,23-27,Other,1.0
P0213,G0002,1,0.9,1.0,1.0,-1,-1,1.5,1.5,0.0,0.0,0.0,0.0,6.0,Female,48-52,Other,3.0
P0213,G0002,2,0.9,1.0,0.0,1,1,3.0,2.5,1.5,1.5,0.0,0.0,6.0,Female,48-52,Other,3.0
P0213,G0002,3,0.9,1.0,1.0,1,0,4.5,4.0,3.0,2.5,0.5,0.0,6.0,Female,48-52,Other,3.0
P0213,G0002,4,0.9,1.0,1.0,1,1,6.0,5.5,4.5,4.0,0.5,0.0,6.0,Female,48-52,Other,3.0
P0213,G0002,5,0.9,1.0,1.0,1,1,7.5,7.0,6.0,5.5,0.5,0.0,6.0,Female,48-52,Other,3.0
P0213,G0002,6,0.9,1.0,1.0,1,1,9.0,8.5,7.5,7.0,0.5,1.0,6.0,Female,48-52,Other,3.0
P0214,G0134,1,0.6,1.0,0.0,-1,-1,1.5,1.0,0.0,0.0,0.0,0.0,5.0,Male,38-42,Other,0.0
P0214,G0134,2,0.6,0.0,0.0,1,0,2.5,2.0,1.5,1.0,0.5,0.0,5.0,Male,38-42,Other,0.0
P0214,G0134,3,0.6,1.0,1.0,0,0,4.0,3.5,2.5,2.0,0.5,0.0,5.0,Male,38-42,Other,0.0
P0214,G0134,4,0.6,1.0,1.0,1,1,5.5,5.0,4.0,3.5,0.5,0.0,5.0,Male,38-42,Other,0.0
P0214,G0134,5,0.6,0.0,1.0,1,1,6.5,6.5,5.5,5.0,0.5,1.0,5.0,Male,38-42,Other,0.0
P0215,G0131,1,0.9,1.0,0.0,-1,-1,1.5,1.0,0.0,0.0,0.0,0.0,6.0,Female,18-22,South Africa,2.0
P0215,G0131,2,0.9,1.0,0.0,1,0,3.0,2.0,1.5,1.0,0.5,0.0,6.0,Female,18-22,South Africa,2.0
P0215,G0131,3,0.9,1.0,0.0,1,0,4.5,3.0,3.0,2.0,1.0,0.0,6.0,Female,18-22,South Africa,2.0
P0215,G0131,4,0.9,0.0,1.0,1,0,5.5,4.5,4.5,3.0,1.5,0.0,6.0,Female,18-22,South Africa,2.0
P0215,G0131,5,0.9,1.0,0.0,0,1,7.0,5.5,5.5,4.5,1.0,0.0,6.0,Female,18-22,South Africa,2.0
P0215,G0131,6,0.9,0.0,0.0,1,0,8.0,6.5,7.0,5.5,1.5,1.0,6.0,Female,18-22,South Africa,2.0
P0216,G0035,1,0.9,1.0,1.0,-1,-1,1.5,1.5,0.0,0.0,0.0,0.0,11.0,Female,28-32,South Africa,2.0
P0216,G0035,2,0.9,0.0,0.0,1,1,2.5,2.5,1.5,1.5,0.0,0.0,11.0,Female,28-32,South Africa,2.0
P0216,G0035,3,0.9,1.0,0.0,0,0,4.0,3.5,2.5,2.5,0.0,0.0,11.0,Female,28-32,South Africa,2.0
P0216,G0035,4,0.9,1.0,0.0,1,0,5.5,4.5,4.0,3.5,0.5,0.0,11.0,Female,28-32,South Africa,2.0
P0216,G0035,5,0.9,0.0,0.0,1,0,6.5,5.5,5.5,4.5,1.0,0.0,11.0,Female,28-32,South Africa,2.0
P0216,G0035,6,0.9,0.0,0.0,0,0,7.5,6.5,6.5,5.5,1.0,0.0,11.0,Female,28-32,South Africa,2.0
P0216,G0035,7,0.9,0.0,1.0,0,0,8.5,8.0,7.5,6.5,1.0,0.0,11.0,Female,28-32,South Africa,2.0
P0216,G0035,8,0.9,1.0,1.0,0,1,10.0,9.5,8.5,8.0,0.5,0.0,11.0,Female,28-32,South Africa,2.0
P0216,G0035,9,0.9,1.0,0.0,1,1,11.5,10.5,10.0,9.5,0.5,0.0,11.0,Female,28-32,South Africa,2.0
P0216,G0035,10,0.9,0.0,0.0,1,0,12.5,11.5,11.5,10.5,1.0,0.0,11.0,Female,28-32,South Africa,2.0
P0216,G0035,11,0.9,1.0,1.0,0,0,14.0,13.0,12.5,11.5,1.0,1.0,11.0,Female,28-32,South Africa,2.0
P0217,G0109,1,0.6,1.0,0.0,-1,-1,1.5,1.0,0.0,0.0,0.0,0.0,15.0,Male,23-27,Other,2.0
P0217,G0109,2,0.6,0.0,1.0,1,0,2.5,2.5,1.5,1.0,0.5,0.0,15.0,Male,23-27,Other,2.0
P0217,G0109,3,0.6,1.0,0.0,0,1,4.0,3.5,2.5,2.5,0.0,0.0,15.0,Male,23-27,Other,2.0
P0217,G0109,4,0.6,0.0,0.0,1,0,5.0,4.5,4.0,3.5,0.5,0.0,15.0,Male,23-27,Other,2.0
P0217,G0109,5,0.6,1.0,1.0,0,0,6.5,6.0,5.0,4.5,0.5,0.0,15.0,Male,23-27,Other,2.0
P0217,G0109,6,0.6,1.0,0.0,1,1,8.0,7.0,6.5,6.0,0.5,0.0,15.0,Male,23-27,Other,2.0
P0217,G0109,7,0.6,1.0,1.0,1,0,9.5,8.5,8.0,7.0,1.0,0.0,15.0,Male,23-27,Other,2.0
P0217,G0109,8,0.6,0.0,1.0,1,1,10.5,10.0,9.5,8.5,1.0,0.0,15.0,Male,23-27,Other,2.0
P0217,G0109,9,0.6,1.0,0.0,0,1,12.0,11.0,10.5,10.0,0.5,0.0,15.0,Male,23-27,Other,2.0
P0217,G0109,10,0.6,0.0,1.0,1,0,13.0,12.5,12.0,11.0,1.0,0.0,15.0,Male,23-27,Other,2.0
P0217,G0109,11,0.6,1.0,1.0,0,1,14.5,14.0,13.0,12.5,0.5,0.0,15.0,Male,23-27,Other,2.0
P0217,G0109,12,0.6,1.0,0.0,1,1,16.0,15.0,14.5,14.0,0.5,0.0,15.0,Male,23-27,Other,2.0
P0217,G0109,13,0.6,0.0,1.0,1,0,17.0,16.5,16.0,15.0,1.0,0.0,15.0,Male,23-27,Other,2.0
P0217,G0109,14,0.6,1.0,0.0,0,1,18.5,17.5,17.0,16.5,0.5,0.0,15.0,Male,23-27,Other,2.0
P0217,G0109,15,0.6,0.0,1.0,1,0,19.5,19.0,18.5,17.5,1.0,1.0,15.0,Male,23-27,Other,2.0
P0218,G0140,1,0.6,1.0,1.0,-1,-1,1.5,1.5,0.0,0.0,0.0,0.0,7.0,Female,28-32,Other,0.0
P0218,G0140,2,0.6,0.0,0.0,1,1,2.5,2.5,1.5,1.5,0.0,0.0,7.0,Female,28-32,Other,0.0
P0218,G0140,3,0.6,1.0,0.0,0,0,4.0,3.5,2.5,2.5,0.0,0.0,7.0,Female,28-32,Other,0.0
P0218,G0140,4,0.6,0.0,1.0,1,0,5.0,5.0,4.0,3.5,0.5,0.0,7.0,Female,28-32,Other,0.0
P0218,G0140,5,0.6,1.0,0.0,0,1,6.5,6.0,5.0,5.0,0.0,0.0,7.0,Female,28-32,Other,0.0
P0218,G0140,6,0.6,0.0,1.0,1,0,7.5,7.5,6.5,6.0,0.5,0.0,7.0,Female,28-32,Other,0.0
P0218,G0140,7,0.6,1.0,1.0,0,1,9.0,9.0,7.5,7.5,0.0,1.0,7.0,Female,28-32,Other,0.0
P0219,G0007,1,0.6,1.0,0.0,-1,-1,1.5,1.0,0.0,0.0,0.0,0.0,15.0,Female,18-22,Other,4.0
P0219,G0007,2,0.6,0.0,0.0,1,0,2.5,2.0,1.5,1.0,0.5,0.0,15.0,Female,18-22,Other,4.0
P0219,G0007,3,0.6,0.0,1.0,0,0,3.5,3.5,2.5,2.0,0.5,0.0,15.0,Female,18-22,Other,4.0
P0219,G0007,4,0.6,1.0,0.0,0,1,5.0,4.5,3.5,3.5,0.0,0.0,15.0,Female,18-22,Other,4.0
P0219,G0007,5,0.6,0.0,1.0,1,0,6.0,6.0,5.0,4.5,0.5,0.0,15.0,Female,18-22,Other,4.0
P0219,G0007,6,0.6,1.0,1.0,0,1,7.5,7.5,6.0,6.0,0.0,0.0,15.0,Female,18-22,Other,4.0
P0219,G0007,7,0.6,0.0,0.0,1,1,8.5,8.5,7.5,7.5,0.0,0.0,15.0,Female,18-22,Other,4.0
P0219,G0007,8,0.6,0.0,1.0,0,0,9.5,10.0,8.5,8.5,0.0,0.0,15.0,Female,18-22,Other,4.0
P0219,G0007,9,0.6,1.0,1.0,0,1,11.0,11.5,9.5,10.0,-0.5,0.0,15.0,Female,18-22,Other,4.0
P0219,G0007,10,0.6,1.0,0.0,1,1,12.5,12.5,11.0,11.5,-0.5,0.0,15.0,Female,18-22,Other,4.0
P0219,G0007,11,0.6,0.0,0.0,1,0,13.5,13.5,12.5,12.5,0.0,0.0,15.0,Female,18-22,Other,4.0
P0219,G0007,12,0.6,1.0,1.0,0,0,15.0,15.0,13.5,13.5,0.0,0.0,15.0,Female,18-22,Other,4.0
P0219,G0007,13,0.6,1.0,1.0,1,1,16.5,16.5,15.0,15.0,0.0,0.0,15.0,Female,18-22,Other,4.0
P0219,G0007,14,0.6,1.0,0.0,1,1,18.0,17.5,16.5,16.5,0.0,0.0,15.0,Female,18-22,Other,4.0
P0219,G0007,15,0.6,1.0,0.0,1,0,19.5,18.5,18.0,17.5,0.5,1.0,15.0,Female,18-22,Other,4.0
P0220,G0171,1,0.6,0.0,0.0,-1,-1,1.0,1.0,0.0,0.0,0.0,0.0,7.0,Male,33-37,Poland,2.0
P0220,G0171,2,0.6,1.0,1.0,0,0,2.5,2.5,1.0,1.0,0.0,0.0,7.0,Male,33-37,Poland,2.0
P0220,G0171,3,0.6,0.0,1.0,1,1,3.5,4.0,2.5,2.5,0.0,0.0,7.0,Male,33-37,Poland,2.0
P0220,G0171,4,0.6,0.0,0.0,0,1,4.5,5.0,3.5,4.0,-0.5,0.0,7.0,Male,33-37,Poland,2.0
P0220,G0171,5,0.6,1.0,1.0,0,0,6.0,6.5,4.5,5.0,-0.5,0.0,7.0,Male,33-37,Poland,2.0
P0220,G0171,6,0.6,1.0,1.0,1,1,7.5,8.0,6.0,6.5,-0.5,0.0,7.0,Male,33-37,Poland,2.0
P0220,G0171,7,0.6,1.0,1.0,1,1,9.0,9.5,7.5,8.0,-0.5,0.0,7.0,Male,33-37,Poland,2.0
P0221,G0024,1,0.9,1.0,0.0,-1,-1,1.5,1.0,0.0,0.0,0.0,0.0,8.0,Male,23-27,Other,2.0
P0221,G0024,2,0.9,0.0,1.0,1,0,2.5,2.5,1.5,1.0,0.5,0.0,8.0,Male,23-27,Other,2.0
P0221,G0024,3,0.9,0.0,1.0,0,1,3.5,4.0,2.5,2.5,0.0,0.0,8.0,Male,23-27,Other,2.0
P0221,G0024,4,0.9,1.0,0.0,0,1,5.0,5.0,3.5,4.0,-0.5,0.0,8.0,Male,23-27,Other,2.0
P0221,G0024,5,0.9,0.0,1.0,1,0,6.0,6.5,5.0,5.0,0.0,0.0,8.0,Male,23-27,Other,2.0
P0221,G0024,6,0.9,1.0,1.0,0,1,7.5,8.0,6.0,6.5,-0.5,0.0,8.0,Male,23-27,Other,2.0
P0221,G0024,7,0.9,0.0,0.0,1,1,8.5,9.0,7.5,8.0,-0.5,0.0,8.0,Male,23-27,Other,2.0
P0221,G0024,8,0.9,1.0,1.0,0,0,10.0,10.5,8.5,9.0,-0.5,0.0,8.0,Male,23-27,Other,2.0
P0222,G0075,1,0.9,0.0,0.0,-1,-1,1.0,1.0,0.0,0.0,0.0,0.0,5.0,Female,23-27,South Africa,4.0
P0222,G0075,2,0.9,1.0,1.0,0,0,2.5,2.5,1.0,1.0,0.0,0.0,5.0,Female,23-27,South Africa,4.0
P0222,G0075,3,0.9,1.0,0.0,1,1,4.0,3.5,2.5,2.5,0.0,0.0,5.0,Female,23-27,South Africa,4.0
P0222,G0075,4,0.9,0.0,0.0,1,0,5.0,4.5,4.0,3.5,0.5,0.0,5.0,Female,23-27,South Africa,4.0
P0222,G0075,5,0.9,0.0,1.0,0,0,6.0,6.0,5.0,4.5,0.5,1.0,5.0,Female,23-27,South Africa,4.0
P0223,G0034,1,0.1,1.0,0.0,-1,-1,1.5,1.0,0.0,0.0,0.0,0.0,5.0,Female,18-22,South Africa,5.0
P0223,G0034,2,0.1,0.0,1.0,1,0,2.5,2.5,1.5,1.0,0.5,0.0,5.0,Female,18-22,South Africa,5.0
P0223,G0034,3,0.1,0.0,0.0,0,1,3.5,3.5,2.5,2.5,0.0,0.0,5.0,Female,18-22,South Africa,5.0
P0223,G0034,4,0.1,1.0,0.0,0,0,5.0,4.5,3.5,3.5,0.0,0.0,5.0,Female,18-22,South Africa,5.0
P0223,G0034,5,0.1,0.0,0.0,1,0,6.0,5.5,5.0,4.5,0.5,1.0,5.0,Female,18-22,South Africa,5.0
P0224,G0038,1,0.9,1.0,0.0,-1,-1,1.5,1.0,0.0,0.0,0.0,0.0,8.0,Male,53-57,Other,3.0
P0224,G0038,2,0.9,0.0,1.0,1,0,2.5,2.5,1.5,1.0,0.5,0.0,8.0,Male,53-57,Other,3.0
P0224,G0038,3,0.9,0.0,0.0,0,1,3.5,3.5,2.5,2.5,0.0,0.0,8.0,Male,53-57,Other,3.0
P0224,G0038,4,0.9,0.0,0.0,0,0,4.5,4.5,3.5,3.5,0.0,0.0,8.0,Male,53-57,Other,3.0
P0224,G0038,5,0.9,1.0,1.0,0,0,6.0,6.0,4.5,4.5,0.0,0.0,8.0,Male,53-57,Other,3.0
P0224,G0038,6,0.9,0.0,0.0,1,1,7.0,7.0,6.0,6.0,0.0,0.0,8.0,Male,53-57,Other,3.0
P0224,G0038,7,0.9,0.0,1.0,0,0,8.0,8.5,7.0,7.0,0.0,0.0,8.0,Male,53-57,Other,3.0
P0224,G0038,8,0.9,0.0,0.0,0,1,9.0,9.5,8.0,8.5,-0.5,0.0,8.0,Male,53-57,Other,3.0
P0225,G0114,1,0.1,0.0,1.0,-1,-1,1.0,1.5,0.0,0.0,0.0,0.0,13.0,Female,23-27,South Africa,3.0
P0225,G0114,2,0.1,0.0,1.0,0,1,2.0,3.0,1.0,1.5,-0.5,0.0,13.0,Female,23-27,South Africa,3.0
P0225,G0114,3,0.1,1.0,1.0,0,1,3.5,4.5,2.0,3.0,-1.0,0.0,13.0,Female,23-27,South Africa,3.0
P0225,G0114,4,0.1,1.0,1.0,1,1,5.0,6.0,3.5,4.5,-1.0,0.0,13.0,Female,23-27,South Africa,3.0
P0225,G0114,5,0.1,0.0,1.0,1,1,6.0,7.5,5.0,6.0,-1.0,0.0,13.0,Female,23-27,South Africa,3.0
P0225,G0114,6,0.1,1.0,1.0,0,1,7.5,9.0,6.0,7.5,-1.5,0.0,13.0,Female,23-27,South Africa,3.0
P0225,G0114,7,0.1,1.0,1.0,1,1,9.0,10.5,7.5,9.0,-1.5,0.0,13.0,Female,23-27,South Africa,3.0
P0225,G0114,8,0.1,1.0,1.0,1,1,10.5,12.0,9.0,10.5,-1.5,0.0,13.0,Female,23-27,South Africa,3.0
P0225,G0114,9,0.1,0.0,1.0,1,1,11.5,13.5,10.5,12.0,-1.5,0.0,13.0,Female,23-27,South Africa,3.0
P0225,G0114,10,0.1,1.0,1.0,0,1,13.0,15.0,11.5,13.5,-2.0,0.0,13.0,Female,23-27,South Africa,3.0
P0225,G0114,11,0.1,1.0,1.0,1,1,14.5,16.5,13.0,15.0,-2.0,0.0,13.0,Female,23-27,South Africa,3.0
P0225,G0114,12,0.1,1.0,1.0,1,1,16.0,18.0,14.5,16.5,-2.0,0.0,13.0,Female,23-27,South Africa,3.0
P0225,G0114,13,0.1,1.0,1.0,1,1,17.5,19.5,16.0,18.0,-2.0,0.0,13.0,Female,23-27,South Africa,3.0
P0226,G0155,1,0.9,0.0,0.0,-1,-1,1.0,1.0,0.0,0.0,0.0,0.0,10.0,Female,18-22,Other,5.0
P0226,G0155,2,0.9,1.0,0.0,0,0,2.5,2.0,1.0,1.0,0.0,0.0,10.0,Female,18-22,Other,5.0
P0226,G0155,3,0.9,0.0,1.0,1,0,3.5,3.5,2.5,2.0,0.5,0.0,10.0,Female,18-22,Other,5.0
P0226,G0155,4,0.9,0.0,1.0,0,1,4.5,5.0,3.5,3.5,0.0,0.0,10.0,Female,18-22,Other,5.0
P0226,G0155,5,0.9,1.0,1.0,0,1,6.0,6.5,4.5,5.0,-0.5,0.0,10.0,Female,18-22,Other,5.0
P0226,G0155,6,0.9,0.0,1.0,1,1,7.0,8.0,6.0,6.5,-0.5,0.0,10.0,Female,18-22,Other,5.0
P0226,G0155,7,0.9,0.0,0.0,0,1,8.0,9.0,7.0,8.0,-1.0,0.0,10.0,Female,18-22,Other,5.0
P0226,G0155,8,0.9,0.0,0.0,0,0,9.0,10.0,8.0,9.0,-1.0,0.0,10.0,Female,18-22,Other,5.0
P0226,G0155,9,0.9,1.0,1.0,0,0,10.5,11.5,9.0,10.0,-1.0,0.0,10.0,Female,18-22,Other,5.0
P0226,G0155,10,0.9,1.0,0.0,1,1,12.0,12.5,10.5,11.5,-1.0,0.0,10.0,Female,18-22,Other,5.0
P0227,G0050,1,0.9,1.0,1.0,-1,-1,1.5,1.5,0.0,0.0,0.0,0.0,9.0,Female,23-27,Other,2.0
P0227,G0050,2,0.9,0.0,1.0,1,1,2.5,3.0,1.5,1.5,0.0,0.0,9.0,Female,23-27,Other,2.0
P0227,G0050,3,0.9,0.0,0.0,0,1,3.5,4.0,2.5,3.0,-0.5,0.0,9.0,Female,23-27,Other,2.0
P0227,G0050,4,0.9,1.0,0.0,0,0,5.0,5.0,3.5,4.0,-0.5,0.0,9.0,Female,23-27,Other,2.0
P0227,G0050,5,0.9,0.0,1.0,1,0,6.0,6.5,5.0,5.0,0.0,0.0,9.0,Female,23-27,Other,2.0
P0227,G0050,6,0.9,1.0,1.0,0,1,7.5,8.0,6.0,6.5,-0.5,0.0,9.0,Female,23-27,Other,2.0
P0227,G0050,7,0.9,1.0,0.0,1,1,9.0,9.0,7.5,8.0,-0.5,0.0,9.0,Female,23-27,Other,2.0
P0227,G0050,8,0.9,0.0,1.0,1,0,10.0,10.5,9.0,9.0,0.0,0.0,9.0,Female,23-27,Other,2.0
P0227,G0050,9,0.9,1.0,1.0,0,1,11.5,12.0,10.0,10.5,-0.5,0.0,9.0,Female,23-27,Other,2.0
P0228,G0029,1,0.1,1.0,1.0,-1,-1,1.5,1.5,0.0,0.0,0.0,0.0,11.0,Female,23-27,Other,5.0
P0228,G0029,2,0.1,0.0,1.0,1,1,2.5,3.0,1.5,1.5,0.0,0.0,11.0,Female,23-27,Other,5.0
P0228,G0029,3,0.1,1.0,0.0,0,1,4.0,4.0,2.5,3.0,-0.5,0.0,11.0,Female,23-27,Other,5.0
P0228,G0029,4,0.1,0.0,1.0,1,0,5.0,5.5,4.0,4.0,0.0,0.0,11.0,Female,23-27,Other,5.0
P0228,G0029,5,0.1,1.0,1.0,0,1,6.5,7.0,5.0,5.5,-0.5,0.0,11.0,Female,23-27,Other,5.0
P0228,G0029,6,0.1,0.0,1.0,1,1,7.5,8.5,6.5,7.0,-0.5,0.0,11.0,Female,23-27,Other,5.0
P0228,G0029,7,0.1,1.0,1.0,0,1,9.0,10.0,7.5,8.5,-1.0,0.0,11.0,Female,23-27,Other,5.0
P0228,G0029,8,0.1,0.0,1.0,1,1,10.0,11.5,9.0,10.0,-1.0,0.0,11.0,Female,23-27,Other,5.0
P0228,G0029,9,0.1,1.0,0.0,0,1,11.5,12.5,10.0,11.5,-1.5,0.0,11.0,Female,23-27,Other,5.0
P0228,G0029,10,0.1,0.0,0.0,1,0,12.5,13.5,11.5,12.5,-1.0,0.0,11.0,Female,23-27,Other,5.0
P0228,G0029,11,0.1,1.0,1.0,0,0,14.0,15.0,12.5,13.5,-1.0,0.0,11.0,Female,23-27,Other,5.0
P0229,G0069,1,0.1,0.0,0.0,-1,-1,1.0,1.0,0.0,0.0,0.0,0.0,13.0,Female,28-32,South Africa,2.0
P0229,G0069,2,0.1,0.0,0.0,0,0,2.0,2.0,1.0,1.0,0.0,0.0,13.0,Female,28-32,South Africa,2.0
P0229,G0069,3,0.1,0.0,0.0,0,0,3.0,3.0,2.0,2.0,0.0,0.0,13.0,Female,28-32,South Africa,2.0
P0229,G0069,4,0.1,0.0,0.0,0,0,4.0,4.0,3.0,3.0,0.0,0.0,13.0,Female,28-32,South Africa,2.0
P0229,G0069,5,0.1,0.0,0.0,0,0,5.0,5.0,4.0,4.0,0.0,0.0,13.0,Female,28-32,South Africa,2.0
P0229,G0069,6,0.1,0.0,0.0,0,0,6.0,6.0,5.0,5.0,0.0,0.0,13.0,Female,28-32,South Africa,2.0
P0229,G0069,7,0.1,0.0,0.0,0,0,7.0,7.0,6.0,6.0,0.0,0.0,13.0,Female,28-32,South Africa,2.0
P0229,G0069,8,0.1,0.0,0.0,0,0,8.0,8.0,7.0,7.0,0.0,0.0,13.0,Female,28-32,South Africa,2.0
P0229,G0069,9,0.1,0.0,0.0,0,0,9.0,9.0,8.0,8.0,0.0,0.0,13.0,Female,28-32,South Africa,2.0
P0229,G0069,10,0.1,0.0,0.0,0,0,10.0,10.0,9.0,9.0,0.0,0.0,13.0,Female,28-32,South Africa,2.0
P0229,G0069,11,0.1,0.0,0.0,0,0,11.0,11.0,10.0,10.0,0.0,0.0,13.0,Female,28-32,South Africa,2.0
P0229,G0069,12,0.1,0.0,0.0,0,0,12.0,12.0,11.0,11.0,0.0,0.0,13.0,Female,28-32,South Africa,2.0
P0229,G0069,13,0.1,0.0,0.0,0,0,13.0,13.0,12.0,12.0,0.0,1.0,13.0,Female,28-32,South Africa,2.0
P0230,G0003,1,0.1,0.0,0.0,-1,-1,1.0,1.0,0.0,0.0,0.0,0.0,6.0,Male,23-27,Other,2.0
P0230,G0003,2,0.1,0.0,1.0,0,0,2.0,2.5,1.0,1.0,0.0,0.0,6.0,Male,23-27,Other,2.0
P0230,G0003,3,0.1,1.0,0.0,0,1,3.5,3.5,2.0,2.5,-0.5,0.0,6.0,Male,23-27,Other,2.0
P0230,G0003,4,0.1,1.0,1.0,1,0,5.0,5.0,3.5,3.5,0.0,0.0,6.0,Male,23-27,Other,2.0
P0230,G0003,5,0.1,1.0,1.0,1,1,6.5,6.5,5.0,5.0,0.0,0.0,6.0,Male,23-27,Other,2.0
P0230,G0003,6,0.1,1.0,1.0,1,1,8.0,8.0,6.5,6.5,0.0,1.0,6.0,Male,23-27,Other,2.0
P0231,G0039,1,0.1,1.0,1.0,-1,-1,1.5,1.5,0.0,0.0,0.0,0.0,7.0,Female,28-32,South Africa,2.0
P0231,G0039,2,0.1,1.0,1.0,1,1,3.0,3.0,1.5,1.5,0.0,0.0,7.0,Female,28-32,South Africa,2.0
P0231,G0039,3,0.1,0.0,1.0,1,1,4.0,4.5,3.0,3.0,0.0,0.0,7.0,Female,28-32,South Africa,2.0
P0231,G0039,4,0.1,1.0,0.0,0,1,5.5,5.5,4.0,4.5,-0.5,0.0,7.0,Female,28-32,South Africa,2.0
P0231,G0039,5,0.1,0.0,1.0,1,0,6.5,7.0,5.5,5.5,0.0,0.0,7.0,Female,28-32,South Africa,2.0
P0231,G0039,6,0.1,1.0,1.0,0,1,8.0,8.5,6.5,7.0,-0.5,0.0,7.0,Female,28-32,South Africa,2.0
P0231,G0039,7,0.1,0.0,0.0,1,1,9.0,9.5,8.0,8.5,-0.5,0.0,7.0,Female,28-32,South Africa,2.0
P0232,G0019,1,0.1,1.0,0.0,-1,-1,1.5,1.0,0.0,0.0,0.0,0.0,21.0,Male,18-22,Other,1.0
P0232,G0019,2,0.1,1.0,1.0,1,0,3.0,2.5,1.5,1.0,0.5,0.0,21.0,Male,18-22,Other,1.0
P0232,G0019,3,0.1,1.0,0.0,1,1,4.5,3.5,3.0,2.5,0.5,0.0,21.0,Male,18-22,Other,1.0
P0232,G0019,4,0.1,1.0,1.0,1,0,6.0,5.0,4.5,3.5,1.0,0.0,21.0,Male,18-22,Other,1.0
P0232,G0019,5,0.1,1.0,0.0,1,1,7.5,6.0,6.0,5.0,1.0,0.0,21.0,Male,18-22,Other,1.0
P0232,G0019,6,0.1,0.0,0.0,1,0,8.5,7.0,7.5,6.0,1.5,0.0,21.0,Male,18-22,Other,1.0
P0232,G0019,7,0.1,0.0,1.0,0,0,9.5,8.5,8.5,7.0,1.5,0.0,21.0,Male,18-22,Other,1.0
P0232,G0019,8,0.1,0.0,1.0,0,1,10.5,10.0,9.5,8.5,1.0,0.0,21.0,Male,18-22,Other,1.0
P0232,G0019,9,0.1,1.0,0.0,0,1,12.0,11.0,10.5,10.0,0.5,0.0,21.0,Male,18-22,Other,1.0
P0232,G0019,10,0.1,0.0,0.0,1,0,13.0,12.0,12.0,11.0,1.0,0.0,21.0,Male,18-22,Other,1.0
P0232,G0019,11,0.1,0.0,1.0,0,0,14.0,13.5,13.0,12.0,1.0,0.0,21.0,Male,18-22,Other,1.0
P0232,G0019,12,0.1,1.0,1.0,0,1,15.5,15.0,14.0,13.5,0.5,0.0,21.0,Male,18-22,Other,1.0
P0232,G0019,13,0.1,1.0,1.0,1,1,17.0,16.5,15.5,15.0,0.5,0.0,21.0,Male,18-22,Other,1.0
P0232,G0019,14,0.1,1.0,0.0,1,1,18.5,17.5,17.0,16.5,0.5,0.0,21.0,Male,18-22,Other,1.0
P0232,G0019,15,0.1,0.0,1.0,1,0,19.5,19.0,18.5,17.5,1.0,0.0,21.0,Male,18-22,Other,1.0
P0232,G0019,16,0.1,1.0,0.0,0,1,21.0,20.0,19.5,19.0,0.5,0.0,21.0,Male,18-22,Other,1.0
P0232,G0019,17,0.1,0.0,1.0,1,0,22.0,21.5,21.0,20.0,1.0,0.0,21.0,Male,18-22,Other,1.0
P0232,G0019,18,0.1,1.0,0.0,0,1,23.5,22.5,22.0,21.5,0.5,0.0,21.0,Male,18-22,Other,1.0
P0232,G0019,19,0.1,0.0,1.0,1,0,24.5,24.0,23.5,22.5,1.0,0.0,21.0,Male,18-22,Other,1.0
P0232,G0019,20,0.1,1.0,1.0,0,1,26.0,25.5,24.5,24.0,0.5,0.0,21.0,Male,18-22,Other,1.0
P0232,G0019,21,0.1,1.0,1.0,1,1,27.5,27.0,26.0,25.5,0.5,1.0,21.0,Male,18-22,Other,1.0
P0233,G0111,1,0.6,1.0,0.0,-1,-1,1.5,1.0,0.0,0.0,0.0,0.0,10.0,Male,23-27,Other,2.0
P0233,G0111,2,0.6,1.0,1.0,1,0,3.0,2.5,1.5,1.0,0.5,0.0,10.0,Male,23-27,Other,2.0
P0233,G0111,3,0.6,0.0,0.0,1,1,4.0,3.5,3.0,2.5,0.5,0.0,10.0,Male,23-27,Other,2.0
P0233,G0111,4,0.6,1.0,0.0,0,0,5.5,4.5,4.0,3.5,0.5,0.0,10.0,Male,23-27,Other,2.0
P0233,G0111,5,0.6,1.0,1.0,1,0,7.0,6.0,5.5,4.5,1.0,0.0,10.0,Male,23-27,Other,2.0
P0233,G0111,6,0.6,0.0,0.0,1,1,8.0,7.0,7.0,6.0,1.0,0.0,10.0,Male,23-27,Other,2.0
P0233,G0111,7,0.6,1.0,0.0,0,0,9.5,8.0,8.0,7.0,1.0,0.0,10.0,Male,23-27,Other,2.0
P0233,G0111,8,0.6,1.0,1.0,1,0,11.0,9.5,9.5,8.0,1.5,0.0,10.0,Male,23-27,Other,2.0
P0233,G0111,9,0.6,0.0,0.0,1,1,12.0,10.5,11.0,9.5,1.5,0.0,10.0,Male,23-27,Other,2.0
P0233,G0111,10,0.6,1.0,0.0,0,0,13.5,11.5,12.0,10.5,1.5,1.0,10.0,Male,23-27,Other,2.0
P0234,G0088,1,0.9,1.0,0.0,-1,-1,1.5,1.0,0.0,0.0,0.0,0.0,5.0,Male,23-27,Poland,3.0
P0234,G0088,2,0.9,0.0,1.0,1,0,2.5,2.5,1.5,1.0,0.5,0.0,5.0,Male,23-27,Poland,3.0
P0234,G0088,3,0.9,0.0,1.0,0,1,3.5,4.0,2.5,2.5,0.0,0.0,5.0,Male,23-27,Poland,3.0
P0234,G0088,4,0.9,1.0,1.0,0,1,5.0,5.5,3.5,4.0,-0.5,0.0,5.0,Male,23-27,Poland,3.0
P0234,G0088,5,0.9,1.0,0.0,1,1,6.5,6.5,5.0,5.5,-0.5,1.0,5.0,Male,23-27,Poland,3.0
P0235,G0072,1,0.9,1.0,1.0,-1,-1,1.5,1.5,0.0,0.0,0.0,0.0,14.0,Male,18-22,Other,4.0
P0235,G0072,2,0.9,0.0,1.0,1,1,2.5,3.0,1.5,1.5,0.0,0.0,14.0,Male,18-22,Other,4.0
P0235,G0072,3,0.9,1.0,1.0,0,1,4.0,4.5,2.5,3.0,-0.5,0.0,14.0,Male,18-22,Other,4.0
P0235,G0072,4,0.9,1.0,1.0,1,1,5.5,6.0,4.0,4.5,-0.5,0.0,14.0,Male,18-22,Other,4.0
P0235,G0072,5,0.9,1.0,1.0,1,1,7.0,7.5,5.5,6.0,-0.5,0.0,14.0,Male,18-22,Other,4.0
P0235,G0072,6,0.9,0.0,1.0,1,1,8.0,9.0,7.0,7.5,-0.5,0.0,14.0,Male,18-22,Other,4.0
P0235,G0072,7,0.9,1.0,1.0,0,1,9.5,10.5,8.0,9.0,-1.0,0.0,14.0,Male,18-22,Other,4.0
P0235,G0072,8,0.9,1.0,1.0,1,1,11.0,12.0,9.5,10.5,-1.0,0.0,14.0,Male,18-22,Other,4.0
P0235,G0072,9,0.9,0.0,0.0,1,1,12.0,13.0,11.0,12.0,-1.0,0.0,14.0,Male,18-22,Other,4.0
P0235,G0072,10,0.9,1.0,1.0,0,0,13.5,14.5,12.0,13.0,-1.0,0.0,14.0,Male,18-22,Other,4.0
P0235,G0072,11,0.9,1.0,1.0,1,1,15.0,16.0,13.5,14.5,-1.0,0.0,14.0,Male,18-22,Other,4.0
P0235,G0072,12,0.9,1.0,1.0,1,1,16.5,17.5,15.0,16.0,-1.0,0.0,14.0,Male,18-22,Other,4.0
P0235,G0072,13,0.9,1.0,0.0,1,1,18.0,18.5,16.5,17.5,-1.0,0.0,14.0,Male,18-22,Other,4.0
P0235,G0072,14,0.9,1.0,1.0,1,0,19.5,20.0,18.0,18.5,-0.5,0.0,14.0,Male,18-22,Other,4.0
P0236,G0074,1,0.1,1.0,0.0,-1,-1,1.5,1.0,0.0,0.0,0.0,0.0,11.0,Female,28-32,South Africa,5.0
P0236,G0074,2,0.1,0.0,1.0,1,0,2.5,2.5,1.5,1.0,0.5,0.0,11.0,Female,28-32,South Africa,5.0
P0236,G0074,3,0.1,0.0,1.0,0,1,3.5,4.0,2.5,2.5,0.0,0.0,11.0,Female,28-32,South Africa,5.0
P0236,G0074,4,0.1,1.0,0.0,0,1,5.0,5.0,3.5,4.0,-0.5,0.0,11.0,Female,28-32,South Africa,5.0
P0236,G0074,5,0.1,1.0,0.0,1,0,6.5,6.0,5.0,5.0,0.0,0.0,11.0,Female,28-32,South Africa,5.0
P0236,G0074,6,0.1,0.0,0.0,1,0,7.5,7.0,6.5,6.0,0.5,0.0,11.0,Female,28-32,South Africa,5.0
P0236,G0074,7,0.1,0.0,1.0,0,0,8.5,8.5,7.5,7.0,0.5,0.0,11.0,Female,28-32,South Africa,5.0
P0236,G0074,8,0.1,1.0,0.0,0,1,10.0,9.5,8.5,8.5,0.0,0.0,11.0,Female,28-32,South Africa,5.0
P0236,G0074,9,0.1,0.0,1.0,1,0,11.0,11.0,10.0,9.5,0.5,0.0,11.0,Female,28-32,South Africa,5.0
P0236,G0074,10,0.1,0.0,1.0,0,1,12.0,12.5,11.0,11.0,0.0,0.0,11.0,Female,28-32,South Africa,5.0
P0236,G0074,11,0.1,1.0,0.0,0,1,13.5,13.5,12.0,12.5,-0.5,1.0,11.0,Female,28-32,South Africa,5.0
P0237,G0058,1,0.9,1.0,1.0,-1,-1,1.5,1.5,0.0,0.0,0.0,0.0,12.0,Female,48-52,Other,5.0
P0237,G0058,2,0.9,0.0,1.0,1,1,2.5,3.0,1.5,1.5,0.0,0.0,12.0,Female,48-52,Other,5.0
P0237,G0058,3,0.9,0.0,0.0,0,1,3.5,4.0,2.5,3.0,-0.5,0.0,12.0,Female,48-52,Other,5.0
P0237,G0058,4,0.9,1.0,0.0,0,0,5.0,5.0,3.5,4.0,-0.5,0.0,12.0,Female,48-52,Other,5.0
P0237,G0058,5,0.9,0.0,1.0,1,0,6.0,6.5,5.0,5.0,0.0,0.0,12.0,Female,48-52,Other,5.0
P0237,G0058,6,0.9,0.0,0.0,0,1,7.0,7.5,6.0,6.5,-0.5,0.0,12.0,Female,48-52,Other,5.0
P0237,G0058,7,0.9,1.0,0.0,0,0,8.5,8.5,7.0,7.5,-0.5,0.0,12.0,Female,48-52,Other,5.0
P0237,G0058,8,0.9,1.0,1.0,1,0,10.0,10.0,8.5,8.5,0.0,0.0,12.0,Female,48-52,Other,5.0
P0237,G0058,9,0.9,0.0,1.0,1,1,11.0,11.5,10.0,10.0,0.0,0.0,12.0,Female,48-52,Other,5.0
P0237,G0058,10,0.9,0.0,0.0,0,1,12.0,12.5,11.0,11.5,-0.5,0.0,12.0,Female,48-52,Other,5.0
P0237,G0058,11,0.9,1.0,0.0,0,0,13.5,13.5,12.0,12.5,-0.5,0.0,12.0,Female,48-52,Other,5.0
P0237,G0058,12,0.9,0.0,1.0,1,0,14.5,15.0,13.5,13.5,0.0,0.0,12.0,Female,48-52,Other,5.0
P0238,G0134,1,0.6,0.0,1.0,-1,-1,1.0,1.5,0.0,0.0,0.0,0.0,5.0,Female,18-22,Poland,4.0
P0238,G0134,2,0.6,0.0,0.0,0,1,2.0,2.5,1.0,1.5,-0.5,0.0,5.0,Female,18-22,Poland,4.0
P0238,G0134,3,0.6,1.0,1.0,0,0,3.5,4.0,2.0,2.5,-0.5,0.0,5.0,Female,18-22,Poland,4.0
P0238,G0134,4,0.6,1.0,1.0,1,1,5.0,5.5,3.5,4.0,-0.5,0.0,5.0,Female,18-22,Poland,4.0
P0238,G0134,5,0.6,1.0,0.0,1,1,6.5,6.5,5.0,5.5,-0.5,1.0,5.0,Female,18-22,Poland,4.0
P0239,G0122,1,0.6,0.0,1.0,-1,-1,1.0,1.5,0.0,0.0,0.0,0.0,9.0,Male,28-32,Other,4.0
P0239,G0122,2,0.6,1.0,0.0,0,1,2.5,2.5,1.0,1.5,-0.5,0.0,9.0,Male,28-32,Other,4.0
P0239,G0122,3,0.6,0.0,1.0,1,0,3.5,4.0,2.5,2.5,0.0,0.0,9.0,Male,28-32,Other,4.0
P0239,G0122,4,0.6,1.0,0.0,0,1,5.0,5.0,3.5,4.0,-0.5,0.0,9.0,Male,28-32,Other,4.0
P0239,G0122,5,0.6,0.0,1.0,1,0,6.0,6.5,5.0,5.0,0.0,0.0,9.0,Male,28-32,Other,4.0
P0239,G0122,6,0.6,0.0,0.0,0,1,7.0,7.5,6.0,6.5,-0.5,0.0,9.0,Male,28-32,Other,4.0
P0239,G0122,7,0.6,1.0,0.0,0,0,8.5,8.5,7.0,7.5,-0.5,0.0,9.0,Male,28-32,Other,4.0
P0239,G0122,8,0.6,0.0,1.0,1,0,9.5,10.0,8.5,8.5,0.0,0.0,9.0,Male,28-32,Other,4.0
P0239,G0122,9,0.6,1.0,0.0,0,1,11.0,11.0,9.5,10.0,-0.5,1.0,9.0,Male,28-32,Other,4.0
P0240,G0068,1,0.9,1.0,1.0,-1,-1,1.5,1.5,0.0,0.0,0.0,0.0,14.0,Male,23-27,Other,1.0
P0240,G0068,2,0.9,1.0,1.0,1,1,3.0,3.0,1.5,1.5,0.0,0.0,14.0,Male,23-27,Other,1.0
P0240,G0068,3,0.9,1.0,0.0,1,1,4.5,4.0,3.0,3.0,0.0,0.0,14.0,Male,23-27,Other,1.0
P0240,G0068,4,0.9,0.0,0.0,1,0,5.5,5.0,4.5,4.0,0.5,0.0,14.0,Male,23-27,Other,1.0
P0240,G0068,5,0.9,0.0,1.0,0,0,6.5,6.5,5.5,5.0,0.5,0.0,14.0,Male,23-27,Other,1.0
P0240,G0068,6,0.9,0.0,0.0,0,1,7.5,7.5,6.5,6.5,0.0,0.0,14.0,Male,23-27,Other,1.0
P0240,G0068,7,0.9,1.0,0.0,0,0,9.0,8.5,7.5,7.5,0.0,0.0,14.0,Male,23-27,Other,1.0
P0240,G0068,8,0.9,0.0,1.0,1,0,10.0,10.0,9.0,8.5,0.5,0.0,14.0,Male,23-27,Other,1.0
P0240,G0068,9,0.9,0.0,0.0,0,1,11.0,11.0,10.0,10.0,0.0,0.0,14.0,Male,23-27,Other,1.0
P0240,G0068,10,0.9,1.0,1.0,0,0,12.5,12.5,11.0,11.0,0.0,0.0,14.0,Male,23-27,Other,1.0
P0240,G0068,11,0.9,1.0,0.0,1,1,14.0,13.5,12.5,12.5,0.0,0.0,14.0,Male,23-27,Other,1.0
P0240,G0068,12,0.9,0.0,1.0,1,0,15.0,15.0,14.0,13.5,0.5,0.0,14.0,Male,23-27,Other,1.0
P0240,G0068,13,0.9,1.0,1.0,0,1,16.5,16.5,15.0,15.0,0.0,0.0,14.0,Male,23-27,Other,1.0
P0240,G0068,14,0.9,0.0,0.0,1,1,17.5,17.5,16.5,16.5,0.0,1.0,14.0,Male,23-27,Other,1.0
P0241,G0027,1,0.6,0.0,1.0,-1,-1,1.0,1.5,0.0,0.0,0.0,0.0,9.0,Female,28-32,South Africa,4.0
P0241,G0027,2,0.6,0.0,0.0,0,1,2.0,2.5,1.0,1.5,-0.5,0.0,9.0,Female,28-32,South Africa,4.0
P0241,G0027,3,0.6,1.0,1.0,0,0,3.5,4.0,2.0,2.5,-0.5,0.0,9.0,Female,28-32,South Africa,4.0
P0241,G0027,4,0.6,0.0,1.0,1,1,4.5,5.5,3.5,4.0,-0.5,0.0,9.0,Female,28-32,South Africa,4.0
P0241,G0027,5,0.6,0.0,1.0,0,1,5.5,7.0,4.5,5.5,-1.0,0.0,9.0,Female,28-32,South Africa,4.0
P0241,G0027,6,0.6,1.0,1.0,0,1,7.0,8.5,5.5,7.0,-1.5,0.0,9.0,Female,28-32,South Africa,4.0
P0241,G0027,7,0.6,1.0,1.0,1,1,8.5,10.0,7.0,8.5,-1.5,0.0,9.0,Female,28-32,South Africa,4.0
P0241,G0027,8,0.6,0.0,1.0,1,1,9.5,11.5,8.5,10.0,-1.5,0.0,9.0,Female,28-32,South Africa,4.0
P0241,G0027,9,0.6,1.0,0.0,0,1,11.0,12.5,9.5,11.5,-2.0,0.0,9.0,Female,28-32,South Africa,4.0
P0242,G0156,1,0.6,1.0,0.0,-1,-1,1.5,1.0,0.0,0.0,0.0,0.0,8.0,Male,18-22,Other,4.0
P0242,G0156,2,0.6,0.0,1.0,1,0,2.5,2.5,1.5,1.0,0.5,0.0,8.0,Male,18-22,Other,4.0
P0242,G0156,3,0.6,0.0,0.0,0,1,3.5,3.5,2.5,2.5,0.0,0.0,8.0,Male,18-22,Other,4.0
P0242,G0156,4,0.6,1.0,1.0,0,0,5.0,5.0,3.5,3.5,0.0,0.0,8.0,Male,18-22,Other,4.0
P0242,G0156,5,0.6,0.0,1.0,1,1,6.0,6.5,5.0,5.0,0.0,0.0,8.0,Male,18-22,Other,4.0
P0242,G0156,6,0.6,0.0,0.0,0,1,7.0,7.5,6.0,6.5,-0.5,0.0,8.0,Male,18-22,Other,4.0
P0242,G0156,7,0.6,1.0,0.0,0,0,8.5,8.5,7.0,7.5,-0.5,0.0,8.0,Male,18-22,Other,4.0
P0242,G0156,8,0.6,0.0,1.0,1,0,9.5,10.0,8.5,8.5,0.0,0.0,8.0,Male,18-22,Other,4.0
P0243,G0165,1,0.1,1.0,1.0,-1,-1,1.5,1.5,0.0,0.0,0.0,0.0,6.0,Female,23-27,South Africa,4.0
P0243,G0165,2,0.1,0.0,1.0,1,1,2.5,3.0,1.5,1.5,0.0,0.0,6.0,Female,23-27,South Africa,4.0
P0243,G0165,3,0.1,1.0,1.0,0,1,4.0,4.5,2.5,3.0,-0.5,0.0,6.0,Female,23-27,South Africa,4.0
P0243,G0165,4,0.1,1.0,1.0,1,1,5.5,6.0,4.0,4.5,-0.5,0.0,6.0,Female,23-27,South Africa,4.0
P0243,G0165,5,0.1,1.0,1.0,1,1,7.0,7.5,5.5,6.0,-0.5,0.0,6.0,Female,23-27,South Africa,4.0
P0243,G0165,6,0.1,0.0,1.0,1,1,8.0,9.0,7.0,7.5,-0.5,0.0,6.0,Female,23-27,South Africa,4.0
P0244,G0090,1,0.1,1.0,1.0,-1,-1,1.5,1.5,0.0,0.0,0.0,0.0,10.0,Male,18-22,South Africa,0.0
P0244,G0090,2,0.1,0.0,0.0,1,1,2.5,2.5,1.5,1.5,0.0,0.0,10.0,Male,18-22,South Africa,0.0
P0244,G0090,3,0.1,1.0,1.0,0,0,4.0,4.0,2.5,2.5,0.0,0.0,10.0,Male,18-22,South Africa,0.0
P0244,G0090,4,0.1,1.0,1.0,1,1,5.5,5.5,4.0,4.0,0.0,0.0,10.0,Male,18-22,South Africa,0.0
P0244,G0090,5,0.1,0.0,1.0,1,1,6.5,7.0,5.5,5.5,0.0,0.0,10.0,Male,18-22,South Africa,0.0
P0244,G0090,6,0.1,0.0,1.0,0,1,7.5,8.5,6.5,7.0,-0.5,0.0,10.0,Male,18-22,South Africa,0.0
P0244,G0090,7,0.1,1.0,0.0,0,1,9.0,9.5,7.5,8.5,-1.0,0.0,10.0,Male,18-22,South Africa,0.0
P0244,G0090,8,0.1,0.0,1.0,1,0,10.0,11.0,9.0,9.5,-0.5,0.0,10.0,Male,18-22,South Africa,0.0
P0244,G0090,9,0.1,0.0,0.0,0,1,11.0,12.0,10.0,11.0,-1.0,0.0,10.0,Male,18-22,South Africa,0.0
P0244,G0090,10,0.1,1.0,0.0,0,0,12.5,13.0,11.0,12.0,-1.0,0.0,10.0,Male,18-22,South Africa,0.0
P0245,G0035,1,0.9,1.0,1.0,-1,-1,1.5,1.5,0.0,0.0,0.0,0.0,11.0,Female,28-32,Other,0.0
P0245,G0035,2,0.9,0.0,0.0,1,1,2.5,2.5,1.5,1.5,0.0,0.0,11.0,Female,28-32,Other,0.0
P0245,G0035,3,0.9,0.0,1.0,0,0,3.5,4.0,2.5,2.5,0.0,0.0,11.0,Female,28-32,Other,0.0
P0245,G0035,4,0.9,0.0,1.0,0,1,4.5,5.5,3.5,4.0,-0.5,0.0,11.0,Female,28-32,Other,0.0
P0245,G0035,5,0.9,0.0,0.0,0,1,5.5,6.5,4.5,5.5,-1.0,0.0,11.0,Female,28-32,Other,0.0
P0245,G0035,6,0.9,0.0,0.0,0,0,6.5,7.5,5.5,6.5,-1.0,0.0,11.0,Female,28-32,Other,0.0
P0245,G0035,7,0.9,1.0,0.0,0,0,8.0,8.5,6.5,7.5,-1.0,0.0,11.0,Female,28-32,Other,0.0
P0245,G0035,8,0.9,1.0,1.0,1,0,9.5,10.0,8.0,8.5,-0.5,0.0,11.0,Female,28-32,Other,0.0
P0245,G0035,9,0.9,0.0,1.0,1,1,10.5,11.5,9.5,10.0,-0.5,0.0,11.0,Female,28-32,Other,0.0
P0245,G0035,10,0.9,0.0,0.0,0,1,11.5,12.5,10.5,11.5,-1.0,0.0,11.0,Female,28-32,Other,0.0
P0245,G0035,11,0.9,1.0,1.0,0,0,13.0,14.0,11.5,12.5,-1.0,0.0,11.0,Female,28-32,Other,0.0
P0246,G0012,1,0.9,0.0,1.0,-1,-1,1.0,1.5,0.0,0.0,0.0,0.0,14.0,Female,53-57,South Africa,4.0
P0246,G0012,2,0.9,0.0,1.0,0,1,2.0,3.0,1.0,1.5,-0.5,0.0,14.0,Female,53-57,South Africa,4.0
P0246,G0012,3,0.9,1.0,1.0,0,1,3.5,4.5,2.0,3.0,-1.0,0.0,14.0,Female,53-57,South Africa,4.0
P0246,G0012,4,0.9,0.0,1.0,1,1,4.5,6.0,3.5,4.5,-1.0,0.0,14.0,Female,53-57,South Africa,4.0
P0246,G0012,5,0.9,1.0,1.0,0,1,6.0,7.5,4.5,6.0,-1.5,0.0,14.0,Female,53-57,South Africa,4.0
P0246,G0012,6,0.9,1.0,1.0,1,1,7.5,9.0,6.0,7.5,-1.5,0.0,14.0,Female,53-57,South Africa,4.0
P0246,G0012,7,0.9,1.0,1.0,1,1,9.0,10.5,7.5,9.0,-1.5,0.0,14.0,Female,53-57,South Africa,4.0
P0246,G0012,8,0.9,1.0,1.0,1,1,10.5,12.0,9.0,10.5,-1.5,0.0,14.0,Female,53-57,South Africa,4.0
P0246,G0012,9,0.9,1.0,1.0,1,1,12.0,13.5,10.5,12.0,-1.5,0.0,14.0,Female,53-57,South Africa,4.0
P0246,G0012,10,0.9,1.0,0.0,1,1,13.5,14.5,12.0,13.5,-1.5,0.0,14.0,Female,53-57,South Africa,4.0
P0246,G0012,11,0.9,1.0,1.0,1,0,15.0,16.0,13.5,14.5,-1.0,0.0,14.0,Female,53-57,South Africa,4.0
P0246,G0012,12,0.9,1.0,1.0,1,1,16.5,17.5,15.0,16.0,-1.0,0.0,14.0,Female,53-57,South Africa,4.0
P0246,G0012,13,0.9,0.0,1.0,1,1,17.5,19.0,16.5,17.5,-1.0,0.0,14.0,Female,53-57,South Africa,4.0
P0246,G0012,14,0.9,1.0,1.0,0,1,19.0,20.5,17.5,19.0,-1.5,0.0,14.0,Female,53-57,South Africa,4.0
P0247,G0049,1,0.9,0.0,0.0,-1,-1,1.0,1.0,0.0,0.0,0.0,0.0,6.0,Male,23-27,South Africa,2.0
P0247,G0049,2,0.9,0.0,1.0,0,0,2.0,2.5,1.0,1.0,0.0,0.0,6.0,Male,23-27,South Africa,2.0
P0247,G0049,3,0.9,0.0,0.0,0,1,3.0,3.5,2.0,2.5,-0.5,0.0,6.0,Male,23-27,South Africa,2.0
P0247,G0049,4,0.9,0.0,1.0,0,0,4.0,5.0,3.0,3.5,-0.5,0.0,6.0,Male,23-27,South Africa,2.0
P0247,G0049,5,0.9,0.0,1.0,0,1,5.0,6.5,4.0,5.0,-1.0,0.0,6.0,Male,23-27,South Africa,2.0
P0247,G0049,6,0.9,0.0,0.0,0,1,6.0,7.5,5.0,6.5,-1.5,0.0,6.0,Male,23-27,South Africa,2.0
P0248,G0024,1,0.9,0.0,1.0,-1,-1,1.0,1.5,0.0,0.0,0.0,0.0,8.0,Female,23-27,South Africa,4.0
P0248,G0024,2,0.9,1.0,0.0,0,1,2.5,2.5,1.0,1.5,-0.5,0.0,8.0,Female,23-27,South Africa,4.0
P0248,G0024,3,0.9,1.0,0.0,1,0,4.0,3.5,2.5,2.5,0.0,0.0,8.0,Female,23-27,South Africa,4.0
P0248,G0024,4,0.9,0.0,1.0,1,0,5.0,5.0,4.0,3.5,0.5,0.0,8.0,Female,23-27,South Africa,4.0
P0248,G0024,5,0.9,1.0,0.0,0,1,6.5,6.0,5.0,5.0,0.0,0.0,8.0,Female,23-27,South Africa,4.0
P0248,G0024,6,0.9,1.0,1.0,1,0,8.0,7.5,6.5,6.0,0.5,0.0,8.0,Female,23-27,South Africa,4.0
P0248,G0024,7,0.9,0.0,0.0,1,1,9.0,8.5,8.0,7.5,0.5,0.0,8.0,Female,23-27,South Africa,4.0
P0248,G0024,8,0.9,1.0,1.0,0,0,10.5,10.0,9.0,8.5,0.5,1.0,8.0,Female,23-27,South Africa,4.0
P0249,G0101,1,0.1,1.0,1.0,-1,-1,1.5,1.5,0.0,0.0,0.0,0.0,10.0,Male,23-27,South Africa,5.0
P0249,G0101,2,0.1,1.0,0.0,1,1,3.0,2.5,1.5,1.5,0.0,0.0,10.0,Male,23-27,South Africa,5.0
P0249,G0101,3,0.1,1.0,0.0,1,0,4.5,3.5,3.0,2.5,0.5,0.0,10.0,Male,23-27,South Africa,5.0
P0249,G0101,4,0.1,1.0,0.0,1,0,6.0,4.5,4.5,3.5,1.0,0.0,10.0,Male,23-27,South Africa,5.0
P0249,G0101,5,0.1,1.0,1.0,1,0,7.5,6.0,6.0,4.5,1.5,0.0,10.0,Male,23-27,South Africa,5.0
P0249,G0101,6,0.1,1.0,1.0,1,1,9.0,7.5,7.5,6.0,1.5,0.0,10.0,Male,23-27,South Africa,5.0
P0249,G0101,7,0.1,1.0,1.0,1,1,10.5,9.0,9.0,7.5,1.5,0.0,10.0,Male,23-27,South Africa,5.0
P0249,G0101,8,0.1,1.0,0.0,1,1,12.0,10.0,10.5,9.0,1.5,0.0,10.0,Male,23-27,South Africa,5.0
P0249,G0101,9,0.1,1.0,0.0,1,0,13.5,11.0,12.0,10.0,2.0,0.0,10.0,Male,23-27,South Africa,5.0
P0249,G0101,10,0.1,1.0,1.0,1,0,15.0,12.5,13.5,11.0,2.5,1.0,10.0,Male,23-27,South Africa,5.0
P0250,G0104,1,0.6,0.0,1.0,-1,-1,1.0,1.5,0.0,0.0,0.0,0.0,6.0,Male,23-27,Other,2.0
P0250,G0104,2,0.6,0.0,0.0,0,1,2.0,2.5,1.0,1.5,-0.5,0.0,6.0,Male,23-27,Other,2.0
P0250,G0104,3,0.6,1.0,0.0,0,0,3.5,3.5,2.0,2.5,-0.5,0.0,6.0,Male,23-27,Other,2.0
P0250,G0104,4,0.6,1.0,1.0,1,0,5.0,5.0,3.5,3.5,0.0,0.0,6.0,Male,23-27,Other,2.0
P0250,G0104,5,0.6,0.0,1.0,1,1,6.0,6.5,5.0,5.0,0.0,0.0,6.0,Male,23-27,Other,2.0
P0250,G0104,6,0.6,0.0,1.0,0,1,7.0,8.0,6.0,6.5,-0.5,0.0,6.0,Male,23-27,Other,2.0
P0251,G0112,1,0.6,1.0,0.0,-1,-1,1.5,1.0,0.0,0.0,0.0,0.0,23.0,Female,23-27,Other,3.0
P0251,G0112,2,0.6,1.0,0.0,1,0,3.0,2.0,1.5,1.0,0.5,0.0,23.0,Female,23-27,Other,3.0
P0251,G0112,3,0.6,1.0,1.0,1,0,4.5,3.5,3.0,2.0,1.0,0.0,23.0,Female,23-27,Other,3.0
P0251,G0112,4,0.6,0.0,1.0,1,1,5.5,5.0,4.5,3.5,1.0,0.0,23.0,Female,23-27,Other,3.0
P0251,G0112,5,0.6,1.0,1.0,0,1,7.0,6.5,5.5,5.0,0.5,0.0,23.0,Female,23-27,Other,3.0
P0251,G0112,6,0.6,1.0,1.0,1,1,8.5,8.0,7.0,6.5,0.5,0.0,23.0,Female,23-27,Other,3.0
P0251,G0112,7,0.6,1.0,1.0,1,1,10.0,9.5,8.5,8.0,0.5,0.0,23.0,Female,23-27,Other,3.0
P0251,G0112,8,0.6,0.0,1.0,1,1,11.0,11.0,10.0,9.5,0.5,0.0,23.0,Female,23-27,Other,3.0
P0251,G0112,9,0.6,1.0,1.0,0,1,12.5,12.5,11.0,11.0,0.0,0.0,23.0,Female,23-27,Other,3.0
P0251,G0112,10,0.6,1.0,0.0,1,1,14.0,13.5,12.5,12.5,0.0,0.0,23.0,Female,23-27,Other,3.0
P0251,G0112,11,0.6,1.0,1.0,1,0,15.5,15.0,14.0,13.5,0.5,0.0,23.0,Female,23-27,Other,3.0
P0251,G0112,12,0.6,1.0,1.0,1,1,17.0,16.5,15.5,15.0,0.5,0.0,23.0,Female,23-27,Other,3.0
P0251,G0112,13,0.6,1.0,1.0,1,1,18.5,18.0,17.0,16.5,0.5,0.0,23.0,Female,23-27,Other,3.0
P0251,G0112,14,0.6,1.0,1.0,1,1,20.0,19.5,18.5,18.0,0.5,0.0,23.0,Female,23-27,Other,3.0
P0251,G0112,15,0.6,1.0,1.0,1,1,21.5,21.0,20.0,19.5,0.5,0.0,23.0,Female,23-27,Other,3.0
P0251,G0112,16,0.6,1.0,1.0,1,1,23.0,22.5,21.5,21.0,0.5,0.0,23.0,Female,23-27,Other,3.0
P0251,G0112,17,0.6,0.0,1.0,1,1,24.0,24.0,23.0,22.5,0.5,0.0,23.0,Female,23-27,Other,3.0
P0251,G0112,18,0.6,0.0,1.0,0,1,25.0,25.5,24.0,24.0,0.0,0.0,23.0,Female,23-27,Other,3.0
P0251,G0112,19,0.6,1.0,1.0,0,1,26.5,27.0,25.0,25.5,-0.5,0.0,23.0,Female,23-27,Other,3.0
P0251,G0112,20,0.6,1.0,0.0,1,1,28.0,28.0,26.5,27.0,-0.5,0.0,23.0,Female,23-27,Other,3.0
P0251,G0112,21,0.6,0.0,0.0,1,0,29.0,29.0,28.0,28.0,0.0,0.0,23.0,Female,23-27,Other,3.0
P0251,G0112,22,0.6,1.0,0.0,0,0,30.5,30.0,29.0,29.0,0.0,0.0,23.0,Female,23-27,Other,3.0
P0251,G0112,23,0.6,1.0,1.0,1,0,32.0,31.5,30.5,30.0,0.5,1.0,23.0,Female,23-27,Other,3.0
P0252,G0071,1,0.9,0.0,0.0,-1,-1,1.0,1.0,0.0,0.0,0.0,0.0,12.0,Female,18-22,Poland,4.0
P0252,G0071,2,0.9,1.0,0.0,0,0,2.5,2.0,1.0,1.0,0.0,0.0,12.0,Female,18-22,Poland,4.0
P0252,G0071,3,0.9,0.0,0.0,1,0,3.5,3.0,2.5,2.0,0.5,0.0,12.0,Female,18-22,Poland,4.0
P0252,G0071,4,0.9,1.0,0.0,0,0,5.0,4.0,3.5,3.0,0.5,0.0,12.0,Female,18-22,Poland,4.0
P0252,G0071,5,0.9,0.0,1.0,1,0,6.0,5.5,5.0,4.0,1.0,0.0,12.0,Female,18-22,Poland,4.0
P0252,G0071,6,0.9,1.0,0.0,0,1,7.5,6.5,6.0,5.5,0.5,0.0,12.0,Female,18-22,Poland,4.0
P0252,G0071,7,0.9,0.0,1.0,1,0,8.5,8.0,7.5,6.5,1.0,0.0,12.0,Female,18-22,Poland,4.0
P0252,G0071,8,0.9,1.0,0.0,0,1,10.0,9.0,8.5,8.0,0.5,0.0,12.0,Female,18-22,Poland,4.0
P0252,G0071,9,0.9,0.0,1.0,1,0,11.0,10.5,10.0,9.0,1.0,0.0,12.0,Female,18-22,Poland,4.0
P0252,G0071,10,0.9,1.0,1.0,0,1,12.5,12.0,11.0,10.5,0.5,0.0,12.0,Female,18-22,Poland,4.0
P0252,G0071,11,0.9,1.0,1.0,1,1,14.0,13.5,12.5,12.0,0.5,0.0,12.0,Female,18-22,Poland,4.0
P0252,G0071,12,0.9,1.0,1.0,1,1,15.5,15.0,14.0,13.5,0.5,1.0,12.0,Female,18-22,Poland,4.0
P0253,G0059,1,0.6,0.0,0.0,-1,-1,1.0,1.0,0.0,0.0,0.0,0.0,8.0,Male,33-37,Other,2.0
P0253,G0059,2,0.6,0.0,1.0,0,0,2.0,2.5,1.0,1.0,0.0,0.0,8.0,Male,33-37,Other,2.0
P0253,G0059,3,0.6,1.0,0.0,0,1,3.5,3.5,2.0,2.5,-0.5,0.0,8.0,Male,33-37,Other,2.0
P0253,G0059,4,0.6,0.0,1.0,1,0,4.5,5.0,3.5,3.5,0.0,0.0,8.0,Male,33-37,Other,2.0
P0253,G0059,5,0.6,1.0,0.0,0,1,6.0,6.0,4.5,5.0,-0.5,0.0,8.0,Male,33-37,Other,2.0
P0253,G0059,6,0.6,1.0,1.0,1,0,7.5,7.5,6.0,6.0,0.0,0.0,8.0,Male,33-37,Other,2.0
P0253,G0059,7,0.6,1.0,0.0,1,1,9.0,8.5,7.5,7.5,0.0,0.0,8.0,Male,33-37,Other,2.0
P0253,G0059,8,0.6,1.0,0.0,1,0,10.5,9.5,9.0,8.5,0.5,1.0,8.0,Male,33-37,Other,2.0
P0254,G0061,1,0.9,1.0,0.0,-1,-1,1.5,1.0,0.0,0.0,0.0,0.0,12.0,Female,28-32,South Africa,2.0
P0254,G0061,2,0.9,1.0,1.0,1,0,3.0,2.5,1.5,1.0,0.5,0.0,12.0,Female,28-32,South Africa,2.0
P0254,G0061,3,0.9,0.0,0.0,1,1,4.0,3.5,3.0,2.5,0.5,0.0,12.0,Female,28-32,South Africa,2.0
P0254,G0061,4,0.9,0.0,0.0,0,0,5.0,4.5,4.0,3.5,0.5,0.0,12.0,Female,28-32,South Africa,2.0
P0254,G0061,5,0.9,1.0,1.0,0,0,6.5,6.0,5.0,4.5,0.5,0.0,12.0,Female,28-32,South Africa,2.0
P0254,G0061,6,0.9,1.0,1.0,1,1,8.0,7.5,6.5,6.0,0.5,0.0,12.0,Female,28-32,South Africa,2.0
P0254,G0061,7,0.9,1.0,0.0,1,1,9.5,8.5,8.0,7.5,0.5,0.0,12.0,Female,28-32,South Africa,2.0
P0254,G0061,8,0.9,1.0,0.0,1,0,11.0,9.5,9.5,8.5,1.0,0.0,12.0,Female,28-32,South Africa,2.0
P0254,G0061,9,0.9,0.0,1.0,1,0,12.0,11.0,11.0,9.5,1.5,0.0,12.0,Female,28-32,South Africa,2.0
P0254,G0061,10,0.9,1.0,1.0,0,1,13.5,12.5,12.0,11.0,1.0,0.0,12.0,Female,28-32,South Africa,2.0
P0254,G0061,11,0.9,1.0,1.0,1,1,15.0,14.0,13.5,12.5,1.0,0.0,12.0,Female,28-32,South Africa,2.0
P0254,G0061,12,0.9,0.0,0.0,1,1,16.0,15.0,15.0,14.0,1.0,1.0,12.0,Female,28-32,South Africa,2.0
P0255,G0068,1,0.9,1.0,1.0,-1,-1,1.5,1.5,0.0,0.0,0.0,0.0,14.0,Male,18-22,Poland,4.0
P0255,G0068,2,0.9,1.0,1.0,1,1,3.0,3.0,1.5,1.5,0.0,0.0,14.0,Male,18-22,Poland,4.0
P0255,G0068,3,0.9,0.0,1.0,1,1,4.0,4.5,3.0,3.0,0.0,0.0,14.0,Male,18-22,Poland,4.0
P0255,G0068,4,0.9,0.0,0.0,0,1,5.0,5.5,4.0,4.5,-0.5,0.0,14.0,Male,18-22,Poland,4.0
P0255,G0068,5,0.9,1.0,0.0,0,0,6.5,6.5,5.0,5.5,-0.5,0.0,14.0,Male,18-22,Poland,4.0
P0255,G0068,6,0.9,0.0,0.0,1,0,7.5,7.5,6.5,6.5,0.0,0.0,14.0,Male,18-22,Poland,4.0
P0255,G0068,7,0.9,0.0,1.0,0,0,8.5,9.0,7.5,7.5,0.0,0.0,14.0,Male,18-22,Poland,4.0
P0255,G0068,8,0.9,1.0,0.0,0,1,10.0,10.0,8.5,9.0,-0.5,0.0,14.0,Male,18-22,Poland,4.0
P0255,G0068,9,0.9,0.0,0.0,1,0,11.0,11.0,10.0,10.0,0.0,0.0,14.0,Male,18-22,Poland,4.0
P0255,G0068,10,0.9,1.0,1.0,0,0,12.5,12.5,11.0,11.0,0.0,0.0,14.0,Male,18-22,Poland,4.0
P0255,G0068,11,0.9,0.0,1.0,1,1,13.5,14.0,12.5,12.5,0.0,0.0,14.0,Male,18-22,Poland,4.0
P0255,G0068,12,0.9,1.0,0.0,0,1,15.0,15.0,13.5,14.0,-0.5,0.0,14.0,Male,18-22,Poland,4.0
P0255,G0068,13,0.9,1.0,1.0,1,0,16.5,16.5,15.0,15.0,0.0,0.0,14.0,Male,18-22,Poland,4.0
P0255,G0068,14,0.9,0.0,0.0,1,1,17.5,17.5,16.5,16.5,0.0,1.0,14.0,Male,18-22,Poland,4.0
P0256,G0077,1,0.9,0.0,0.0,-1,-1,1.0,1.0,0.0,0.0,0.0,0.0,9.0,Female,23-27,DATA_EXPIRED,0.0
P0256,G0077,2,0.9,0.0,0.0,0,0,2.0,2.0,1.0,1.0,0.0,0.0,9.0,Female,23-27,DATA_EXPIRED,0.0
P0256,G0077,3,0.9,0.0,0.0,0,0,3.0,3.0,2.0,2.0,0.0,0.0,9.0,Female,23-27,DATA_EXPIRED,0.0
P0256,G0077,4,0.9,0.0,1.0,0,0,4.0,4.5,3.0,3.0,0.0,0.0,9.0,Female,23-27,DATA_EXPIRED,0.0
P0256,G0077,5,0.9,1.0,0.0,0,1,5.5,5.5,4.0,4.5,-0.5,0.0,9.0,Female,23-27,DATA_EXPIRED,0.0
P0256,G0077,6,0.9,0.0,0.0,1,0,6.5,6.5,5.5,5.5,0.0,0.0,9.0,Female,23-27,DATA_EXPIRED,0.0
P0256,G0077,7,0.9,0.0,1.0,0,0,7.5,8.0,6.5,6.5,0.0,0.0,9.0,Female,23-27,DATA_EXPIRED,0.0
P0256,G0077,8,0.9,1.0,1.0,0,1,9.0,9.5,7.5,8.0,-0.5,0.0,9.0,Female,23-27,DATA_EXPIRED,0.0
P0256,G0077,9,0.9,1.0,1.0,1,1,10.5,11.0,9.0,9.5,-0.5,0.0,9.0,Female,23-27,DATA_EXPIRED,0.0
P0257,G0136,1,0.1,1.0,0.0,-1,-1,1.5,1.0,0.0,0.0,0.0,0.0,8.0,Female,38-42,South Africa,0.0
P0257,G0136,2,0.1,0.0,0.0,1,0,2.5,2.0,1.5,1.0,0.5,0.0,8.0,Female,38-42,South Africa,0.0
P0257,G0136,3,0.1,1.0,0.0,0,0,4.0,3.0,2.5,2.0,0.5,0.0,8.0,Female,38-42,South Africa,0.0
P0257,G0136,4,0.1,0.0,1.0,1,0,5.0,4.5,4.0,3.0,1.0,0.0,8.0,Female,38-42,South Africa,0.0
P0257,G0136,5,0.1,1.0,1.0,0,1,6.5,6.0,5.0,4.5,0.5,0.0,8.0,Female,38-42,South Africa,0.0
P0257,G0136,6,0.1,0.0,1.0,1,1,7.5,7.5,6.5,6.0,0.5,0.0,8.0,Female,38-42,South Africa,0.0
P0257,G0136,7,0.1,0.0,0.0,0,1,8.5,8.5,7.5,7.5,0.0,0.0,8.0,Female,38-42,South Africa,0.0
P0257,G0136,8,0.1,0.0,0.0,0,0,9.5,9.5,8.5,8.5,0.0,1.0,8.0,Female,38-42,South Africa,0.0
P0258,G0168,1,0.9,1.0,1.0,-1,-1,1.5,1.5,0.0,0.0,0.0,0.0,6.0,Male,23-27,Other,3.0
P0258,G0168,2,0.9,0.0,1.0,1,1,2.5,3.0,1.5,1.5,0.0,0.0,6.0,Male,23-27,Other,3.0
P0258,G0168,3,0.9,1.0,1.0,0,1,4.0,4.5,2.5,3.0,-0.5,0.0,6.0,Male,23-27,Other,3.0
P0258,G0168,4,0.9,1.0,1.0,1,1,5.5,6.0,4.0,4.5,-0.5,0.0,6.0,Male,23-27,Other,3.0
P0258,G0168,5,0.9,1.0,1.0,1,1,7.0,7.5,5.5,6.0,-0.5,0.0,6.0,Male,23-27,Other,3.0
P0258,G0168,6,0.9,1.0,1.0,1,1,8.5,9.0,7.0,7.5,-0.5,0.0,6.0,Male,23-27,Other,3.0
P0259,G0011,1,0.1,0.0,1.0,-1,-1,1.0,1.5,0.0,0.0,0.0,0.0,8.0,Male,28-32,South Africa,4.0
P0259,G0011,2,0.1,1.0,0.0,0,1,2.5,2.5,1.0,1.5,-0.5,0.0,8.0,Male,28-32,South Africa,4.0
P0259,G0011,3,0.1,1.0,1.0,1,0,4.0,4.0,2.5,2.5,0.0,0.0,8.0,Male,28-32,South Africa,4.0
P0259,G0011,4,0.1,0.0,1.0,1,1,5.0,5.5,4.0,4.0,0.0,0.0,8.0,Male,28-32,South Africa,4.0
P0259,G0011,5,0.1,1.0,1.0,0,1,6.5,7.0,5.0,5.5,-0.5,0.0,8.0,Male,28-32,South Africa,4.0
P0259,G0011,6,0.1,1.0,0.0,1,1,8.0,8.0,6.5,7.0,-0.5,0.0,8.0,Male,28-32,South Africa,4.0
P0259,G0011,7,0.1,0.0,1.0,1,0,9.0,9.5,8.0,8.0,0.0,0.0,8.0,Male,28-32,South Africa,4.0
P0259,G0011,8,0.1,1.0,1.0,0,1,10.5,11.0,9.0,9.5,-0.5,0.0,8.0,Male,28-32,South Africa,4.0
P0260,G0105,1,0.1,1.0,1.0,-1,-1,1.5,1.5,0.0,0.0,0.0,0.0,5.0,Male,18-22,Other,0.0
P0260,G0105,2,0.1,1.0,1.0,1,1,3.0,3.0,1.5,1.5,0.0,0.0,5.0,Male,18-22,Other,0.0
P0260,G0105,3,0.1,1.0,1.0,1,1,4.5,4.5,3.0,3.0,0.0,0.0,5.0,Male,18-22,Other,0.0
P0260,G0105,4,0.1,1.0,0.0,1,1,6.0,5.5,4.5,4.5,0.0,0.0,5.0,Male,18-22,Other,0.0
P0260,G0105,5,0.1,0.0,0.0,1,0,7.0,6.5,6.0,5.5,0.5,1.0,5.0,Male,18-22,Other,0.0
P0261,G0105,1,0.1,1.0,1.0,-1,-1,1.5,1.5,0.0,0.0,0.0,0.0,5.0,Male,28-32,Other,2.0
P0261,G0105,2,0.1,1.0,1.0,1,1,3.0,3.0,1.5,1.5,0.0,0.0,5.0,Male,28-32,Other,2.0
P0261,G0105,3,0.1,1.0,1.0,1,1,4.5,4.5,3.0,3.0,0.0,0.0,5.0,Male,28-32,Other,2.0
P0261,G0105,4,0.1,0.0,1.0,1,1,5.5,6.0,4.5,4.5,0.0,0.0,5.0,Male,28-32,Other,2.0
P0261,G0105,5,0.1,0.0,0.0,0,1,6.5,7.0,5.5,6.0,-0.5,0.0,5.0,Male,28-32,Other,2.0
P0262,G0038,1,0.9,0.0,1.0,-1,-1,1.0,1.5,0.0,0.0,0.0,0.0,8.0,Male,28-32,Poland,0.0
P0262,G0038,2,0.9,1.0,0.0,0,1,2.5,2.5,1.0,1.5,-0.5,0.0,8.0,Male,28-32,Poland,0.0
P0262,G0038,3,0.9,0.0,0.0,1,0,3.5,3.5,2.5,2.5,0.0,0.0,8.0,Male,28-32,Poland,0.0
P0262,G0038,4,0.9,0.0,0.0,0,0,4.5,4.5,3.5,3.5,0.0,0.0,8.0,Male,28-32,Poland,0.0
P0262,G0038,5,0.9,1.0,1.0,0,0,6.0,6.0,4.5,4.5,0.0,0.0,8.0,Male,28-32,Poland,0.0
P0262,G0038,6,0.9,0.0,0.0,1,1,7.0,7.0,6.0,6.0,0.0,0.0,8.0,Male,28-32,Poland,0.0
P0262,G0038,7,0.9,1.0,0.0,0,0,8.5,8.0,7.0,7.0,0.0,0.0,8.0,Male,28-32,Poland,0.0
P0262,G0038,8,0.9,0.0,0.0,1,0,9.5,9.0,8.5,8.0,0.5,1.0,8.0,Male,28-32,Poland,0.0
P0263,G0001,1,0.6,0.0,0.0,-1,-1,1.0,1.0,0.0,0.0,0.0,0.0,17.0,Male,23-27,Other,1.0
P0263,G0001,2,0.6,0.0,1.0,0,0,2.0,2.5,1.0,1.0,0.0,0.0,17.0,Male,23-27,Other,1.0
P0263,G0001,3,0.6,0.0,0.0,0,1,3.0,3.5,2.0,2.5,-0.5,0.0,17.0,Male,23-27,Other,1.0
P0263,G0001,4,0.6,0.0,1.0,0,0,4.0,5.0,3.0,3.5,-0.5,0.0,17.0,Male,23-27,Other,1.0
P0263,G0001,5,0.6,0.0,0.0,0,1,5.0,6.0,4.0,5.0,-1.0,0.0,17.0,Male,23-27,Other,1.0
P0263,G0001,6,0.6,1.0,0.0,0,0,6.5,7.0,5.0,6.0,-1.0,0.0,17.0,Male,23-27,Other,1.0
P0263,G0001,7,0.6,0.0,1.0,1,0,7.5,8.5,6.5,7.0,-0.5,0.0,17.0,Male,23-27,Other,1.0
P0263,G0001,8,0.6,1.0,1.0,0,1,9.0,10.0,7.5,8.5,-1.0,0.0,17.0,Male,23-27,Other,1.0
P0263,G0001,9,0.6,0.0,0.0,1,1,10.0,11.0,9.0,10.0,-1.0,0.0,17.0,Male,23-27,Other,1.0
P0263,G0001,10,0.6,1.0,0.0,0,0,11.5,12.0,10.0,11.0,-1.0,0.0,17.0,Male,23-27,Other,1.0
P0263,G0001,11,0.6,0.0,1.0,1,0,12.5,13.5,11.5,12.0,-0.5,0.0,17.0,Male,23-27,Other,1.0
P0263,G0001,12,0.6,1.0,1.0,0,1,14.0,15.0,12.5,13.5,-1.0,0.0,17.0,Male,23-27,Other,1.0
P0263,G0001,13,0.6,0.0,0.0,1,1,15.0,16.0,14.0,15.0,-1.0,0.0,17.0,Male,23-27,Other,1.0
P0263,G0001,14,0.6,0.0,1.0,0,0,16.0,17.5,15.0,16.0,-1.0,0.0,17.0,Male,23-27,Other,1.0
P0263,G0001,15,0.6,0.0,0.0,0,1,17.0,18.5,16.0,17.5,-1.5,0.0,17.0,Male,23-27,Other,1.0
P0263,G0001,16,0.6,0.0,0.0,0,0,18.0,19.5,17.0,18.5,-1.5,0.0,17.0,Male,23-27,Other,1.0
P0263,G0001,17,0.6,0.0,1.0,0,0,19.0,21.0,18.0,19.5,-1.5,0.0,17.0,Male,23-27,Other,1.0
P0264,G0005,1,0.6,1.0,1.0,-1,-1,1.5,1.5,0.0,0.0,0.0,0.0,9.0,Male,23-27,South Africa,5.0
P0264,G0005,2,0.6,1.0,0.0,1,1,3.0,2.5,1.5,1.5,0.0,0.0,9.0,Male,23-27,South Africa,5.0
P0264,G0005,3,0.6,0.0,0.0,1,0,4.0,3.5,3.0,2.5,0.5,0.0,9.0,Male,23-27,South Africa,5.0
P0264,G0005,4,0.6,0.0,0.0,0,0,5.0,4.5,4.0,3.5,0.5,0.0,9.0,Male,23-27,South Africa,5.0
P0264,G0005,5,0.6,0.0,1.0,0,0,6.0,6.0,5.0,4.5,0.5,0.0,9.0,Male,23-27,South Africa,5.0
P0264,G0005,6,0.6,1.0,1.0,0,1,7.5,7.5,6.0,6.0,0.0,0.0,9.0,Male,23-27,South Africa,5.0
P0264,G0005,7,0.6,1.0,1.0,1,1,9.0,9.0,7.5,7.5,0.0,0.0,9.0,Male,23-27,South Africa,5.0
P0264,G0005,8,0.6,1.0,1.0,1,1,10.5,10.5,9.0,9.0,0.0,0.0,9.0,Male,23-27,South Africa,5.0
P0264,G0005,9,0.6,1.0,1.0,1,1,12.0,12.0,10.5,10.5,0.0,1.0,9.0,Male,23-27,South Africa,5.0
P0265,G0026,1,0.9,1.0,0.0,-1,-1,1.5,1.0,0.0,0.0,0.0,0.0,14.0,Female,23-27,Other,4.0
P0265,G0026,2,0.9,1.0,1.0,1,0,3.0,2.5,1.5,1.0,0.5,0.0,14.0,Female,23-27,Other,4.0
P0265,G0026,3,0.9,1.0,1.0,1,1,4.5,4.0,3.0,2.5,0.5,0.0,14.0,Female,23-27,Other,4.0
P0265,G0026,4,0.9,1.0,0.0,1,1,6.0,5.0,4.5,4.0,0.5,0.0,14.0,Female,23-27,Other,4.0
P0265,G0026,5,0.9,1.0,1.0,1,0,7.5,6.5,6.0,5.0,1.0,0.0,14.0,Female,23-27,Other,4.0
P0265,G0026,6,0.9,1.0,1.0,1,1,9.0,8.0,7.5,6.5,1.0,0.0,14.0,Female,23-27,Other,4.0
P0265,G0026,7,0.9,1.0,1.0,1,1,10.5,9.5,9.0,8.0,1.0,0.0,14.0,Female,23-27,Other,4.0
P0265,G0026,8,0.9,1.0,1.0,1,1,12.0,11.0,10.5,9.5,1.0,0.0,14.0,Female,23-27,Other,4.0
P0265,G0026,9,0.9,0.0,0.0,1,1,13.0,12.0,12.0,11.0,1.0,0.0,14.0,Female,23-27,Other,4.0
P0265,G0026,10,0.9,1.0,1.0,0,0,14.5,13.5,13.0,12.0,1.0,0.0,14.0,Female,23-27,Other,4.0
P0265,G0026,11,0.9,1.0,1.0,1,1,16.0,15.0,14.5,13.5,1.0,0.0,14.0,Female,23-27,Other,4.0
P0265,G0026,12,0.9,1.0,1.0,1,1,17.5,16.5,16.0,15.0,1.0,0.0,14.0,Female,23-27,Other,4.0
P0265,G0026,13,0.9,0.0,0.0,1,1,18.5,17.5,17.5,16.5,1.0,0.0,14.0,Female,23-27,Other,4.0
P0265,G0026,14,0.9,1.0,1.0,0,0,20.0,19.0,18.5,17.5,1.0,1.0,14.0,Female,23-27,Other,4.0
P0266,G0004,1,0.1,1.0,1.0,-1,-1,1.5,1.5,0.0,0.0,0.0,0.0,5.0,Female,33-37,South Africa,2.0
P0266,G0004,2,0.1,1.0,1.0,1,1,3.0,3.0,1.5,1.5,0.0,0.0,5.0,Female,33-37,South Africa,2.0
P0266,G0004,3,0.1,1.0,1.0,1,1,4.5,4.5,3.0,3.0,0.0,0.0,5.0,Female,33-37,South Africa,2.0
P0266,G0004,4,0.1,1.0,1.0,1,1,6.0,6.0,4.5,4.5,0.0,0.0,5.0,Female,33-37,South Africa,2.0
P0266,G0004,5,0.1,1.0,1.0,1,1,7.5,7.5,6.0,6.0,0.0,1.0,5.0,Female,33-37,South Africa,2.0
P0267,G0012,1,0.9,1.0,0.0,-1,-1,1.5,1.0,0.0,0.0,0.0,0.0,14.0,Male,28-32,South Africa,0.0
P0267,G0012,2,0.9,1.0,0.0,1,0,3.0,2.0,1.5,1.0,0.5,0.0,14.0,Male,28-32,South Africa,0.0
P0267,G0012,3,0.9,1.0,1.0,1,0,4.5,3.5,3.0,2.0,1.0,0.0,14.0,Male,28-32,South Africa,0.0
P0267,G0012,4,0.9,1.0,0.0,1,1,6.0,4.5,4.5,3.5,1.0,0.0,14.0,Male,28-32,South Africa,0.0
P0267,G0012,5,0.9,1.0,1.0,1,0,7.5,6.0,6.0,4.5,1.5,0.0,14.0,Male,28-32,South Africa,0.0
P0267,G0012,6,0.9,1.0,1.0,1,1,9.0,7.5,7.5,6.0,1.5,0.0,14.0,Male,28-32,South Africa,0.0
P0267,G0012,7,0.9,1.0,1.0,1,1,10.5,9.0,9.0,7.5,1.5,0.0,14.0,Male,28-32,South Africa,0.0
P0267,G0012,8,0.9,1.0,1.0,1,1,12.0,10.5,10.5,9.0,1.5,0.0,14.0,Male,28-32,South Africa,0.0
P0267,G0012,9,0.9,1.0,1.0,1,1,13.5,12.0,12.0,10.5,1.5,0.0,14.0,Male,28-32,South Africa,0.0
P0267,G0012,10,0.9,0.0,1.0,1,1,14.5,13.5,13.5,12.0,1.5,0.0,14.0,Male,28-32,South Africa,0.0
P0267,G0012,11,0.9,1.0,1.0,0,1,16.0,15.0,14.5,13.5,1.0,0.0,14.0,Male,28-32,South Africa,0.0
P0267,G0012,12,0.9,1.0,1.0,1,1,17.5,16.5,16.0,15.0,1.0,0.0,14.0,Male,28-32,South Africa,0.0
P0267,G0012,13,0.9,1.0,0.0,1,1,19.0,17.5,17.5,16.5,1.0,0.0,14.0,Male,28-32,South Africa,0.0
P0267,G0012,14,0.9,1.0,1.0,1,0,20.5,19.0,19.0,17.5,1.5,1.0,14.0,Male,28-32,South Africa,0.0
P0268,G0119,1,0.6,0.0,0.0,-1,-1,1.0,1.0,0.0,0.0,0.0,0.0,6.0,Male,18-22,Other,1.0
P0268,G0119,2,0.6,1.0,0.0,0,0,2.5,2.0,1.0,1.0,0.0,0.0,6.0,Male,18-22,Other,1.0
P0268,G0119,3,0.6,0.0,1.0,1,0,3.5,3.5,2.5,2.0,0.5,0.0,6.0,Male,18-22,Other,1.0
P0268,G0119,4,0.6,0.0,0.0,0,1,4.5,4.5,3.5,3.5,0.0,0.0,6.0,Male,18-22,Other,1.0
P0268,G0119,5,0.6,1.0,0.0,0,0,6.0,5.5,4.5,4.5,0.0,0.0,6.0,Male,18-22,Other,1.0
P0268,G0119,6,0.6,0.0,1.0,1,0,7.0,7.0,6.0,5.5,0.5,1.0,6.0,Male,18-22,Other,1.0
P0269,G0095,1,0.1,1.0,1.0,-1,-1,1.5,1.5,0.0,0.0,0.0,0.0,5.0,Female,38-42,South Africa,5.0
P0269,G0095,2,0.1,0.0,1.0,1,1,2.5,3.0,1.5,1.5,0.0,0.0,5.0,Female,38-42,South Africa,5.0
P0269,G0095,3,0.1,1.0,1.0,0,1,4.0,4.5,2.5,3.0,-0.5,0.0,5.0,Female,38-42,South Africa,5.0
P0269,G0095,4,0.1,0.0,0.0,1,1,5.0,5.5,4.0,4.5,-0.5,0.0,5.0,Female,38-42,South Africa,5.0
P0269,G0095,5,0.1,1.0,0.0,0,0,6.5,6.5,5.0,5.5,-0.5,1.0,5.0,Female,38-42,South Africa,5.0
P0270,G0090,1,0.1,1.0,1.0,-1,-1,1.5,1.5,0.0,0.0,0.0,0.0,10.0,Male,28-32,Poland,0.0
P0270,G0090,2,0.1,0.0,0.0,1,1,2.5,2.5,1.5,1.5,0.0,0.0,10.0,Male,28-32,Poland,0.0
P0270,G0090,3,0.1,1.0,1.0,0,0,4.0,4.0,2.5,2.5,0.0,0.0,10.0,Male,28-32,Poland,0.0
P0270,G0090,4,0.1,1.0,1.0,1,1,5.5,5.5,4.0,4.0,0.0,0.0,10.0,Male,28-32,Poland,0.0
P0270,G0090,5,0.1,1.0,0.0,1,1,7.0,6.5,5.5,5.5,0.0,0.0,10.0,Male,28-32,Poland,0.0
P0270,G0090,6,0.1,1.0,0.0,1,0,8.5,7.5,7.0,6.5,0.5,0.0,10.0,Male,28-32,Poland,0.0
P0270,G0090,7,0.1,0.0,1.0,1,0,9.5,9.0,8.5,7.5,1.0,0.0,10.0,Male,28-32,Poland,0.0
P0270,G0090,8,0.1,1.0,0.0,0,1,11.0,10.0,9.5,9.0,0.5,0.0,10.0,Male,28-32,Poland,0.0
P0270,G0090,9,0.1,0.0,0.0,1,0,12.0,11.0,11.0,10.0,1.0,0.0,10.0,Male,28-32,Poland,0.0
P0270,G0090,10,0.1,0.0,1.0,0,0,13.0,12.5,12.0,11.0,1.0,1.0,10.0,Male,28-32,Poland,0.0
P0271,G0002,1,0.9,1.0,1.0,-1,-1,1.5,1.5,0.0,0.0,0.0,0.0,6.0,Male,18-22,Other,2.0
P0271,G0002,2,0.9,0.0,1.0,1,1,2.5,3.0,1.5,1.5,0.0,0.0,6.0,Male,18-22,Other,2.0
P0271,G0002,3,0.9,1.0,1.0,0,1,4.0,4.5,2.5,3.0,-0.5,0.0,6.0,Male,18-22,Other,2.0
P0271,G0002,4,0.9,1.0,1.0,1,1,5.5,6.0,4.0,4.5,-0.5,0.0,6.0,Male,18-22,Other,2.0
P0271,G0002,5,0.9,1.0,1.0,1,1,7.0,7.5,5.5,6.0,-0.5,0.0,6.0,Male,18-22,Other,2.0
P0271,G0002,6,0.9,1.0,1.0,1,1,8.5,9.0,7.0,7.5,-0.5,0.0,6.0,Male,18-22,Other,2.0
P0272,G0165,1,0.1,1.0,1.0,-1,-1,1.5,1.5,0.0,0.0,0.0,0.0,6.0,Female,23-27,South Africa,1.0
P0272,G0165,2,0.1,1.0,0.0,1,1,3.0,2.5,1.5,1.5,0.0,0.0,6.0,Female,23-27,South Africa,1.0
P0272,G0165,3,0.1,1.0,1.0,1,0,4.5,4.0,3.0,2.5,0.5,0.0,6.0,Female,23-27,South Africa,1.0
P0272,G0165,4,0.1,1.0,1.0,1,1,6.0,5.5,4.5,4.0,0.5,0.0,6.0,Female,23-27,South Africa,1.0
P0272,G0165,5,0.1,1.0,1.0,1,1,7.5,7.0,6.0,5.5,0.5,0.0,6.0,Female,23-27,South Africa,1.0
P0272,G0165,6,0.1,1.0,0.0,1,1,9.0,8.0,7.5,7.0,0.5,1.0,6.0,Female,23-27,South Africa,1.0
P0273,G0083,1,0.9,1.0,1.0,-1,-1,1.5,1.5,0.0,0.0,0.0,0.0,12.0,Female,23-27,South Africa,0.0
P0273,G0083,2,0.9,1.0,1.0,1,1,3.0,3.0,1.5,1.5,0.0,0.0,12.0,Female,23-27,South Africa,0.0
P0273,G0083,3,0.9,0.0,1.0,1,1,4.0,4.5,3.0,3.0,0.0,0.0,12.0,Female,23-27,South Africa,0.0
P0273,G0083,4,0.9,1.0,1.0,0,1,5.5,6.0,4.0,4.5,-0.5,0.0,12.0,Female,23-27,South Africa,0.0
P0273,G0083,5,0.9,1.0,1.0,1,1,7.0,7.5,5.5,6.0,-0.5,0.0,12.0,Female,23-27,South Africa,0.0
P0273,G0083,6,0.9,1.0,1.0,1,1,8.5,9.0,7.0,7.5,-0.5,0.0,12.0,Female,23-27,South Africa,0.0
P0273,G0083,7,0.9,1.0,1.0,1,1,10.0,10.5,8.5,9.0,-0.5,0.0,12.0,Female,23-27,South Africa,0.0
P0273,G0083,8,0.9,1.0,1.0,1,1,11.5,12.0,10.0,10.5,-0.5,0.0,12.0,Female,23-27,South Africa,0.0
P0273,G0083,9,0.9,1.0,1.0,1,1,13.0,13.5,11.5,12.0,-0.5,0.0,12.0,Female,23-27,South Africa,0.0
P0273,G0083,10,0.9,1.0,1.0,1,1,14.5,15.0,13.0,13.5,-0.5,0.0,12.0,Female,23-27,South Africa,0.0
P0273,G0083,11,0.9,1.0,1.0,1,1,16.0,16.5,14.5,15.0,-0.5,0.0,12.0,Female,23-27,South Africa,0.0
P0273,G0083,12,0.9,1.0,1.0,1,1,17.5,18.0,16.0,16.5,-0.5,0.0,12.0,Female,23-27,South Africa,0.0
P0274,G0113,1,0.6,0.0,0.0,-1,-1,1.0,1.0,0.0,0.0,0.0,0.0,15.0,Female,18-22,Other,4.0
P0274,G0113,2,0.6,0.0,0.0,0,0,2.0,2.0,1.0,1.0,0.0,0.0,15.0,Female,18-22,Other,4.0
P0274,G0113,3,0.6,1.0,1.0,0,0,3.5,3.5,2.0,2.0,0.0,0.0,15.0,Female,18-22,Other,4.0
P0274,G0113,4,0.6,0.0,0.0,1,1,4.5,4.5,3.5,3.5,0.0,0.0,15.0,Female,18-22,Other,4.0
P0274,G0113,5,0.6,0.0,1.0,0,0,5.5,6.0,4.5,4.5,0.0,0.0,15.0,Female,18-22,Other,4.0
P0274,G0113,6,0.6,1.0,0.0,0,1,7.0,7.0,5.5,6.0,-0.5,0.0,15.0,Female,18-22,Other,4.0
P0274,G0113,7,0.6,0.0,0.0,1,0,8.0,8.0,7.0,7.0,0.0,0.0,15.0,Female,18-22,Other,4.0
P0274,G0113,8,0.6,0.0,0.0,0,0,9.0,9.0,8.0,8.0,0.0,0.0,15.0,Female,18-22,Other,4.0
P0274,G0113,9,0.6,0.0,0.0,0,0,10.0,10.0,9.0,9.0,0.0,0.0,15.0,Female,18-22,Other,4.0
P0274,G0113,10,0.6,1.0,1.0,0,0,11.5,11.5,10.0,10.0,0.0,0.0,15.0,Female,18-22,Other,4.0
P0274,G0113,11,0.6,0.0,0.0,1,1,12.5,12.5,11.5,11.5,0.0,0.0,15.0,Female,18-22,Other,4.0
P0274,G0113,12,0.6,0.0,0.0,0,0,13.5,13.5,12.5,12.5,0.0,0.0,15.0,Female,18-22,Other,4.0
P0274,G0113,13,0.6,1.0,1.0,0,0,15.0,15.0,13.5,13.5,0.0,0.0,15.0,Female,18-22,Other,4.0
P0274,G0113,14,0.6,0.0,1.0,1,1,16.0,16.5,15.0,15.0,0.0,0.0,15.0,Female,18-22,Other,4.0
P0274,G0113,15,0.6,1.0,0.0,0,1,17.5,17.5,16.0,16.5,-0.5,1.0,15.0,Female,18-22,Other,4.0
P0275,G0099,1,0.9,0.0,1.0,-1,-1,1.0,1.5,0.0,0.0,0.0,0.0,5.0,Male,18-22,Other,1.0
P0275,G0099,2,0.9,1.0,1.0,0,1,2.5,3.0,1.0,1.5,-0.5,0.0,5.0,Male,18-22,Other,1.0
P0275,G0099,3,0.9,0.0,0.0,1,1,3.5,4.0,2.5,3.0,-0.5,0.0,5.0,Male,18-22,Other,1.0
P0275,G0099,4,0.9,1.0,1.0,0,0,5.0,5.5,3.5,4.0,-0.5,0.0,5.0,Male,18-22,Other,1.0
P0275,G0099,5,0.9,1.0,1.0,1,1,6.5,7.0,5.0,5.5,-0.5,0.0,5.0,Male,18-22,Other,1.0
P0276,G0106,1,0.1,0.0,0.0,-1,-1,1.0,1.0,0.0,0.0,0.0,0.0,7.0,Male,18-22,Other,2.0
P0276,G0106,2,0.1,1.0,0.0,0,0,2.5,2.0,1.0,1.0,0.0,0.0,7.0,Male,18-22,Other,2.0
P0276,G0106,3,0.1,0.0,1.0,1,0,3.5,3.5,2.5,2.0,0.5,0.0,7.0,Male,18-22,Other,2.0
P0276,G0106,4,0.1,1.0,1.0,0,1,5.0,5.0,3.5,3.5,0.0,0.0,7.0,Male,18-22,Other,2.0
P0276,G0106,5,0.1,0.0,0.0,1,1,6.0,6.0,5.0,5.0,0.0,0.0,7.0,Male,18-22,Other,2.0
P0276,G0106,6,0.1,1.0,0.0,0,0,7.5,7.0,6.0,6.0,0.0,0.0,7.0,Male,18-22,Other,2.0
P0276,G0106,7,0.1,1.0,1.0,1,0,9.0,8.5,7.5,7.0,0.5,1.0,7.0,Male,18-22,Other,2.0
P0277,G0163,1,0.9,0.0,1.0,-1,-1,1.0,1.5,0.0,0.0,0.0,0.0,8.0,Female,23-27,South Africa,2.0
P0277,G0163,2,0.9,1.0,0.0,0,1,2.5,2.5,1.0,1.5,-0.5,0.0,8.0,Female,23-27,South Africa,2.0
P0277,G0163,3,0.9,1.0,1.0,1,0,4.0,4.0,2.5,2.5,0.0,0.0,8.0,Female,23-27,South Africa,2.0
P0277,G0163,4,0.9,0.0,1.0,1,1,5.0,5.5,4.0,4.0,0.0,0.0,8.0,Female,23-27,South Africa,2.0
P0277,G0163,5,0.9,1.0,1.0,0,1,6.5,7.0,5.0,5.5,-0.5,0.0,8.0,Female,23-27,South Africa,2.0
P0277,G0163,6,0.9,0.0,1.0,1,1,7.5,8.5,6.5,7.0,-0.5,0.0,8.0,Female,23-27,South Africa,2.0
P0277,G0163,7,0.9,0.0,0.0,0,1,8.5,9.5,7.5,8.5,-1.0,0.0,8.0,Female,23-27,South Africa,2.0
P0277,G0163,8,0.9,0.0,0.0,0,0,9.5,10.5,8.5,9.5,-1.0,0.0,8.0,Female,23-27,South Africa,2.0
P0278,G0130,1,0.1,0.0,1.0,-1,-1,1.0,1.5,0.0,0.0,0.0,0.0,10.0,Male,23-27,South Africa,1.0
P0278,G0130,2,0.1,1.0,0.0,0,1,2.5,2.5,1.0,1.5,-0.5,0.0,10.0,Male,23-27,South Africa,1.0
P0278,G0130,3,0.1,1.0,0.0,1,0,4.0,3.5,2.5,2.5,0.0,0.0,10.0,Male,23-27,South Africa,1.0
P0278,G0130,4,0.1,1.0,1.0,1,0,5.5,5.0,4.0,3.5,0.5,0.0,10.0,Male,23-27,South Africa,1.0
P0278,G0130,5,0.1,1.0,0.0,1,1,7.0,6.0,5.5,5.0,0.5,0.0,10.0,Male,23-27,South Africa,1.0
P0278,G0130,6,0.1,1.0,0.0,1,0,8.5,7.0,7.0,6.0,1.0,0.0,10.0,Male,23-27,South Africa,1.0
P0278,G0130,7,0.1,1.0,1.0,1,0,10.0,8.5,8.5,7.0,1.5,0.0,10.0,Male,23-27,South Africa,1.0
P0278,G0130,8,0.1,1.0,1.0,1,1,11.5,10.0,10.0,8.5,1.5,0.0,10.0,Male,23-27,South Africa,1.0
P0278,G0130,9,0.1,1.0,1.0,1,1,13.0,11.5,11.5,10.0,1.5,0.0,10.0,Male,23-27,South Africa,1.0
P0278,G0130,10,0.1,1.0,0.0,1,1,14.5,12.5,13.0,11.5,1.5,1.0,10.0,Male,23-27,South Africa,1.0
P0279,G0055,1,0.1,1.0,1.0,-1,-1,1.5,1.5,0.0,0.0,0.0,0.0,6.0,Female,68-72,South Africa,1.0
P0279,G0055,2,0.1,1.0,0.0,1,1,3.0,2.5,1.5,1.5,0.0,0.0,6.0,Female,68-72,South Africa,1.0
P0279,G0055,3,0.1,1.0,1.0,1,0,4.5,4.0,3.0,2.5,0.5,0.0,6.0,Female,68-72,South Africa,1.0
P0279,G0055,4,0.1,1.0,1.0,1,1,6.0,5.5,4.5,4.0,0.5,0.0,6.0,Female,68-72,South Africa,1.0
P0279,G0055,5,0.1,1.0,1.0,1,1,7.5,7.0,6.0,5.5,0.5,0.0,6.0,Female,68-72,South Africa,1.0
P0279,G0055,6,0.1,1.0,1.0,1,1,9.0,8.5,7.5,7.0,0.5,1.0,6.0,Female,68-72,South Africa,1.0
P0280,G0148,1,0.6,1.0,0.0,-1,-1,1.5,1.0,0.0,0.0,0.0,0.0,9.0,Female,28-32,Other,5.0
P0280,G0148,2,0.6,0.0,1.0,1,0,2.5,2.5,1.5,1.0,0.5,0.0,9.0,Female,28-32,Other,5.0
P0280,G0148,3,0.6,0.0,1.0,0,1,3.5,4.0,2.5,2.5,0.0,0.0,9.0,Female,28-32,Other,5.0
P0280,G0148,4,0.6,1.0,0.0,0,1,5.0,5.0,3.5,4.0,-0.5,0.0,9.0,Female,28-32,Other,5.0
P0280,G0148,5,0.6,1.0,1.0,1,0,6.5,6.5,5.0,5.0,0.0,0.0,9.0,Female,28-32,Other,5.0
P0280,G0148,6,0.6,0.0,1.0,1,1,7.5,8.0,6.5,6.5,0.0,0.0,9.0,Female,28-32,Other,5.0
P0280,G0148,7,0.6,1.0,1.0,0,1,9.0,9.5,7.5,8.0,-0.5,0.0,9.0,Female,28-32,Other,5.0
P0280,G0148,8,0.6,1.0,1.0,1,1,10.5,11.0,9.0,9.5,-0.5,0.0,9.0,Female,28-32,Other,5.0
P0280,G0148,9,0.6,0.0,1.0,1,1,11.5,12.5,10.5,11.0,-0.5,0.0,9.0,Female,28-32,Other,5.0
P0281,G0029,1,0.1,1.0,1.0,-1,-1,1.5,1.5,0.0,0.0,0.0,0.0,11.0,Male,28-32,Other,1.0
P0281,G0029,2,0.1,1.0,0.0,1,1,3.0,2.5,1.5,1.5,0.0,0.0,11.0,Male,28-32,Other,1.0
P0281,G0029,3,0.1,0.0,1.0,1,0,4.0,4.0,3.0,2.5,0.5,0.0,11.0,Male,28-32,Other,1.0
P0281,G0029,4,0.1,1.0,0.0,0,1,5.5,5.0,4.0,4.0,0.0,0.0,11.0,Male,28-32,Other,1.0
P0281,G0029,5,0.1,1.0,1.0,1,0,7.0,6.5,5.5,5.0,0.5,0.0,11.0,Male,28-32,Other,1.0
P0281,G0029,6,0.1,1.0,0.0,1,1,8.5,7.5,7.0,6.5,0.5,0.0,11.0,Male,28-32,Other,1.0
P0281,G0029,7,0.1,1.0,1.0,1,0,10.0,9.0,8.5,7.5,1.0,0.0,11.0,Male,28-32,Other,1.0
P0281,G0029,8,0.1,1.0,0.0,1,1,11.5,10.0,10.0,9.0,1.0,0.0,11.0,Male,28-32,Other,1.0
P0281,G0029,9,0.1,0.0,1.0,1,0,12.5,11.5,11.5,10.0,1.5,0.0,11.0,Male,28-32,Other,1.0
P0281,G0029,10,0.1,0.0,0.0,0,1,13.5,12.5,12.5,11.5,1.0,0.0,11.0,Male,28-32,Other,1.0
P0281,G0029,11,0.1,1.0,1.0,0,0,15.0,14.0,13.5,12.5,1.0,1.0,11.0,Male,28-32,Other,1.0
P0282,G0053,1,0.9,0.0,0.0,-1,-1,1.0,1.0,0.0,0.0,0.0,0.0,6.0,Male,28-32,South Africa,5.0
P0282,G0053,2,0.9,1.0,1.0,0,0,2.5,2.5,1.0,1.0,0.0,0.0,6.0,Male,28-32,South Africa,5.0
P0282,G0053,3,0.9,0.0,0.0,1,1,3.5,3.5,2.5,2.5,0.0,0.0,6.0,Male,28-32,South Africa,5.0
P0282,G0053,4,0.9,1.0,0.0,0,0,5.0,4.5,3.5,3.5,0.0,0.0,6.0,Male,28-32,South Africa,5.0
P0282,G0053,5,0.9,0.0,1.0,1,0,6.0,6.0,5.0,4.5,0.5,0.0,6.0,Male,28-32,South Africa,5.0
P0282,G0053,6,0.9,1.0,1.0,0,1,7.5,7.5,6.0,6.0,0.0,1.0,6.0,Male,28-32,South Africa,5.0
P0283,G0079,1,0.6,1.0,0.0,-1,-1,1.5,1.0,0.0,0.0,0.0,0.0,11.0,Female,23-27,South Africa,2.0
P0283,G0079,2,0.6,1.0,1.0,1,0,3.0,2.5,1.5,1.0,0.5,0.0,11.0,Female,23-27,South Africa,2.0
P0283,G0079,3,0.6,1.0,0.0,1,1,4.5,3.5,3.0,2.5,0.5,0.0,11.0,Female,23-27,South Africa,2.0
P0283,G0079,4,0.6,1.0,0.0,1,0,6.0,4.5,4.5,3.5,1.0,0.0,11.0,Female,23-27,South Africa,2.0
P0283,G0079,5,0.6,0.0,1.0,1,0,7.0,6.0,6.0,4.5,1.5,0.0,11.0,Female,23-27,South Africa,2.0
P0283,G0079,6,0.6,1.0,1.0,0,1,8.5,7.5,7.0,6.0,1.0,0.0,11.0,Female,23-27,South Africa,2.0
P0283,G0079,7,0.6,1.0,1.0,1,1,10.0,9.0,8.5,7.5,1.0,0.0,11.0,Female,23-27,South Africa,2.0
P0283,G0079,8,0.6,1.0,1.0,1,1,11.5,10.5,10.0,9.0,1.0,0.0,11.0,Female,23-27,South Africa,2.0
P0283,G0079,9,0.6,1.0,1.0,1,1,13.0,12.0,11.5,10.5,1.0,0.0,11.0,Female,23-27,South Africa,2.0
P0283,G0079,10,0.6,1.0,1.0,1,1,14.5,13.5,13.0,12.0,1.0,0.0,11.0,Female,23-27,South Africa,2.0
P0283,G0079,11,0.6,0.0,0.0,1,1,15.5,14.5,14.5,13.5,1.0,1.0,11.0,Female,23-27,South Africa,2.0
P0284,G0047,1,0.9,0.0,1.0,-1,-1,1.0,1.5,0.0,0.0,0.0,0.0,15.0,Female,33-37,Other,2.0
P0284,G0047,2,0.9,1.0,1.0,0,1,2.5,3.0,1.0,1.5,-0.5,0.0,15.0,Female,33-37,Other,2.0
P0284,G0047,3,0.9,1.0,0.0,1,1,4.0,4.0,2.5,3.0,-0.5,0.0,15.0,Female,33-37,Other,2.0
P0284,G0047,4,0.9,0.0,1.0,1,0,5.0,5.5,4.0,4.0,0.0,0.0,15.0,Female,33-37,Other,2.0
P0284,G0047,5,0.9,1.0,0.0,0,1,6.5,6.5,5.0,5.5,-0.5,0.0,15.0,Female,33-37,Other,2.0
P0284,G0047,6,0.9,1.0,0.0,1,0,8.0,7.5,6.5,6.5,0.0,0.0,15.0,Female,33-37,Other,2.0
P0284,G0047,7,0.9,1.0,0.0,1,0,9.5,8.5,8.0,7.5,0.5,0.0,15.0,Female,33-37,Other,2.0
P0284,G0047,8,0.9,0.0,0.0,1,0,10.5,9.5,9.5,8.5,1.0,0.0,15.0,Female,33-37,Other,2.0
P0284,G0047,9,0.9,0.0,0.0,0,0,11.5,10.5,10.5,9.5,1.0,0.0,15.0,Female,33-37,Other,2.0
P0284,G0047,10,0.9,0.0,0.0,0,0,12.5,11.5,11.5,10.5,1.0,0.0,15.0,Female,33-37,Other,2.0
P0284,G0047,11,0.9,0.0,0.0,0,0,13.5,12.5,12.5,11.5,1.0,0.0,15.0,Female,33-37,Other,2.0
P0284,G0047,12,0.9,0.0,1.0,0,0,14.5,14.0,13.5,12.5,1.0,0.0,15.0,Female,33-37,Other,2.0
P0284,G0047,13,0.9,1.0,1.0,0,1,16.0,15.5,14.5,14.0,0.5,0.0,15.0,Female,33-37,Other,2.0
P0284,G0047,14,0.9,1.0,1.0,1,1,17.5,17.0,16.0,15.5,0.5,0.0,15.0,Female,33-37,Other,2.0
P0284,G0047,15,0.9,1.0,0.0,1,1,19.0,18.0,17.5,17.0,0.5,1.0,15.0,Female,33-37,Other,2.0
P0285,G0126,1,0.6,0.0,1.0,-1,-1,1.0,1.5,0.0,0.0,0.0,0.0,6.0,Female,28-32,South Africa,2.0
P0285,G0126,2,0.6,0.0,1.0,0,1,2.0,3.0,1.0,1.5,-0.5,0.0,6.0,Female,28-32,South Africa,2.0
P0285,G0126,3,0.6,1.0,0.0,0,1,3.5,4.0,2.0,3.0,-1.0,0.0,6.0,Female,28-32,South Africa,2.0
P0285,G0126,4,0.6,0.0,1.0,1,0,4.5,5.5,3.5,4.0,-0.5,0.0,6.0,Female,28-32,South Africa,2.0
P0285,G0126,5,0.6,1.0,1.0,0,1,6.0,7.0,4.5,5.5,-1.0,0.0,6.0,Female,28-32,South Africa,2.0
P0285,G0126,6,0.6,1.0,1.0,1,1,7.5,8.5,6.0,7.0,-1.0,0.0,6.0,Female,28-32,South Africa,2.0
P0286,G0126,1,0.6,1.0,0.0,-1,-1,1.5,1.0,0.0,0.0,0.0,0.0,6.0,Female,23-27,South Africa,1.0
P0286,G0126,2,0.6,1.0,0.0,1,0,3.0,2.0,1.5,1.0,0.5,0.0,6.0,Female,23-27,South Africa,1.0
P0286,G0126,3,0.6,0.0,1.0,1,0,4.0,3.5,3.0,2.0,1.0,0.0,6.0,Female,23-27,South Africa,1.0
P0286,G0126,4,0.6,1.0,0.0,0,1,5.5,4.5,4.0,3.5,0.5,0.0,6.0,Female,23-27,South Africa,1.0
P0286,G0126,5,0.6,1.0,1.0,1,0,7.0,6.0,5.5,4.5,1.0,0.0,6.0,Female,23-27,South Africa,1.0
P0286,G0126,6,0.6,1.0,1.0,1,1,8.5,7.5,7.0,6.0,1.0,1.0,6.0,Female,23-27,South Africa,1.0
P0287,G0132,1,0.6,1.0,0.0,-1,-1,1.5,1.0,0.0,0.0,0.0,0.0,26.0,Male,23-27,Other,2.0
P0287,G0132,2,0.6,0.0,1.0,1,0,2.5,2.5,1.5,1.0,0.5,0.0,26.0,Male,23-27,Other,2.0
P0287,G0132,3,0.6,0.0,0.0,0,1,3.5,3.5,2.5,2.5,0.0,0.0,26.0,Male,23-27,Other,2.0
P0287,G0132,4,0.6,0.0,1.0,0,0,4.5,5.0,3.5,3.5,0.0,0.0,26.0,Male,23-27,Other,2.0
P0287,G0132,5,0.6,1.0,1.0,0,1,6.0,6.5,4.5,5.0,-0.5,0.0,26.0,Male,23-27,Other,2.0
P0287,G0132,6,0.6,1.0,1.0,1,1,7.5,8.0,6.0,6.5,-0.5,0.0,26.0,Male,23-27,Other,2.0
P0287,G0132,7,0.6,1.0,0.0,1,1,9.0,9.0,7.5,8.0,-0.5,0.0,26.0,Male,23-27,Other,2.0
P0287,G0132,8,0.6,0.0,1.0,1,0,10.0,10.5,9.0,9.0,0.0,0.0,26.0,Male,23-27,Other,2.0
P0287,G0132,9,0.6,1.0,0.0,0,1,11.5,11.5,10.0,10.5,-0.5,0.0,26.0,Male,23-27,Other,2.0
P0287,G0132,10,0.6,1.0,1.0,1,0,13.0,13.0,11.5,11.5,0.0,0.0,26.0,Male,23-27,Other,2.0
P0287,G0132,11,0.6,1.0,1.0,1,1,14.5,14.5,13.0,13.0,0.0,0.0,26.0,Male,23-27,Other,2.0
P0287,G0132,12,0.6,1.0,1.0,1,1,16.0,16.0,14.5,14.5,0.0,0.0,26.0,Male,23-27,Other,2.0
P0287,G0132,13,0.6,1.0,1.0,1,1,17.5,17.5,16.0,16.0,0.0,0.0,26.0,Male,23-27,Other,2.0
P0287,G0132,14,0.6,1.0,1.0,1,1,19.0,19.0,17.5,17.5,0.0,0.0,26.0,Male,23-27,Other,2.0
P0287,G0132,15,0.6,1.0,1.0,1,1,20.5,20.5,19.0,19.0,0.0,0.0,26.0,Male,23-27,Other,2.0
P0287,G0132,16,0.6,1.0,1.0,1,1,22.0,22.0,20.5,20.5,0.0,0.0,26.0,Male,23-27,Other,2.0
P0287,G0132,17,0.6,1.0,1.0,1,1,23.5,23.5,22.0,22.0,0.0,0.0,26.0,Male,23-27,Other,2.0
P0287,G0132,18,0.6,1.0,1.0,1,1,25.0,25.0,23.5,23.5,0.0,0.0,26.0,Male,23-27,Other,2.0
P0287,G0132,19,0.6,1.0,1.0,1,1,26.5,26.5,25.0,25.0,0.0,0.0,26.0,Male,23-27,Other,2.0
P0287,G0132,20,0.6,1.0,1.0,1,1,28.0,28.0,26.5,26.5,0.0,0.0,26.0,Male,23-27,Other,2.0
P0287,G0132,21,0.6,1.0,1.0,1,1,29.5,29.5,28.0,28.0,0.0,0.0,26.0,Male,23-27,Other,2.0
P0287,G0132,22,0.6,1.0,1.0,1,1,31.0,31.0,29.5,29.5,0.0,0.0,26.0,Male,23-27,Other,2.0
P0287,G0132,23,0.6,1.0,1.0,1,1,32.5,32.5,31.0,31.0,0.0,0.0,26.0,Male,23-27,Other,2.0
P0287,G0132,24,0.6,1.0,1.0,1,1,34.0,34.0,32.5,32.5,0.0,0.0,26.0,Male,23-27,Other,2.0
P0287,G0132,25,0.6,1.0,1.0,1,1,35.5,35.5,34.0,34.0,0.0,0.0,26.0,Male,23-27,Other,2.0
P0287,G0132,26,0.6,1.0,1.0,1,1,37.0,37.0,35.5,35.5,0.0,1.0,26.0,Male,23-27,Other,2.0
P0288,G0034,1,0.1,0.0,1.0,-1,-1,1.0,1.5,0.0,0.0,0.0,0.0,5.0,Male,33-37,Other,0.0
P0288,G0034,2,0.1,1.0,0.0,0,1,2.5,2.5,1.0,1.5,-0.5,0.0,5.0,Male,33-37,Other,0.0
P0288,G0034,3,0.1,0.0,0.0,1,0,3.5,3.5,2.5,2.5,0.0,0.0,5.0,Male,33-37,Other,0.0
P0288,G0034,4,0.1,0.0,1.0,0,0,4.5,5.0,3.5,3.5,0.0,0.0,5.0,Male,33-37,Other,0.0
P0288,G0034,5,0.1,0.0,0.0,0,1,5.5,6.0,4.5,5.0,-0.5,0.0,5.0,Male,33-37,Other,0.0
P0289,G0084,1,0.6,1.0,0.0,-1,-1,1.5,1.0,0.0,0.0,0.0,0.0,27.0,Male,23-27,Other,3.0
P0289,G0084,2,0.6,1.0,1.0,1,0,3.0,2.5,1.5,1.0,0.5,0.0,27.0,Male,23-27,Other,3.0
P0289,G0084,3,0.6,1.0,1.0,1,1,4.5,4.0,3.0,2.5,0.5,0.0,27.0,Male,23-27,Other,3.0
P0289,G0084,4,0.6,0.0,0.0,1,1,5.5,5.0,4.5,4.0,0.5,0.0,27.0,Male,23-27,Other,3.0
P0289,G0084,5,0.6,1.0,0.0,0,0,7.0,6.0,5.5,5.0,0.5,0.0,27.0,Male,23-27,Other,3.0
P0289,G0084,6,0.6,0.0,1.0,1,0,8.0,7.5,7.0,6.0,1.0,0.0,27.0,Male,23-27,Other,3.0
P0289,G0084,7,0.6,1.0,0.0,0,1,9.5,8.5,8.0,7.5,0.5,0.0,27.0,Male,23-27,Other,3.0
P0289,G0084,8,0.6,0.0,1.0,1,0,10.5,10.0,9.5,8.5,1.0,0.0,27.0,Male,23-27,Other,3.0
P0289,G0084,9,0.6,1.0,0.0,0,1,12.0,11.0,10.5,10.0,0.5,0.0,27.0,Male,23-27,Other,3.0
P0289,G0084,10,0.6,0.0,0.0,1,0,13.0,12.0,12.0,11.0,1.0,0.0,27.0,Male,23-27,Other,3.0
P0289,G0084,11,0.6,1.0,1.0,0,0,14.5,13.5,13.0,12.0,1.0,0.0,27.0,Male,23-27,Other,3.0
P0289,G0084,12,0.6,0.0,1.0,1,1,15.5,15.0,14.5,13.5,1.0,0.0,27.0,Male,23-27,Other,3.0
P0289,G0084,13,0.6,1.0,0.0,0,1,17.0,16.0,15.5,15.0,0.5,0.0,27.0,Male,23-27,Other,3.0
P0289,G0084,14,0.6,1.0,1.0,1,0,18.5,17.5,17.0,16.0,1.0,0.0,27.0,Male,23-27,Other,3.0
P0289,G0084,15,0.6,0.0,0.0,1,1,19.5,18.5,18.5,17.5,1.0,0.0,27.0,Male,23-27,Other,3.0
P0289,G0084,16,0.6,0.0,0.0,0,0,20.5,19.5,19.5,18.5,1.0,0.0,27.0,Male,23-27,Other,3.0
P0289,G0084,17,0.6,1.0,1.0,0,0,22.0,21.0,20.5,19.5,1.0,0.0,27.0,Male,23-27,Other,3.0
P0289,G0084,18,0.6,1.0,0.0,1,1,23.5,22.0,22.0,21.0,1.0,0.0,27.0,Male,23-27,Other,3.0
P0289,G0084,19,0.6,1.0,1.0,1,0,25.0,23.5,23.5,22.0,1.5,0.0,27.0,Male,23-27,Other,3.0
P0289,G0084,20,0.6,0.0,1.0,1,1,26.0,25.0,25.0,23.5,1.5,0.0,27.0,Male,23-27,Other,3.0
P0289,G0084,21,0.6,0.0,0.0,0,1,27.0,26.0,26.0,25.0,1.0,0.0,27.0,Male,23-27,Other,3.0
P0289,G0084,22,0.6,1.0,0.0,0,0,28.5,27.0,27.0,26.0,1.0,0.0,27.0,Male,23-27,Other,3.0
P0289,G0084,23,0.6,1.0,0.0,1,0,30.0,28.0,28.5,27.0,1.5,0.0,27.0,Male,23-27,Other,3.0
P0289,G0084,24,0.6,0.0,0.0,1,0,31.0,29.0,30.0,28.0,2.0,0.0,27.0,Male,23-27,Other,3.0
P0289,G0084,25,0.6,0.0,1.0,0,0,32.0,30.5,31.0,29.0,2.0,0.0,27.0,Male,23-27,Other,3.0
P0289,G0084,26,0.6,1.0,1.0,0,1,33.5,32.0,32.0,30.5,1.5,0.0,27.0,Male,23-27,Other,3.0
P0289,G0084,27,0.6,0.0,1.0,1,1,34.5,33.5,33.5,32.0,1.5,1.0,27.0,Male,23-27,Other,3.0
P0290,G0015,1,0.9,0.0,0.0,-1,-1,1.0,1.0,0.0,0.0,0.0,0.0,9.0,Female,18-22,South Africa,4.0
P0290,G0015,2,0.9,1.0,1.0,0,0,2.5,2.5,1.0,1.0,0.0,0.0,9.0,Female,18-22,South Africa,4.0
P0290,G0015,3,0.9,0.0,0.0,1,1,3.5,3.5,2.5,2.5,0.0,0.0,9.0,Female,18-22,South Africa,4.0
P0290,G0015,4,0.9,1.0,1.0,0,0,5.0,5.0,3.5,3.5,0.0,0.0,9.0,Female,18-22,South Africa,4.0
P0290,G0015,5,0.9,0.0,0.0,1,1,6.0,6.0,5.0,5.0,0.0,0.0,9.0,Female,18-22,South Africa,4.0
P0290,G0015,6,0.9,0.0,1.0,0,0,7.0,7.5,6.0,6.0,0.0,0.0,9.0,Female,18-22,South Africa,4.0
P0290,G0015,7,0.9,1.0,0.0,0,1,8.5,8.5,7.0,7.5,-0.5,0.0,9.0,Female,18-22,South Africa,4.0
P0290,G0015,8,0.9,0.0,0.0,1,0,9.5,9.5,8.5,8.5,0.0,0.0,9.0,Female,18-22,South Africa,4.0
P0290,G0015,9,0.9,1.0,1.0,0,0,11.0,11.0,9.5,9.5,0.0,1.0,9.0,Female,18-22,South Africa,4.0
P0291,G0166,1,0.9,0.0,1.0,-1,-1,1.0,1.5,0.0,0.0,0.0,0.0,22.0,Female,38-42,South Africa,1.0
P0291,G0166,2,0.9,1.0,1.0,0,1,2.5,3.0,1.0,1.5,-0.5,0.0,22.0,Female,38-42,South Africa,1.0
P0291,G0166,3,0.9,1.0,0.0,1,1,4.0,4.0,2.5,3.0,-0.5,0.0,22.0,Female,38-42,South Africa,1.0
P0291,G0166,4,0.9,0.0,0.0,1,0,5.0,5.0,4.0,4.0,0.0,0.0,22.0,Female,38-42,South Africa,1.0
P0291,G0166,5,0.9,1.0,1.0,0,0,6.5,6.5,5.0,5.0,0.0,0.0,22.0,Female,38-42,South Africa,1.0
P0291,G0166,6,0.9,0.0,0.0,1,1,7.5,7.5,6.5,6.5,0.0,0.0,22.0,Female,38-42,South Africa,1.0
P0291,G0166,7,0.9,1.0,0.0,0,0,9.0,8.5,7.5,7.5,0.0,0.0,22.0,Female,38-42,South Africa,1.0
P0291,G0166,8,0.9,1.0,0.0,1,0,10.5,9.5,9.0,8.5,0.5,0.0,22.0,Female,38-42,South Africa,1.0
P0291,G0166,9,0.9,0.0,1.0,1,0,11.5,11.0,10.5,9.5,1.0,0.0,22.0,Female,38-42,South Africa,1.0
P0291,G0166,10,0.9,0.0,1.0,0,1,12.5,12.5,11.5,11.0,0.5,0.0,22.0,Female,38-42,South Africa,1.0
P0291,G0166,11,0.9,1.0,1.0,0,1,14.0,14.0,12.5,12.5,0.0,0.0,22.0,Female,38-42,South Africa,1.0
P0291,G0166,12,0.9,0.0,0.0,1,1,15.0,15.0,14.0,14.0,0.0,0.0,22.0,Female,38-42,South Africa,1.0
P0291,G0166,13,0.9,1.0,0.0,0,0,16.5,16.0,15.0,15.0,0.0,0.0,22.0,Female,38-42,South Africa,1.0
P0291,G0166,14,0.9,1.0,1.0,1,0,18.0,17.5,16.5,16.0,0.5,0.0,22.0,Female,38-42,South Africa,1.0
P0291,G0166,15,0.9,0.0,1.0,1,1,19.0,19.0,18.0,17.5,0.5,0.0,22.0,Female,38-42,South Africa,1.0
P0291,G0166,16,0.9,0.0,1.0,0,1,20.0,20.5,19.0,19.0,0.0,0.0,22.0,Female,38-42,South Africa,1.0
P0291,G0166,17,0.9,1.0,0.0,0,1,21.5,21.5,20.0,20.5,-0.5,0.0,22.0,Female,38-42,South Africa,1.0
P0291,G0166,18,0.9,0.0,0.0,1,0,22.5,22.5,21.5,21.5,0.0,0.0,22.0,Female,38-42,South Africa,1.0
P0291,G0166,19,0.9,1.0,1.0,0,0,24.0,24.0,22.5,22.5,0.0,0.0,22.0,Female,38-42,South Africa,1.0
P0291,G0166,20,0.9,1.0,1.0,1,1,25.5,25.5,24.0,24.0,0.0,0.0,22.0,Female,38-42,South Africa,1.0
P0291,G0166,21,0.9,0.0,1.0,1,1,26.5,27.0,25.5,25.5,0.0,0.0,22.0,Female,38-42,South Africa,1.0
P0291,G0166,22,0.9,1.0,1.0,0,1,28.0,28.5,26.5,27.0,-0.5,0.0,22.0,Female,38-42,South Africa,1.0
P0292,G0149,1,0.6,1.0,1.0,-1,-1,1.5,1.5,0.0,0.0,0.0,0.0,7.0,Female,23-27,South Africa,1.0
P0292,G0149,2,0.6,0.0,0.0,1,1,2.5,2.5,1.5,1.5,0.0,0.0,7.0,Female,23-27,South Africa,1.0
P0292,G0149,3,0.6,1.0,0.0,0,0,4.0,3.5,2.5,2.5,0.0,0.0,7.0,Female,23-27,South Africa,1.0
P0292,G0149,4,0.6,0.0,1.0,1,0,5.0,5.0,4.0,3.5,0.5,0.0,7.0,Female,23-27,South Africa,1.0
P0292,G0149,5,0.6,1.0,1.0,0,1,6.5,6.5,5.0,5.0,0.0,0.0,7.0,Female,23-27,South Africa,1.0
P0292,G0149,6,0.6,0.0,1.0,1,1,7.5,8.0,6.5,6.5,0.0,0.0,7.0,Female,23-27,South Africa,1.0
P0292,G0149,7,0.6,1.0,1.0,0,1,9.0,9.5,7.5,8.0,-0.5,0.0,7.0,Female,23-27,South Africa,1.0
P0293,G0164,1,0.9,1.0,0.0,-1,-1,1.5,1.0,0.0,0.0,0.0,0.0,19.0,Male,33-37,Poland,2.0
P0293,G0164,2,0.9,0.0,1.0,1,0,2.5,2.5,1.5,1.0,0.5,0.0,19.0,Male,33-37,Poland,2.0
P0293,G0164,3,0.9,1.0,0.0,0,1,4.0,3.5,2.5,2.5,0.0,0.0,19.0,Male,33-37,Poland,2.0
P0293,G0164,4,0.9,1.0,1.0,1,0,5.5,5.0,4.0,3.5,0.5,0.0,19.0,Male,33-37,Poland,2.0
P0293,G0164,5,0.9,0.0,0.0,1,1,6.5,6.0,5.5,5.0,0.5,0.0,19.0,Male,33-37,Poland,2.0
P0293,G0164,6,0.9,1.0,0.0,0,0,8.0,7.0,6.5,6.0,0.5,0.0,19.0,Male,33-37,Poland,2.0
P0293,G0164,7,0.9,0.0,0.0,1,0,9.0,8.0,8.0,7.0,1.0,0.0,19.0,Male,33-37,Poland,2.0
P0293,G0164,8,0.9,0.0,0.0,0,0,10.0,9.0,9.0,8.0,1.0,0.0,19.0,Male,33-37,Poland,2.0
P0293,G0164,9,0.9,1.0,1.0,0,0,11.5,10.5,10.0,9.0,1.0,0.0,19.0,Male,33-37,Poland,2.0
P0293,G0164,10,0.9,0.0,1.0,1,1,12.5,12.0,11.5,10.5,1.0,0.0,19.0,Male,33-37,Poland,2.0
P0293,G0164,11,0.9,1.0,0.0,0,1,14.0,13.0,12.5,12.0,0.5,0.0,19.0,Male,33-37,Poland,2.0
P0293,G0164,12,0.9,0.0,1.0,1,0,15.0,14.5,14.0,13.0,1.0,0.0,19.0,Male,33-37,Poland,2.0
P0293,G0164,13,0.9,0.0,0.0,0,1,16.0,15.5,15.0,14.5,0.5,0.0,19.0,Male,33-37,Poland,2.0
P0293,G0164,14,0.9,0.0,1.0,0,0,17.0,17.0,16.0,15.5,0.5,0.0,19.0,Male,33-37,Poland,2.0
P0293,G0164,15,0.9,0.0,0.0,0,1,18.0,18.0,17.0,17.0,0.0,0.0,19.0,Male,33-37,Poland,2.0
P0293,G0164,16,0.9,1.0,0.0,0,0,19.5,19.0,18.0,18.0,0.0,0.0,19.0,Male,33-37,Poland,2.0
P0293,G0164,17,0.9,0.0,0.0,1,0,20.5,20.0,19.5,19.0,0.5,0.0,19.0,Male,33-37,Poland,2.0
P0293,G0164,18,0.9,0.0,1.0,0,0,21.5,21.5,20.5,20.0,0.5,0.0,19.0,Male,33-37,Poland,2.0
P0293,G0164,19,0.9,1.0,0.0,0,1,23.0,22.5,21.5,21.5,0.0,1.0,19.0,Male,33-37,Poland,2.0
P0294,G0058,1,0.9,1.0,1.0,-1,-1,1.5,1.5,0.0,0.0,0.0,0.0,12.0,Male,18-22,Poland,3.0
P0294,G0058,2,0.9,1.0,0.0,1,1,3.0,2.5,1.5,1.5,0.0,0.0,12.0,Male,18-22,Poland,3.0
P0294,G0058,3,0.9,0.0,0.0,1,0,4.0,3.5,3.0,2.5,0.5,0.0,12.0,Male,18-22,Poland,3.0
P0294,G0058,4,0.9,0.0,1.0,0,0,5.0,5.0,4.0,3.5,0.5,0.0,12.0,Male,18-22,Poland,3.0
P0294,G0058,5,0.9,1.0,0.0,0,1,6.5,6.0,5.0,5.0,0.0,0.0,12.0,Male,18-22,Poland,3.0
P0294,G0058,6,0.9,0.0,0.0,1,0,7.5,7.0,6.5,6.0,0.5,0.0,12.0,Male,18-22,Poland,3.0
P0294,G0058,7,0.9,0.0,1.0,0,0,8.5,8.5,7.5,7.0,0.5,0.0,12.0,Male,18-22,Poland,3.0
P0294,G0058,8,0.9,1.0,1.0,0,1,10.0,10.0,8.5,8.5,0.0,0.0,12.0,Male,18-22,Poland,3.0
P0294,G0058,9,0.9,1.0,0.0,1,1,11.5,11.0,10.0,10.0,0.0,0.0,12.0,Male,18-22,Poland,3.0
P0294,G0058,10,0.9,0.0,0.0,1,0,12.5,12.0,11.5,11.0,0.5,0.0,12.0,Male,18-22,Poland,3.0
P0294,G0058,11,0.9,0.0,1.0,0,0,13.5,13.5,12.5,12.0,0.5,0.0,12.0,Male,18-22,Poland,3.0
P0294,G0058,12,0.9,1.0,0.0,0,1,15.0,14.5,13.5,13.5,0.0,1.0,12.0,Male,18-22,Poland,3.0
P0295,G0129,1,0.1,1.0,0.0,-1,-1,1.5,1.0,0.0,0.0,0.0,0.0,6.0,Male,18-22,South Africa,5.0
P0295,G0129,2,0.1,0.0,1.0,1,0,2.5,2.5,1.5,1.0,0.5,0.0,6.0,Male,18-22,South Africa,5.0
P0295,G0129,3,0.1,1.0,1.0,0,1,4.0,4.0,2.5,2.5,0.0,0.0,6.0,Male,18-22,South Africa,5.0
P0295,G0129,4,0.1,0.0,0.0,1,1,5.0,5.0,4.0,4.0,0.0,0.0,6.0,Male,18-22,South Africa,5.0
P0295,G0129,5,0.1,1.0,1.0,0,0,6.5,6.5,5.0,5.0,0.0,0.0,6.0,Male,18-22,South Africa,5.0
P0295,G0129,6,0.1,0.0,1.0,1,1,7.5,8.0,6.5,6.5,0.0,0.0,6.0,Male,18-22,South Africa,5.0
P0296,G0138,1,0.6,1.0,0.0,-1,-1,1.5,1.0,0.0,0.0,0.0,0.0,8.0,Female,43-47,Other,5.0
P0296,G0138,2,0.6,1.0,1.0,1,0,3.0,2.5,1.5,1.0,0.5,0.0,8.0,Female,43-47,Other,5.0
P0296,G0138,3,0.6,1.0,1.0,1,1,4.5,4.0,3.0,2.5,0.5,0.0,8.0,Female,43-47,Other,5.0
P0296,G0138,4,0.6,1.0,0.0,1,1,6.0,5.0,4.5,4.0,0.5,0.0,8.0,Female,43-47,Other,5.0
P0296,G0138,5,0.6,1.0,1.0,1,0,7.5,6.5,6.0,5.0,1.0,0.0,8.0,Female,43-47,Other,5.0
P0296,G0138,6,0.6,1.0,1.0,1,1,9.0,8.0,7.5,6.5,1.0,0.0,8.0,Female,43-47,Other,5.0
P0296,G0138,7,0.6,1.0,0.0,1,1,10.5,9.0,9.0,8.0,1.0,0.0,8.0,Female,43-47,Other,5.0
P0296,G0138,8,0.6,1.0,1.0,1,0,12.0,10.5,10.5,9.0,1.5,1.0,8.0,Female,43-47,Other,5.0
P0297,G0054,1,0.6,0.0,0.0,-1,-1,1.0,1.0,0.0,0.0,0.0,0.0,12.0,Male,28-32,Other,1.0
P0297,G0054,2,0.6,0.0,0.0,0,0,2.0,2.0,1.0,1.0,0.0,0.0,12.0,Male,28-32,Other,1.0
P0297,G0054,3,0.6,1.0,0.0,0,0,3.5,3.0,2.0,2.0,0.0,0.0,12.0,Male,28-32,Other,1.0
P0297,G0054,4,0.6,0.0,0.0,1,0,4.5,4.0,3.5,3.0,0.5,0.0,12.0,Male,28-32,Other,1.0
P0297,G0054,5,0.6,1.0,0.0,0,0,6.0,5.0,4.5,4.0,0.5,0.0,12.0,Male,28-32,Other,1.0
P0297,G0054,6,0.6,0.0,0.0,1,0,7.0,6.0,6.0,5.0,1.0,0.0,12.0,Male,28-32,Other,1.0
P0297,G0054,7,0.6,0.0,0.0,0,0,8.0,7.0,7.0,6.0,1.0,0.0,12.0,Male,28-32,Other,1.0
P0297,G0054,8,0.6,0.0,0.0,0,0,9.0,8.0,8.0,7.0,1.0,0.0,12.0,Male,28-32,Other,1.0
P0297,G0054,9,0.6,0.0,0.0,0,0,10.0,9.0,9.0,8.0,1.0,0.0,12.0,Male,28-32,Other,1.0
P0297,G0054,10,0.6,0.0,0.0,0,0,11.0,10.0,10.0,9.0,1.0,0.0,12.0,Male,28-32,Other,1.0
P0297,G0054,11,0.6,0.0,0.0,0,0,12.0,11.0,11.0,10.0,1.0,0.0,12.0,Male,28-32,Other,1.0
P0297,G0054,12,0.6,0.0,0.0,0,0,13.0,12.0,12.0,11.0,1.0,1.0,12.0,Male,28-32,Other,1.0
P0298,G0110,1,0.6,1.0,1.0,-1,-1,1.5,1.5,0.0,0.0,0.0,0.0,11.0,Male,38-42,South Africa,0.0
P0298,G0110,2,0.6,1.0,1.0,1,1,3.0,3.0,1.5,1.5,0.0,0.0,11.0,Male,38-42,South Africa,0.0
P0298,G0110,3,0.6,0.0,1.0,1,1,4.0,4.5,3.0,3.0,0.0,0.0,11.0,Male,38-42,South Africa,0.0
P0298,G0110,4,0.6,1.0,0.0,0,1,5.5,5.5,4.0,4.5,-0.5,0.0,11.0,Male,38-42,South Africa,0.0
P0298,G0110,5,0.6,1.0,1.0,1,0,7.0,7.0,5.5,5.5,0.0,0.0,11.0,Male,38-42,South Africa,0.0
P0298,G0110,6,0.6,1.0,1.0,1,1,8.5,8.5,7.0,7.0,0.0,0.0,11.0,Male,38-42,South Africa,0.0
P0298,G0110,7,0.6,1.0,1.0,1,1,10.0,10.0,8.5,8.5,0.0,0.0,11.0,Male,38-42,South Africa,0.0
P0298,G0110,8,0.6,1.0,0.0,1,1,11.5,11.0,10.0,10.0,0.0,0.0,11.0,Male,38-42,South Africa,0.0
P0298,G0110,9,0.6,1.0,1.0,1,0,13.0,12.5,11.5,11.0,0.5,0.0,11.0,Male,38-42,South Africa,0.0
P0298,G0110,10,0.6,1.0,0.0,1,1,14.5,13.5,13.0,12.5,0.5,0.0,11.0,Male,38-42,South Africa,0.0
P0298,G0110,11,0.6,1.0,1.0,1,0,16.0,15.0,14.5,13.5,1.0,1.0,11.0,Male,38-42,South Africa,0.0
P0299,G0025,1,0.9,1.0,0.0,-1,-1,1.5,1.0,0.0,0.0,0.0,0.0,7.0,Female,43-47,South Africa,5.0
P0299,G0025,2,0.9,0.0,1.0,1,0,2.5,2.5,1.5,1.0,0.5,0.0,7.0,Female,43-47,South Africa,5.0
P0299,G0025,3,0.9,1.0,1.0,0,1,4.0,4.0,2.5,2.5,0.0,0.0,7.0,Female,43-47,South Africa,5.0
P0299,G0025,4,0.9,0.0,0.0,1,1,5.0,5.0,4.0,4.0,0.0,0.0,7.0,Female,43-47,South Africa,5.0
P0299,G0025,5,0.9,0.0,1.0,0,0,6.0,6.5,5.0,5.0,0.0,0.0,7.0,Female,43-47,South Africa,5.0
P0299,G0025,6,0.9,0.0,0.0,0,1,7.0,7.5,6.0,6.5,-0.5,0.0,7.0,Female,43-47,South Africa,5.0
P0299,G0025,7,0.9,1.0,1.0,0,0,8.5,9.0,7.0,7.5,-0.5,0.0,7.0,Female,43-47,South Africa,5.0
P0300,G0046,1,0.1,0.0,0.0,-1,-1,1.0,1.0,0.0,0.0,0.0,0.0,18.0,Female,28-32,South Africa,2.0
P0300,G0046,2,0.1,1.0,0.0,0,0,2.5,2.0,1.0,1.0,0.0,0.0,18.0,Female,28-32,South Africa,2.0
P0300,G0046,3,0.1,0.0,0.0,1,0,3.5,3.0,2.5,2.0,0.5,0.0,18.0,Female,28-32,South Africa,2.0
P0300,G0046,4,0.1,1.0,1.0,0,0,5.0,4.5,3.5,3.0,0.5,0.0,18.0,Female,28-32,South Africa,2.0
P0300,G0046,5,0.1,1.0,1.0,1,1,6.5,6.0,5.0,4.5,0.5,0.0,18.0,Female,28-32,South Africa,2.0
P0300,G0046,6,0.1,0.0,1.0,1,1,7.5,7.5,6.5,6.0,0.5,0.0,18.0,Female,28-32,South Africa,2.0
P0300,G0046,7,0.1,0.0,0.0,0,1,8.5,8.5,7.5,7.5,0.0,0.0,18.0,Female,28-32,South Africa,2.0
P0300,G0046,8,0.1,0.0,1.0,0,0,9.5,10.0,8.5,8.5,0.0,0.0,18.0,Female,28-32,South Africa,2.0
P0300,G0046,9,0.1,1.0,1.0,0,1,11.0,11.5,9.5,10.0,-0.5,0.0,18.0,Female,28-32,South Africa,2.0
P0300,G0046,10,0.1,0.0,1.0,1,1,12.0,13.0,11.0,11.5,-0.5,0.0,18.0,Female,28-32,South Africa,2.0
P0300,G0046,11,0.1,1.0,0.0,0,1,13.5,14.0,12.0,13.0,-1.0,0.0,18.0,Female,28-32,South Africa,2.0
P0300,G0046,12,0.1,1.0,0.0,1,0,15.0,15.0,13.5,14.0,-0.5,0.0,18.0,Female,28-32,South Africa,2.0
P0300,G0046,13,0.1,1.0,1.0,1,0,16.5,16.5,15.0,15.0,0.0,0.0,18.0,Female,28-32,South Africa,2.0
P0300,G0046,14,0.1,1.0,1.0,1,1,18.0,18.0,16.5,16.5,0.0,0.0,18.0,Female,28-32,South Africa,2.0
P0300,G0046,15,0.1,1.0,0.0,1,1,19.5,19.0,18.0,18.0,0.0,0.0,18.0,Female,28-32,South Africa,2.0
P0300,G0046,16,0.1,1.0,1.0,1,0,21.0,20.5,19.5,19.0,0.5,0.0,18.0,Female,28-32,South Africa,2.0
P0300,G0046,17,0.1,1.0,1.0,1,1,22.5,22.0,21.0,20.5,0.5,0.0,18.0,Female,28-32,South Africa,2.0
P0300,G0046,18,0.1,1.0,1.0,1,1,24.0,23.5,22.5,22.0,0.5,1.0,18.0,Female,28-32,South Africa,2.0
P0301,G0173,1,0.9,1.0,1.0,-1,-1,1.5,1.5,0.0,0.0,0.0,0.0,22.0,Female,53-57,Other,2.0
P0301,G0173,2,0.9,1.0,0.0,1,1,3.0,2.5,1.5,1.5,0.0,0.0,22.0,Female,53-57,Other,2.0
P0301,G0173,3,0.9,1.0,1.0,1,0,4.5,4.0,3.0,2.5,0.5,0.0,22.0,Female,53-57,Other,2.0
P0301,G0173,4,0.9,0.0,0.0,1,1,5.5,5.0,4.5,4.0,0.5,0.0,22.0,Female,53-57,Other,2.0
P0301,G0173,5,0.9,0.0,1.0,0,0,6.5,6.5,5.5,5.0,0.5,0.0,22.0,Female,53-57,Other,2.0
P0301,G0173,6,0.9,1.0,0.0,0,1,8.0,7.5,6.5,6.5,0.0,0.0,22.0,Female,53-57,Other,2.0
P0301,G0173,7,0.9,0.0,1.0,1,0,9.0,9.0,8.0,7.5,0.5,0.0,22.0,Female,53-57,Other,2.0
P0301,G0173,8,0.9,1.0,0.0,0,1,10.5,10.0,9.0,9.0,0.0,0.0,22.0,Female,53-57,Other,2.0
P0301,G0173,9,0.9,1.0,1.0,1,0,12.0,11.5,10.5,10.0,0.5,0.0,22.0,Female,53-57,Other,2.0
P0301,G0173,10,0.9,0.0,0.0,1,1,13.0,12.5,12.0,11.5,0.5,0.0,22.0,Female,53-57,Other,2.0
P0301,G0173,11,0.9,0.0,1.0,0,0,14.0,14.0,13.0,12.5,0.5,0.0,22.0,Female,53-57,Other,2.0
P0301,G0173,12,0.9,1.0,0.0,0,1,15.5,15.0,14.0,14.0,0.0,0.0,22.0,Female,53-57,Other,2.0
P0301,G0173,13,0.9,1.0,1.0,1,0,17.0,16.5,15.5,15.0,0.5,0.0,22.0,Female,53-57,Other,2.0
P0301,G0173,14,0.9,0.0,1.0,1,1,18.0,18.0,17.0,16.5,0.5,0.0,22.0,Female,53-57,Other,2.0
P0301,G0173,15,0.9,1.0,1.0,0,1,19.5,19.5,18.0,18.0,0.0,0.0,22.0,Female,53-57,Other,2.0
P0301,G0173,16,0.9,1.0,1.0,1,1,21.0,21.0,19.5,19.5,0.0,0.0,22.0,Female,53-57,Other,2.0
P0301,G0173,17,0.9,1.0,1.0,1,1,22.5,22.5,21.0,21.0,0.0,0.0,22.0,Female,53-57,Other,2.0
P0301,G0173,18,0.9,1.0,1.0,1,1,24.0,24.0,22.5,22.5,0.0,0.0,22.0,Female,53-57,Other,2.0
P0301,G0173,19,0.9,1.0,1.0,1,1,25.5,25.5,24.0,24.0,0.0,0.0,22.0,Female,53-57,Other,2.0
P0301,G0173,20,0.9,1.0,1.0,1,1,27.0,27.0,25.5,25.5,0.0,0.0,22.0,Female,53-57,Other,2.0
P0301,G0173,21,0.9,1.0,1.0,1,1,28.5,28.5,27.0,27.0,0.0,0.0,22.0,Female,53-57,Other,2.0
P0301,G0173,22,0.9,1.0,1.0,1,1,30.0,30.0,28.5,28.5,0.0,1.0,22.0,Female,53-57,Other,2.0
P0302,G0041,1,0.9,0.0,0.0,-1,-1,1.0,1.0,0.0,0.0,0.0,0.0,6.0,Female,48-52,South Africa,4.0
P0302,G0041,2,0.9,0.0,0.0,0,0,2.0,2.0,1.0,1.0,0.0,0.0,6.0,Female,48-52,South Africa,4.0
P0302,G0041,3,0.9,0.0,1.0,0,0,3.0,3.5,2.0,2.0,0.0,0.0,6.0,Female,48-52,South Africa,4.0
P0302,G0041,4,0.9,1.0,0.0,0,1,4.5,4.5,3.0,3.5,-0.5,0.0,6.0,Female,48-52,South Africa,4.0
P0302,G0041,5,0.9,0.0,0.0,1,0,5.5,5.5,4.5,4.5,0.0,0.0,6.0,Female,48-52,South Africa,4.0
P0302,G0041,6,0.9,0.0,1.0,0,0,6.5,7.0,5.5,5.5,0.0,0.0,6.0,Female,48-52,South Africa,4.0
P0303,G0100,1,0.9,1.0,1.0,-1,-1,1.5,1.5,0.0,0.0,0.0,0.0,5.0,Female,33-37,Poland,1.0
P0303,G0100,2,0.9,1.0,1.0,1,1,3.0,3.0,1.5,1.5,0.0,0.0,5.0,Female,33-37,Poland,1.0
P0303,G0100,3,0.9,0.0,1.0,1,1,4.0,4.5,3.0,3.0,0.0,0.0,5.0,Female,33-37,Poland,1.0
P0303,G0100,4,0.9,1.0,0.0,0,1,5.5,5.5,4.0,4.5,-0.5,0.0,5.0,Female,33-37,Poland,1.0
P0303,G0100,5,0.9,1.0,1.0,1,0,7.0,7.0,5.5,5.5,0.0,1.0,5.0,Female,33-37,Poland,1.0
P0304,G0117,1,0.6,1.0,1.0,-1,-1,1.5,1.5,0.0,0.0,0.0,0.0,12.0,Male,18-22,Other,2.0
P0304,G0117,2,0.6,0.0,1.0,1,1,2.5,3.0,1.5,1.5,0.0,0.0,12.0,Male,18-22,Other,2.0
P0304,G0117,3,0.6,0.0,1.0,0,1,3.5,4.5,2.5,3.0,-0.5,0.0,12.0,Male,18-22,Other,2.0
P0304,G0117,4,0.6,1.0,0.0,0,1,5.0,5.5,3.5,4.5,-1.0,0.0,12.0,Male,18-22,Other,2.0
P0304,G0117,5,0.6,1.0,0.0,1,0,6.5,6.5,5.0,5.5,-0.5,0.0,12.0,Male,18-22,Other,2.0
P0304,G0117,6,0.6,0.0,0.0,1,0,7.5,7.5,6.5,6.5,0.0,0.0,12.0,Male,18-22,Other,2.0
P0304,G0117,7,0.6,0.0,0.0,0,0,8.5,8.5,7.5,7.5,0.0,0.0,12.0,Male,18-22,Other,2.0
P0304,G0117,8,0.6,0.0,1.0,0,0,9.5,10.0,8.5,8.5,0.0,0.0,12.0,Male,18-22,Other,2.0
P0304,G0117,9,0.6,0.0,0.0,0,1,10.5,11.0,9.5,10.0,-0.5,0.0,12.0,Male,18-22,Other,2.0
P0304,G0117,10,0.6,1.0,0.0,0,0,12.0,12.0,10.5,11.0,-0.5,0.0,12.0,Male,18-22,Other,2.0
P0304,G0117,11,0.6,0.0,0.0,1,0,13.0,13.0,12.0,12.0,0.0,0.0,12.0,Male,18-22,Other,2.0
P0304,G0117,12,0.6,0.0,1.0,0,0,14.0,14.5,13.0,13.0,0.0,0.0,12.0,Male,18-22,Other,2.0
P0305,G0051,1,0.9,1.0,0.0,-1,-1,1.5,1.0,0.0,0.0,0.0,0.0,7.0,Female,18-22,South Africa,5.0
P0305,G0051,2,0.9,0.0,1.0,1,0,2.5,2.5,1.5,1.0,0.5,0.0,7.0,Female,18-22,South Africa,5.0
P0305,G0051,3,0.9,1.0,1.0,0,1,4.0,4.0,2.5,2.5,0.0,0.0,7.0,Female,18-22,South Africa,5.0
P0305,G0051,4,0.9,1.0,0.0,1,1,5.5,5.0,4.0,4.0,0.0,0.0,7.0,Female,18-22,South Africa,5.0
P0305,G0051,5,0.9,1.0,1.0,1,0,7.0,6.5,5.5,5.0,0.5,0.0,7.0,Female,18-22,South Africa,5.0
P0305,G0051,6,0.9,0.0,1.0,1,1,8.0,8.0,7.0,6.5,0.5,0.0,7.0,Female,18-22,South Africa,5.0
P0305,G0051,7,0.9,1.0,1.0,0,1,9.5,9.5,8.0,8.0,0.0,1.0,7.0,Female,18-22,South Africa,5.0
P0306,G0111,1,0.6,0.0,1.0,-1,-1,1.0,1.5,0.0,0.0,0.0,0.0,10.0,Male,23-27,Other,1.0
P0306,G0111,2,0.6,1.0,1.0,0,1,2.5,3.0,1.0,1.5,-0.5,0.0,10.0,Male,23-27,Other,1.0
P0306,G0111,3,0.6,0.0,0.0,1,1,3.5,4.0,2.5,3.0,-0.5,0.0,10.0,Male,23-27,Other,1.0
P0306,G0111,4,0.6,0.0,1.0,0,0,4.5,5.5,3.5,4.0,-0.5,0.0,10.0,Male,23-27,Other,1.0
P0306,G0111,5,0.6,1.0,1.0,0,1,6.0,7.0,4.5,5.5,-1.0,0.0,10.0,Male,23-27,Other,1.0
P0306,G0111,6,0.6,0.0,0.0,1,1,7.0,8.0,6.0,7.0,-1.0,0.0,10.0,Male,23-27,Other,1.0
P0306,G0111,7,0.6,0.0,1.0,0,0,8.0,9.5,7.0,8.0,-1.0,0.0,10.0,Male,23-27,Other,1.0
P0306,G0111,8,0.6,1.0,1.0,0,1,9.5,11.0,8.0,9.5,-1.5,0.0,10.0,Male,23-27,Other,1.0
P0306,G0111,9,0.6,0.0,0.0,1,1,10.5,12.0,9.5,11.0,-1.5,0.0,10.0,Male,23-27,Other,1.0
P0306,G0111,10,0.6,0.0,1.0,0,0,11.5,13.5,10.5,12.0,-1.5,0.0,10.0,Male,23-27,Other,1.0
P0307,G0057,1,0.1,1.0,1.0,-1,-1,1.5,1.5,0.0,0.0,0.0,0.0,6.0,Female,23-27,Other,0.0
P0307,G0057,2,0.1,1.0,1.0,1,1,3.0,3.0,1.5,1.5,0.0,0.0,6.0,Female,23-27,Other,0.0
P0307,G0057,3,0.1,1.0,1.0,1,1,4.5,4.5,3.0,3.0,0.0,0.0,6.0,Female,23-27,Other,0.0
P0307,G0057,4,0.1,1.0,1.0,1,1,6.0,6.0,4.5,4.5,0.0,0.0,6.0,Female,23-27,Other,0.0
P0307,G0057,5,0.1,1.0,1.0,1,1,7.5,7.5,6.0,6.0,0.0,0.0,6.0,Female,23-27,Other,0.0
P0307,G0057,6,0.1,1.0,0.0,1,1,9.0,8.5,7.5,7.5,0.0,1.0,6.0,Female,23-27,Other,0.0
P0308,G0004,1,0.1,1.0,1.0,-1,-1,1.5,1.5,0.0,0.0,0.0,0.0,5.0,Male,43-47,South Africa,2.0
P0308,G0004,2,0.1,1.0,1.0,1,1,3.0,3.0,1.5,1.5,0.0,0.0,5.0,Male,43-47,South Africa,2.0
P0308,G0004,3,0.1,1.0,1.0,1,1,4.5,4.5,3.0,3.0,0.0,0.0,5.0,Male,43-47,South Africa,2.0
P0308,G0004,4,0.1,1.0,1.0,1,1,6.0,6.0,4.5,4.5,0.0,0.0,5.0,Male,43-47,South Africa,2.0
P0308,G0004,5,0.1,1.0,1.0,1,1,7.5,7.5,6.0,6.0,0.0,1.0,5.0,Male,43-47,South Africa,2.0
P0309,G0168,1,0.9,1.0,1.0,-1,-1,1.5,1.5,0.0,0.0,0.0,0.0,6.0,Male,38-42,Poland,1.0
P0309,G0168,2,0.9,1.0,0.0,1,1,3.0,2.5,1.5,1.5,0.0,0.0,6.0,Male,38-42,Poland,1.0
P0309,G0168,3,0.9,1.0,1.0,1,0,4.5,4.0,3.0,2.5,0.5,0.0,6.0,Male,38-42,Poland,1.0
P0309,G0168,4,0.9,1.0,1.0,1,1,6.0,5.5,4.5,4.0,0.5,0.0,6.0,Male,38-42,Poland,1.0
P0309,G0168,5,0.9,1.0,1.0,1,1,7.5,7.0,6.0,5.5,0.5,0.0,6.0,Male,38-42,Poland,1.0
P0309,G0168,6,0.9,1.0,1.0,1,1,9.0,8.5,7.5,7.0,0.5,1.0,6.0,Male,38-42,Poland,1.0
P0310,G0162,1,0.9,0.0,0.0,-1,-1,1.0,1.0,0.0,0.0,0.0,0.0,9.0,Prefer not to say,18-22,South Africa,0.0
P0310,G0162,2,0.9,0.0,0.0,0,0,2.0,2.0,1.0,1.0,0.0,0.0,9.0,Prefer not to say,18-22,South Africa,0.0
P0310,G0162,3,0.9,0.0,1.0,0,0,3.0,3.5,2.0,2.0,0.0,0.0,9.0,Prefer not to say,18-22,South Africa,0.0
P0310,G0162,4,0.9,0.0,0.0,0,1,4.0,4.5,3.0,3.5,-0.5,0.0,9.0,Prefer not to say,18-22,South Africa,0.0
P0310,G0162,5,0.9,0.0,0.0,0,0,5.0,5.5,4.0,4.5,-0.5,0.0,9.0,Prefer not to say,18-22,South Africa,0.0
P0310,G0162,6,0.9,0.0,0.0,0,0,6.0,6.5,5.0,5.5,-0.5,0.0,9.0,Prefer not to say,18-22,South Africa,0.0
P0310,G0162,7,0.9,0.0,0.0,0,0,7.0,7.5,6.0,6.5,-0.5,0.0,9.0,Prefer not to say,18-22,South Africa,0.0
P0310,G0162,8,0.9,0.0,0.0,0,0,8.0,8.5,7.0,7.5,-0.5,0.0,9.0,Prefer not to say,18-22,South Africa,0.0
P0310,G0162,9,0.9,0.0,0.0,0,0,9.0,9.5,8.0,8.5,-0.5,0.0,9.0,Prefer not to say,18-22,South Africa,0.0
P0311,G0022,1,0.1,1.0,1.0,-1,-1,1.5,1.5,0.0,0.0,0.0,0.0,5.0,Male,23-27,South Africa,1.0
P0311,G0022,2,0.1,1.0,0.0,1,1,3.0,2.5,1.5,1.5,0.0,0.0,5.0,Male,23-27,South Africa,1.0
P0311,G0022,3,0.1,1.0,1.0,1,0,4.5,4.0,3.0,2.5,0.5,0.0,5.0,Male,23-27,South Africa,1.0
P0311,G0022,4,0.1,1.0,1.0,1,1,6.0,5.5,4.5,4.0,0.5,0.0,5.0,Male,23-27,South Africa,1.0
P0311,G0022,5,0.1,1.0,0.0,1,1,7.5,6.5,6.0,5.5,0.5,1.0,5.0,Male,23-27,South Africa,1.0
P0312,G0040,1,0.6,0.0,1.0,-1,-1,1.0,1.5,0.0,0.0,0.0,0.0,5.0,Female,23-27,South Africa,0.0
P0312,G0040,2,0.6,1.0,0.0,0,1,2.5,2.5,1.0,1.5,-0.5,0.0,5.0,Female,23-27,South Africa,0.0
P0312,G0040,3,0.6,0.0,0.0,1,0,3.5,3.5,2.5,2.5,0.0,0.0,5.0,Female,23-27,South Africa,0.0
P0312,G0040,4,0.6,1.0,1.0,0,0,5.0,5.0,3.5,3.5,0.0,0.0,5.0,Female,23-27,South Africa,0.0
P0312,G0040,5,0.6,0.0,1.0,1,1,6.0,6.5,5.0,5.0,0.0,0.0,5.0,Female,23-27,South Africa,0.0
P0313,G0119,1,0.6,0.0,0.0,-1,-1,1.0,1.0,0.0,0.0,0.0,0.0,6.0,Female,23-27,South Africa,5.0
P0313,G0119,2,0.6,0.0,1.0,0,0,2.0,2.5,1.0,1.0,0.0,0.0,6.0,Female,23-27,South Africa,5.0
P0313,G0119,3,0.6,1.0,0.0,0,1,3.5,3.5,2.0,2.5,-0.5,0.0,6.0,Female,23-27,South Africa,5.0
P0313,G0119,4,0.6,0.0,0.0,1,0,4.5,4.5,3.5,3.5,0.0,0.0,6.0,Female,23-27,South Africa,5.0
P0313,G0119,5,0.6,0.0,1.0,0,0,5.5,6.0,4.5,4.5,0.0,0.0,6.0,Female,23-27,South Africa,5.0
P0313,G0119,6,0.6,1.0,0.0,0,1,7.0,7.0,5.5,6.0,-0.5,1.0,6.0,Female,23-27,South Africa,5.0
P0314,G0128,1,0.9,1.0,0.0,-1,-1,1.5,1.0,0.0,0.0,0.0,0.0,21.0,Male,18-22,Other,2.0
P0314,G0128,2,0.9,0.0,1.0,1,0,2.5,2.5,1.5,1.0,0.5,0.0,21.0,Male,18-22,Other,2.0
P0314,G0128,3,0.9,1.0,0.0,0,1,4.0,3.5,2.5,2.5,0.0,0.0,21.0,Male,18-22,Other,2.0
P0314,G0128,4,0.9,0.0,0.0,1,0,5.0,4.5,4.0,3.5,0.5,0.0,21.0,Male,18-22,Other,2.0
P0314,G0128,5,0.9,0.0,0.0,0,0,6.0,5.5,5.0,4.5,0.5,0.0,21.0,Male,18-22,Other,2.0
P0314,G0128,6,0.9,0.0,0.0,0,0,7.0,6.5,6.0,5.5,0.5,0.0,21.0,Male,18-22,Other,2.0
P0314,G0128,7,0.9,0.0,0.0,0,0,8.0,7.5,7.0,6.5,0.5,0.0,21.0,Male,18-22,Other,2.0
P0314,G0128,8,0.9,0.0,0.0,0,0,9.0,8.5,8.0,7.5,0.5,0.0,21.0,Male,18-22,Other,2.0
P0314,G0128,9,0.9,0.0,0.0,0,0,10.0,9.5,9.0,8.5,0.5,0.0,21.0,Male,18-22,Other,2.0
P0314,G0128,10,0.9,0.0,0.0,0,0,11.0,10.5,10.0,9.5,0.5,0.0,21.0,Male,18-22,Other,2.0
P0314,G0128,11,0.9,1.0,0.0,0,0,12.5,11.5,11.0,10.5,0.5,0.0,21.0,Male,18-22,Other,2.0
P0314,G0128,12,0.9,0.0,0.0,1,0,13.5,12.5,12.5,11.5,1.0,0.0,21.0,Male,18-22,Other,2.0
P0314,G0128,13,0.9,0.0,0.0,0,0,14.5,13.5,13.5,12.5,1.0,0.0,21.0,Male,18-22,Other,2.0
P0314,G0128,14,0.9,0.0,0.0,0,0,15.5,14.5,14.5,13.5,1.0,0.0,21.0,Male,18-22,Other,2.0
P0314,G0128,15,0.9,0.0,0.0,0,0,16.5,15.5,15.5,14.5,1.0,0.0,21.0,Male,18-22,Other,2.0
P0314,G0128,16,0.9,0.0,0.0,0,0,17.5,16.5,16.5,15.5,1.0,0.0,21.0,Male,18-22,Other,2.0
P0314,G0128,17,0.9,0.0,0.0,0,0,18.5,17.5,17.5,16.5,1.0,0.0,21.0,Male,18-22,Other,2.0
P0314,G0128,18,0.9,0.0,0.0,0,0,19.5,18.5,18.5,17.5,1.0,0.0,21.0,Male,18-22,Other,2.0
P0314,G0128,19,0.9,0.0,0.0,0,0,20.5,19.5,19.5,18.5,1.0,0.0,21.0,Male,18-22,Other,2.0
P0314,G0128,20,0.9,0.0,0.0,0,0,21.5,20.5,20.5,19.5,1.0,0.0,21.0,Male,18-22,Other,2.0
P0314,G0128,21,0.9,0.0,0.0,0,0,22.5,21.5,21.5,20.5,1.0,1.0,21.0,Male,18-22,Other,2.0
P0315,G0006,1,0.1,0.0,1.0,-1,-1,1.0,1.5,0.0,0.0,0.0,0.0,5.0,Female,28-32,Poland,0.0
P0315,G0006,2,0.1,1.0,0.0,0,1,2.5,2.5,1.0,1.5,-0.5,0.0,5.0,Female,28-32,Poland,0.0
P0315,G0006,3,0.1,1.0,1.0,1,0,4.0,4.0,2.5,2.5,0.0,0.0,5.0,Female,28-32,Poland,0.0
P0315,G0006,4,0.1,0.0,1.0,1,1,5.0,5.5,4.0,4.0,0.0,0.0,5.0,Female,28-32,Poland,0.0
P0315,G0006,5,0.1,1.0,1.0,0,1,6.5,7.0,5.0,5.5,-0.5,0.0,5.0,Female,28-32,Poland,0.0
P0316,G0150,1,0.1,0.0,0.0,-1,-1,1.0,1.0,0.0,0.0,0.0,0.0,8.0,Female,23-27,South Africa,0.0
P0316,G0150,2,0.1,0.0,1.0,0,0,2.0,2.5,1.0,1.0,0.0,0.0,8.0,Female,23-27,South Africa,0.0
P0316,G0150,3,0.1,1.0,1.0,0,1,3.5,4.0,2.0,2.5,-0.5,0.0,8.0,Female,23-27,South Africa,0.0
P0316,G0150,4,0.1,1.0,1.0,1,1,5.0,5.5,3.5,4.0,-0.5,0.0,8.0,Female,23-27,South Africa,0.0
P0316,G0150,5,0.1,1.0,0.0,1,1,6.5,6.5,5.0,5.5,-0.5,0.0,8.0,Female,23-27,South Africa,0.0
P0316,G0150,6,0.1,1.0,0.0,1,0,8.0,7.5,6.5,6.5,0.0,0.0,8.0,Female,23-27,South Africa,0.0
P0316,G0150,7,0.1,1.0,1.0,1,0,9.5,9.0,8.0,7.5,0.5,0.0,8.0,Female,23-27,South Africa,0.0
P0316,G0150,8,0.1,1.0,0.0,1,1,11.0,10.0,9.5,9.0,0.5,1.0,8.0,Female,23-27,South Africa,0.0
P0317,G0066,1,0.9,0.0,1.0,-1,-1,1.0,1.5,0.0,0.0,0.0,0.0,5.0,Female,23-27,South Africa,5.0
P0317,G0066,2,0.9,0.0,1.0,0,1,2.0,3.0,1.0,1.5,-0.5,0.0,5.0,Female,23-27,South Africa,5.0
P0317,G0066,3,0.9,1.0,0.0,0,1,3.5,4.0,2.0,3.0,-1.0,0.0,5.0,Female,23-27,South Africa,5.0
P0317,G0066,4,0.9,1.0,0.0,1,0,5.0,5.0,3.5,4.0,-0.5,0.0,5.0,Female,23-27,South Africa,5.0
P0317,G0066,5,0.9,0.0,0.0,1,0,6.0,6.0,5.0,5.0,0.0,1.0,5.0,Female,23-27,South Africa,5.0
P0318,G0021,1,0.6,1.0,1.0,-1,-1,1.5,1.5,0.0,0.0,0.0,0.0,6.0,Female,28-32,South Africa,2.0
P0318,G0021,2,0.6,1.0,0.0,1,1,3.0,2.5,1.5,1.5,0.0,0.0,6.0,Female,28-32,South Africa,2.0
P0318,G0021,3,0.6,1.0,1.0,1,0,4.5,4.0,3.0,2.5,0.5,0.0,6.0,Female,28-32,South Africa,2.0
P0318,G0021,4,0.6,1.0,1.0,1,1,6.0,5.5,4.5,4.0,0.5,0.0,6.0,Female,28-32,South Africa,2.0
P0318,G0021,5,0.6,1.0,1.0,1,1,7.5,7.0,6.0,5.5,0.5,0.0,6.0,Female,28-32,South Africa,2.0
P0318,G0021,6,0.6,1.0,1.0,1,1,9.0,8.5,7.5,7.0,0.5,1.0,6.0,Female,28-32,South Africa,2.0
P0319,G0075,1,0.9,0.0,0.0,-1,-1,1.0,1.0,0.0,0.0,0.0,0.0,5.0,Male,28-32,Other,4.0
P0319,G0075,2,0.9,1.0,1.0,0,0,2.5,2.5,1.0,1.0,0.0,0.0,5.0,Male,28-32,Other,4.0
P0319,G0075,3,0.9,0.0,1.0,1,1,3.5,4.0,2.5,2.5,0.0,0.0,5.0,Male,28-32,Other,4.0
P0319,G0075,4,0.9,0.0,0.0,0,1,4.5,5.0,3.5,4.0,-0.5,0.0,5.0,Male,28-32,Other,4.0
P0319,G0075,5,0.9,1.0,0.0,0,0,6.0,6.0,4.5,5.0,-0.5,1.0,5.0,Male,28-32,Other,4.0
P0320,G0001,1,0.6,0.0,0.0,-1,-1,1.0,1.0,0.0,0.0,0.0,0.0,17.0,Female,28-32,South Africa,5.0
P0320,G0001,2,0.6,1.0,0.0,0,0,2.5,2.0,1.0,1.0,0.0,0.0,17.0,Female,28-32,South Africa,5.0
P0320,G0001,3,0.6,0.0,0.0,1,0,3.5,3.0,2.5,2.0,0.5,0.0,17.0,Female,28-32,South Africa,5.0
P0320,G0001,4,0.6,1.0,0.0,0,0,5.0,4.0,3.5,3.0,0.5,0.0,17.0,Female,28-32,South Africa,5.0
P0320,G0001,5,0.6,0.0,0.0,1,0,6.0,5.0,5.0,4.0,1.0,0.0,17.0,Female,28-32,South Africa,5.0
P0320,G0001,6,0.6,0.0,1.0,0,0,7.0,6.5,6.0,5.0,1.0,0.0,17.0,Female,28-32,South Africa,5.0
P0320,G0001,7,0.6,1.0,0.0,0,1,8.5,7.5,7.0,6.5,0.5,0.0,17.0,Female,28-32,South Africa,5.0
P0320,G0001,8,0.6,1.0,1.0,1,0,10.0,9.0,8.5,7.5,1.0,0.0,17.0,Female,28-32,South Africa,5.0
P0320,G0001,9,0.6,0.0,0.0,1,1,11.0,10.0,10.0,9.0,1.0,0.0,17.0,Female,28-32,South Africa,5.0
P0320,G0001,10,0.6,0.0,1.0,0,0,12.0,11.5,11.0,10.0,1.0,0.0,17.0,Female,28-32,South Africa,5.0
P0320,G0001,11,0.6,1.0,0.0,0,1,13.5,12.5,12.0,11.5,0.5,0.0,17.0,Female,28-32,South Africa,5.0
P0320,G0001,12,0.6,1.0,1.0,1,0,15.0,14.0,13.5,12.5,1.0,0.0,17.0,Female,28-32,South Africa,5.0
P0320,G0001,13,0.6,0.0,0.0,1,1,16.0,15.0,15.0,14.0,1.0,0.0,17.0,Female,28-32,South Africa,5.0
P0320,G0001,14,0.6,1.0,0.0,0,0,17.5,16.0,16.0,15.0,1.0,0.0,17.0,Female,28-32,South Africa,5.0
P0320,G0001,15,0.6,0.0,0.0,1,0,18.5,17.0,17.5,16.0,1.5,0.0,17.0,Female,28-32,South Africa,5.0
P0320,G0001,16,0.6,0.0,0.0,0,0,19.5,18.0,18.5,17.0,1.5,0.0,17.0,Female,28-32,South Africa,5.0
P0320,G0001,17,0.6,1.0,0.0,0,0,21.0,19.0,19.5,18.0,1.5,1.0,17.0,Female,28-32,South Africa,5.0
P0321,G0123,1,0.9,1.0,0.0,-1,-1,1.5,1.0,0.0,0.0,0.0,0.0,6.0,Male,23-27,Other,1.0
P0321,G0123,2,0.9,1.0,0.0,1,0,3.0,2.0,1.5,1.0,0.5,0.0,6.0,Male,23-27,Other,1.0
P0321,G0123,3,0.9,1.0,1.0,1,0,4.5,3.5,3.0,2.0,1.0,0.0,6.0,Male,23-27,Other,1.0
P0321,G0123,4,0.9,1.0,0.0,1,1,6.0,4.5,4.5,3.5,1.0,0.0,6.0,Male,23-27,Other,1.0
P0321,G0123,5,0.9,1.0,1.0,1,0,7.5,6.0,6.0,4.5,1.5,0.0,6.0,Male,23-27,Other,1.0
P0321,G0123,6,0.9,1.0,1.0,1,1,9.0,7.5,7.5,6.0,1.5,1.0,6.0,Male,23-27,Other,1.0
P0322,G0133,1,0.9,0.0,0.0,-1,-1,1.0,1.0,0.0,0.0,0.0,0.0,9.0,Female,23-27,South Africa,5.0
P0322,G0133,2,0.9,0.0,1.0,0,0,2.0,2.5,1.0,1.0,0.0,0.0,9.0,Female,23-27,South Africa,5.0
P0322,G0133,3,0.9,0.0,1.0,0,1,3.0,4.0,2.0,2.5,-0.5,0.0,9.0,Female,23-27,South Africa,5.0
P0322,G0133,4,0.9,1.0,1.0,0,1,4.5,5.5,3.0,4.0,-1.0,0.0,9.0,Female,23-27,South Africa,5.0
P0322,G0133,5,0.9,0.0,1.0,1,1,5.5,7.0,4.5,5.5,-1.0,0.0,9.0,Female,23-27,South Africa,5.0
P0322,G0133,6,0.9,1.0,1.0,0,1,7.0,8.5,5.5,7.0,-1.5,0.0,9.0,Female,23-27,South Africa,5.0
P0322,G0133,7,0.9,1.0,1.0,1,1,8.5,10.0,7.0,8.5,-1.5,0.0,9.0,Female,23-27,South Africa,5.0
P0322,G0133,8,0.9,0.0,1.0,1,1,9.5,11.5,8.5,10.0,-1.5,0.0,9.0,Female,23-27,South Africa,5.0
P0322,G0133,9,0.9,1.0,1.0,0,1,11.0,13.0,9.5,11.5,-2.0,0.0,9.0,Female,23-27,South Africa,5.0
P0323,G0151,1,0.9,1.0,0.0,-1,-1,1.5,1.0,0.0,0.0,0.0,0.0,5.0,Male,28-32,South Africa,2.0
P0323,G0151,2,0.9,1.0,1.0,1,0,3.0,2.5,1.5,1.0,0.5,0.0,5.0,Male,28-32,South Africa,2.0
P0323,G0151,3,0.9,0.0,1.0,1,1,4.0,4.0,3.0,2.5,0.5,0.0,5.0,Male,28-32,South Africa,2.0
P0323,G0151,4,0.9,0.0,1.0,0,1,5.0,5.5,4.0,4.0,0.0,0.0,5.0,Male,28-32,South Africa,2.0
P0323,G0151,5,0.9,0.0,0.0,0,1,6.0,6.5,5.0,5.5,-0.5,0.0,5.0,Male,28-32,South Africa,2.0
P0324,G0170,1,0.9,1.0,1.0,-1,-1,1.5,1.5,0.0,0.0,0.0,0.0,13.0,Female,18-22,South Africa,2.0
P0324,G0170,2,0.9,1.0,0.0,1,1,3.0,2.5,1.5,1.5,0.0,0.0,13.0,Female,18-22,South Africa,2.0
P0324,G0170,3,0.9,1.0,1.0,1,0,4.5,4.0,3.0,2.5,0.5,0.0,13.0,Female,18-22,South Africa,2.0
P0324,G0170,4,0.9,1.0,0.0,1,1,6.0,5.0,4.5,4.0,0.5,0.0,13.0,Female,18-22,South Africa,2.0
P0324,G0170,5,0.9,1.0,1.0,1,0,7.5,6.5,6.0,5.0,1.0,0.0,13.0,Female,18-22,South Africa,2.0
P0324,G0170,6,0.9,1.0,0.0,1,1,9.0,7.5,7.5,6.5,1.0,0.0,13.0,Female,18-22,South Africa,2.0
P0324,G0170,7,0.9,1.0,1.0,1,0,10.5,9.0,9.0,7.5,1.5,0.0,13.0,Female,18-22,South Africa,2.0
P0324,G0170,8,0.9,1.0,0.0,1,1,12.0,10.0,10.5,9.0,1.5,0.0,13.0,Female,18-22,South Africa,2.0
P0324,G0170,9,0.9,1.0,1.0,1,0,13.5,11.5,12.0,10.0,2.0,0.0,13.0,Female,18-22,South Africa,2.0
P0324,G0170,10,0.9,1.0,1.0,1,1,15.0,13.0,13.5,11.5,2.0,0.0,13.0,Female,18-22,South Africa,2.0
P0324,G0170,11,0.9,0.0,0.0,1,1,16.0,14.0,15.0,13.0,2.0,0.0,13.0,Female,18-22,South Africa,2.0
P0324,G0170,12,0.9,1.0,0.0,0,0,17.5,15.0,16.0,14.0,2.0,0.0,13.0,Female,18-22,South Africa,2.0
P0324,G0170,13,0.9,1.0,1.0,1,0,19.0,16.5,17.5,15.0,2.5,1.0,13.0,Female,18-22,South Africa,2.0
P0325,G0144,1,0.9,1.0,1.0,-1,-1,1.5,1.5,0.0,0.0,0.0,0.0,15.0,Female,23-27,Other,2.0
P0325,G0144,2,0.9,0.0,1.0,1,1,2.5,3.0,1.5,1.5,0.0,0.0,15.0,Female,23-27,Other,2.0
P0325,G0144,3,0.9,1.0,0.0,0,1,4.0,4.0,2.5,3.0,-0.5,0.0,15.0,Female,23-27,Other,2.0
P0325,G0144,4,0.9,1.0,0.0,1,0,5.5,5.0,4.0,4.0,0.0,0.0,15.0,Female,23-27,Other,2.0
P0325,G0144,5,0.9,0.0,1.0,1,0,6.5,6.5,5.5,5.0,0.5,0.0,15.0,Female,23-27,Other,2.0
P0325,G0144,6,0.9,1.0,0.0,0,1,8.0,7.5,6.5,6.5,0.0,0.0,15.0,Female,23-27,Other,2.0
P0325,G0144,7,0.9,1.0,0.0,1,0,9.5,8.5,8.0,7.5,0.5,0.0,15.0,Female,23-27,Other,2.0
P0325,G0144,8,0.9,0.0,1.0,1,0,10.5,10.0,9.5,8.5,1.0,0.0,15.0,Female,23-27,Other,2.0
P0325,G0144,9,0.9,1.0,1.0,0,1,12.0,11.5,10.5,10.0,0.5,0.0,15.0,Female,23-27,Other,2.0
P0325,G0144,10,0.9,1.0,0.0,1,1,13.5,12.5,12.0,11.5,0.5,0.0,15.0,Female,23-27,Other,2.0
P0325,G0144,11,0.9,0.0,1.0,1,0,14.5,14.0,13.5,12.5,1.0,0.0,15.0,Female,23-27,Other,2.0
P0325,G0144,12,0.9,1.0,0.0,0,1,16.0,15.0,14.5,14.0,0.5,0.0,15.0,Female,23-27,Other,2.0
P0325,G0144,13,0.9,1.0,0.0,1,0,17.5,16.0,16.0,15.0,1.0,0.0,15.0,Female,23-27,Other,2.0
P0325,G0144,14,0.9,0.0,1.0,1,0,18.5,17.5,17.5,16.0,1.5,0.0,15.0,Female,23-27,Other,2.0
P0325,G0144,15,0.9,0.0,0.0,0,1,19.5,18.5,18.5,17.5,1.0,1.0,15.0,Female,23-27,Other,2.0
P0326,G0014,1,0.1,0.0,0.0,-1,-1,1.0,1.0,0.0,0.0,0.0,0.0,5.0,Female,23-27,South Africa,4.0
P0326,G0014,2,0.1,0.0,1.0,0,0,2.0,2.5,1.0,1.0,0.0,0.0,5.0,Female,23-27,South Africa,4.0
P0326,G0014,3,0.1,0.0,1.0,0,1,3.0,4.0,2.0,2.5,-0.5,0.0,5.0,Female,23-27,South Africa,4.0
P0326,G0014,4,0.1,0.0,0.0,0,1,4.0,5.0,3.0,4.0,-1.0,0.0,5.0,Female,23-27,South Africa,4.0
P0326,G0014,5,0.1,1.0,1.0,0,0,5.5,6.5,4.0,5.0,-1.0,0.0,5.0,Female,23-27,South Africa,4.0
P0327,G0139,1,0.6,1.0,1.0,-1,-1,1.5,1.5,0.0,0.0,0.0,0.0,5.0,Female,33-37,Other,1.0
P0327,G0139,2,0.6,0.0,1.0,1,1,2.5,3.0,1.5,1.5,0.0,0.0,5.0,Female,33-37,Other,1.0
P0327,G0139,3,0.6,0.0,0.0,0,1,3.5,4.0,2.5,3.0,-0.5,0.0,5.0,Female,33-37,Other,1.0
P0327,G0139,4,0.6,1.0,0.0,0,0,5.0,5.0,3.5,4.0,-0.5,0.0,5.0,Female,33-37,Other,1.0
P0327,G0139,5,0.6,1.0,1.0,1,0,6.5,6.5,5.0,5.0,0.0,1.0,5.0,Female,33-37,Other,1.0
P0328,G0020,1,0.9,1.0,0.0,-1,-1,1.5,1.0,0.0,0.0,0.0,0.0,5.0,Male,18-22,Other,4.0
P0328,G0020,2,0.9,0.0,0.0,1,0,2.5,2.0,1.5,1.0,0.5,0.0,5.0,Male,18-22,Other,4.0
P0328,G0020,3,0.9,0.0,1.0,0,0,3.5,3.5,2.5,2.0,0.5,0.0,5.0,Male,18-22,Other,4.0
P0328,G0020,4,0.9,1.0,1.0,0,1,5.0,5.0,3.5,3.5,0.0,0.0,5.0,Male,18-22,Other,4.0
P0328,G0020,5,0.9,1.0,0.0,1,1,6.5,6.0,5.0,5.0,0.0,1.0,5.0,Male,18-22,Other,4.0
P0329,G0045,1,0.6,0.0,1.0,-1,-1,1.0,1.5,0.0,0.0,0.0,0.0,5.0,Female,28-32,Other,1.0
P0329,G0045,2,0.6,1.0,0.0,0,1,2.5,2.5,1.0,1.5,-0.5,0.0,5.0,Female,28-32,Other,1.0
P0329,G0045,3,0.6,0.0,1.0,1,0,3.5,4.0,2.5,2.5,0.0,0.0,5.0,Female,28-32,Other,1.0
P0329,G0045,4,0.6,0.0,0.0,0,1,4.5,5.0,3.5,4.0,-0.5,0.0,5.0,Female,28-32,Other,1.0
P0329,G0045,5,0.6,1.0,0.0,0,0,6.0,6.0,4.5,5.0,-0.5,1.0,5.0,Female,28-32,Other,1.0
P0330,G0017,1,0.1,1.0,1.0,-1,-1,1.5,1.5,0.0,0.0,0.0,0.0,5.0,Female,23-27,South Africa,0.0
P0330,G0017,2,0.1,0.0,1.0,1,1,2.5,3.0,1.5,1.5,0.0,0.0,5.0,Female,23-27,South Africa,0.0
P0330,G0017,3,0.1,1.0,1.0,0,1,4.0,4.5,2.5,3.0,-0.5,0.0,5.0,Female,23-27,South Africa,0.0
P0330,G0017,4,0.1,1.0,1.0,1,1,5.5,6.0,4.0,4.5,-0.5,0.0,5.0,Female,23-27,South Africa,0.0
P0330,G0017,5,0.1,0.0,1.0,1,1,6.5,7.5,5.5,6.0,-0.5,0.0,5.0,Female,23-27,South Africa,0.0
P0331,G0147,1,0.1,0.0,1.0,-1,-1,1.0,1.5,0.0,0.0,0.0,0.0,6.0,Female,43-47,South Africa,0.0
P0331,G0147,2,0.1,0.0,0.0,0,1,2.0,2.5,1.0,1.5,-0.5,0.0,6.0,Female,43-47,South Africa,0.0
P0331,G0147,3,0.1,0.0,0.0,0,0,3.0,3.5,2.0,2.5,-0.5,0.0,6.0,Female,43-47,South Africa,0.0
P0331,G0147,4,0.1,1.0,0.0,0,0,4.5,4.5,3.0,3.5,-0.5,0.0,6.0,Female,43-47,South Africa,0.0
P0331,G0147,5,0.1,0.0,1.0,1,0,5.5,6.0,4.5,4.5,0.0,0.0,6.0,Female,43-47,South Africa,0.0
P0331,G0147,6,0.1,0.0,1.0,0,1,6.5,7.5,5.5,6.0,-0.5,0.0,6.0,Female,43-47,South Africa,0.0
P0332,G0046,1,0.1,0.0,0.0,-1,-1,1.0,1.0,0.0,0.0,0.0,0.0,18.0,Female,48-52,South Africa,1.0
P0332,G0046,2,0.1,0.0,1.0,0,0,2.0,2.5,1.0,1.0,0.0,0.0,18.0,Female,48-52,South Africa,1.0
P0332,G0046,3,0.1,0.0,0.0,0,1,3.0,3.5,2.0,2.5,-0.5,0.0,18.0,Female,48-52,South Africa,1.0
P0332,G0046,4,0.1,1.0,1.0,0,0,4.5,5.0,3.0,3.5,-0.5,0.0,18.0,Female,48-52,South Africa,1.0
P0332,G0046,5,0.1,1.0,1.0,1,1,6.0,6.5,4.5,5.0,-0.5,0.0,18.0,Female,48-52,South Africa,1.0
P0332,G0046,6,0.1,1.0,0.0,1,1,7.5,7.5,6.0,6.5,-0.5,0.0,18.0,Female,48-52,South Africa,1.0
P0332,G0046,7,0.1,0.0,0.0,1,0,8.5,8.5,7.5,7.5,0.0,0.0,18.0,Female,48-52,South Africa,1.0
P0332,G0046,8,0.1,1.0,0.0,0,0,10.0,9.5,8.5,8.5,0.0,0.0,18.0,Female,48-52,South Africa,1.0
P0332,G0046,9,0.1,1.0,1.0,1,0,11.5,11.0,10.0,9.5,0.5,0.0,18.0,Female,48-52,South Africa,1.0
P0332,G0046,10,0.1,1.0,0.0,1,1,13.0,12.0,11.5,11.0,0.5,0.0,18.0,Female,48-52,South Africa,1.0
P0332,G0046,11,0.1,0.0,1.0,1,0,14.0,13.5,13.0,12.0,1.0,0.0,18.0,Female,48-52,South Africa,1.0
P0332,G0046,12,0.1,0.0,1.0,0,1,15.0,15.0,14.0,13.5,0.5,0.0,18.0,Female,48-52,South Africa,1.0
P0332,G0046,13,0.1,1.0,1.0,0,1,16.5,16.5,15.0,15.0,0.0,0.0,18.0,Female,48-52,South Africa,1.0
P0332,G0046,14,0.1,1.0,1.0,1,1,18.0,18.0,16.5,16.5,0.0,0.0,18.0,Female,48-52,South Africa,1.0
P0332,G0046,15,0.1,0.0,1.0,1,1,19.0,19.5,18.0,18.0,0.0,0.0,18.0,Female,48-52,South Africa,1.0
P0332,G0046,16,0.1,1.0,1.0,0,1,20.5,21.0,19.0,19.5,-0.5,0.0,18.0,Female,48-52,South Africa,1.0
P0332,G0046,17,0.1,1.0,1.0,1,1,22.0,22.5,20.5,21.0,-0.5,0.0,18.0,Female,48-52,South Africa,1.0
P0332,G0046,18,0.1,1.0,1.0,1,1,23.5,24.0,22.0,22.5,-0.5,0.0,18.0,Female,48-52,South Africa,1.0
P0333,G0064,1,0.6,0.0,1.0,-1,-1,1.0,1.5,0.0,0.0,0.0,0.0,13.0,Male,28-32,Other,0.0
P0333,G0064,2,0.6,0.0,0.0,0,1,2.0,2.5,1.0,1.5,-0.5,0.0,13.0,Male,28-32,Other,0.0
P0333,G0064,3,0.6,0.0,0.0,0,0,3.0,3.5,2.0,2.5,-0.5,0.0,13.0,Male,28-32,Other,0.0
P0333,G0064,4,0.6,1.0,1.0,0,0,4.5,5.0,3.0,3.5,-0.5,0.0,13.0,Male,28-32,Other,0.0
P0333,G0064,5,0.6,0.0,0.0,1,1,5.5,6.0,4.5,5.0,-0.5,0.0,13.0,Male,28-32,Other,0.0
P0333,G0064,6,0.6,0.0,1.0,0,0,6.5,7.5,5.5,6.0,-0.5,0.0,13.0,Male,28-32,Other,0.0
P0333,G0064,7,0.6,1.0,0.0,0,1,8.0,8.5,6.5,7.5,-1.0,0.0,13.0,Male,28-32,Other,0.0
P0333,G0064,8,0.6,0.0,0.0,1,0,9.0,9.5,8.0,8.5,-0.5,0.0,13.0,Male,28-32,Other,0.0
P0333,G0064,9,0.6,0.0,0.0,0,0,10.0,10.5,9.0,9.5,-0.5,0.0,13.0,Male,28-32,Other,0.0
P0333,G0064,10,0.6,0.0,1.0,0,0,11.0,12.0,10.0,10.5,-0.5,0.0,13.0,Male,28-32,Other,0.0
P0333,G0064,11,0.6,0.0,0.0,0,1,12.0,13.0,11.0,12.0,-1.0,0.0,13.0,Male,28-32,Other,0.0
P0333,G0064,12,0.6,0.0,0.0,0,0,13.0,14.0,12.0,13.0,-1.0,0.0,13.0,Male,28-32,Other,0.0
P0333,G0064,13,0.6,1.0,0.0,0,0,14.5,15.0,13.0,14.0,-1.0,0.0,13.0,Male,28-32,Other,0.0
P0334,G0146,1,0.1,0.0,1.0,-1,-1,1.0,1.5,0.0,0.0,0.0,0.0,9.0,Female,18-22,South Africa,0.0
P0334,G0146,2,0.1,0.0,0.0,0,1,2.0,2.5,1.0,1.5,-0.5,0.0,9.0,Female,18-22,South Africa,0.0
P0334,G0146,3,0.1,0.0,0.0,0,0,3.0,3.5,2.0,2.5,-0.5,0.0,9.0,Female,18-22,South Africa,0.0
P0334,G0146,4,0.1,0.0,0.0,0,0,4.0,4.5,3.0,3.5,-0.5,0.0,9.0,Female,18-22,South Africa,0.0
P0334,G0146,5,0.1,1.0,0.0,0,0,5.5,5.5,4.0,4.5,-0.5,0.0,9.0,Female,18-22,South Africa,0.0
P0334,G0146,6,0.1,1.0,1.0,1,0,7.0,7.0,5.5,5.5,0.0,0.0,9.0,Female,18-22,South Africa,0.0
P0334,G0146,7,0.1,1.0,1.0,1,1,8.5,8.5,7.0,7.0,0.0,0.0,9.0,Female,18-22,South Africa,0.0
P0334,G0146,8,0.1,1.0,0.0,1,1,10.0,9.5,8.5,8.5,0.0,0.0,9.0,Female,18-22,South Africa,0.0
P0334,G0146,9,0.1,1.0,1.0,1,0,11.5,11.0,10.0,9.5,0.5,1.0,9.0,Female,18-22,South Africa,0.0
P0335,G0063,1,0.6,0.0,0.0,-1,-1,1.0,1.0,0.0,0.0,0.0,0.0,5.0,Female,38-42,South Africa,1.0
P0335,G0063,2,0.6,1.0,0.0,0,0,2.5,2.0,1.0,1.0,0.0,0.0,5.0,Female,38-42,South Africa,1.0
P0335,G0063,3,0.6,0.0,1.0,1,0,3.5,3.5,2.5,2.0,0.5,0.0,5.0,Female,38-42,South Africa,1.0
P0335,G0063,4,0.6,1.0,1.0,0,1,5.0,5.0,3.5,3.5,0.0,0.0,5.0,Female,38-42,South Africa,1.0
P0335,G0063,5,0.6,0.0,1.0,1,1,6.0,6.5,5.0,5.0,0.0,0.0,5.0,Female,38-42,South Africa,1.0
P0336,G0061,1,0.9,0.0,1.0,-1,-1,1.0,1.5,0.0,0.0,0.0,0.0,12.0,Female,23-27,South Africa,2.0
P0336,G0061,2,0.9,1.0,1.0,0,1,2.5,3.0,1.0,1.5,-0.5,0.0,12.0,Female,23-27,South Africa,2.0
P0336,G0061,3,0.9,0.0,0.0,1,1,3.5,4.0,2.5,3.0,-0.5,0.0,12.0,Female,23-27,South Africa,2.0
P0336,G0061,4,0.9,0.0,0.0,0,0,4.5,5.0,3.5,4.0,-0.5,0.0,12.0,Female,23-27,South Africa,2.0
P0336,G0061,5,0.9,1.0,1.0,0,0,6.0,6.5,4.5,5.0,-0.5,0.0,12.0,Female,23-27,South Africa,2.0
P0336,G0061,6,0.9,1.0,1.0,1,1,7.5,8.0,6.0,6.5,-0.5,0.0,12.0,Female,23-27,South Africa,2.0
P0336,G0061,7,0.9,0.0,1.0,1,1,8.5,9.5,7.5,8.0,-0.5,0.0,12.0,Female,23-27,South Africa,2.0
P0336,G0061,8,0.9,0.0,1.0,0,1,9.5,11.0,8.5,9.5,-1.0,0.0,12.0,Female,23-27,South Africa,2.0
P0336,G0061,9,0.9,1.0,0.0,0,1,11.0,12.0,9.5,11.0,-1.5,0.0,12.0,Female,23-27,South Africa,2.0
P0336,G0061,10,0.9,1.0,1.0,1,0,12.5,13.5,11.0,12.0,-1.0,0.0,12.0,Female,23-27,South Africa,2.0
P0336,G0061,11,0.9,1.0,1.0,1,1,14.0,15.0,12.5,13.5,-1.0,0.0,12.0,Female,23-27,South Africa,2.0
P0336,G0061,12,0.9,0.0,0.0,1,1,15.0,16.0,14.0,15.0,-1.0,0.0,12.0,Female,23-27,South Africa,2.0
P0337,G0030,1,0.9,1.0,0.0,-1,-1,1.5,1.0,0.0,0.0,0.0,0.0,12.0,Female,38-42,South Africa,3.0
P0337,G0030,2,0.9,0.0,0.0,1,0,2.5,2.0,1.5,1.0,0.5,0.0,12.0,Female,38-42,South Africa,3.0
P0337,G0030,3,0.9,0.0,0.0,0,0,3.5,3.0,2.5,2.0,0.5,0.0,12.0,Female,38-42,South Africa,3.0
P0337,G0030,4,0.9,0.0,1.0,0,0,4.5,4.5,3.5,3.0,0.5,0.0,12.0,Female,38-42,South Africa,3.0
P0337,G0030,5,0.9,1.0,1.0,0,1,6.0,6.0,4.5,4.5,0.0,0.0,12.0,Female,38-42,South Africa,3.0
P0337,G0030,6,0.9,0.0,0.0,1,1,7.0,7.0,6.0,6.0,0.0,0.0,12.0,Female,38-42,South Africa,3.0
P0337,G0030,7,0.9,1.0,1.0,0,0,8.5,8.5,7.0,7.0,0.0,0.0,12.0,Female,38-42,South Africa,3.0
P0337,G0030,8,0.9,1.0,1.0,1,1,10.0,10.0,8.5,8.5,0.0,0.0,12.0,Female,38-42,South Africa,3.0
P0337,G0030,9,0.9,1.0,0.0,1,1,11.5,11.0,10.0,10.0,0.0,0.0,12.0,Female,38-42,South Africa,3.0
P0337,G0030,10,0.9,0.0,0.0,1,0,12.5,12.0,11.5,11.0,0.5,0.0,12.0,Female,38-42,South Africa,3.0
P0337,G0030,11,0.9,0.0,1.0,0,0,13.5,13.5,12.5,12.0,0.5,0.0,12.0,Female,38-42,South Africa,3.0
P0337,G0030,12,0.9,0.0,1.0,0,1,14.5,15.0,13.5,13.5,0.0,0.0,12.0,Female,38-42,South Africa,3.0
P0338,G0021,1,0.6,1.0,1.0,-1,-1,1.5,1.5,0.0,0.0,0.0,0.0,6.0,Male,38-42,Other,5.0
P0338,G0021,2,0.6,0.0,1.0,1,1,2.5,3.0,1.5,1.5,0.0,0.0,6.0,Male,38-42,Other,5.0
P0338,G0021,3,0.6,1.0,1.0,0,1,4.0,4.5,2.5,3.0,-0.5,0.0,6.0,Male,38-42,Other,5.0
P0338,G0021,4,0.6,1.0,1.0,1,1,5.5,6.0,4.0,4.5,-0.5,0.0,6.0,Male,38-42,Other,5.0
P0338,G0021,5,0.6,1.0,1.0,1,1,7.0,7.5,5.5,6.0,-0.5,0.0,6.0,Male,38-42,Other,5.0
P0338,G0021,6,0.6,1.0,1.0,1,1,8.5,9.0,7.0,7.5,-0.5,0.0,6.0,Male,38-42,Other,5.0
P0339,G0074,1,0.1,0.0,1.0,-1,-1,1.0,1.5,0.0,0.0,0.0,0.0,11.0,Male,18-22,Other,0.0
P0339,G0074,2,0.1,1.0,0.0,0,1,2.5,2.5,1.0,1.5,-0.5,0.0,11.0,Male,18-22,Other,0.0
P0339,G0074,3,0.1,1.0,0.0,1,0,4.0,3.5,2.5,2.5,0.0,0.0,11.0,Male,18-22,Other,0.0
P0339,G0074,4,0.1,0.0,1.0,1,0,5.0,5.0,4.0,3.5,0.5,0.0,11.0,Male,18-22,Other,0.0
P0339,G0074,5,0.1,0.0,1.0,0,1,6.0,6.5,5.0,5.0,0.0,0.0,11.0,Male,18-22,Other,0.0
P0339,G0074,6,0.1,0.0,0.0,0,1,7.0,7.5,6.0,6.5,-0.5,0.0,11.0,Male,18-22,Other,0.0
P0339,G0074,7,0.1,1.0,0.0,0,0,8.5,8.5,7.0,7.5,-0.5,0.0,11.0,Male,18-22,Other,0.0
P0339,G0074,8,0.1,0.0,1.0,1,0,9.5,10.0,8.5,8.5,0.0,0.0,11.0,Male,18-22,Other,0.0
P0339,G0074,9,0.1,1.0,0.0,0,1,11.0,11.0,9.5,10.0,-0.5,0.0,11.0,Male,18-22,Other,0.0
P0339,G0074,10,0.1,1.0,0.0,1,0,12.5,12.0,11.0,11.0,0.0,0.0,11.0,Male,18-22,Other,0.0
P0339,G0074,11,0.1,0.0,1.0,1,0,13.5,13.5,12.5,12.0,0.5,1.0,11.0,Male,18-22,Other,0.0
P0340,G0049,1,0.9,0.0,0.0,-1,-1,1.0,1.0,0.0,0.0,0.0,0.0,6.0,Female,28-32,Poland,1.0
P0340,G0049,2,0.9,1.0,0.0,0,0,2.5,2.0,1.0,1.0,0.0,0.0,6.0,Female,28-32,Poland,1.0
P0340,G0049,3,0.9,0.0,0.0,1,0,3.5,3.0,2.5,2.0,0.5,0.0,6.0,Female,28-32,Poland,1.0
P0340,G0049,4,0.9,1.0,0.0,0,0,5.0,4.0,3.5,3.0,0.5,0.0,6.0,Female,28-32,Poland,1.0
P0340,G0049,5,0.9,1.0,0.0,1,0,6.5,5.0,5.0,4.0,1.0,0.0,6.0,Female,28-32,Poland,1.0
P0340,G0049,6,0.9,0.0,0.0,1,0,7.5,6.0,6.5,5.0,1.5,1.0,6.0,Female,28-32,Poland,1.0
P0341,G0158,1,0.1,0.0,1.0,-1,-1,1.0,1.5,0.0,0.0,0.0,0.0,9.0,Female,23-27,Poland,0.0
P0341,G0158,2,0.1,0.0,0.0,0,1,2.0,2.5,1.0,1.5,-0.5,0.0,9.0,Female,23-27,Poland,0.0
P0341,G0158,3,0.1,0.0,0.0,0,0,3.0,3.5,2.0,2.5,-0.5,0.0,9.0,Female,23-27,Poland,0.0
P0341,G0158,4,0.1,1.0,1.0,0,0,4.5,5.0,3.0,3.5,-0.5,0.0,9.0,Female,23-27,Poland,0.0
P0341,G0158,5,0.1,1.0,1.0,1,1,6.0,6.5,4.5,5.0,-0.5,0.0,9.0,Female,23-27,Poland,0.0
P0341,G0158,6,0.1,0.0,1.0,1,1,7.0,8.0,6.0,6.5,-0.5,0.0,9.0,Female,23-27,Poland,0.0
P0341,G0158,7,0.1,0.0,0.0,0,1,8.0,9.0,7.0,8.0,-1.0,0.0,9.0,Female,23-27,Poland,0.0
P0341,G0158,8,0.1,1.0,1.0,0,0,9.5,10.5,8.0,9.0,-1.0,0.0,9.0,Female,23-27,Poland,0.0
P0341,G0158,9,0.1,1.0,1.0,1,1,11.0,12.0,9.5,10.5,-1.0,0.0,9.0,Female,23-27,Poland,0.0
