layer,split,rank_abs_mean_difference,feature_id,mean_safe,mean_unsafe,unsafe_minus_safe,prevalence_safe,prevalence_unsafe
20,train,1,16472,1.1323593854904175,1.0200988054275513,-0.11226058006286621,1.0,1.0
20,train,2,16004,0.745028555393219,0.8509792685508728,0.10595071315765381,1.0,1.0
20,train,3,27764,1.0099934339523315,0.906789243221283,-0.10320419073104858,1.0,1.0
20,train,4,27587,1.7305153608322144,1.8322715759277344,0.10175621509552002,1.0,1.0
20,train,5,17764,1.3176673650741577,1.215983510017395,-0.1016838550567627,1.0,1.0
20,train,6,18692,1.0948737859725952,0.9943714141845703,-0.1005023717880249,1.0,1.0
20,train,7,14368,1.7727190256118774,1.6728870868682861,-0.09983193874359131,1.0,1.0
20,train,8,4068,0.7582351565361023,0.6586102843284607,-0.0996248722076416,1.0,1.0
20,train,9,24193,0.9032347202301025,0.8051124811172485,-0.098122239112854,1.0,1.0
20,train,10,3298,0.949138879776001,0.8533712029457092,-0.09576767683029175,1.0,1.0
20,train,11,13068,0.6605886220932007,0.5648434162139893,-0.09574520587921143,1.0,1.0
20,train,12,16756,1.2466593980789185,1.15305757522583,-0.09360182285308838,1.0,1.0
20,train,13,27525,1.039597749710083,0.9468410015106201,-0.09275674819946289,1.0,1.0
20,train,14,9201,0.8236234784126282,0.7308923006057739,-0.09273117780685425,1.0,1.0
20,train,15,2018,2.51192307472229,2.4194400310516357,-0.0924830436706543,1.0,1.0
20,train,16,5891,0.7067402005195618,0.6148256659507751,-0.09191453456878662,1.0,1.0
20,train,17,8362,1.213009238243103,1.122326135635376,-0.09068310260772705,1.0,1.0
20,train,18,25418,0.9371576905250549,0.8466266989707947,-0.09053099155426025,1.0,1.0
20,train,19,16235,2.320936441421509,2.4113337993621826,0.09039735794067383,1.0,1.0
20,train,20,19740,1.3462275266647339,1.2563726902008057,-0.08985483646392822,1.0,1.0
20,train,21,26047,0.7996695041656494,0.7103238701820374,-0.08934563398361206,1.0,1.0
20,train,22,19350,0.8658220171928406,0.7766782641410828,-0.08914375305175781,1.0,1.0
20,train,23,15123,1.2351465225219727,1.146127462387085,-0.0890190601348877,1.0,1.0
20,train,24,9566,1.4221601486206055,1.333479642868042,-0.08868050575256348,1.0,1.0
20,train,25,11384,0.7809836268424988,0.6932939887046814,-0.08768963813781738,1.0,1.0
20,train,26,28462,1.7695927619934082,1.682249903678894,-0.08734285831451416,1.0,1.0
20,train,27,17775,1.5364817380905151,1.44943368434906,-0.08704805374145508,1.0,1.0
20,train,28,17759,1.0027246475219727,0.9164422154426575,-0.08628243207931519,1.0,1.0
20,train,29,14291,0.6469407677650452,0.560670793056488,-0.08626997470855713,1.0,1.0
20,train,30,502,1.0521937608718872,0.9659923911094666,-0.08620136976242065,1.0,1.0
20,train,31,3645,1.2502833604812622,1.1650134325027466,-0.08526992797851562,1.0,1.0
20,train,32,4153,1.4275363683700562,1.3425068855285645,-0.0850294828414917,1.0,1.0
20,train,33,6637,1.4933472871780396,1.57817542552948,0.08482813835144043,1.0,1.0
20,train,34,10651,1.682499885559082,1.5979609489440918,-0.08453893661499023,1.0,1.0
20,train,35,17655,0.7021291255950928,0.6194149851799011,-0.08271414041519165,1.0,1.0
20,train,36,19433,1.254931092262268,1.1722908020019531,-0.08264029026031494,1.0,1.0
20,train,37,2199,1.360732913017273,1.2782880067825317,-0.08244490623474121,1.0,1.0
20,train,38,23368,1.1279948949813843,1.0461164712905884,-0.0818784236907959,1.0,1.0
20,train,39,7610,0.9267095923423767,0.8449184894561768,-0.08179110288619995,1.0,1.0
20,train,40,19543,1.065782070159912,0.9840850830078125,-0.08169698715209961,1.0,1.0
20,train,41,16800,1.6445865631103516,1.5630160570144653,-0.08157050609588623,1.0,1.0
20,train,42,7718,0.7479898929595947,0.8293287754058838,0.08133888244628906,1.0,1.0
20,train,43,27702,0.9021987318992615,0.8208732008934021,-0.08132553100585938,1.0,1.0
20,train,44,22824,0.8021788597106934,0.7211815118789673,-0.08099734783172607,1.0,1.0
20,train,45,24129,1.0784324407577515,0.9976975917816162,-0.08073484897613525,1.0,1.0
20,train,46,10129,1.5413621664047241,1.4606635570526123,-0.08069860935211182,1.0,1.0
20,train,47,9502,0.9908064007759094,0.9101086854934692,-0.08069771528244019,1.0,1.0
20,train,48,14107,0.7623813152313232,0.6821368336677551,-0.08024448156356812,1.0,1.0
20,train,49,4920,1.2656848430633545,1.185973048210144,-0.07971179485321045,1.0,1.0
20,train,50,4133,0.5984416604042053,0.5199330449104309,-0.07850861549377441,1.0,1.0
20,train,51,105,0.9340441226959229,0.8557906746864319,-0.07825344800949097,1.0,1.0
20,train,52,3358,1.0800272226333618,1.0017818212509155,-0.07824540138244629,1.0,1.0
20,train,53,4359,0.9330370426177979,0.8556947112083435,-0.07734233140945435,1.0,1.0
20,train,54,13307,1.202681064605713,1.1260565519332886,-0.07662451267242432,1.0,1.0
20,train,55,10053,1.0093735456466675,0.933056116104126,-0.0763174295425415,1.0,1.0
20,train,56,25064,1.1180521249771118,1.1942352056503296,0.07618308067321777,1.0,1.0
20,train,57,26447,1.3366708755493164,1.411979079246521,0.07530820369720459,1.0,1.0
20,train,58,25920,1.0292041301727295,1.104488492012024,0.07528436183929443,1.0,1.0
20,train,59,26744,1.7055894136428833,1.7808268070220947,0.07523739337921143,1.0,1.0
20,train,60,10116,0.8586828708648682,0.7835115790367126,-0.07517129182815552,1.0,1.0
20,train,61,9764,0.6539143323898315,0.7287895679473877,0.07487523555755615,1.0,1.0
20,train,62,15474,0.9287868142127991,0.853968620300293,-0.0748181939125061,1.0,1.0
20,train,63,27156,1.3366259336471558,1.2619677782058716,-0.07465815544128418,1.0,1.0
20,train,64,28664,1.326175332069397,1.2516257762908936,-0.07454955577850342,1.0,1.0
20,train,65,23898,0.5972430109977722,0.5228859186172485,-0.07435709238052368,1.0,1.0
20,train,66,21899,0.820387065410614,0.7462475299835205,-0.0741395354270935,1.0,1.0
20,train,67,23661,1.0296136140823364,0.9555599689483643,-0.07405364513397217,1.0,1.0
20,train,68,12729,0.7228293418884277,0.6491304039955139,-0.07369893789291382,1.0,1.0
20,train,69,7410,1.3015536069869995,1.2278547286987305,-0.07369887828826904,1.0,1.0
20,train,70,24004,1.3820042610168457,1.3083583116531372,-0.0736459493637085,1.0,1.0
20,train,71,25902,1.4558806419372559,1.3823133707046509,-0.07356727123260498,1.0,1.0
20,train,72,23410,1.1584488153457642,1.0849406719207764,-0.07350814342498779,1.0,1.0
20,train,73,14000,0.9711511731147766,0.8977019786834717,-0.07344919443130493,1.0,1.0
20,train,74,3785,2.6679799556732178,2.5945487022399902,-0.07343125343322754,1.0,1.0
20,train,75,19190,1.264690637588501,1.191367506980896,-0.07332313060760498,1.0,1.0
20,train,76,1785,1.2028883695602417,1.129818081855774,-0.07307028770446777,1.0,1.0
20,train,77,8652,0.16134558618068695,0.23426729440689087,0.07292170822620392,0.96875,0.9930555555555556
20,train,78,15225,1.4493013620376587,1.3768739700317383,-0.07242739200592041,1.0,1.0
20,train,79,26229,0.9776793122291565,0.9054455161094666,-0.07223379611968994,1.0,1.0
20,train,80,16357,0.2672717273235321,0.19509276747703552,-0.07217895984649658,1.0,1.0
20,train,81,20161,1.2403268814086914,1.3121486902236938,0.07182180881500244,1.0,1.0
20,train,82,8344,1.0485349893569946,0.9769389629364014,-0.07159602642059326,1.0,1.0
20,train,83,23010,0.8729431629180908,0.8013723492622375,-0.07157081365585327,1.0,1.0
20,train,84,4589,1.1319819688796997,1.0604642629623413,-0.0715177059173584,1.0,1.0
20,train,85,25606,0.6530383229255676,0.7243516445159912,0.07131332159042358,1.0,1.0
20,train,86,15222,1.0317567586898804,0.9604817628860474,-0.07127499580383301,1.0,1.0
20,train,87,3049,1.1258264780044556,1.0546214580535889,-0.0712050199508667,1.0,1.0
20,train,88,16498,0.7154662013053894,0.6443013548851013,-0.07116484642028809,1.0,1.0
20,train,89,3891,0.651980459690094,0.5808243751525879,-0.0711560845375061,1.0,1.0
20,train,90,19213,2.410581111907959,2.481663227081299,0.07108211517333984,1.0,1.0
20,train,91,27699,1.0448073148727417,0.9737961292266846,-0.07101118564605713,1.0,1.0
20,train,92,18413,0.5379786491394043,0.467010498046875,-0.0709681510925293,1.0,1.0
20,train,93,2116,0.9255526661872864,0.8546207547187805,-0.07093191146850586,1.0,1.0
20,train,94,14342,1.337817668914795,1.2669568061828613,-0.0708608627319336,1.0,1.0
20,train,95,3974,0.8698325753211975,0.7990283966064453,-0.0708041787147522,1.0,1.0
20,train,96,25730,0.5413493514060974,0.47061479091644287,-0.07073456048965454,1.0,1.0
20,train,97,22970,0.6469183564186096,0.7174875736236572,0.07056921720504761,1.0,1.0
20,train,98,9010,0.6015303730964661,0.5310239195823669,-0.07050645351409912,1.0,1.0
20,train,99,15117,1.0575441122055054,0.9870740175247192,-0.07047009468078613,1.0,1.0
20,train,100,14343,1.179384708404541,1.1089653968811035,-0.0704193115234375,1.0,1.0
20,train,101,6817,1.3548306226730347,1.2844750881195068,-0.07035553455352783,1.0,1.0
20,train,102,23355,0.9557220935821533,1.0259802341461182,0.07025814056396484,1.0,1.0
20,train,103,25648,1.3788982629776,1.308794617652893,-0.07010364532470703,1.0,1.0
20,train,104,11281,1.1003108024597168,1.0302927494049072,-0.07001805305480957,1.0,1.0
20,train,105,18674,1.1244114637374878,1.0544780492782593,-0.06993341445922852,1.0,1.0
20,train,106,26748,0.8126921057701111,0.7427912354469299,-0.06990087032318115,1.0,1.0
20,train,107,19074,1.0162124633789062,0.9464130401611328,-0.06979942321777344,1.0,1.0
20,train,108,787,0.8448622226715088,0.7750728726387024,-0.0697893500328064,1.0,1.0
20,train,109,15859,0.8859701752662659,0.816236674785614,-0.06973350048065186,1.0,1.0
20,train,110,15565,0.37447211146354675,0.304779976606369,-0.06969213485717773,1.0,1.0
20,train,111,23258,0.9842697978019714,1.0539473295211792,0.06967753171920776,1.0,1.0
20,train,112,14160,0.3050731122493744,0.3746253252029419,0.0695522129535675,1.0,1.0
20,train,113,21417,1.0144166946411133,0.9448859095573425,-0.06953078508377075,1.0,1.0
20,train,114,10671,1.3098522424697876,1.2404999732971191,-0.06935226917266846,1.0,1.0
20,train,115,3547,0.9082026481628418,0.8388559222221375,-0.06934672594070435,1.0,1.0
20,train,116,25023,0.4965129792690277,0.4274080991744995,-0.0691048800945282,1.0,1.0
20,train,117,17965,0.6007458567619324,0.5317196846008301,-0.0690261721611023,1.0,1.0
20,train,118,23558,0.5527702569961548,0.48398271203041077,-0.06878754496574402,1.0,1.0
20,train,119,19936,1.0529437065124512,0.9843130111694336,-0.06863069534301758,1.0,1.0
20,train,120,26997,0.6134275794029236,0.5450917482376099,-0.06833583116531372,1.0,1.0
20,train,121,25457,1.179319143295288,1.110993504524231,-0.06832563877105713,1.0,1.0
20,train,122,14610,1.0320475101470947,0.9637229442596436,-0.06832456588745117,1.0,1.0
20,train,123,6986,0.7709793448448181,0.8392527103424072,0.06827336549758911,1.0,1.0
20,train,124,17669,0.8691439032554626,0.8009227514266968,-0.06822115182876587,1.0,1.0
20,train,125,17969,1.8663042783737183,1.9344611167907715,0.06815683841705322,1.0,1.0
20,train,126,23567,0.8456352353096008,0.777542769908905,-0.0680924654006958,1.0,1.0
20,train,127,4773,0.7366932034492493,0.6686789989471436,-0.06801420450210571,1.0,1.0
20,train,128,4152,1.6497756242752075,1.7177314758300781,0.0679558515548706,1.0,1.0
20,train,129,25356,1.23051917552948,1.1626242399215698,-0.06789493560791016,1.0,1.0
20,train,130,3918,0.4461759328842163,0.3783234655857086,-0.06785246729850769,1.0,1.0
20,train,131,22580,0.6385429501533508,0.5707056522369385,-0.06783729791641235,1.0,1.0
20,train,132,26762,1.0071451663970947,0.9393208026885986,-0.0678243637084961,1.0,1.0
20,train,133,1166,1.1799089908599854,1.2477238178253174,0.06781482696533203,1.0,1.0
20,train,134,25533,0.5841310024261475,0.516399621963501,-0.06773138046264648,1.0,1.0
20,train,135,8218,1.0371185541152954,0.9694068431854248,-0.0677117109298706,1.0,1.0
20,train,136,3651,1.144044041633606,1.0764573812484741,-0.06758666038513184,1.0,1.0
20,train,137,10560,0.8613200783729553,0.7938146591186523,-0.06750541925430298,1.0,1.0
20,train,138,27570,0.5307754874229431,0.4633525311946869,-0.06742295622825623,1.0,1.0
20,train,139,15505,0.6431347727775574,0.5758025646209717,-0.0673322081565857,1.0,1.0
20,train,140,16058,1.3303323984146118,1.2630444765090942,-0.06728792190551758,1.0,1.0
20,train,141,2112,0.5508249402046204,0.618072509765625,0.06724756956100464,1.0,1.0
20,train,142,992,0.6975665092468262,0.6304400563240051,-0.06712645292282104,1.0,1.0
20,train,143,24168,2.3109238147735596,2.2438626289367676,-0.06706118583679199,1.0,1.0
20,train,144,21764,0.8639914989471436,0.7970168590545654,-0.06697463989257812,1.0,1.0
20,train,145,6762,2.799154043197632,2.7321979999542236,-0.0669560432434082,1.0,1.0
20,train,146,6506,0.5421186089515686,0.4753991663455963,-0.06671944260597229,1.0,1.0
20,train,147,25095,0.3009354770183563,0.2342611700296402,-0.06667430698871613,1.0,1.0
20,train,148,12931,1.0063775777816772,0.939818799495697,-0.06655877828598022,1.0,1.0
20,train,149,24310,1.0684908628463745,1.002111792564392,-0.06637907028198242,1.0,1.0
20,train,150,1528,0.9710741639137268,0.9047608971595764,-0.06631326675415039,1.0,1.0
20,train,151,863,1.2577253580093384,1.1914243698120117,-0.06630098819732666,1.0,1.0
20,train,152,26755,0.9696523547172546,0.9034044742584229,-0.06624788045883179,1.0,1.0
20,train,153,10036,1.224361538887024,1.1581248044967651,-0.06623673439025879,1.0,1.0
20,train,154,5853,0.9662688374519348,0.900101900100708,-0.0661669373512268,1.0,1.0
20,train,155,17952,0.8063821196556091,0.7402870059013367,-0.06609511375427246,1.0,1.0
20,train,156,21776,0.7008525729179382,0.6347739100456238,-0.06607866287231445,1.0,1.0
20,train,157,7821,0.7957112193107605,0.8617535829544067,0.06604236364364624,1.0,1.0
20,train,158,13253,1.237871527671814,1.1718292236328125,-0.06604230403900146,1.0,1.0
20,train,159,18840,1.358959674835205,1.424763560295105,0.0658038854598999,1.0,1.0
20,train,160,25929,0.6836085319519043,0.749397873878479,0.06578934192657471,1.0,1.0
20,train,161,16784,0.8760896325111389,0.8103116154670715,-0.06577801704406738,1.0,1.0
20,train,162,21966,0.6088960766792297,0.5431487560272217,-0.06574732065200806,1.0,1.0
20,train,163,9458,0.9717997908592224,0.9060761332511902,-0.06572365760803223,1.0,1.0
20,train,164,10610,0.8421652913093567,0.7765752673149109,-0.0655900239944458,1.0,1.0
20,train,165,23975,0.8529630303382874,0.7874026894569397,-0.06556034088134766,1.0,1.0
20,train,166,1681,1.7644776105880737,1.6989296674728394,-0.06554794311523438,1.0,1.0
20,train,167,6223,0.9281151294708252,0.9936524629592896,0.06553733348846436,1.0,1.0
20,train,168,24,1.0656224489212036,1.0001450777053833,-0.06547737121582031,1.0,1.0
20,train,169,4161,0.665895402431488,0.6005222797393799,-0.06537312269210815,1.0,1.0
20,train,170,19137,0.7163960337638855,0.6510727405548096,-0.06532329320907593,1.0,1.0
20,train,171,2182,0.7269428372383118,0.6616453528404236,-0.06529748439788818,1.0,1.0
20,train,172,11840,0.8652429580688477,0.9305340647697449,0.06529110670089722,1.0,1.0
20,train,173,18679,0.5381633043289185,0.4730585515499115,-0.06510475277900696,1.0,1.0
20,train,174,10772,0.47433388233184814,0.4092874228954315,-0.06504645943641663,1.0,1.0
20,train,175,6368,0.8945550918579102,0.8295268416404724,-0.06502825021743774,1.0,1.0
20,train,176,22781,0.9857861995697021,0.9207928776741028,-0.06499332189559937,1.0,1.0
20,train,177,23394,0.8103551864624023,0.8753239512443542,0.0649687647819519,1.0,1.0
20,train,178,9624,0.7191414833068848,0.654202938079834,-0.06493854522705078,1.0,1.0
20,train,179,26304,0.7903812527656555,0.8553059101104736,0.06492465734481812,1.0,1.0
20,train,180,21945,0.656359076499939,0.5914714932441711,-0.06488758325576782,1.0,1.0
20,train,181,10622,1.2025946378707886,1.1377543210983276,-0.06484031677246094,1.0,1.0
20,train,182,3686,1.0407391786575317,0.9759243726730347,-0.06481480598449707,1.0,1.0
20,train,183,10095,1.5817292928695679,1.517072081565857,-0.06465721130371094,1.0,1.0
20,train,184,7242,0.9069464206695557,0.8423715829849243,-0.06457483768463135,1.0,1.0
20,train,185,21481,1.0536242723464966,0.9891445636749268,-0.06447970867156982,1.0,1.0
20,train,186,20038,0.6615951657295227,0.5971407890319824,-0.06445437669754028,1.0,1.0
20,train,187,14200,0.8926472663879395,0.8282431960105896,-0.06440407037734985,1.0,1.0
20,train,188,25916,0.9635698199272156,0.8992024660110474,-0.06436735391616821,1.0,1.0
20,train,189,6103,0.8337151408195496,0.7693774700164795,-0.06433767080307007,1.0,1.0
20,train,190,20299,0.8105053305625916,0.874836802482605,0.06433147192001343,1.0,1.0
20,train,191,25089,0.8541192412376404,0.7898030281066895,-0.06431621313095093,1.0,1.0
20,train,192,15132,0.39809730648994446,0.3337970972061157,-0.06430020928382874,1.0,1.0
20,train,193,453,1.1391619443893433,1.0749211311340332,-0.06424081325531006,1.0,1.0
20,train,194,7828,0.7559307217597961,0.6916948556900024,-0.0642358660697937,1.0,1.0
20,train,195,9263,0.6698541045188904,0.6056486368179321,-0.06420546770095825,1.0,1.0
20,train,196,27480,0.861257791519165,0.7970843315124512,-0.06417346000671387,1.0,1.0
20,train,197,6774,0.9558437466621399,0.8919589519500732,-0.06388479471206665,1.0,1.0
20,train,198,902,0.8427076935768127,0.778835654258728,-0.06387203931808472,1.0,1.0
20,train,199,15250,1.428584098815918,1.3647675514221191,-0.06381654739379883,1.0,1.0
20,train,200,12040,0.48345765471458435,0.419671893119812,-0.06378576159477234,1.0,1.0
20,train,201,18329,0.25015202164649963,0.18640774488449097,-0.06374427676200867,1.0,1.0
20,train,202,891,0.7462956309318542,0.6826449632644653,-0.06365066766738892,1.0,1.0
20,train,203,24682,1.2649987936019897,1.3285778760910034,0.06357908248901367,1.0,1.0
20,train,204,3947,0.369060754776001,0.30554306507110596,-0.06351768970489502,1.0,1.0
20,train,205,22734,0.6442559361457825,0.5808025002479553,-0.06345343589782715,1.0,1.0
20,train,206,1582,0.5416486859321594,0.6051006317138672,0.06345194578170776,1.0,1.0
20,train,207,23698,0.6043689250946045,0.5409620404243469,-0.06340688467025757,1.0,1.0
20,train,208,15081,0.7569670081138611,0.6936860084533691,-0.06328099966049194,1.0,1.0
20,train,209,11441,0.43442848324775696,0.49766862392425537,0.06324014067649841,1.0,1.0
20,train,210,18627,1.1230154037475586,1.059775710105896,-0.0632396936416626,1.0,1.0
20,train,211,23745,1.1173344850540161,1.0541174411773682,-0.06321704387664795,1.0,1.0
20,train,212,18885,1.2332385778427124,1.1700291633605957,-0.0632094144821167,1.0,1.0
20,train,213,11501,0.7923430800437927,0.7291551232337952,-0.06318795680999756,1.0,1.0
20,train,214,21819,1.7848008871078491,1.7217057943344116,-0.0630950927734375,1.0,1.0
20,train,215,11426,1.3963462114334106,1.3332772254943848,-0.06306898593902588,1.0,1.0
20,train,216,13744,1.0191627740859985,0.9561140537261963,-0.06304872035980225,1.0,1.0
20,train,217,6892,0.5505006313323975,0.6133708953857422,0.06287026405334473,1.0,1.0
20,train,218,8630,0.7387995719909668,0.676316499710083,-0.06248307228088379,1.0,1.0
20,train,219,1178,1.0324519872665405,1.094921588897705,0.06246960163116455,1.0,1.0
20,train,220,26320,0.9311926364898682,0.868732750415802,-0.06245988607406616,1.0,1.0
20,train,221,5122,0.9043299555778503,0.8418802618980408,-0.06244969367980957,1.0,1.0
20,train,222,6356,0.9507973790168762,1.0132466554641724,0.06244927644729614,1.0,1.0
20,train,223,3487,0.9148216247558594,0.8524250388145447,-0.0623965859413147,1.0,1.0
20,train,224,25424,0.6599335074424744,0.7222923040390015,0.0623587965965271,1.0,1.0
20,train,225,15905,0.8344460129737854,0.7720889449119568,-0.06235706806182861,1.0,1.0
20,train,226,22620,1.0091172456741333,0.946858286857605,-0.06225895881652832,1.0,1.0
20,train,227,26487,0.8431947827339172,0.7809446454048157,-0.06225013732910156,1.0,1.0
20,train,228,19889,0.5221468806266785,0.4599732756614685,-0.06217360496520996,1.0,1.0
20,train,229,14902,1.2918286323547363,1.2296937704086304,-0.06213486194610596,1.0,1.0
20,train,230,27600,0.5790935754776001,0.5169618129730225,-0.06213176250457764,1.0,1.0
20,train,231,4409,0.6637123227119446,0.6016085147857666,-0.06210380792617798,1.0,1.0
20,train,232,17115,1.455716609954834,1.3936200141906738,-0.062096595764160156,1.0,1.0
20,train,233,13300,0.7885037064552307,0.7264209985733032,-0.06208270788192749,1.0,1.0
20,train,234,28287,1.255632996559143,1.1936153173446655,-0.06201767921447754,1.0,1.0
20,train,235,28174,0.7506821155548096,0.688677191734314,-0.062004923820495605,1.0,1.0
20,train,236,27625,0.9000135064125061,0.8381058573722839,-0.06190764904022217,1.0,1.0
20,train,237,14629,0.9207063317298889,0.858803391456604,-0.06190294027328491,1.0,1.0
20,train,238,7399,0.5048899054527283,0.4430246651172638,-0.06186524033546448,1.0,1.0
20,train,239,22424,0.6283593773841858,0.566537618637085,-0.06182175874710083,1.0,1.0
20,train,240,21909,1.0162502527236938,0.9544298648834229,-0.061820387840270996,1.0,1.0
20,train,241,24412,1.0027379989624023,0.940953254699707,-0.06178474426269531,1.0,1.0
20,train,242,27609,1.28036367893219,1.2186064720153809,-0.06175720691680908,1.0,1.0
20,train,243,9231,0.8069342970848083,0.7452136278152466,-0.06172066926956177,1.0,1.0
20,train,244,3556,1.0712212324142456,1.0095266103744507,-0.06169462203979492,1.0,1.0
20,train,245,12558,1.3527833223342896,1.2911144495010376,-0.06166887283325195,1.0,1.0
20,train,246,9597,0.6969643235206604,0.7585721611976624,0.06160783767700195,1.0,1.0
20,train,247,14787,0.5036779642105103,0.44208821654319763,-0.06158974766731262,1.0,1.0
20,train,248,893,0.6244513392448425,0.686018705368042,0.06156736612319946,1.0,1.0
20,train,249,8949,0.6406534314155579,0.7021780014038086,0.06152456998825073,1.0,1.0
20,train,250,26129,1.3351526260375977,1.273646354675293,-0.06150627136230469,1.0,1.0
20,train,251,24331,1.1737009286880493,1.112199306488037,-0.06150162220001221,1.0,1.0
20,train,252,12806,0.4933602809906006,0.4318905174732208,-0.06146976351737976,1.0,1.0
20,train,253,16940,0.9853704571723938,0.9239259362220764,-0.06144452095031738,1.0,1.0
20,train,254,3502,0.9121887683868408,0.850753903388977,-0.06143486499786377,1.0,1.0
20,train,255,13426,0.29170477390289307,0.23035091161727905,-0.061353862285614014,1.0,1.0
20,train,256,1618,0.9688869118690491,0.9075600504875183,-0.06132686138153076,1.0,1.0
20,train,257,18471,0.9586634635925293,1.0199635028839111,0.061300039291381836,1.0,1.0
20,train,258,10041,0.9355337619781494,0.8742401003837585,-0.06129366159439087,1.0,1.0
20,train,259,4201,0.49190691113471985,0.5531755089759827,0.06126859784126282,1.0,1.0
20,train,260,7305,0.26704171299934387,0.3282303512096405,0.06118863821029663,1.0,1.0
20,train,261,6134,0.5668174624443054,0.5056686997413635,-0.061148762702941895,1.0,1.0
20,train,262,17328,0.6193102598190308,0.5581938624382019,-0.06111639738082886,1.0,1.0
20,train,263,1291,0.8343756198883057,0.8954176306724548,0.06104201078414917,1.0,1.0
20,train,264,6907,0.8441195487976074,0.7830876111984253,-0.06103193759918213,1.0,1.0
20,train,265,2796,0.9380739331245422,0.877047598361969,-0.06102633476257324,1.0,1.0
20,train,266,21828,1.2507578134536743,1.1897865533828735,-0.06097126007080078,1.0,1.0
20,train,267,12940,0.5054810643196106,0.5664041042327881,0.06092303991317749,1.0,1.0
20,train,268,168,1.3652316331863403,1.3043274879455566,-0.06090414524078369,1.0,1.0
20,train,269,11731,0.2328890562057495,0.29379063844680786,0.06090158224105835,1.0,1.0
20,train,270,13914,0.5375451445579529,0.4766494035720825,-0.06089574098587036,1.0,1.0
20,train,271,2729,0.3210428059101105,0.38191235065460205,0.06086954474449158,1.0,1.0
20,train,272,23578,0.6627026200294495,0.6018434166908264,-0.06085920333862305,1.0,1.0
20,train,273,2237,0.5047913193702698,0.44401514530181885,-0.06077617406845093,1.0,1.0
20,train,274,994,0.8926903605461121,0.8319420218467712,-0.06074833869934082,1.0,1.0
20,train,275,22648,0.706855297088623,0.6461080312728882,-0.06074726581573486,1.0,1.0
20,train,276,16805,0.4908583164215088,0.43013766407966614,-0.06072065234184265,1.0,1.0
20,train,277,5116,0.16643571853637695,0.22715504467487335,0.0607193261384964,1.0,1.0
20,train,278,27810,0.5417265892028809,0.6023272275924683,0.0606006383895874,1.0,1.0
20,train,279,6335,1.065972924232483,1.005374789237976,-0.060598134994506836,1.0,1.0
20,train,280,11837,0.3667227029800415,0.30616024136543274,-0.060562461614608765,1.0,1.0
20,train,281,21397,0.679223358631134,0.6186652779579163,-0.06055808067321777,1.0,1.0
20,train,282,21421,0.5907657742500305,0.5302155017852783,-0.0605502724647522,1.0,1.0
20,train,283,6460,1.101336121559143,1.0408215522766113,-0.06051456928253174,1.0,1.0
20,train,284,16069,0.4281708002090454,0.36772841215133667,-0.06044238805770874,1.0,1.0
20,train,285,16647,0.6075562834739685,0.6679241061210632,0.06036782264709473,1.0,1.0
20,train,286,23939,0.8892545700073242,0.8289085626602173,-0.060346007347106934,1.0,1.0
20,train,287,26727,0.9262380003929138,0.8659610748291016,-0.060276925563812256,1.0,1.0
20,train,288,17334,0.973569393157959,0.9133192896842957,-0.06025010347366333,1.0,1.0
20,train,289,20243,1.227277398109436,1.2875027656555176,0.06022536754608154,1.0,1.0
20,train,290,11847,0.6321262717247009,0.5719116926193237,-0.0602145791053772,1.0,1.0
20,train,291,7021,0.20628155767917633,0.2664753198623657,0.06019376218318939,1.0,0.9965277777777778
20,train,292,2074,0.9253702759742737,0.9855619072914124,0.06019163131713867,1.0,1.0
20,train,293,2087,0.5993943810462952,0.5392804145812988,-0.06011396646499634,1.0,1.0
20,train,294,26920,0.8662493228912354,0.9263629913330078,0.06011366844177246,1.0,1.0
20,train,295,15109,1.1863881349563599,1.126314640045166,-0.06007349491119385,1.0,1.0
20,train,296,15687,0.6340786218643188,0.5740402340888977,-0.06003838777542114,1.0,1.0
20,train,297,1353,0.7139220237731934,0.6538869738578796,-0.06003504991531372,1.0,1.0
20,train,298,23720,0.5452510118484497,0.4852280020713806,-0.06002300977706909,1.0,1.0
20,train,299,12466,0.9551340937614441,0.8951807022094727,-0.059953391551971436,1.0,1.0
20,train,300,9632,0.6628784537315369,0.7227895259857178,0.05991107225418091,1.0,1.0
20,train,301,25858,1.206112265586853,1.265923023223877,0.059810757637023926,1.0,1.0
20,train,302,28412,0.6925251483917236,0.6327956318855286,-0.05972951650619507,1.0,1.0
20,train,303,2176,0.8904618620872498,0.9500933885574341,0.059631526470184326,1.0,1.0
20,train,304,24452,0.8650234341621399,0.8053970336914062,-0.05962640047073364,1.0,1.0
20,train,305,20065,0.7397667765617371,0.6801614761352539,-0.059605300426483154,1.0,1.0
20,train,306,1478,1.2674353122711182,1.3270257711410522,0.05959045886993408,1.0,1.0
20,train,307,15906,0.6627346873283386,0.7223193645477295,0.05958467721939087,1.0,1.0
20,train,308,20752,1.116446852684021,1.0569250583648682,-0.05952179431915283,1.0,1.0
20,train,309,23065,1.0992584228515625,1.0398364067077637,-0.05942201614379883,1.0,1.0
20,train,310,21247,0.8471013903617859,0.7876927256584167,-0.05940866470336914,1.0,1.0
20,train,311,6124,0.29988521337509155,0.35924652218818665,0.05936130881309509,1.0,1.0
20,train,312,8044,1.298488974571228,1.2393689155578613,-0.0591200590133667,1.0,1.0
20,train,313,3307,0.750325620174408,0.6912245750427246,-0.05910104513168335,1.0,1.0
20,train,314,11079,1.015352487564087,0.9562584757804871,-0.059094011783599854,1.0,1.0
20,train,315,17748,1.7328447103500366,1.6738032102584839,-0.059041500091552734,1.0,1.0
20,train,316,20804,0.39578986167907715,0.33675047755241394,-0.05903938412666321,1.0,1.0
20,train,317,12581,0.5681141018867493,0.6271522641181946,0.05903816223144531,1.0,1.0
20,train,318,16126,0.824277400970459,0.7652546763420105,-0.059022724628448486,1.0,1.0
20,train,319,27098,1.0170658826828003,1.0760809183120728,0.05901503562927246,1.0,1.0
20,train,320,15866,1.0208449363708496,0.9618327021598816,-0.05901223421096802,1.0,1.0
20,train,321,11851,0.6048034429550171,0.6638129353523254,0.05900949239730835,1.0,1.0
20,train,322,11473,0.5133021473884583,0.4543701708316803,-0.058931976556777954,1.0,1.0
20,train,323,7681,0.6479097008705139,0.5890607237815857,-0.05884897708892822,1.0,1.0
20,train,324,2015,0.8794828057289124,0.8207199573516846,-0.05876284837722778,1.0,1.0
20,train,325,12837,0.5287922024726868,0.5875084400177002,0.05871623754501343,1.0,1.0
20,train,326,6177,0.9458158612251282,0.8871060609817505,-0.058709800243377686,1.0,1.0
20,train,327,12364,0.7484877705574036,0.6897900104522705,-0.05869776010513306,1.0,1.0
20,train,328,7496,1.05937922000885,1.0006918907165527,-0.05868732929229736,1.0,1.0
20,train,329,5235,0.4853644073009491,0.42667853832244873,-0.058685868978500366,1.0,1.0
20,train,330,24243,0.8435609340667725,0.7848915457725525,-0.05866938829421997,1.0,1.0
20,train,331,6837,0.720874011516571,0.6622503399848938,-0.058623671531677246,1.0,1.0
20,train,332,18388,0.6525434255599976,0.5939443111419678,-0.058599114418029785,1.0,1.0
20,train,333,18334,0.670611560344696,0.6120574474334717,-0.058554112911224365,1.0,1.0
20,train,334,9321,0.8801252245903015,0.8216943144798279,-0.05843091011047363,1.0,1.0
20,train,335,9960,1.028538465499878,0.9701166152954102,-0.05842185020446777,1.0,1.0
20,train,336,28124,0.4203775227069855,0.3619641959667206,-0.05841332674026489,1.0,1.0
20,train,337,25177,0.6307688355445862,0.5723811388015747,-0.058387696743011475,1.0,1.0
20,train,338,8611,0.7394287586212158,0.6810643672943115,-0.0583643913269043,1.0,1.0
20,train,339,19356,1.085142970085144,1.0267890691757202,-0.05835390090942383,1.0,1.0
20,train,340,28422,1.0993911027908325,1.1577004194259644,0.058309316635131836,1.0,1.0
20,train,341,5716,1.2054858207702637,1.1471970081329346,-0.0582888126373291,1.0,1.0
20,train,342,728,0.7606728672981262,0.8189448714256287,0.05827200412750244,1.0,1.0
20,train,343,17236,0.5940280556678772,0.535758376121521,-0.0582696795463562,1.0,1.0
20,train,344,12574,1.0617691278457642,1.003507375717163,-0.058261752128601074,1.0,1.0
20,train,345,10074,1.007546067237854,0.949286699295044,-0.05825936794281006,1.0,1.0
20,train,346,17652,1.2510915994644165,1.1928516626358032,-0.05823993682861328,1.0,1.0
20,train,347,7626,0.4914720952510834,0.433279424905777,-0.058192670345306396,1.0,1.0
20,train,348,1606,1.6828504800796509,1.6246685981750488,-0.05818188190460205,1.0,1.0
20,train,349,18512,0.8230607509613037,0.7649181485176086,-0.05814260244369507,1.0,1.0
20,train,350,16522,1.010956883430481,0.9528148174285889,-0.05814206600189209,1.0,1.0
20,train,351,28222,0.43645015358924866,0.49458202719688416,0.0581318736076355,1.0,1.0
20,train,352,2351,0.8584417700767517,0.8004000186920166,-0.05804175138473511,1.0,1.0
20,train,353,4938,1.446755290031433,1.3887724876403809,-0.057982802391052246,1.0,1.0
20,train,354,3093,1.089264154434204,1.0312844514846802,-0.057979702949523926,1.0,1.0
20,train,355,4305,1.0288234949111938,0.9708774089813232,-0.057946085929870605,1.0,1.0
20,train,356,2739,0.742830753326416,0.6849414706230164,-0.05788928270339966,1.0,1.0
20,train,357,25039,0.5575379729270935,0.49964967370033264,-0.057888299226760864,1.0,1.0
20,train,358,2543,1.5627955198287964,1.5049164295196533,-0.057879090309143066,1.0,1.0
20,train,359,6476,0.9100556373596191,0.8521912693977356,-0.057864367961883545,1.0,1.0
20,train,360,2676,1.3459311723709106,1.2880706787109375,-0.057860493659973145,1.0,1.0
20,train,361,14216,0.7231684327125549,0.6653135418891907,-0.05785489082336426,1.0,1.0
20,train,362,1470,1.127684235572815,1.0698820352554321,-0.05780220031738281,1.0,1.0
20,train,363,20523,0.9658093452453613,1.0235812664031982,0.057771921157836914,1.0,1.0
20,train,364,26265,0.6456671953201294,0.7033889293670654,0.057721734046936035,1.0,1.0
20,train,365,27275,1.0566171407699585,0.9989012479782104,-0.05771589279174805,1.0,1.0
20,train,366,5631,1.029843807220459,0.9721353054046631,-0.0577085018157959,1.0,1.0
20,train,367,268,0.898033618927002,0.9557297229766846,0.05769610404968262,1.0,1.0
20,train,368,19595,0.8104957938194275,0.7528095841407776,-0.0576862096786499,1.0,1.0
20,train,369,17765,0.35815486311912537,0.30049681663513184,-0.05765804648399353,1.0,1.0
20,train,370,1400,0.4949127733707428,0.43726813793182373,-0.05764463543891907,1.0,1.0
20,train,371,14666,0.8315218091011047,0.77391117811203,-0.05761063098907471,1.0,1.0
20,train,372,26948,1.197595238685608,1.140007734298706,-0.057587504386901855,1.0,1.0
20,train,373,6353,0.699902355670929,0.6423196196556091,-0.057582736015319824,1.0,1.0
20,train,374,343,0.7815868854522705,0.7240692973136902,-0.05751758813858032,1.0,1.0
20,train,375,21671,0.8897153735160828,0.947230875492096,0.057515501976013184,1.0,1.0
20,train,376,23852,0.6507824063301086,0.5933072566986084,-0.057475149631500244,1.0,1.0
20,train,377,22847,1.075518250465393,1.018047571182251,-0.05747067928314209,1.0,1.0
20,train,378,13784,0.8728761672973633,0.8154216408729553,-0.05745452642440796,1.0,1.0
20,train,379,8793,0.7749423980712891,0.7176474332809448,-0.05729496479034424,1.0,1.0
20,train,380,9233,0.8586388230323792,0.8013499975204468,-0.05728882551193237,1.0,1.0
20,train,381,17883,0.7486155033111572,0.6913545727729797,-0.05726093053817749,1.0,1.0
20,train,382,21893,0.9474084377288818,0.8901770710945129,-0.057231366634368896,1.0,1.0
20,train,383,8101,0.6738532185554504,0.6166239976882935,-0.05722922086715698,1.0,1.0
20,train,384,14478,1.5479254722595215,1.4907220602035522,-0.05720341205596924,1.0,1.0
20,train,385,9831,1.0745848417282104,1.1316683292388916,0.05708348751068115,1.0,1.0
20,train,386,26954,1.5143380165100098,1.571399211883545,0.057061195373535156,1.0,1.0
20,train,387,7171,1.0030173063278198,0.9459799528121948,-0.057037353515625,1.0,1.0
20,train,388,8655,0.6439388394355774,0.7009705305099487,0.05703169107437134,1.0,1.0
20,train,389,4095,0.5014256834983826,0.44440552592277527,-0.0570201575756073,1.0,1.0
20,train,390,23707,0.6272842288017273,0.5702871084213257,-0.05699712038040161,1.0,1.0
20,train,391,21096,1.1902220249176025,1.2472014427185059,0.05697941780090332,1.0,1.0
20,train,392,15485,0.6238996386528015,0.5669347047805786,-0.0569649338722229,1.0,1.0
20,train,393,6214,1.026973843574524,0.9700369238853455,-0.05693691968917847,1.0,1.0
20,train,394,10646,0.7031957507133484,0.6462595462799072,-0.05693620443344116,1.0,1.0
20,train,395,2612,1.3490219116210938,1.2921022176742554,-0.05691969394683838,1.0,1.0
20,train,396,18697,0.8782567977905273,0.8213711380958557,-0.05688565969467163,1.0,1.0
20,train,397,22752,0.9573186039924622,0.9004417061805725,-0.05687689781188965,1.0,1.0
20,train,398,23497,0.6386786699295044,0.5818331241607666,-0.05684554576873779,1.0,1.0
20,train,399,17856,0.6297537088394165,0.5729512572288513,-0.056802451610565186,1.0,1.0
20,train,400,2016,0.7744498252868652,0.7176802158355713,-0.056769609451293945,1.0,1.0
20,train,401,11245,0.7717933654785156,0.7150583863258362,-0.05673497915267944,1.0,1.0
20,train,402,12960,1.03708016872406,0.9804080128669739,-0.05667215585708618,1.0,1.0
20,train,403,3523,1.2778278589248657,1.2211697101593018,-0.056658148765563965,1.0,1.0
20,train,404,28301,1.3326886892318726,1.2760530710220337,-0.05663561820983887,1.0,1.0
20,train,405,9426,1.7130941152572632,1.6564910411834717,-0.056603074073791504,1.0,1.0
20,train,406,28185,0.5365692973136902,0.47999700903892517,-0.056572288274765015,1.0,1.0
20,train,407,18714,0.8298751711845398,0.7733261585235596,-0.056549012660980225,1.0,1.0
20,train,408,19292,0.8472754955291748,0.7907397150993347,-0.05653578042984009,1.0,1.0
20,train,409,19466,0.5617238879203796,0.5052288174629211,-0.056495070457458496,1.0,1.0
20,train,410,227,0.47120407223701477,0.4147113561630249,-0.05649271607398987,1.0,1.0
20,train,411,22708,0.8260095715522766,0.769517183303833,-0.056492388248443604,1.0,1.0
20,train,412,8561,0.4762420654296875,0.4198232889175415,-0.056418776512145996,1.0,1.0
20,train,413,16801,0.7667927742004395,0.8232049942016602,0.0564122200012207,1.0,1.0
20,train,414,16758,1.1400301456451416,1.0836617946624756,-0.056368350982666016,1.0,1.0
20,train,415,2201,0.7069695591926575,0.7632915377616882,0.05632197856903076,1.0,1.0
20,train,416,20729,0.47426632046699524,0.4179476797580719,-0.05631864070892334,1.0,1.0
20,train,417,5103,0.41032829880714417,0.35401129722595215,-0.05631700158119202,1.0,1.0
20,train,418,16655,0.5641762018203735,0.5078834891319275,-0.056292712688446045,1.0,1.0
20,train,419,6885,1.033786416053772,1.0900523662567139,0.056265950202941895,1.0,1.0
20,train,420,10951,0.6500312089920044,0.7062689065933228,0.05623769760131836,1.0,1.0
20,train,421,709,0.780623197555542,0.7243908047676086,-0.05623239278793335,1.0,1.0
20,train,422,19553,0.6377354264259338,0.5815438628196716,-0.05619156360626221,1.0,1.0
20,train,423,22920,0.9072396159172058,0.851069986820221,-0.05616962909698486,1.0,1.0
20,train,424,11688,1.2906204462051392,1.3467860221862793,0.05616557598114014,1.0,1.0
20,train,425,14206,0.8899972438812256,0.833865225315094,-0.05613201856613159,1.0,1.0
20,train,426,19950,1.2407156229019165,1.1846020221710205,-0.056113600730895996,1.0,1.0
20,train,427,3919,1.2724554538726807,1.328568696975708,0.056113243103027344,1.0,1.0
20,train,428,24254,0.8657567501068115,0.9218618869781494,0.05610513687133789,1.0,1.0
20,train,429,25726,0.7023466229438782,0.6463061571121216,-0.05604046583175659,1.0,1.0
20,train,430,16296,1.3876123428344727,1.4436460733413696,0.05603373050689697,1.0,1.0
20,train,431,25677,1.1085470914840698,1.052518606185913,-0.05602848529815674,1.0,1.0
20,train,432,28249,1.09418785572052,1.1501959562301636,0.056008100509643555,1.0,1.0
20,train,433,2301,0.8733363151550293,0.817441463470459,-0.05589485168457031,1.0,1.0
20,train,434,27180,0.6091415286064148,0.55326247215271,-0.055879056453704834,1.0,1.0
20,train,435,2235,0.607546329498291,0.6633815765380859,0.05583524703979492,1.0,1.0
20,train,436,25874,0.6082407236099243,0.5524262189865112,-0.055814504623413086,1.0,1.0
20,train,437,20047,1.0374282598495483,0.9816250205039978,-0.05580323934555054,1.0,1.0
20,train,438,24697,1.5907396078109741,1.534959077835083,-0.05578052997589111,1.0,1.0
20,train,439,7394,1.3115028142929077,1.2557451725006104,-0.05575764179229736,1.0,1.0
20,train,440,14890,0.8308607935905457,0.7751198410987854,-0.055740952491760254,1.0,1.0
20,train,441,17888,1.1181994676589966,1.0625078678131104,-0.05569159984588623,1.0,1.0
20,train,442,10808,0.745570957660675,0.6898883581161499,-0.055682599544525146,1.0,1.0
20,train,443,16631,0.8592106699943542,0.8035356402397156,-0.05567502975463867,1.0,1.0
20,train,444,27450,0.9269097447395325,0.871235728263855,-0.05567401647567749,1.0,1.0
20,train,445,15317,0.7789677977561951,0.7233105301856995,-0.055657267570495605,1.0,1.0
20,train,446,19069,0.8578247427940369,0.9134777784347534,0.05565303564071655,1.0,1.0
20,train,447,4349,1.2060807943344116,1.2617053985595703,0.05562460422515869,1.0,1.0
20,train,448,3650,1.0406718254089355,0.9850493669509888,-0.05562245845794678,1.0,1.0
20,train,449,1562,0.6853270530700684,0.7409376502037048,0.055610597133636475,1.0,1.0
20,train,450,16573,0.7507517337799072,0.6951425075531006,-0.05560922622680664,1.0,1.0
20,train,451,8447,1.1996850967407227,1.1441211700439453,-0.055563926696777344,1.0,1.0
20,train,452,23944,1.5494627952575684,1.49392569065094,-0.05553710460662842,1.0,1.0
20,train,453,9049,1.0458627939224243,0.9903737306594849,-0.05548906326293945,1.0,1.0
20,train,454,17116,0.6639580726623535,0.6084890365600586,-0.05546903610229492,1.0,1.0
20,train,455,4052,0.5533647537231445,0.49790170788764954,-0.055463045835494995,1.0,1.0
20,train,456,10675,0.8429670929908752,0.787531316280365,-0.055435776710510254,1.0,1.0
20,train,457,1702,1.3792182207107544,1.3238043785095215,-0.05541384220123291,1.0,1.0
20,train,458,17402,1.2233566045761108,1.1679924726486206,-0.055364131927490234,1.0,1.0
20,train,459,27645,0.6324511170387268,0.577120840549469,-0.05533027648925781,1.0,1.0
20,train,460,26589,1.2773977518081665,1.2220985889434814,-0.05529916286468506,1.0,1.0
20,train,461,14718,0.8519399762153625,0.7966666221618652,-0.055273354053497314,1.0,1.0
20,train,462,11753,0.8998739719390869,0.8446176052093506,-0.05525636672973633,1.0,1.0
20,train,463,24791,0.7589144110679626,0.814149796962738,0.05523538589477539,1.0,1.0
20,train,464,16251,0.3131583631038666,0.36837756633758545,0.05521920323371887,1.0,1.0
20,train,465,21,0.8502342700958252,0.7950237393379211,-0.05521053075790405,1.0,1.0
20,train,466,23942,0.7718821167945862,0.7166736125946045,-0.05520850419998169,1.0,1.0
20,train,467,14500,0.8549094796180725,0.9101049900054932,0.055195510387420654,1.0,1.0
20,train,468,20016,1.4122728109359741,1.3571009635925293,-0.055171847343444824,1.0,1.0
20,train,469,15840,0.6959147453308105,0.6407456398010254,-0.055169105529785156,1.0,1.0
20,train,470,17596,0.4129709005355835,0.35783299803733826,-0.05513790249824524,1.0,1.0
20,train,471,19241,0.8041264414787292,0.859219491481781,0.05509305000305176,1.0,1.0
20,train,472,16461,1.4418607950210571,1.3867764472961426,-0.05508434772491455,1.0,1.0
20,train,473,18759,0.954871654510498,0.8998101353645325,-0.055061519145965576,1.0,1.0
20,train,474,16995,1.264513611793518,1.2094706296920776,-0.05504298210144043,1.0,1.0
20,train,475,9311,0.7098057866096497,0.6548078060150146,-0.05499798059463501,1.0,1.0
20,train,476,19328,0.8433301448822021,0.7884153127670288,-0.05491483211517334,1.0,1.0
20,train,477,13113,1.1059218645095825,1.0510200262069702,-0.054901838302612305,1.0,1.0
20,train,478,9352,1.5697846412658691,1.5148921012878418,-0.054892539978027344,1.0,1.0
20,train,479,2247,0.5808544754981995,0.5259726643562317,-0.05488181114196777,1.0,1.0
20,train,480,3594,1.2768893241882324,1.222027063369751,-0.054862260818481445,1.0,1.0
20,train,481,3057,0.9835507869720459,0.9286973476409912,-0.05485343933105469,1.0,1.0
20,train,482,8697,0.7929772734642029,0.8477614521980286,0.054784178733825684,1.0,1.0
20,train,483,16246,0.6183738112449646,0.5636398196220398,-0.054733991622924805,1.0,1.0
20,train,484,7686,1.7839874029159546,1.729265570640564,-0.054721832275390625,1.0,1.0
20,train,485,8309,0.7868106365203857,0.8415260910987854,0.05471545457839966,1.0,1.0
20,train,486,20700,1.311740756034851,1.2570381164550781,-0.05470263957977295,1.0,1.0
20,train,487,25516,0.6864908337593079,0.631788969039917,-0.05470186471939087,1.0,1.0
20,train,488,21762,0.5520021915435791,0.4973074197769165,-0.0546947717666626,1.0,1.0
20,train,489,4979,0.9667243957519531,1.0213751792907715,0.05465078353881836,1.0,1.0
20,train,490,21694,1.0872184038162231,1.0326001644134521,-0.054618239402770996,1.0,1.0
20,train,491,5077,0.7246810793876648,0.6700769662857056,-0.05460411310195923,1.0,1.0
20,train,492,11377,0.5791048407554626,0.6336851119995117,0.05458027124404907,1.0,1.0
20,train,493,24422,0.6840784549713135,0.6295489072799683,-0.054529547691345215,1.0,1.0
20,train,494,9417,0.43832966685295105,0.38386520743370056,-0.05446445941925049,1.0,1.0
20,train,495,16508,0.35596394538879395,0.30152207612991333,-0.054441869258880615,1.0,1.0
20,train,496,19039,1.0823372602462769,1.0279076099395752,-0.05442965030670166,1.0,1.0
20,train,497,16157,0.9245707392692566,0.8701670169830322,-0.054403722286224365,1.0,1.0
20,train,498,8175,1.007442593574524,0.9530599117279053,-0.05438268184661865,1.0,1.0
20,train,499,24652,0.7547752261161804,0.8091517090797424,0.05437648296356201,1.0,1.0
20,train,500,509,0.49135133624076843,0.43702566623687744,-0.05432567000389099,1.0,1.0
20,eval,1,2018,2.4874746799468994,2.361034870147705,-0.12643980979919434,1.0,1.0
20,eval,2,27764,1.0153084993362427,0.8898796439170837,-0.12542885541915894,1.0,1.0
20,eval,3,16235,2.32485294342041,2.4487922191619873,0.12393927574157715,1.0,1.0
20,eval,4,27587,1.7465630769729614,1.8694052696228027,0.12284219264984131,1.0,1.0
20,eval,5,17764,1.3118094205856323,1.2030291557312012,-0.10878026485443115,1.0,1.0
20,eval,6,17775,1.5486459732055664,1.4406746625900269,-0.10797131061553955,1.0,1.0
20,eval,7,4152,1.649790644645691,1.7572143077850342,0.10742366313934326,1.0,1.0
20,eval,8,4920,1.2649219036102295,1.157684326171875,-0.10723757743835449,1.0,1.0
20,eval,9,25418,0.942284345626831,0.8353270888328552,-0.10695725679397583,1.0,1.0
20,eval,10,2199,1.3585525751113892,1.2518773078918457,-0.10667526721954346,1.0,1.0
20,eval,11,6986,0.7680535912513733,0.8718809485435486,0.10382735729217529,1.0,1.0
20,eval,12,27702,0.9055590033531189,0.8029181361198425,-0.10264086723327637,1.0,1.0
20,eval,13,7610,0.9194884300231934,0.8174550533294678,-0.10203337669372559,1.0,1.0
20,eval,14,19074,1.020386815071106,0.9188029170036316,-0.10158389806747437,1.0,1.0
20,eval,15,10560,0.8733099102973938,0.772229015827179,-0.10108089447021484,1.0,1.0
20,eval,16,3947,0.38168075680732727,0.28383520245552063,-0.09784555435180664,1.0,1.0
20,eval,17,19543,1.0784307718276978,0.9807565212249756,-0.09767425060272217,1.0,1.0
20,eval,18,3918,0.46392905712127686,0.36700618267059326,-0.0969228744506836,1.0,1.0
20,eval,19,14107,0.7580151557922363,0.6611192226409912,-0.09689593315124512,1.0,1.0
20,eval,20,16357,0.2650873363018036,0.1685846894979477,-0.0965026468038559,1.0,1.0
20,eval,21,19350,0.8463103771209717,0.7502349615097046,-0.09607541561126709,1.0,1.0
20,eval,22,3298,0.9406670928001404,0.8454047441482544,-0.09526234865188599,1.0,1.0
20,eval,23,1681,1.782375693321228,1.6883944272994995,-0.09398126602172852,1.0,1.0
20,eval,24,4589,1.1422442197799683,1.048271656036377,-0.09397256374359131,1.0,1.0
20,eval,25,16472,1.1182433366775513,1.0248026847839355,-0.09344065189361572,1.0,1.0
20,eval,26,13307,1.204748511314392,1.1114336252212524,-0.09331488609313965,1.0,1.0
20,eval,27,10116,0.865932047367096,0.7729856371879578,-0.09294641017913818,1.0,1.0
20,eval,28,16004,0.7609482407569885,0.8531469106674194,0.09219866991043091,1.0,1.0
20,eval,29,10053,1.0179879665374756,0.9264569878578186,-0.09153097867965698,1.0,1.0
20,eval,30,23010,0.8694925904273987,0.7779634594917297,-0.09152913093566895,1.0,1.0
20,eval,31,10129,1.533612847328186,1.4423794746398926,-0.09123337268829346,1.0,1.0
20,eval,32,24193,0.8914380669593811,0.8002111911773682,-0.09122687578201294,1.0,1.0
20,eval,33,10036,1.2156487703323364,1.1245146989822388,-0.09113407135009766,1.0,1.0
20,eval,34,3645,1.2340184450149536,1.1429898738861084,-0.09102857112884521,1.0,1.0
20,eval,35,16756,1.242573857307434,1.1516433954238892,-0.09093046188354492,1.0,1.0
20,eval,36,14000,0.9708248972892761,0.8800325393676758,-0.09079235792160034,1.0,1.0
20,eval,37,27525,1.030442714691162,0.9402683973312378,-0.09017431735992432,1.0,1.0
20,eval,38,26047,0.8022392392158508,0.7125651836395264,-0.08967405557632446,1.0,1.0
20,eval,39,18885,1.2605494260787964,1.1711316108703613,-0.08941781520843506,1.0,1.0
20,eval,40,3358,1.075065016746521,0.9865244626998901,-0.08854055404663086,1.0,1.0
20,eval,41,26748,0.8214571475982666,0.7333699464797974,-0.08808720111846924,1.0,1.0
20,eval,42,1014,1.110061526298523,1.0221110582351685,-0.08795046806335449,1.0,1.0
20,eval,43,22824,0.8083534240722656,0.7205963134765625,-0.08775711059570312,1.0,1.0
20,eval,44,19433,1.2528831958770752,1.1651794910430908,-0.08770370483398438,1.0,1.0
20,eval,45,23368,1.1178025007247925,1.0302588939666748,-0.08754360675811768,1.0,1.0
20,eval,46,15225,1.4314805269241333,1.3443104028701782,-0.08717012405395508,1.0,1.0
20,eval,47,15222,1.039029598236084,0.952244222164154,-0.08678537607192993,1.0,1.0
20,eval,48,18692,1.1201506853103638,1.0335133075714111,-0.08663737773895264,1.0,1.0
20,eval,49,5891,0.6966568827629089,0.6103336811065674,-0.08632320165634155,1.0,1.0
20,eval,50,3526,1.0038858652114868,1.089935302734375,0.08604943752288818,1.0,1.0
20,eval,51,20750,1.2200490236282349,1.1342277526855469,-0.08582127094268799,1.0,1.0
20,eval,52,10041,0.9448027014732361,0.859196126461029,-0.08560657501220703,1.0,1.0
20,eval,53,14291,0.6475837826728821,0.5622532367706299,-0.0853305459022522,1.0,1.0
20,eval,54,4068,0.7396779656410217,0.6543659567832947,-0.08531200885772705,1.0,1.0
20,eval,55,25929,0.6853203177452087,0.7706225514411926,0.08530223369598389,1.0,1.0
20,eval,56,9932,1.4065741300582886,1.491862416267395,0.08528828620910645,1.0,1.0
20,eval,57,19213,2.4174022674560547,2.5025618076324463,0.0851595401763916,1.0,1.0
20,eval,58,10610,0.849791944026947,0.7647596597671509,-0.08503228425979614,1.0,1.0
20,eval,59,24935,1.0272972583770752,1.1122260093688965,0.08492875099182129,1.0,1.0
20,eval,60,6817,1.348336100578308,1.2636398077011108,-0.08469629287719727,1.0,1.0
20,eval,61,24697,1.5970216989517212,1.5124766826629639,-0.08454501628875732,1.0,1.0
20,eval,62,20038,0.686164379119873,0.6022310256958008,-0.08393335342407227,1.0,1.0
20,eval,63,17888,1.114700198173523,1.0309247970581055,-0.08377540111541748,1.0,1.0
20,eval,64,19740,1.3395048379898071,1.255784273147583,-0.08372056484222412,1.0,1.0
20,eval,65,9263,0.6684544086456299,0.584926426410675,-0.08352798223495483,1.0,1.0
20,eval,66,23410,1.1433824300765991,1.0599216222763062,-0.08346080780029297,1.0,1.0
20,eval,67,14343,1.191409945487976,1.1081479787826538,-0.08326196670532227,1.0,1.0
20,eval,68,28664,1.331408143043518,1.2482529878616333,-0.08315515518188477,1.0,1.0
20,eval,69,14890,0.8438464999198914,0.7607359886169434,-0.083110511302948,1.0,1.0
20,eval,70,18674,1.118144154548645,1.0350558757781982,-0.08308827877044678,1.0,1.0
20,eval,71,6223,0.9275474548339844,1.0105984210968018,0.08305096626281738,1.0,1.0
20,eval,72,15117,1.0591223239898682,0.9763668775558472,-0.082755446434021,1.0,1.0
20,eval,73,6124,0.3148060739040375,0.39755597710609436,0.08274990320205688,1.0,1.0
20,eval,74,8362,1.2218462228775024,1.1391372680664062,-0.08270895481109619,1.0,1.0
20,eval,75,27699,1.0421357154846191,0.9594382047653198,-0.08269751071929932,1.0,1.0
20,eval,76,10651,1.6990617513656616,1.616532564163208,-0.08252918720245361,1.0,1.0
20,eval,77,502,1.047189712524414,0.9649308323860168,-0.08225888013839722,1.0,1.0
20,eval,78,4133,0.6022160649299622,0.5199746489524841,-0.08224141597747803,1.0,1.0
20,eval,79,21909,1.0284472703933716,0.9464991092681885,-0.0819481611251831,1.0,1.0
20,eval,80,7214,0.8130436539649963,0.8948601484298706,0.08181649446487427,1.0,1.0
20,eval,81,17759,1.0040010213851929,0.9225642085075378,-0.08143681287765503,1.0,1.0
20,eval,82,13426,0.2897697985172272,0.20838670432567596,-0.08138309419155121,1.0,1.0
20,eval,83,8218,1.045125961303711,0.9637663960456848,-0.08135956525802612,1.0,1.0
20,eval,84,9764,0.6686939597129822,0.7499427795410156,0.08124881982803345,1.0,1.0
20,eval,85,6460,1.118829369544983,1.0376172065734863,-0.08121216297149658,1.0,1.0
20,eval,86,6637,1.4876245260238647,1.5687862634658813,0.0811617374420166,1.0,1.0
20,eval,87,16636,0.5044634938240051,0.5853747129440308,0.08091121912002563,1.0,1.0
20,eval,88,23394,0.816310703754425,0.8972095847129822,0.08089888095855713,1.0,1.0
20,eval,89,16689,0.7076398730278015,0.6269670724868774,-0.08067280054092407,1.0,1.0
20,eval,90,7021,0.19879008829593658,0.27943679690361023,0.08064670860767365,1.0,1.0
20,eval,91,4349,1.1951446533203125,1.2757883071899414,0.0806436538696289,1.0,1.0
20,eval,92,27062,1.0790892839431763,0.9986026287078857,-0.08048665523529053,1.0,1.0
20,eval,93,6837,0.7290655970573425,0.6486921906471252,-0.08037340641021729,1.0,1.0
20,eval,94,25920,1.028472900390625,1.1088014841079712,0.08032858371734619,1.0,1.0
20,eval,95,3093,1.0968831777572632,1.0166387557983398,-0.08024442195892334,1.0,1.0
20,eval,96,9566,1.416203498840332,1.3360071182250977,-0.08019638061523438,1.0,1.0
20,eval,97,15474,0.9259465336799622,0.8461241126060486,-0.07982242107391357,1.0,1.0
20,eval,98,13744,1.0075305700302124,0.9277423024177551,-0.07978826761245728,1.0,1.0
20,eval,99,9231,0.8006281852722168,0.7211207747459412,-0.07950741052627563,1.0,1.0
20,eval,100,25648,1.3739665746688843,1.2945078611373901,-0.07945871353149414,1.0,1.0
20,eval,101,24129,1.077435851097107,0.9980754852294922,-0.07936036586761475,1.0,1.0
20,eval,102,11441,0.43804895877838135,0.51727294921875,0.07922399044036865,1.0,1.0
20,eval,103,17115,1.478304386138916,1.3999234437942505,-0.07838094234466553,1.0,1.0
20,eval,104,3785,2.67151141166687,2.593135118484497,-0.07837629318237305,1.0,1.0
20,eval,105,13068,0.6421105861663818,0.5638124942779541,-0.07829809188842773,1.0,1.0
20,eval,106,16805,0.48277997970581055,0.40454450249671936,-0.07823547720909119,1.0,1.0
20,eval,107,3891,0.6486010551452637,0.5704799294471741,-0.0781211256980896,1.0,1.0
20,eval,108,9201,0.8081962466239929,0.7301017642021179,-0.078094482421875,1.0,1.0
20,eval,109,16126,0.8313188552856445,0.7532617449760437,-0.07805711030960083,1.0,1.0
20,eval,110,27139,1.0505647659301758,0.9726441502571106,-0.07792061567306519,1.0,1.0
20,eval,111,4359,0.928949773311615,0.8512628078460693,-0.07768696546554565,1.0,1.0
20,eval,112,17655,0.6895136833190918,0.6119455695152283,-0.07756811380386353,1.0,1.0
20,eval,113,2247,0.58256596326828,0.5051058530807495,-0.07746011018753052,1.0,1.0
20,eval,114,11281,1.0909785032272339,1.013537883758545,-0.07744061946868896,1.0,1.0
20,eval,115,15565,0.378864049911499,0.3014315366744995,-0.07743251323699951,1.0,1.0
20,eval,116,19889,0.5187288522720337,0.44130566716194153,-0.07742318511009216,1.0,1.0
20,eval,117,26589,1.2974501848220825,1.220442295074463,-0.07700788974761963,1.0,1.0
20,eval,118,14368,1.763278603553772,1.6863081455230713,-0.07697045803070068,1.0,1.0
20,eval,119,26447,1.353838324546814,1.4307215213775635,0.07688319683074951,1.0,1.0
20,eval,120,5116,0.1745111495256424,0.25094661116600037,0.07643546164035797,1.0,1.0
20,eval,121,17652,1.2532061338424683,1.1768248081207275,-0.07638132572174072,1.0,1.0
20,eval,122,6177,0.9581848978996277,0.8819803595542908,-0.07620453834533691,1.0,1.0
20,eval,123,23567,0.8348793983459473,0.758803129196167,-0.07607626914978027,1.0,1.0
20,eval,124,23026,0.29388898611068726,0.36990365386009216,0.07601466774940491,1.0,1.0
20,eval,125,863,1.258459448814392,1.1828508377075195,-0.07560861110687256,1.0,1.0
20,eval,126,11244,0.6162339448928833,0.5406460165977478,-0.0755879282951355,1.0,1.0
20,eval,127,1282,0.41626933217048645,0.3407233655452728,-0.07554596662521362,1.0,1.0
20,eval,128,16334,1.5922268629074097,1.5168774127960205,-0.07534945011138916,1.0,1.0
20,eval,129,28356,0.31624719500541687,0.24095089733600616,-0.0752962976694107,1.0,1.0
20,eval,130,19553,0.6303658485412598,0.5551274418830872,-0.07523840665817261,1.0,1.0
20,eval,131,17519,0.9790698885917664,0.903893232345581,-0.0751766562461853,1.0,1.0
20,eval,132,24168,2.2988064289093018,2.223754405975342,-0.07505202293395996,1.0,1.0
20,eval,133,18753,0.6535678505897522,0.5785823464393616,-0.07498550415039062,1.0,1.0
20,eval,134,5853,0.9570347666740417,0.8821020722389221,-0.07493269443511963,1.0,1.0
20,eval,135,7258,0.38849079608917236,0.31362855434417725,-0.07486224174499512,1.0,1.0
20,eval,136,2074,0.9342896938323975,1.0090737342834473,0.0747840404510498,1.0,1.0
20,eval,137,20548,0.9420952200889587,1.0167384147644043,0.07464319467544556,1.0,1.0
20,eval,138,23558,0.5521199703216553,0.4774915277957916,-0.07462844252586365,1.0,1.0
20,eval,139,6774,0.9570369720458984,0.8824527859687805,-0.07458418607711792,1.0,1.0
20,eval,140,4804,0.8311691880226135,0.7565926909446716,-0.0745764970779419,1.0,1.0
20,eval,141,24870,1.046591877937317,1.1210579872131348,0.07446610927581787,1.0,1.0
20,eval,142,3323,1.0205613374710083,0.9461268186569214,-0.07443451881408691,1.0,1.0
20,eval,143,22781,0.9823250770568848,0.9080035090446472,-0.07432156801223755,1.0,1.0
20,eval,144,6091,0.8576212525367737,0.7834129333496094,-0.0742083191871643,1.0,1.0
20,eval,145,890,0.7020161747932434,0.6278625726699829,-0.0741536021232605,1.0,1.0
20,eval,146,26229,0.967272937297821,0.893159031867981,-0.07411390542984009,1.0,1.0
20,eval,147,23997,0.6031425595283508,0.6771411895751953,0.07399863004684448,1.0,1.0
20,eval,148,26744,1.7018355131149292,1.7757594585418701,0.07392394542694092,1.0,1.0
20,eval,149,28666,0.562703549861908,0.48880136013031006,-0.0739021897315979,1.0,1.0
20,eval,150,21899,0.8075807094573975,0.7336921691894531,-0.07388854026794434,1.0,1.0
20,eval,151,25730,0.5285065174102783,0.4547024369239807,-0.07380408048629761,1.0,1.0
20,eval,152,7821,0.7932341694831848,0.8669832348823547,0.07374906539916992,1.0,1.0
20,eval,153,18413,0.5316914916038513,0.4579484760761261,-0.07374301552772522,1.0,1.0
20,eval,154,16157,0.9285520911216736,0.8550668358802795,-0.07348525524139404,1.0,1.0
20,eval,155,7718,0.7707727551460266,0.8440852165222168,0.07331246137619019,1.0,1.0
20,eval,156,23787,1.1219404935836792,1.048643946647644,-0.07329654693603516,1.0,1.0
20,eval,157,19846,0.967167317867279,1.0404146909713745,0.07324737310409546,1.0,1.0
20,eval,158,10675,0.8662310242652893,0.793046772480011,-0.07318425178527832,1.0,1.0
20,eval,159,1178,1.0453739166259766,1.1185461282730103,0.07317221164703369,1.0,1.0
20,eval,160,4305,1.02676522731781,0.9537978768348694,-0.07296735048294067,1.0,1.0
20,eval,161,15123,1.2645952701568604,1.191756010055542,-0.07283926010131836,1.0,1.0
20,eval,162,992,0.6780750751495361,0.6052421927452087,-0.07283288240432739,1.0,1.0
20,eval,163,7399,0.5175600647926331,0.44476306438446045,-0.07279700040817261,1.0,1.0
20,eval,164,16800,1.632637858390808,1.5599333047866821,-0.07270455360412598,1.0,1.0
20,eval,165,20016,1.4198198318481445,1.347177505493164,-0.07264232635498047,1.0,1.0
20,eval,166,902,0.8548791408538818,0.782245934009552,-0.07263320684432983,1.0,1.0
20,eval,167,9655,0.5395510792732239,0.6121121644973755,0.07256108522415161,1.0,1.0
20,eval,168,24390,1.4324852228164673,1.5050040483474731,0.07251882553100586,1.0,1.0
20,eval,169,787,0.852757453918457,0.7802615761756897,-0.07249587774276733,1.0,1.0
20,eval,170,20523,0.9680607318878174,1.0405237674713135,0.0724630355834961,1.0,1.0
20,eval,171,6652,0.6819564700126648,0.6095903515815735,-0.07236611843109131,1.0,1.0
20,eval,172,28124,0.42869147658348083,0.35671913623809814,-0.07197234034538269,1.0,1.0
20,eval,173,2325,1.2666001319885254,1.3385425806045532,0.07194244861602783,1.0,1.0
20,eval,174,26755,0.9753597378730774,0.9034458994865417,-0.07191383838653564,1.0,1.0
20,eval,175,1479,0.47423627972602844,0.4025348126888275,-0.07170146703720093,1.0,1.0
20,eval,176,6892,0.5676770806312561,0.6393725275993347,0.07169544696807861,1.0,1.0
20,eval,177,23100,1.0921425819396973,1.0204594135284424,-0.07168316841125488,1.0,1.0
20,eval,178,18343,0.9969577193260193,0.9252784252166748,-0.07167929410934448,1.0,1.0
20,eval,179,25858,1.2020078897476196,1.2736775875091553,0.07166969776153564,1.0,1.0
20,eval,180,27787,0.8309658169746399,0.7594332098960876,-0.07153260707855225,1.0,1.0
20,eval,181,3865,0.9434489607810974,0.8719318509101868,-0.07151710987091064,1.0,1.0
20,eval,182,1785,1.2028183937072754,1.131466269493103,-0.07135212421417236,1.0,1.0
20,eval,183,27484,0.6698320508003235,0.5985484719276428,-0.07128357887268066,1.0,1.0
20,eval,184,1353,0.7021532654762268,0.6308727860450745,-0.07128047943115234,1.0,1.0
20,eval,185,15081,0.7565311789512634,0.6852800846099854,-0.07125109434127808,1.0,1.0
20,eval,186,2230,0.4569765627384186,0.3858429491519928,-0.07113361358642578,1.0,1.0
20,eval,187,23801,1.0421034097671509,0.9710821509361267,-0.07102125883102417,1.0,1.0
20,eval,188,25916,0.9521896243095398,0.881242573261261,-0.07094705104827881,1.0,1.0
20,eval,189,15160,0.4078449010848999,0.4787478446960449,0.07090294361114502,1.0,1.0
20,eval,190,22326,1.2462124824523926,1.31709623336792,0.07088375091552734,1.0,1.0
20,eval,191,7969,0.49346616864204407,0.4226010739803314,-0.07086509466171265,1.0,1.0
20,eval,192,14995,0.5808563828468323,0.651714026927948,0.07085764408111572,1.0,1.0
20,eval,193,18512,0.8037242889404297,0.7328711748123169,-0.07085311412811279,1.0,1.0
20,eval,194,15505,0.6335382461547852,0.5627462863922119,-0.07079195976257324,1.0,1.0
20,eval,195,14586,0.33716437220573425,0.26640206575393677,-0.07076230645179749,1.0,1.0
20,eval,196,19936,1.048043966293335,0.9772980213165283,-0.07074594497680664,1.0,1.0
20,eval,197,21374,0.810164749622345,0.7394206523895264,-0.0707440972328186,1.0,1.0
20,eval,198,9607,0.5154703259468079,0.44480812549591064,-0.07066220045089722,1.0,1.0
20,eval,199,1582,0.5513688921928406,0.6220027804374695,0.0706338882446289,1.0,1.0
20,eval,200,24325,1.2084709405899048,1.1378587484359741,-0.07061219215393066,1.0,1.0
20,eval,201,6214,1.0465636253356934,0.9759557247161865,-0.07060790061950684,1.0,1.0
20,eval,202,6103,0.8313658237457275,0.7607848644256592,-0.07058095932006836,1.0,1.0
20,eval,203,21417,0.9941954612731934,0.9236961007118225,-0.07049936056137085,1.0,1.0
20,eval,204,24799,0.9717593789100647,0.9012641906738281,-0.07049518823623657,1.0,1.0
20,eval,205,22847,1.0812641382217407,1.0108100175857544,-0.07045412063598633,1.0,1.0
20,eval,206,13443,1.4690179824829102,1.5394599437713623,0.07044196128845215,1.0,1.0
20,eval,207,2182,0.7213060259819031,0.6508812308311462,-0.07042479515075684,1.0,1.0
20,eval,208,8101,0.6883697509765625,0.61797696352005,-0.07039278745651245,1.0,1.0
20,eval,209,2334,0.5853585600852966,0.5150442123413086,-0.07031434774398804,1.0,1.0
20,eval,210,994,0.8916937708854675,0.821395993232727,-0.07029777765274048,1.0,1.0
20,eval,211,12129,0.8826993107795715,0.8124128580093384,-0.07028645277023315,1.0,1.0
20,eval,212,2237,0.50816810131073,0.43801626563072205,-0.07015183568000793,1.0,1.0
20,eval,213,26762,1.0054550170898438,0.935306966304779,-0.0701480507850647,1.0,1.0
20,eval,214,23355,0.9581055045127869,1.0281939506530762,0.0700884461402893,1.0,1.0
20,eval,215,10671,1.3078190088272095,1.2377318143844604,-0.07008719444274902,1.0,1.0
20,eval,216,27570,0.5271168351173401,0.4571183919906616,-0.06999844312667847,1.0,1.0
20,eval,217,453,1.1367608308792114,1.066786289215088,-0.06997454166412354,1.0,1.0
20,eval,218,17969,1.8992244005203247,1.969114065170288,0.06988966464996338,1.0,1.0
20,eval,219,12466,0.9525628089904785,0.8828179240226746,-0.06974488496780396,1.0,1.0
20,eval,220,19292,0.8371086716651917,0.7673824429512024,-0.06972622871398926,1.0,1.0
20,eval,221,11079,1.0043104887008667,0.9346088767051697,-0.06970161199569702,1.0,1.0
20,eval,222,6544,0.8354218006134033,0.765734076499939,-0.06968772411346436,1.0,1.0
20,eval,223,4153,1.4245463609695435,1.3550236225128174,-0.06952273845672607,1.0,1.0
20,eval,224,25356,1.213696002960205,1.1442334651947021,-0.06946253776550293,1.0,1.0
20,eval,225,2729,0.31299474835395813,0.38244330883026123,0.0694485604763031,1.0,1.0
20,eval,226,27600,0.5818184018135071,0.512378990650177,-0.06943941116333008,1.0,1.0
20,eval,227,12806,0.49449488520622253,0.42507797479629517,-0.06941691040992737,1.0,1.0
20,eval,228,3722,1.5588407516479492,1.4895260334014893,-0.06931471824645996,1.0,1.0
20,eval,229,70,0.9876403212547302,0.9183320999145508,-0.06930822134017944,1.0,1.0
20,eval,230,11732,0.7400446534156799,0.8093146085739136,0.06926995515823364,1.0,1.0
20,eval,231,3199,0.724734365940094,0.6555145382881165,-0.06921982765197754,1.0,1.0
20,eval,232,8344,1.0575751066207886,0.9884796142578125,-0.06909549236297607,1.0,1.0
20,eval,233,3699,0.6169851422309875,0.5478926301002502,-0.0690925121307373,1.0,1.0
20,eval,234,891,0.754378080368042,0.6852976083755493,-0.06908047199249268,1.0,1.0
20,eval,235,18697,0.8752326965332031,0.80625981092453,-0.0689728856086731,1.0,1.0
20,eval,236,11426,1.393908977508545,1.3249685764312744,-0.06894040107727051,1.0,1.0
20,eval,237,20025,0.7316803932189941,0.6627718210220337,-0.06890857219696045,1.0,1.0
20,eval,238,171,1.2078139781951904,1.1389427185058594,-0.06887125968933105,1.0,1.0
20,eval,239,19137,0.7239534258842468,0.6551170945167542,-0.06883633136749268,1.0,1.0
20,eval,240,20213,0.9903448224067688,0.921533465385437,-0.06881135702133179,1.0,1.0
20,eval,241,16369,1.219626784324646,1.150917649269104,-0.06870913505554199,1.0,1.0
20,eval,242,11847,0.6368467807769775,0.5681837201118469,-0.06866306066513062,1.0,1.0
20,eval,243,11335,1.1899707317352295,1.2585523128509521,0.06858158111572266,1.0,1.0
20,eval,244,11731,0.2380780428647995,0.30665943026542664,0.06858138740062714,1.0,1.0
20,eval,245,22970,0.6524196267127991,0.7209920287132263,0.06857240200042725,1.0,1.0
20,eval,246,25064,1.1211514472961426,1.189698338508606,0.06854689121246338,1.0,1.0
20,eval,247,15859,0.8797283172607422,0.8112004995346069,-0.06852781772613525,1.0,1.0
20,eval,248,21096,1.1835392713546753,1.2520619630813599,0.06852269172668457,1.0,1.0
20,eval,249,22920,0.9176259636878967,0.8491265773773193,-0.06849938631057739,1.0,1.0
20,eval,250,14702,0.8236672282218933,0.7551687955856323,-0.06849843263626099,1.0,1.0
20,eval,251,11316,1.1851999759674072,1.116707682609558,-0.06849229335784912,1.0,1.0
20,eval,252,26920,0.8851671814918518,0.9536232352256775,0.06845605373382568,1.0,1.0
20,eval,253,1298,1.1530975103378296,1.221495270729065,0.06839776039123535,1.0,1.0
20,eval,254,4979,0.9654288291931152,1.0337605476379395,0.06833171844482422,1.0,1.0
20,eval,255,25533,0.5757350325584412,0.5074683427810669,-0.06826668977737427,1.0,1.0
20,eval,256,2301,0.877228319644928,0.8090116381645203,-0.06821668148040771,1.0,1.0
20,eval,257,2235,0.6212343573570251,0.6893988847732544,0.06816452741622925,1.0,1.0
20,eval,258,9099,1.1699632406234741,1.101799488067627,-0.06816375255584717,1.0,1.0
20,eval,259,10646,0.6934530735015869,0.6252934336662292,-0.06815963983535767,1.0,1.0
20,eval,260,15906,0.6665483117103577,0.7346467971801758,0.06809848546981812,1.0,1.0
20,eval,261,19328,0.8364265561103821,0.7683806419372559,-0.06804591417312622,1.0,1.0
20,eval,262,22978,0.7948405146598816,0.8628785610198975,0.06803804636001587,1.0,1.0
20,eval,263,4343,0.7572202086448669,0.6891975402832031,-0.06802266836166382,1.0,1.0
20,eval,264,23944,1.5465331077575684,1.4785373210906982,-0.06799578666687012,1.0,1.0
20,eval,265,27444,0.6719796657562256,0.6040042042732239,-0.06797546148300171,1.0,1.0
20,eval,266,25188,1.2146285772323608,1.1466737985610962,-0.06795477867126465,1.0,1.0
20,eval,267,18627,1.1190695762634277,1.051182508468628,-0.0678870677947998,1.0,1.0
20,eval,268,26304,0.786940336227417,0.8547408580780029,0.06780052185058594,1.0,1.0
20,eval,269,25773,0.9153335690498352,0.8475364446640015,-0.06779712438583374,1.0,1.0
20,eval,270,26397,0.5431601405143738,0.4754244089126587,-0.06773573160171509,1.0,1.0
20,eval,271,27001,0.9096989631652832,0.9773927330970764,0.06769376993179321,1.0,1.0
20,eval,272,3547,0.8863804936408997,0.8187026977539062,-0.06767779588699341,1.0,1.0
20,eval,273,23276,0.5765959620475769,0.5089218020439148,-0.06767416000366211,1.0,1.0
20,eval,274,21485,0.7964808344841003,0.7288163900375366,-0.06766444444656372,1.0,1.0
20,eval,275,20990,0.7969475388526917,0.7293086647987366,-0.06763887405395508,1.0,1.0
20,eval,276,18940,0.283743679523468,0.35134291648864746,0.06759923696517944,1.0,1.0
20,eval,277,25006,1.2928358316421509,1.2252918481826782,-0.06754398345947266,1.0,1.0
20,eval,278,7064,0.4920818507671356,0.4245463013648987,-0.06753554940223694,1.0,1.0
20,eval,279,6353,0.7031115889549255,0.6356391310691833,-0.06747245788574219,1.0,1.0
20,eval,280,28055,1.0696779489517212,1.0022225379943848,-0.06745541095733643,1.0,1.0
20,eval,281,23065,1.0770171880722046,1.009576439857483,-0.06744074821472168,1.0,1.0
20,eval,282,14160,0.31173619627952576,0.3791106343269348,0.06737443804740906,1.0,1.0
20,eval,283,25677,1.1016415357589722,1.0343422889709473,-0.0672992467880249,1.0,1.0
20,eval,284,16573,0.74833744764328,0.6810624599456787,-0.06727498769760132,1.0,1.0
20,eval,285,18334,0.6696537137031555,0.6023827195167542,-0.06727099418640137,1.0,1.0
20,eval,286,18470,0.7535768151283264,0.6863244771957397,-0.06725233793258667,1.0,1.0
20,eval,287,227,0.4672336280345917,0.40000391006469727,-0.06722971796989441,1.0,1.0
20,eval,288,26021,1.0197962522506714,1.0869932174682617,0.06719696521759033,1.0,1.0
20,eval,289,4922,0.7176240086555481,0.7847800850868225,0.06715607643127441,1.0,1.0
20,eval,290,11752,0.7087028622627258,0.6416828036308289,-0.06702005863189697,1.0,1.0
20,eval,291,7496,1.0578924417495728,0.9909273982048035,-0.06696504354476929,1.0,1.0
20,eval,292,2391,0.8141071200370789,0.8810509443283081,0.06694382429122925,1.0,1.0
20,eval,293,9352,1.568151593208313,1.501211166381836,-0.06694042682647705,1.0,1.0
20,eval,294,14110,0.5920171141624451,0.5251582860946655,-0.06685882806777954,1.0,1.0
20,eval,295,4161,0.6601302027702332,0.5933248996734619,-0.06680530309677124,1.0,1.0
20,eval,296,11473,0.5091752409934998,0.44245195388793945,-0.0667232871055603,1.0,1.0
20,eval,297,2785,1.2972745895385742,1.2305893898010254,-0.06668519973754883,1.0,1.0
20,eval,298,24824,0.7603839039802551,0.8270358443260193,0.06665194034576416,1.0,1.0
20,eval,299,10839,1.2005325555801392,1.2670689821243286,0.06653642654418945,1.0,1.0
20,eval,300,28287,1.2533113956451416,1.1868159770965576,-0.06649541854858398,1.0,1.0
20,eval,301,9624,0.7156246304512024,0.6491520404815674,-0.06647258996963501,1.0,1.0
20,eval,302,27380,0.5579612851142883,0.4915355443954468,-0.06642574071884155,1.0,1.0
20,eval,303,27156,1.3360198736190796,1.2696406841278076,-0.06637918949127197,1.0,1.0
20,eval,304,9458,0.9776600003242493,0.9113556742668152,-0.06630432605743408,1.0,1.0
20,eval,305,24091,0.6060965657234192,0.5398039221763611,-0.0662926435470581,1.0,1.0
20,eval,306,10622,1.1844617128372192,1.1181998252868652,-0.066261887550354,1.0,1.0
20,eval,307,28422,1.0986162424087524,1.16470205783844,0.0660858154296875,1.0,1.0
20,eval,308,24004,1.3799418210983276,1.3138797283172607,-0.0660620927810669,1.0,1.0
20,eval,309,3644,0.45388761162757874,0.38790270686149597,-0.06598490476608276,1.0,1.0
20,eval,310,16578,0.6411592364311218,0.7071302533149719,0.0659710168838501,1.0,1.0
20,eval,311,3244,1.3719559907913208,1.4379148483276367,0.06595885753631592,1.0,1.0
20,eval,312,8654,0.33406010270118713,0.26818740367889404,-0.06587269902229309,1.0,1.0
20,eval,313,17236,0.5953975915908813,0.5296032428741455,-0.06579434871673584,1.0,1.0
20,eval,314,25930,0.997520923614502,0.9318309426307678,-0.06568998098373413,1.0,1.0
20,eval,315,2822,1.340333104133606,1.2746851444244385,-0.06564795970916748,1.0,1.0
20,eval,316,19069,0.8685540556907654,0.9341798424720764,0.06562578678131104,1.0,1.0
20,eval,317,1314,0.428520530462265,0.4941347539424896,0.06561422348022461,1.0,1.0
20,eval,318,27136,0.5644044280052185,0.4988364577293396,-0.0655679702758789,1.0,1.0
20,eval,319,15866,1.0293115377426147,0.9637993574142456,-0.06551218032836914,1.0,1.0
20,eval,320,21846,0.5027467012405396,0.4373105764389038,-0.06543612480163574,1.0,1.0
20,eval,321,14610,1.0314302444458008,0.9660114645957947,-0.0654187798500061,1.0,1.0
20,eval,322,22395,0.5575049519538879,0.6228822469711304,0.06537729501724243,1.0,1.0
20,eval,323,1670,1.082711100578308,1.017357349395752,-0.06535375118255615,1.0,1.0
20,eval,324,26265,0.6597666144371033,0.725063681602478,0.06529706716537476,1.0,1.0
20,eval,325,2581,0.3839285671710968,0.3186323940753937,-0.06529617309570312,1.0,1.0
20,eval,326,21819,1.760282039642334,1.6949981451034546,-0.0652838945388794,1.0,1.0
20,eval,327,9417,0.45779597759246826,0.39258483052253723,-0.06521114706993103,1.0,1.0
20,eval,328,23851,0.6345212459564209,0.5693139433860779,-0.06520730257034302,1.0,1.0
20,eval,329,23835,0.8130717873573303,0.7478663921356201,-0.0652053952217102,1.0,1.0
20,eval,330,6762,2.78436279296875,2.7191994190216064,-0.06516337394714355,1.0,1.0
20,eval,331,8470,0.4026819169521332,0.33756735920906067,-0.06511455774307251,1.0,1.0
20,eval,332,11384,0.7610477805137634,0.6959850788116455,-0.06506270170211792,1.0,1.0
20,eval,333,25770,1.2687410116195679,1.2036833763122559,-0.06505763530731201,1.0,1.0
20,eval,334,15132,0.4008149206638336,0.3357878625392914,-0.06502705812454224,1.0,1.0
20,eval,335,22580,0.6390306353569031,0.574020266532898,-0.06501036882400513,1.0,1.0
20,eval,336,15986,0.7305495738983154,0.7955594658851624,0.06500989198684692,1.0,1.0
20,eval,337,26487,0.8392565250396729,0.7742729187011719,-0.06498360633850098,1.0,1.0
20,eval,338,15659,0.8613374829292297,0.7963564991950989,-0.06498098373413086,1.0,1.0
20,eval,339,26997,0.6183764338493347,0.553403377532959,-0.06497305631637573,1.0,1.0
20,eval,340,28221,0.5681001543998718,0.5032423734664917,-0.06485778093338013,1.0,1.0
20,eval,341,26863,1.0449780225753784,1.1098294258117676,0.06485140323638916,1.0,1.0
20,eval,342,25095,0.30503109097480774,0.24018216133117676,-0.06484892964363098,1.0,1.0
20,eval,343,23079,2.1067898273468018,2.0419981479644775,-0.06479167938232422,1.0,1.0
20,eval,344,6368,0.8869690895080566,0.8222556114196777,-0.0647134780883789,1.0,1.0
20,eval,345,11308,0.8407267928123474,0.9054312109947205,0.06470441818237305,1.0,1.0
20,eval,346,19241,0.807847261428833,0.8725149035453796,0.06466764211654663,1.0,1.0
20,eval,347,9150,0.731210470199585,0.6665716767311096,-0.06463879346847534,1.0,1.0
20,eval,348,13253,1.237694263458252,1.173126220703125,-0.06456804275512695,1.0,1.0
20,eval,349,21531,0.48750272393226624,0.42306485772132874,-0.0644378662109375,1.0,1.0
20,eval,350,3600,1.180759310722351,1.2451870441436768,0.06442773342132568,1.0,1.0
20,eval,351,28222,0.435771107673645,0.5001937747001648,0.06442266702651978,1.0,1.0
20,eval,352,8116,1.1596773862838745,1.0952701568603516,-0.06440722942352295,1.0,1.0
20,eval,353,20243,1.22565758228302,1.2900593280792236,0.06440174579620361,1.0,1.0
20,eval,354,13300,0.7866289615631104,0.722245991230011,-0.06438297033309937,1.0,1.0
20,eval,355,3153,1.065881371498108,1.1302285194396973,0.06434714794158936,1.0,1.0
20,eval,356,3049,1.11858069896698,1.0542701482772827,-0.06431055068969727,1.0,1.0
20,eval,357,13685,0.9903745055198669,0.9261338710784912,-0.06424063444137573,1.0,1.0
20,eval,358,12574,1.0560952425003052,0.9918561577796936,-0.06423908472061157,1.0,1.0
20,eval,359,21077,0.678087055683136,0.7422653436660767,0.06417828798294067,1.0,1.0
20,eval,360,23611,0.691443681716919,0.7555981874465942,0.06415450572967529,1.0,1.0
20,eval,361,2040,0.9190434813499451,0.8549325466156006,-0.06411093473434448,1.0,1.0
20,eval,362,28462,1.7700467109680176,1.7059677839279175,-0.0640789270401001,1.0,1.0
20,eval,363,1072,0.5710774064064026,0.5070058703422546,-0.06407153606414795,1.0,1.0
20,eval,364,24791,0.7693948745727539,0.8334632515907288,0.06406837701797485,1.0,1.0
20,eval,365,9239,0.6829686760902405,0.6189659833908081,-0.06400269269943237,1.0,1.0
20,eval,366,3098,0.5254155993461609,0.46145889163017273,-0.06395670771598816,1.0,1.0
20,eval,367,10101,0.9482686519622803,0.8843432664871216,-0.06392538547515869,1.0,1.0
20,eval,368,1528,0.9592049717903137,0.8952906727790833,-0.06391429901123047,1.0,1.0
20,eval,369,26658,1.1111408472061157,1.0472651720046997,-0.06387567520141602,1.0,1.0
20,eval,370,19709,0.5898140668869019,0.5259474515914917,-0.06386661529541016,1.0,1.0
20,eval,371,3229,0.7540200352668762,0.8178744316101074,0.0638543963432312,1.0,1.0
20,eval,372,18549,0.12437707185745239,0.18816721439361572,0.06379014253616333,0.9583333333333334,1.0
20,eval,373,25732,0.9817042350769043,0.9179476499557495,-0.06375658512115479,1.0,1.0
20,eval,374,17952,0.8028843402862549,0.7391445636749268,-0.06373977661132812,1.0,1.0
20,eval,375,14654,1.2328715324401855,1.2966084480285645,0.0637369155883789,1.0,1.0
20,eval,376,5155,0.49932315945625305,0.435605525970459,-0.06371763348579407,1.0,1.0
20,eval,377,12837,0.5322386622428894,0.5959535241127014,0.06371486186981201,1.0,1.0
20,eval,378,23714,0.5748550295829773,0.5111743807792664,-0.06368064880371094,1.0,1.0
20,eval,379,25493,0.9590596556663513,0.8954029083251953,-0.063656747341156,1.0,1.0
20,eval,380,20861,1.1254067420959473,1.0617927312850952,-0.06361401081085205,1.0,1.0
20,eval,381,7171,0.9993768334388733,0.9357686638832092,-0.06360816955566406,1.0,1.0
20,eval,382,23908,0.7495841979980469,0.6859789490699768,-0.06360524892807007,1.0,1.0
20,eval,383,2543,1.5891906023025513,1.5256353616714478,-0.06355524063110352,1.0,1.0
20,eval,384,18248,0.709019660949707,0.7725565433502197,0.0635368824005127,1.0,1.0
20,eval,385,3974,0.879075825214386,0.8155615329742432,-0.06351429224014282,1.0,1.0
20,eval,386,12729,0.7291395664215088,0.665627658367157,-0.0635119080543518,1.0,1.0
20,eval,387,2339,0.5673025250434875,0.5037965178489685,-0.06350600719451904,1.0,1.0
20,eval,388,16418,1.0245028734207153,1.0879884958267212,0.06348562240600586,1.0,1.0
20,eval,389,14409,0.6049897074699402,0.5415380597114563,-0.06345164775848389,1.0,1.0
20,eval,390,4201,0.49005648493766785,0.5534849762916565,0.06342849135398865,1.0,1.0
20,eval,391,268,0.8977137207984924,0.9611347913742065,0.06342107057571411,1.0,1.0
20,eval,392,9842,0.8394060134887695,0.7760138511657715,-0.06339216232299805,1.0,1.0
20,eval,393,6356,0.9710341095924377,1.034400463104248,0.0633663535118103,1.0,1.0
20,eval,394,23721,0.4173727333545685,0.4807170331478119,0.06334429979324341,1.0,1.0
20,eval,395,24443,0.5868027210235596,0.6501410007476807,0.0633382797241211,1.0,1.0
20,eval,396,28343,0.6730285286903381,0.6097334623336792,-0.06329506635665894,1.0,1.0
20,eval,397,9392,1.218194842338562,1.1549605131149292,-0.06323432922363281,1.0,1.0
20,eval,398,21421,0.5978766083717346,0.5346628427505493,-0.0632137656211853,1.0,1.0
20,eval,399,14056,0.9451797604560852,1.0083489418029785,0.06316918134689331,1.0,1.0
20,eval,400,6907,0.8415090441703796,0.7783427238464355,-0.06316632032394409,1.0,1.0
20,eval,401,23737,0.7241730093955994,0.6611140966415405,-0.06305891275405884,1.0,1.0
20,eval,402,14342,1.3417421579360962,1.2786952257156372,-0.06304693222045898,1.0,1.0
20,eval,403,3502,0.9133912920951843,0.8503699898719788,-0.06302130222320557,1.0,1.0
20,eval,404,6784,0.7987611293792725,0.735790491104126,-0.06297063827514648,1.0,1.0
20,eval,405,15175,0.757548987865448,0.8204964399337769,0.06294745206832886,1.0,1.0
20,eval,406,8652,0.1759905219078064,0.23893088102340698,0.06294035911560059,0.9375,1.0
20,eval,407,10772,0.47612226009368896,0.41326650977134705,-0.06285575032234192,1.0,1.0
20,eval,408,23939,0.86460942029953,0.8017876148223877,-0.06282180547714233,1.0,1.0
20,eval,409,22620,1.0011552572250366,0.9383618235588074,-0.06279343366622925,1.0,1.0
20,eval,410,23258,0.9994106888771057,1.0621715784072876,0.06276088953018188,1.0,1.0
20,eval,411,25798,0.8475756049156189,0.7848244309425354,-0.0627511739730835,1.0,1.0
20,eval,412,375,1.319523811340332,1.2567834854125977,-0.06274032592773438,1.0,1.0
20,eval,413,15208,0.5796781182289124,0.5169740915298462,-0.06270402669906616,1.0,1.0
20,eval,414,5655,0.7412001490592957,0.8038803339004517,0.062680184841156,1.0,1.0
20,eval,415,17733,0.7588126063346863,0.6961661577224731,-0.06264644861221313,1.0,1.0
20,eval,416,11181,1.5718687772750854,1.5092356204986572,-0.06263315677642822,1.0,1.0
20,eval,417,1372,0.8239338397979736,0.761333167552948,-0.06260067224502563,1.0,1.0
20,eval,418,18759,0.9498544335365295,0.8872670531272888,-0.06258738040924072,1.0,1.0
20,eval,419,26296,0.6737057566642761,0.6112009882926941,-0.06250476837158203,1.0,1.0
20,eval,420,13444,0.8648713231086731,0.8024046421051025,-0.06246668100357056,1.0,1.0
20,eval,421,18388,0.6562040448188782,0.5940197706222534,-0.062184274196624756,1.0,1.0
20,eval,422,7828,0.7499396800994873,0.6877861022949219,-0.06215357780456543,1.0,1.0
20,eval,423,16139,0.5200708508491516,0.45795372128486633,-0.06211712956428528,1.0,1.0
20,eval,424,24158,1.092864751815796,1.030813217163086,-0.06205153465270996,1.0,1.0
20,eval,425,26600,0.5716980695724487,0.5096843242645264,-0.06201374530792236,1.0,1.0
20,eval,426,12215,1.1038771867752075,1.1658633947372437,0.06198620796203613,1.0,1.0
20,eval,427,7816,0.9809152483940125,0.9189565181732178,-0.06195873022079468,1.0,1.0
20,eval,428,13113,1.1027482748031616,1.0408172607421875,-0.06193101406097412,1.0,1.0
20,eval,429,9321,0.8817318081855774,0.8198072910308838,-0.061924517154693604,1.0,1.0
20,eval,430,24452,0.865871250629425,0.8039760589599609,-0.06189519166946411,1.0,1.0
20,eval,431,7305,0.27584952116012573,0.33770570158958435,0.06185618042945862,1.0,1.0
20,eval,432,3594,1.2934459447860718,1.2316033840179443,-0.06184256076812744,1.0,1.0
20,eval,433,19886,0.8952222466468811,0.9570614695549011,0.06183922290802002,1.0,1.0
20,eval,434,25841,0.4922635555267334,0.4304419457912445,-0.06182160973548889,1.0,1.0
20,eval,435,26443,0.9206263422966003,0.8588374257087708,-0.06178891658782959,1.0,1.0
20,eval,436,28521,0.745040237903595,0.683275043964386,-0.061765193939208984,1.0,1.0
20,eval,437,12288,1.3111377954483032,1.24940824508667,-0.0617295503616333,1.0,1.0
20,eval,438,2016,0.7725489735603333,0.7108424305915833,-0.06170654296875,1.0,1.0
20,eval,439,11416,1.0067882537841797,0.9450926184654236,-0.061695635318756104,1.0,1.0
20,eval,440,20729,0.46620628237724304,0.4045109748840332,-0.06169530749320984,1.0,1.0
20,eval,441,16498,0.7158750891685486,0.6541841626167297,-0.06169092655181885,1.0,1.0
20,eval,442,27480,0.8556252121925354,0.7940185070037842,-0.06160670518875122,1.0,1.0
20,eval,443,4361,1.2733460664749146,1.2117524147033691,-0.06159365177154541,1.0,1.0
20,eval,444,22648,0.7222211956977844,0.660698652267456,-0.06152254343032837,1.0,1.0
20,eval,445,24848,0.7667875289916992,0.7052818536758423,-0.061505675315856934,1.0,1.0
20,eval,446,140,1.208097219467163,1.1465930938720703,-0.06150412559509277,1.0,1.0
20,eval,447,21945,0.6557177901268005,0.5942538380622864,-0.06146395206451416,1.0,1.0
20,eval,448,26727,0.9262587428092957,0.8648091554641724,-0.06144958734512329,1.0,1.0
20,eval,449,4745,1.096840262413025,1.0354280471801758,-0.06141221523284912,1.0,1.0
20,eval,450,27364,1.2460283041000366,1.1846294403076172,-0.061398863792419434,1.0,1.0
20,eval,451,19466,0.5589503049850464,0.49758610129356384,-0.061364203691482544,1.0,1.0
20,eval,452,14668,0.6253570914268494,0.686693549156189,0.0613364577293396,1.0,1.0
20,eval,453,2888,0.6656269431114197,0.7268725633621216,0.061245620250701904,1.0,1.0
20,eval,454,286,1.0234724283218384,0.9622274041175842,-0.06124502420425415,1.0,1.0
20,eval,455,5746,0.8183057904243469,0.7571145296096802,-0.06119126081466675,1.0,1.0
20,eval,456,4417,1.1877920627593994,1.1266123056411743,-0.0611797571182251,1.0,1.0
20,eval,457,7410,1.2752059698104858,1.2140363454818726,-0.06116962432861328,1.0,1.0
20,eval,458,17191,0.34554538130760193,0.28445762395858765,-0.06108775734901428,1.0,1.0
20,eval,459,103,0.40134894847869873,0.34033629298210144,-0.06101265549659729,1.0,1.0
20,eval,460,6948,0.1951664835214615,0.13416922092437744,-0.060997262597084045,1.0,1.0
20,eval,461,1357,0.5773585438728333,0.5163663625717163,-0.06099218130111694,1.0,1.0
20,eval,462,16115,0.9078621864318848,0.8468759059906006,-0.06098628044128418,1.0,1.0
20,eval,463,11475,0.4973708391189575,0.558356761932373,0.06098592281341553,1.0,1.0
20,eval,464,26061,0.539965808391571,0.478981614112854,-0.06098419427871704,1.0,1.0
20,eval,465,26371,1.3048056364059448,1.3657735586166382,0.06096792221069336,1.0,1.0
20,eval,466,3487,0.91363126039505,0.852672278881073,-0.06095898151397705,1.0,1.0
20,eval,467,25633,0.5099678635597229,0.4490489959716797,-0.06091886758804321,1.0,1.0
20,eval,468,4137,0.484129399061203,0.4233098328113556,-0.06081956624984741,1.0,1.0
20,eval,469,19334,0.897097110748291,0.9578943252563477,0.06079721450805664,1.0,1.0
20,eval,470,8024,0.09667983651161194,0.03592335805296898,-0.06075647845864296,0.875,0.625
20,eval,471,12213,0.9840614795684814,0.9233298897743225,-0.060731589794158936,1.0,1.0
20,eval,472,23953,0.7784311771392822,0.7177076935768127,-0.06072348356246948,1.0,1.0
20,eval,473,15778,1.1769416332244873,1.1162301301956177,-0.06071150302886963,1.0,1.0
20,eval,474,2015,0.878070592880249,0.8174208998680115,-0.06064969301223755,1.0,1.0
20,eval,475,16467,0.3822307288646698,0.3215976357460022,-0.0606330931186676,1.0,1.0
20,eval,476,2351,0.8579423427581787,0.7973200678825378,-0.06062227487564087,1.0,1.0
20,eval,477,25089,0.8511309027671814,0.7905131578445435,-0.06061774492263794,1.0,1.0
20,eval,478,11733,0.9789825081825256,0.9184105396270752,-0.06057196855545044,1.0,1.0
20,eval,479,18329,0.25294315814971924,0.19237756729125977,-0.06056559085845947,1.0,1.0
20,eval,480,25481,1.0651649236679077,1.0046290159225464,-0.06053590774536133,1.0,1.0
20,eval,481,16784,0.8623413443565369,0.8018893599510193,-0.06045198440551758,1.0,1.0
20,eval,482,20386,0.6987402439117432,0.759178638458252,0.06043839454650879,1.0,1.0
20,eval,483,21295,0.8682425022125244,0.8078062534332275,-0.060436248779296875,1.0,1.0
20,eval,484,25949,1.0932035446166992,1.1536332368850708,0.06042969226837158,1.0,1.0
20,eval,485,12384,0.7841078639030457,0.7236911654472351,-0.06041669845581055,1.0,1.0
20,eval,486,17965,0.606945812702179,0.5465312600135803,-0.06041455268859863,1.0,1.0
20,eval,487,3267,0.7032102942466736,0.6428177952766418,-0.06039249897003174,1.0,1.0
20,eval,488,10545,0.8358932137489319,0.7755053043365479,-0.06038790941238403,1.0,1.0
20,eval,489,23546,0.5833051800727844,0.6436527967453003,0.06034761667251587,1.0,1.0
20,eval,490,6826,0.30442318320274353,0.2440851479768753,-0.060338035225868225,1.0,1.0
20,eval,491,1071,0.7733274102210999,0.7130019068717957,-0.0603255033493042,1.0,1.0
20,eval,492,13553,1.13327157497406,1.0729670524597168,-0.06030452251434326,1.0,1.0
20,eval,493,3604,0.5863736867904663,0.6466363668441772,0.06026268005371094,1.0,1.0
20,eval,494,5356,0.6385661959648132,0.6988092064857483,0.06024301052093506,1.0,1.0
20,eval,495,5708,0.7064070701599121,0.6461791396141052,-0.060227930545806885,1.0,1.0
20,eval,496,12960,1.0303354263305664,0.9701364040374756,-0.06019902229309082,1.0,1.0
20,eval,497,14206,0.8900529742240906,0.8299279808998108,-0.060124993324279785,1.0,1.0
20,eval,498,10593,0.6920931339263916,0.7522115707397461,0.06011843681335449,1.0,1.0
20,eval,499,15801,0.9613387584686279,0.9012275338172913,-0.06011122465133667,1.0,1.0
20,eval,500,17858,0.7970791459083557,0.8571738004684448,0.06009465456008911,1.0,1.0
25,train,1,19384,8.48425579071045,8.128495216369629,-0.3557605743408203,1.0,1.0
25,train,2,14019,6.730851650238037,6.381452560424805,-0.3493990898132324,1.0,1.0
25,train,3,25555,4.250425815582275,3.903313159942627,-0.34711265563964844,1.0,1.0
25,train,4,9097,3.0526654720306396,2.7105891704559326,-0.34207630157470703,1.0,1.0
25,train,5,25864,4.596255302429199,4.258126258850098,-0.33812904357910156,1.0,1.0
25,train,6,8538,3.1821959018707275,2.8599212169647217,-0.32227468490600586,1.0,1.0
25,train,7,23434,3.2637529373168945,2.944777250289917,-0.31897568702697754,1.0,1.0
25,train,8,4370,4.200704574584961,3.885913372039795,-0.314791202545166,1.0,1.0
25,train,9,20778,2.8591110706329346,3.173710823059082,0.31459975242614746,1.0,1.0
25,train,10,17357,2.6167664527893066,2.3069608211517334,-0.30980563163757324,1.0,1.0
25,train,11,34,2.4952876567840576,2.191423177719116,-0.3038644790649414,1.0,1.0
25,train,12,2424,3.6359164714813232,3.3328917026519775,-0.3030247688293457,1.0,1.0
25,train,13,23351,3.7715396881103516,3.4687564373016357,-0.3027832508087158,1.0,1.0
25,train,14,4433,6.622314453125,6.918626308441162,0.2963118553161621,1.0,1.0
25,train,15,11364,9.011284828186035,9.305519104003906,0.2942342758178711,1.0,1.0
25,train,16,12081,2.6750638484954834,2.3821358680725098,-0.29292798042297363,1.0,1.0
25,train,17,27762,2.878242254257202,2.58573055267334,-0.2925117015838623,1.0,1.0
25,train,18,8130,9.054665565490723,8.765892028808594,-0.2887735366821289,1.0,1.0
25,train,19,22368,2.9448232650756836,2.657479763031006,-0.28734350204467773,1.0,1.0
25,train,20,2790,2.735697031021118,2.4541022777557373,-0.28159475326538086,1.0,1.0
25,train,21,21538,3.9570083618164062,3.6754636764526367,-0.28154468536376953,1.0,1.0
25,train,22,24869,4.250091075897217,3.9687414169311523,-0.28134965896606445,1.0,1.0
25,train,23,28006,2.7458860874176025,2.4688539505004883,-0.27703213691711426,1.0,1.0
25,train,24,15185,2.386934518814087,2.1101391315460205,-0.2767953872680664,1.0,1.0
25,train,25,15780,3.204116106033325,2.934971809387207,-0.26914429664611816,1.0,1.0
25,train,26,1902,2.7853801250457764,2.518258810043335,-0.2671213150024414,1.0,1.0
25,train,27,20413,3.968576669692993,3.7014846801757812,-0.2670919895172119,1.0,1.0
25,train,28,23587,3.811640977859497,3.546891927719116,-0.26474905014038086,1.0,1.0
25,train,29,24699,1.725353717803955,1.9894894361495972,0.2641357183456421,1.0,1.0
25,train,30,3764,4.002606391906738,3.7396676540374756,-0.2629387378692627,1.0,1.0
25,train,31,3354,3.1454498767852783,2.8825249671936035,-0.2629249095916748,1.0,1.0
25,train,32,4963,3.910244941711426,3.6477651596069336,-0.2624797821044922,1.0,1.0
25,train,33,28539,3.119385004043579,2.857131242752075,-0.2622537612915039,1.0,1.0
25,train,34,26889,2.173912763595581,1.9118415117263794,-0.26207125186920166,1.0,1.0
25,train,35,14534,3.3541653156280518,3.0939009189605713,-0.26026439666748047,1.0,1.0
25,train,36,14097,3.4046554565429688,3.144894599914551,-0.25976085662841797,1.0,1.0
25,train,37,21060,3.975285291671753,3.715711832046509,-0.25957345962524414,1.0,1.0
25,train,38,8062,1.950445532798767,2.208646059036255,0.2582005262374878,1.0,1.0
25,train,39,19705,3.5462582111358643,3.2882211208343506,-0.25803709030151367,1.0,1.0
25,train,40,6754,3.0913963317871094,3.3481454849243164,0.25674915313720703,1.0,1.0
25,train,41,14059,2.5996291637420654,2.855963945388794,0.2563347816467285,1.0,1.0
25,train,42,27053,2.562415361404419,2.306269645690918,-0.256145715713501,1.0,1.0
25,train,43,24266,3.005756378173828,2.749833345413208,-0.2559230327606201,1.0,1.0
25,train,44,27871,2.9142005443573,2.6583642959594727,-0.25583624839782715,1.0,1.0
25,train,45,8583,2.6259677410125732,2.880668878555298,0.2547011375427246,1.0,1.0
25,train,46,18558,4.023728370666504,3.7697343826293945,-0.2539939880371094,1.0,1.0
25,train,47,2667,3.361431837081909,3.1080358028411865,-0.25339603424072266,1.0,1.0
25,train,48,16898,5.119964599609375,5.370669841766357,0.2507052421569824,1.0,1.0
25,train,49,14029,3.514188528060913,3.264256238937378,-0.24993228912353516,1.0,1.0
25,train,50,3133,2.6341309547424316,2.3844285011291504,-0.24970245361328125,1.0,1.0
25,train,51,1102,1.0666395425796509,1.3161920309066772,0.24955248832702637,1.0,1.0
25,train,52,22163,5.24859619140625,5.498128890991211,0.24953269958496094,1.0,1.0
25,train,53,19356,4.509908199310303,4.260578632354736,-0.2493295669555664,1.0,1.0
25,train,54,23971,4.164791107177734,3.9154891967773438,-0.24930191040039062,1.0,1.0
25,train,55,13163,3.5172908306121826,3.2701163291931152,-0.24717450141906738,1.0,1.0
25,train,56,22168,2.664046049118042,2.417959690093994,-0.24608635902404785,1.0,1.0
25,train,57,5603,1.7114309072494507,1.9573107957839966,0.2458798885345459,1.0,1.0
25,train,58,19081,3.3374783992767334,3.0918967723846436,-0.24558162689208984,1.0,1.0
25,train,59,15665,2.5825841426849365,2.338900566101074,-0.2436835765838623,1.0,1.0
25,train,60,27208,3.1730458736419678,2.9305663108825684,-0.24247956275939941,1.0,1.0
25,train,61,12368,3.38737416267395,3.1452982425689697,-0.24207592010498047,1.0,1.0
25,train,62,11805,4.655862331390381,4.41402530670166,-0.2418370246887207,1.0,1.0
25,train,63,20369,3.0462920665740967,2.8044984340667725,-0.24179363250732422,1.0,1.0
25,train,64,7169,3.2743828296661377,3.0332441329956055,-0.24113869667053223,1.0,1.0
25,train,65,24909,2.7988455295562744,2.5584661960601807,-0.24037933349609375,1.0,1.0
25,train,66,26080,3.553924798965454,3.3141231536865234,-0.23980164527893066,1.0,1.0
25,train,67,8373,1.9778908491134644,1.7385960817337036,-0.23929476737976074,1.0,1.0
25,train,68,20388,3.3423187732696533,3.1031250953674316,-0.23919367790222168,1.0,1.0
25,train,69,25427,3.578219413757324,3.339564800262451,-0.23865461349487305,1.0,1.0
25,train,70,2504,4.116643905639648,3.8780431747436523,-0.2386007308959961,1.0,1.0
25,train,71,16059,3.0252771377563477,2.786860466003418,-0.2384166717529297,1.0,1.0
25,train,72,22495,3.5229270458221436,3.284562110900879,-0.23836493492126465,1.0,1.0
25,train,73,6375,5.560000896453857,5.3224406242370605,-0.23756027221679688,1.0,1.0
25,train,74,16184,3.44933819770813,3.212162494659424,-0.23717570304870605,1.0,1.0
25,train,75,23908,2.1614530086517334,1.92526113986969,-0.23619186878204346,1.0,1.0
25,train,76,9424,2.7793750762939453,2.5443637371063232,-0.23501133918762207,1.0,1.0
25,train,77,16250,2.2986443042755127,2.063659191131592,-0.2349851131439209,1.0,1.0
25,train,78,1305,3.3587400913238525,3.123898506164551,-0.23484158515930176,1.0,1.0
25,train,79,3350,3.358290910720825,3.123603105545044,-0.23468780517578125,1.0,1.0
25,train,80,21575,4.098624229431152,3.864197254180908,-0.23442697525024414,1.0,1.0
25,train,81,413,2.4015018939971924,2.1673359870910645,-0.23416590690612793,1.0,1.0
25,train,82,12501,3.0495102405548096,3.283663511276245,0.23415327072143555,1.0,1.0
25,train,83,1822,3.935650110244751,4.1693549156188965,0.2337048053741455,1.0,1.0
25,train,84,2689,2.948352575302124,3.1814332008361816,0.23308062553405762,1.0,1.0
25,train,85,12625,2.6740639209747314,2.907071590423584,0.23300766944885254,1.0,1.0
25,train,86,15804,1.830210566520691,1.5973058938980103,-0.23290467262268066,1.0,1.0
25,train,87,28018,5.913549900054932,6.146394729614258,0.23284482955932617,1.0,1.0
25,train,88,6417,4.002055644989014,3.7694032192230225,-0.2326524257659912,1.0,1.0
25,train,89,6649,2.587472915649414,2.8200933933258057,0.2326204776763916,1.0,1.0
25,train,90,13779,3.4391937255859375,3.207162618637085,-0.23203110694885254,1.0,1.0
25,train,91,3247,4.116359233856201,3.8843905925750732,-0.23196864128112793,1.0,1.0
25,train,92,25669,4.120938777923584,3.88940691947937,-0.23153185844421387,1.0,1.0
25,train,93,1576,3.581707239151001,3.3502702713012695,-0.23143696784973145,1.0,1.0
25,train,94,13970,1.5784088373184204,1.808724045753479,0.2303152084350586,1.0,1.0
25,train,95,17502,2.227055072784424,1.9968501329421997,-0.23020493984222412,1.0,1.0
25,train,96,6042,2.241467237472534,2.4715142250061035,0.23004698753356934,1.0,1.0
25,train,97,18495,3.038553237915039,2.808789014816284,-0.22976422309875488,1.0,1.0
25,train,98,12383,2.422236680984497,2.192488193511963,-0.22974848747253418,1.0,1.0
25,train,99,5100,4.812042713165283,4.582836151123047,-0.22920656204223633,1.0,1.0
25,train,100,13200,3.3840503692626953,3.1548993587493896,-0.22915101051330566,1.0,1.0
25,train,101,3958,2.5268146991729736,2.298308849334717,-0.22850584983825684,1.0,1.0
25,train,102,22151,3.3994128704071045,3.1709482669830322,-0.22846460342407227,1.0,1.0
25,train,103,20761,2.404914617538452,2.633049249649048,0.2281346321105957,1.0,1.0
25,train,104,28529,2.6183574199676514,2.39078426361084,-0.22757315635681152,1.0,1.0
25,train,105,21165,3.7241628170013428,3.496746778488159,-0.2274160385131836,1.0,1.0
25,train,106,13933,1.1658480167388916,0.9401937127113342,-0.22565430402755737,1.0,1.0
25,train,107,22782,3.6574456691741943,3.4320406913757324,-0.22540497779846191,1.0,1.0
25,train,108,11942,2.0922889709472656,1.8670645952224731,-0.22522437572479248,1.0,1.0
25,train,109,22435,2.671677589416504,2.44650936126709,-0.22516822814941406,1.0,1.0
25,train,110,28394,2.759193181991577,2.9840171337127686,0.2248239517211914,1.0,1.0
25,train,111,15595,3.787092924118042,3.5625407695770264,-0.22455215454101562,1.0,1.0
25,train,112,4198,2.7550156116485596,2.531453847885132,-0.22356176376342773,1.0,1.0
25,train,113,6771,3.2118170261383057,2.9887828826904297,-0.22303414344787598,1.0,1.0
25,train,114,388,4.958673000335693,4.735777378082275,-0.22289562225341797,1.0,1.0
25,train,115,9531,1.4350343942642212,1.6570208072662354,0.22198641300201416,1.0,1.0
25,train,116,27956,2.1289284229278564,1.9071943759918213,-0.22173404693603516,1.0,1.0
25,train,117,21202,4.007538795471191,4.22868537902832,0.2211465835571289,1.0,1.0
25,train,118,2554,2.905205011367798,2.6842355728149414,-0.22096943855285645,1.0,1.0
25,train,119,28346,3.483610153198242,3.262740135192871,-0.2208700180053711,1.0,1.0
25,train,120,4589,2.8670825958251953,2.64642333984375,-0.2206592559814453,1.0,1.0
25,train,121,8831,3.3778305053710938,3.157421827316284,-0.22040867805480957,1.0,1.0
25,train,122,23875,2.531236410140991,2.751359462738037,0.2201230525970459,1.0,1.0
25,train,123,13214,2.4904534816741943,2.270583152770996,-0.21987032890319824,1.0,1.0
25,train,124,28162,3.4053866863250732,3.185708522796631,-0.21967816352844238,1.0,1.0
25,train,125,21960,3.326845169067383,3.1077892780303955,-0.2190558910369873,1.0,1.0
25,train,126,8178,2.2748372554779053,2.055960178375244,-0.21887707710266113,1.0,1.0
25,train,127,14020,2.449514150619507,2.6682727336883545,0.21875858306884766,1.0,1.0
25,train,128,27654,1.6231178045272827,1.4044655561447144,-0.21865224838256836,1.0,1.0
25,train,129,10503,2.524559259414673,2.30643892288208,-0.21812033653259277,1.0,1.0
25,train,130,26703,3.261434316635132,3.043386936187744,-0.2180473804473877,1.0,1.0
25,train,131,11116,1.8039344549179077,1.586134433746338,-0.21780002117156982,1.0,1.0
25,train,132,24789,2.9520509243011475,2.7342615127563477,-0.2177894115447998,1.0,1.0
25,train,133,2155,2.916316032409668,2.6986560821533203,-0.21765995025634766,1.0,1.0
25,train,134,5700,2.718205690383911,2.500600576400757,-0.2176051139831543,1.0,1.0
25,train,135,17750,2.0463409423828125,2.263890266418457,0.21754932403564453,1.0,1.0
25,train,136,24752,5.729140758514404,5.946529865264893,0.21738910675048828,1.0,1.0
25,train,137,3593,2.2949602603912354,2.0776987075805664,-0.21726155281066895,1.0,1.0
25,train,138,27034,3.051058053970337,2.8344533443450928,-0.21660470962524414,1.0,1.0
25,train,139,18291,1.756557583808899,1.5399937629699707,-0.21656382083892822,1.0,1.0
25,train,140,14838,2.818049430847168,3.034414052963257,0.21636462211608887,1.0,1.0
25,train,141,9822,2.673163414001465,2.4570114612579346,-0.21615195274353027,1.0,1.0
25,train,142,8615,2.1187164783477783,2.3348305225372314,0.21611404418945312,1.0,1.0
25,train,143,23074,2.893791437149048,3.10965633392334,0.215864896774292,1.0,1.0
25,train,144,12682,1.8142057657241821,1.5986946821212769,-0.21551108360290527,1.0,1.0
25,train,145,22834,1.824092984199524,1.60893714427948,-0.21515583992004395,1.0,1.0
25,train,146,19784,2.4046406745910645,2.190047264099121,-0.21459341049194336,1.0,1.0
25,train,147,8147,3.741180419921875,3.5266575813293457,-0.2145228385925293,1.0,1.0
25,train,148,3875,1.3210773468017578,1.1068881750106812,-0.21418917179107666,1.0,1.0
25,train,149,4712,2.37294602394104,2.158806800842285,-0.21413922309875488,1.0,1.0
25,train,150,6628,3.6953554153442383,3.4812238216400146,-0.21413159370422363,1.0,1.0
25,train,151,6237,2.8126652240753174,3.0267086029052734,0.21404337882995605,1.0,1.0
25,train,152,25247,3.5363447666168213,3.3226733207702637,-0.21367144584655762,1.0,1.0
25,train,153,22177,2.9303267002105713,2.7167272567749023,-0.21359944343566895,1.0,1.0
25,train,154,1897,5.70601224899292,5.492519855499268,-0.21349239349365234,1.0,1.0
25,train,155,25970,2.474726676940918,2.261540412902832,-0.21318626403808594,1.0,1.0
25,train,156,3287,3.765655755996704,3.552554130554199,-0.21310162544250488,1.0,1.0
25,train,157,25601,3.579845666885376,3.367068290710449,-0.21277737617492676,1.0,1.0
25,train,158,4860,5.388448238372803,5.175699710845947,-0.21274852752685547,1.0,1.0
25,train,159,25928,5.526924133300781,5.739529609680176,0.21260547637939453,1.0,1.0
25,train,160,6757,2.461386203765869,2.2488620281219482,-0.2125241756439209,1.0,1.0
25,train,161,11715,2.5650084018707275,2.3525238037109375,-0.21248459815979004,1.0,1.0
25,train,162,6209,3.6450605392456055,3.432985782623291,-0.21207475662231445,1.0,1.0
25,train,163,7556,2.434128761291504,2.6461353302001953,0.2120065689086914,1.0,1.0
25,train,164,11012,3.232274055480957,3.020561456680298,-0.21171259880065918,1.0,1.0
25,train,165,22502,4.315471649169922,4.104272365570068,-0.21119928359985352,1.0,1.0
25,train,166,9164,2.8880271911621094,2.6768579483032227,-0.21116924285888672,1.0,1.0
25,train,167,21188,3.0886077880859375,2.8776028156280518,-0.21100497245788574,1.0,1.0
25,train,168,24935,2.4210731983184814,2.2100749015808105,-0.2109982967376709,1.0,1.0
25,train,169,14860,2.9212920665740967,2.7103943824768066,-0.21089768409729004,1.0,1.0
25,train,170,26878,2.469273567199707,2.258431911468506,-0.21084165573120117,1.0,1.0
25,train,171,12776,4.908316612243652,4.6978912353515625,-0.21042537689208984,1.0,1.0
25,train,172,20730,4.348733901977539,4.138835430145264,-0.2098984718322754,1.0,1.0
25,train,173,26742,4.203697681427002,4.4132537841796875,0.20955610275268555,1.0,1.0
25,train,174,3051,2.506284475326538,2.2967560291290283,-0.20952844619750977,1.0,1.0
25,train,175,23992,4.18945837020874,3.980252265930176,-0.20920610427856445,1.0,1.0
25,train,176,24122,2.980128288269043,2.77103590965271,-0.209092378616333,1.0,1.0
25,train,177,3705,2.473802328109741,2.264775037765503,-0.20902729034423828,1.0,1.0
25,train,178,1048,3.0721511840820312,2.863196849822998,-0.2089543342590332,1.0,1.0
25,train,179,9773,3.076936960220337,2.8681588172912598,-0.20877814292907715,1.0,1.0
25,train,180,18081,2.959711790084839,2.75097393989563,-0.20873785018920898,1.0,1.0
25,train,181,3791,2.941035032272339,2.7327029705047607,-0.20833206176757812,1.0,1.0
25,train,182,12842,3.112354040145874,2.9043378829956055,-0.20801615715026855,1.0,1.0
25,train,183,27404,2.230229139328003,2.0223209857940674,-0.20790815353393555,1.0,1.0
25,train,184,20219,2.3850128650665283,2.1772310733795166,-0.20778179168701172,1.0,1.0
25,train,185,21332,3.2952706813812256,3.087768793106079,-0.20750188827514648,1.0,1.0
25,train,186,22284,3.6720752716064453,3.464583396911621,-0.20749187469482422,1.0,1.0
25,train,187,16811,2.974592924118042,2.7672131061553955,-0.20737981796264648,1.0,1.0
25,train,188,24609,3.0335514545440674,2.8262603282928467,-0.2072911262512207,1.0,1.0
25,train,189,13490,3.0598297119140625,2.8525514602661133,-0.20727825164794922,1.0,1.0
25,train,190,12849,3.568452835083008,3.361205816268921,-0.20724701881408691,1.0,1.0
25,train,191,13731,4.449040412902832,4.656080722808838,0.20704030990600586,1.0,1.0
25,train,192,3152,2.8201792240142822,2.6132049560546875,-0.20697426795959473,1.0,1.0
25,train,193,4150,3.1737327575683594,2.9667718410491943,-0.20696091651916504,1.0,1.0
25,train,194,17467,3.5358283519744873,3.328956365585327,-0.20687198638916016,1.0,1.0
25,train,195,17141,3.3941421508789062,3.1873276233673096,-0.20681452751159668,1.0,1.0
25,train,196,28216,4.1615376472473145,3.954784393310547,-0.20675325393676758,1.0,1.0
25,train,197,4383,3.454907178878784,3.6616406440734863,0.20673346519470215,1.0,1.0
25,train,198,10011,3.1411941051483154,2.9346988201141357,-0.2064952850341797,1.0,1.0
25,train,199,20480,3.262392997741699,3.055983543395996,-0.20640945434570312,1.0,1.0
25,train,200,20052,3.3073570728302,3.1010007858276367,-0.20635628700256348,1.0,1.0
25,train,201,5313,4.143637180328369,3.937472105026245,-0.20616507530212402,1.0,1.0
25,train,202,26717,2.5375897884368896,2.331489086151123,-0.2061007022857666,1.0,1.0
25,train,203,16686,2.2985074520111084,2.5043880939483643,0.20588064193725586,1.0,1.0
25,train,204,19825,4.134990215301514,3.929290771484375,-0.20569944381713867,1.0,1.0
25,train,205,3633,6.221477031707764,6.016237735748291,-0.20523929595947266,1.0,1.0
25,train,206,25762,2.2502596378326416,2.0450966358184814,-0.20516300201416016,1.0,1.0
25,train,207,16752,5.020411014556885,5.225517272949219,0.20510625839233398,1.0,1.0
25,train,208,18978,2.8599205017089844,2.6548945903778076,-0.20502591133117676,1.0,1.0
25,train,209,26683,2.3484904766082764,2.143690824508667,-0.20479965209960938,1.0,1.0
25,train,210,3083,2.0597331523895264,1.8549363613128662,-0.20479679107666016,1.0,1.0
25,train,211,25367,2.452741861343384,2.2479500770568848,-0.20479178428649902,1.0,1.0
25,train,212,3969,2.6731231212615967,2.4684090614318848,-0.20471405982971191,1.0,1.0
25,train,213,20687,2.718141794204712,2.5134387016296387,-0.20470309257507324,1.0,1.0
25,train,214,19342,3.188161611557007,3.392666816711426,0.20450520515441895,1.0,1.0
25,train,215,9577,1.7267355918884277,1.5222623348236084,-0.20447325706481934,1.0,1.0
25,train,216,16138,3.5949175357818604,3.7993099689483643,0.2043924331665039,1.0,1.0
25,train,217,19888,4.330089092254639,4.126034736633301,-0.2040543556213379,1.0,1.0
25,train,218,482,2.5798230171203613,2.375917911529541,-0.2039051055908203,1.0,1.0
25,train,219,27761,7.593766689300537,7.797392845153809,0.20362615585327148,1.0,1.0
25,train,220,23023,3.6986188888549805,3.9020814895629883,0.2034626007080078,1.0,1.0
25,train,221,28432,2.7885119915008545,2.585049629211426,-0.2034623622894287,1.0,1.0
25,train,222,25010,2.8703203201293945,2.667015552520752,-0.20330476760864258,1.0,1.0
25,train,223,4252,2.877345085144043,2.6741974353790283,-0.20314764976501465,1.0,1.0
25,train,224,17185,4.0143537521362305,3.811249256134033,-0.20310449600219727,1.0,1.0
25,train,225,28033,3.204542875289917,3.4076321125030518,0.20308923721313477,1.0,1.0
25,train,226,21862,2.698166847229004,2.4951610565185547,-0.20300579071044922,1.0,1.0
25,train,227,17473,3.098750352859497,3.30163311958313,0.2028827667236328,1.0,1.0
25,train,228,2761,2.1592414379119873,1.9563806056976318,-0.20286083221435547,1.0,1.0
25,train,229,9915,2.9384663105010986,3.14123272895813,0.20276641845703125,1.0,1.0
25,train,230,8007,2.2076432704925537,2.4101743698120117,0.202531099319458,1.0,1.0
25,train,231,2225,2.663078784942627,2.8654356002807617,0.20235681533813477,1.0,1.0
25,train,232,4616,3.2567319869995117,3.0545711517333984,-0.20216083526611328,1.0,1.0
25,train,233,20138,2.6165220737457275,2.4143662452697754,-0.20215582847595215,1.0,1.0
25,train,234,25287,2.9241323471069336,3.126227855682373,0.20209550857543945,1.0,1.0
25,train,235,10971,2.467085599899292,2.669093608856201,0.20200800895690918,1.0,1.0
25,train,236,14441,2.945537567138672,2.7435498237609863,-0.20198774337768555,1.0,1.0
25,train,237,9997,3.4166297912597656,3.2146496772766113,-0.2019801139831543,1.0,1.0
25,train,238,23984,2.99043869972229,2.7884809970855713,-0.20195770263671875,1.0,1.0
25,train,239,21757,2.478339910507202,2.276515483856201,-0.20182442665100098,1.0,1.0
25,train,240,5379,5.255417346954346,5.0535969734191895,-0.20182037353515625,1.0,1.0
25,train,241,17272,3.539573907852173,3.337812662124634,-0.20176124572753906,1.0,1.0
25,train,242,19208,2.6809442043304443,2.4795236587524414,-0.20142054557800293,1.0,1.0
25,train,243,27004,3.7840821743011475,3.582873821258545,-0.20120835304260254,1.0,1.0
25,train,244,9787,4.426877975463867,4.225752353668213,-0.2011256217956543,1.0,1.0
25,train,245,7447,2.91367506980896,2.712629556655884,-0.20104551315307617,1.0,1.0
25,train,246,10706,1.4555357694625854,1.2545044422149658,-0.20103132724761963,1.0,1.0
25,train,247,9967,3.549370050430298,3.3483917713165283,-0.20097827911376953,1.0,1.0
25,train,248,6157,2.1807756423950195,1.9799532890319824,-0.2008223533630371,1.0,1.0
25,train,249,28407,3.9967422485351562,3.796525716781616,-0.20021653175354004,1.0,1.0
25,train,250,13574,2.208017110824585,2.0078561305999756,-0.20016098022460938,1.0,1.0
25,train,251,1175,3.4913463592529297,3.291259765625,-0.2000865936279297,1.0,1.0
25,train,252,20503,3.9743564128875732,3.7743732929229736,-0.1999831199645996,1.0,1.0
25,train,253,22256,2.4643611907958984,2.2644755840301514,-0.19988560676574707,1.0,1.0
25,train,254,25973,5.576812744140625,5.37759256362915,-0.1992201805114746,1.0,1.0
25,train,255,27183,6.174143314361572,6.373316287994385,0.1991729736328125,1.0,1.0
25,train,256,18533,3.1876046657562256,2.9884581565856934,-0.19914650917053223,1.0,1.0
25,train,257,7550,3.2371418476104736,3.436241388320923,0.19909954071044922,1.0,1.0
25,train,258,6027,3.907789945602417,3.7087507247924805,-0.19903922080993652,1.0,1.0
25,train,259,14174,3.0504302978515625,2.851483106613159,-0.19894719123840332,1.0,1.0
25,train,260,28441,2.408548593521118,2.6074891090393066,0.19894051551818848,1.0,1.0
25,train,261,14702,2.016631841659546,1.817823886871338,-0.198807954788208,1.0,1.0
25,train,262,21004,2.7920448780059814,2.5933737754821777,-0.1986711025238037,1.0,1.0
25,train,263,20375,3.5312023162841797,3.7298669815063477,0.19866466522216797,1.0,1.0
25,train,264,27566,3.6037189960479736,3.4050910472869873,-0.19862794876098633,1.0,1.0
25,train,265,26274,3.046363592147827,2.8478424549102783,-0.19852113723754883,1.0,1.0
25,train,266,13438,2.0218446254730225,1.8233247995376587,-0.19851982593536377,1.0,1.0
25,train,267,21517,2.2604992389678955,2.458932876586914,0.19843363761901855,1.0,1.0
25,train,268,27245,1.6952792406082153,1.8934378623962402,0.1981586217880249,1.0,1.0
25,train,269,6352,2.0087225437164307,2.20676589012146,0.1980433464050293,1.0,1.0
25,train,270,7389,2.5215675830841064,2.3236989974975586,-0.19786858558654785,1.0,1.0
25,train,271,13701,2.893915891647339,2.696169137954712,-0.19774675369262695,1.0,1.0
25,train,272,7987,2.273934841156006,2.4716029167175293,0.19766807556152344,1.0,1.0
25,train,273,22904,2.153240442276001,2.3507699966430664,0.19752955436706543,1.0,1.0
25,train,274,7518,3.2401933670043945,3.0428667068481445,-0.19732666015625,1.0,1.0
25,train,275,12011,4.049894332885742,4.246922016143799,0.19702768325805664,1.0,1.0
25,train,276,26027,3.8652265071868896,3.6682612895965576,-0.19696521759033203,1.0,1.0
25,train,277,6405,3.404682159423828,3.207843542098999,-0.1968386173248291,1.0,1.0
25,train,278,2486,4.269299030303955,4.072509765625,-0.19678926467895508,1.0,1.0
25,train,279,8496,3.766700506210327,3.9634687900543213,0.19676828384399414,1.0,1.0
25,train,280,10106,2.115464448928833,1.9188112020492554,-0.19665324687957764,1.0,1.0
25,train,281,25267,2.8659849166870117,2.669598340988159,-0.19638657569885254,1.0,1.0
25,train,282,15850,3.8090736865997314,3.612698793411255,-0.19637489318847656,1.0,1.0
25,train,283,8078,3.4209415912628174,3.2246248722076416,-0.19631671905517578,1.0,1.0
25,train,284,10819,2.302992105484009,2.1069536209106445,-0.19603848457336426,1.0,1.0
25,train,285,15836,3.77176833152771,3.5758895874023438,-0.1958787441253662,1.0,1.0
25,train,286,1931,4.188483238220215,3.992610454559326,-0.19587278366088867,1.0,1.0
25,train,287,91,1.732673168182373,1.537008285522461,-0.1956648826599121,1.0,1.0
25,train,288,2048,2.7757718563079834,2.580158233642578,-0.19561362266540527,1.0,1.0
25,train,289,5089,2.801495313644409,2.605905771255493,-0.19558954238891602,1.0,1.0
25,train,290,27754,3.0516884326934814,2.8562307357788086,-0.19545769691467285,1.0,1.0
25,train,291,16793,3.111480712890625,2.9161744117736816,-0.19530630111694336,1.0,1.0
25,train,292,22322,2.5452630519866943,2.3500380516052246,-0.19522500038146973,1.0,1.0
25,train,293,17436,1.9850544929504395,1.789924144744873,-0.1951303482055664,1.0,1.0
25,train,294,8574,3.5322158336639404,3.33720064163208,-0.19501519203186035,1.0,1.0
25,train,295,22092,2.7120120525360107,2.517025947570801,-0.19498610496520996,1.0,1.0
25,train,296,14066,3.2805569171905518,3.085603713989258,-0.19495320320129395,1.0,1.0
25,train,297,20640,3.0009868144989014,2.806356430053711,-0.19463038444519043,1.0,1.0
25,train,298,9711,3.303574800491333,3.109067678451538,-0.19450712203979492,1.0,1.0
25,train,299,10060,2.8402023315429688,2.6458005905151367,-0.19440174102783203,1.0,1.0
25,train,300,7997,2.4232466220855713,2.2288596630096436,-0.19438695907592773,1.0,1.0
25,train,301,8577,2.8132808208465576,2.618955135345459,-0.19432568550109863,1.0,1.0
25,train,302,2669,2.244805097579956,2.0506038665771484,-0.19420123100280762,1.0,1.0
25,train,303,17918,3.8124563694000244,3.6182737350463867,-0.1941826343536377,1.0,1.0
25,train,304,25099,3.6338870525360107,3.43973708152771,-0.19414997100830078,1.0,1.0
25,train,305,28596,3.02632737159729,2.83252215385437,-0.19380521774291992,1.0,1.0
25,train,306,17639,3.695042848587036,3.501246452331543,-0.19379639625549316,1.0,1.0
25,train,307,22385,1.812859058380127,2.006587028503418,0.19372797012329102,1.0,1.0
25,train,308,16605,3.422792673110962,3.229069948196411,-0.19372272491455078,1.0,1.0
25,train,309,22743,2.6358468532562256,2.442201852798462,-0.19364500045776367,1.0,1.0
25,train,310,28354,2.4087889194488525,2.6023740768432617,0.19358515739440918,1.0,1.0
25,train,311,18321,2.426604986190796,2.233102321624756,-0.19350266456604004,1.0,1.0
25,train,312,9801,2.6265668869018555,2.4331889152526855,-0.19337797164916992,1.0,1.0
25,train,313,14549,4.430335521697998,4.237418174743652,-0.1929173469543457,1.0,1.0
25,train,314,3027,1.8714841604232788,2.064342737197876,0.19285857677459717,1.0,1.0
25,train,315,18103,2.5564675331115723,2.363691568374634,-0.19277596473693848,1.0,1.0
25,train,316,7095,3.500868082046509,3.693578004837036,0.19270992279052734,1.0,1.0
25,train,317,26780,2.383727788925171,2.191051483154297,-0.19267630577087402,1.0,1.0
25,train,318,22237,2.978318452835083,2.7857260704040527,-0.19259238243103027,1.0,1.0
25,train,319,7216,2.102677583694458,2.295222282409668,0.19254469871520996,1.0,1.0
25,train,320,12861,4.1106085777282715,3.918107748031616,-0.19250082969665527,1.0,1.0
25,train,321,2540,5.360502243041992,5.168313503265381,-0.19218873977661133,1.0,1.0
25,train,322,14465,2.713621139526367,2.521580457687378,-0.19204068183898926,1.0,1.0
25,train,323,17957,2.071051836013794,1.8790757656097412,-0.19197607040405273,1.0,1.0
25,train,324,18178,3.454097032546997,3.262143850326538,-0.19195318222045898,1.0,1.0
25,train,325,470,2.698187828063965,2.506251811981201,-0.19193601608276367,1.0,1.0
25,train,326,689,3.6245431900024414,3.4326283931732178,-0.19191479682922363,1.0,1.0
25,train,327,24012,1.6204309463500977,1.8122692108154297,0.19183826446533203,1.0,1.0
25,train,328,20962,2.1632676124572754,1.971566081047058,-0.19170153141021729,1.0,1.0
25,train,329,15811,3.4711878299713135,3.279775857925415,-0.19141197204589844,1.0,1.0
25,train,330,14987,3.7238662242889404,3.5324902534484863,-0.1913759708404541,1.0,1.0
25,train,331,11069,3.2714529037475586,3.0802359580993652,-0.19121694564819336,1.0,1.0
25,train,332,1201,2.096403121948242,1.9052445888519287,-0.19115853309631348,1.0,1.0
25,train,333,10939,2.967066764831543,2.7760283946990967,-0.1910383701324463,1.0,1.0
25,train,334,13719,2.785304069519043,2.59431791305542,-0.19098615646362305,1.0,1.0
25,train,335,2327,2.567657232284546,2.3767900466918945,-0.19086718559265137,1.0,1.0
25,train,336,28174,2.4723803997039795,2.281618595123291,-0.19076180458068848,1.0,1.0
25,train,337,1918,3.4076974391937256,3.2170205116271973,-0.19067692756652832,1.0,1.0
25,train,338,2472,3.333054542541504,3.142625570297241,-0.1904289722442627,1.0,1.0
25,train,339,2877,3.280569314956665,3.09024977684021,-0.19031953811645508,1.0,1.0
25,train,340,19187,2.5249040126800537,2.3345937728881836,-0.19031023979187012,1.0,1.0
25,train,341,18537,2.519994020462036,2.3298137187957764,-0.19018030166625977,1.0,1.0
25,train,342,21974,1.9404040575027466,1.7505359649658203,-0.18986809253692627,1.0,1.0
25,train,343,21230,2.335040807723999,2.145331621170044,-0.18970918655395508,1.0,1.0
25,train,344,3074,2.0423672199249268,1.8526943922042847,-0.1896728277206421,1.0,1.0
25,train,345,2514,3.045506238937378,2.8558905124664307,-0.18961572647094727,1.0,1.0
25,train,346,21364,3.8894481658935547,3.6998531818389893,-0.18959498405456543,1.0,1.0
25,train,347,13406,2.241283893585205,2.051750898361206,-0.18953299522399902,1.0,1.0
25,train,348,10045,3.4372568130493164,3.62660813331604,0.18935132026672363,1.0,1.0
25,train,349,27127,3.3810160160064697,3.570206642150879,0.18919062614440918,1.0,1.0
25,train,350,16126,2.620863437652588,2.4318318367004395,-0.18903160095214844,1.0,1.0
25,train,351,22228,2.973378896713257,2.784367561340332,-0.1890113353729248,1.0,1.0
25,train,352,14547,1.9504889249801636,1.761777400970459,-0.1887115240097046,1.0,1.0
25,train,353,11976,2.9486074447631836,2.759913444519043,-0.18869400024414062,1.0,1.0
25,train,354,15476,2.890298843383789,3.07883882522583,0.18853998184204102,1.0,1.0
25,train,355,13140,3.0413360595703125,2.8530240058898926,-0.18831205368041992,1.0,1.0
25,train,356,22050,4.9219841957092285,4.73376989364624,-0.18821430206298828,1.0,1.0
25,train,357,25078,1.698249340057373,1.8863283395767212,0.18807899951934814,1.0,1.0
25,train,358,23510,2.8754777908325195,2.6876423358917236,-0.1878354549407959,1.0,1.0
25,train,359,21690,4.368818283081055,4.556636333465576,0.18781805038452148,1.0,1.0
25,train,360,5356,3.41955304145813,3.2317919731140137,-0.1877610683441162,1.0,1.0
25,train,361,11317,3.7005956172943115,3.8882951736450195,0.187699556350708,1.0,1.0
25,train,362,12584,1.675695538520813,1.4881014823913574,-0.18759405612945557,1.0,1.0
25,train,363,30,2.451923370361328,2.6395130157470703,0.1875896453857422,1.0,1.0
25,train,364,7501,4.601757049560547,4.414175033569336,-0.18758201599121094,1.0,1.0
25,train,365,2161,3.426382064819336,3.6139559745788574,0.18757390975952148,1.0,1.0
25,train,366,26253,3.817112922668457,3.6295650005340576,-0.18754792213439941,1.0,1.0
25,train,367,19823,2.076378583908081,1.8889590501785278,-0.18741953372955322,1.0,1.0
25,train,368,15139,3.3218955993652344,3.5092904567718506,0.1873948574066162,1.0,1.0
25,train,369,10470,3.7695066928863525,3.5821402072906494,-0.18736648559570312,1.0,1.0
25,train,370,23185,3.875295400619507,4.062624454498291,0.18732905387878418,1.0,1.0
25,train,371,8440,2.814485549926758,2.627439498901367,-0.18704605102539062,1.0,1.0
25,train,372,27170,2.3854925632476807,2.198704719543457,-0.18678784370422363,1.0,1.0
25,train,373,27955,2.359787702560425,2.173004388809204,-0.1867833137512207,1.0,1.0
25,train,374,9105,3.2561168670654297,3.0693838596343994,-0.18673300743103027,1.0,1.0
25,train,375,27559,2.5829975605010986,2.3962783813476562,-0.18671917915344238,1.0,1.0
25,train,376,4957,2.786519765853882,2.9732370376586914,0.18671727180480957,1.0,1.0
25,train,377,21290,3.184349775314331,3.3710551261901855,0.1867053508758545,1.0,1.0
25,train,378,11151,2.009490489959717,1.8229626417160034,-0.18652784824371338,1.0,1.0
25,train,379,2494,2.801755905151367,2.615234613418579,-0.18652129173278809,1.0,1.0
25,train,380,11539,2.8099365234375,2.996373176574707,0.18643665313720703,1.0,1.0
25,train,381,18863,5.572688579559326,5.759122848510742,0.18643426895141602,1.0,1.0
25,train,382,25290,2.81655216217041,2.6301469802856445,-0.18640518188476562,1.0,1.0
25,train,383,28108,3.0966646671295166,2.910407781600952,-0.18625688552856445,1.0,1.0
25,train,384,1308,2.768756628036499,2.5825045108795166,-0.18625211715698242,1.0,1.0
25,train,385,1359,2.857300043106079,2.6710901260375977,-0.18620991706848145,1.0,1.0
25,train,386,23044,2.808444023132324,2.6223318576812744,-0.1861121654510498,1.0,1.0
25,train,387,18319,2.548995018005371,2.7350878715515137,0.18609285354614258,1.0,1.0
25,train,388,19067,2.6298303604125977,2.4437849521636963,-0.18604540824890137,1.0,1.0
25,train,389,6430,3.749234914779663,3.563206911087036,-0.18602800369262695,1.0,1.0
25,train,390,15790,3.4002914428710938,3.2144155502319336,-0.18587589263916016,1.0,1.0
25,train,391,3239,2.340754747390747,2.1548876762390137,-0.1858670711517334,1.0,1.0
25,train,392,4080,2.0067265033721924,1.820974349975586,-0.18575215339660645,1.0,1.0
25,train,393,6036,3.3119258880615234,3.126295566558838,-0.18563032150268555,1.0,1.0
25,train,394,25632,3.814883232116699,4.000489234924316,0.1856060028076172,1.0,1.0
25,train,395,16312,3.2875282764434814,3.10196590423584,-0.1855623722076416,1.0,1.0
25,train,396,13218,3.104466438293457,2.9190609455108643,-0.18540549278259277,1.0,1.0
25,train,397,22459,2.5483548641204834,2.3629848957061768,-0.18536996841430664,1.0,1.0
25,train,398,16025,4.0831074714660645,3.8977906703948975,-0.185316801071167,1.0,1.0
25,train,399,24745,2.4770004749298096,2.291745185852051,-0.1852552890777588,1.0,1.0
25,train,400,22958,2.784719705581665,2.599649429321289,-0.18507027626037598,1.0,1.0
25,train,401,590,2.297787666320801,2.1127333641052246,-0.18505430221557617,1.0,1.0
25,train,402,2288,5.378906726837158,5.19393253326416,-0.18497419357299805,1.0,1.0
25,train,403,21919,2.508516550064087,2.323714017868042,-0.18480253219604492,1.0,1.0
25,train,404,15874,2.80313777923584,2.6184489727020264,-0.18468880653381348,1.0,1.0
25,train,405,13685,2.5649783611297607,2.3803510665893555,-0.18462729454040527,1.0,1.0
25,train,406,6520,2.061222553253174,1.8766169548034668,-0.18460559844970703,1.0,1.0
25,train,407,3407,3.7324562072753906,3.547877311706543,-0.18457889556884766,1.0,1.0
25,train,408,19869,2.4375107288360596,2.252936363220215,-0.18457436561584473,1.0,1.0
25,train,409,23847,2.690267324447632,2.5057055950164795,-0.18456172943115234,1.0,1.0
25,train,410,7916,2.430968999862671,2.246508836746216,-0.18446016311645508,1.0,1.0
25,train,411,28621,3.0888378620147705,2.9044198989868164,-0.1844179630279541,1.0,1.0
25,train,412,19943,3.6471309661865234,3.8313064575195312,0.1841754913330078,1.0,1.0
25,train,413,24635,3.9573023319244385,3.7732391357421875,-0.18406319618225098,1.0,1.0
25,train,414,4468,2.7652876377105713,2.581234931945801,-0.1840527057647705,1.0,1.0
25,train,415,6823,4.146450519561768,3.9626588821411133,-0.1837916374206543,1.0,1.0
25,train,416,12566,3.1985538005828857,3.0149340629577637,-0.18361973762512207,1.0,1.0
25,train,417,8063,1.5008407831192017,1.68434739112854,0.18350660800933838,1.0,1.0
25,train,418,9751,1.7046360969543457,1.521163821220398,-0.18347227573394775,1.0,1.0
25,train,419,24147,3.228212594985962,3.4116599559783936,0.18344736099243164,1.0,1.0
25,train,420,719,6.047792911529541,5.864364147186279,-0.18342876434326172,1.0,1.0
25,train,421,113,3.3971824645996094,3.5804643630981445,0.18328189849853516,1.0,1.0
25,train,422,20839,2.3510327339172363,2.1677591800689697,-0.1832735538482666,1.0,1.0
25,train,423,1155,2.220384120941162,2.0371248722076416,-0.1832592487335205,1.0,1.0
25,train,424,5389,3.115043878555298,2.9318454265594482,-0.1831984519958496,1.0,1.0
25,train,425,28172,1.9497146606445312,1.7665759325027466,-0.18313872814178467,1.0,1.0
25,train,426,20061,2.1369948387145996,1.9539284706115723,-0.18306636810302734,1.0,1.0
25,train,427,24784,3.363528251647949,3.1805357933044434,-0.18299245834350586,1.0,1.0
25,train,428,1996,3.1208133697509766,2.9378821849823,-0.18293118476867676,1.0,1.0
25,train,429,23419,2.8588178157806396,2.6760847568511963,-0.18273305892944336,1.0,1.0
25,train,430,12906,3.7889244556427,3.9716508388519287,0.18272638320922852,1.0,1.0
25,train,431,14889,3.313162088394165,3.130492925643921,-0.18266916275024414,1.0,1.0
25,train,432,9019,3.9748547077178955,3.792194366455078,-0.18266034126281738,1.0,1.0
25,train,433,5056,3.7442779541015625,3.5616369247436523,-0.18264102935791016,1.0,1.0
25,train,434,16315,2.8143956661224365,2.9970295429229736,0.1826338768005371,1.0,1.0
25,train,435,14036,3.380927801132202,3.5635550022125244,0.18262720108032227,1.0,1.0
25,train,436,24726,3.3481388092041016,3.165688991546631,-0.1824498176574707,1.0,1.0
25,train,437,11588,2.4524576663970947,2.2700414657592773,-0.18241620063781738,1.0,1.0
25,train,438,17113,2.929616689682007,2.7472105026245117,-0.18240618705749512,1.0,1.0
25,train,439,15377,2.049088954925537,1.8667025566101074,-0.1823863983154297,1.0,1.0
25,train,440,23513,3.2981297969818115,3.1158173084259033,-0.1823124885559082,1.0,1.0
25,train,441,28331,2.457329034805298,2.2750229835510254,-0.18230605125427246,1.0,1.0
25,train,442,9891,2.5743248462677,2.3920860290527344,-0.18223881721496582,1.0,1.0
25,train,443,13308,2.338665723800659,2.1565446853637695,-0.18212103843688965,1.0,1.0
25,train,444,1592,1.7404588460922241,1.5585728883743286,-0.1818859577178955,1.0,1.0
25,train,445,7750,3.4492578506469727,3.267524480819702,-0.1817333698272705,1.0,1.0
25,train,446,27636,2.753790855407715,2.935450553894043,0.18165969848632812,1.0,1.0
25,train,447,17313,2.778183937072754,2.596616506576538,-0.18156743049621582,1.0,1.0
25,train,448,12521,4.277426242828369,4.095956325531006,-0.18146991729736328,1.0,1.0
25,train,449,12831,2.7794430255889893,2.5981712341308594,-0.18127179145812988,1.0,1.0
25,train,450,1886,2.4609780311584473,2.642230987548828,0.18125295639038086,1.0,1.0
25,train,451,15645,2.340989351272583,2.1597445011138916,-0.1812448501586914,1.0,1.0
25,train,452,15218,2.6546919345855713,2.4735865592956543,-0.181105375289917,1.0,1.0
25,train,453,27088,3.8439829349517822,3.662905693054199,-0.181077241897583,1.0,1.0
25,train,454,257,2.537315845489502,2.3562657833099365,-0.18105006217956543,1.0,1.0
25,train,455,8912,1.7851184606552124,1.604161024093628,-0.18095743656158447,1.0,1.0
25,train,456,20046,4.449869632720947,4.269174098968506,-0.1806955337524414,1.0,1.0
25,train,457,3879,1.8040951490402222,1.62364661693573,-0.1804485321044922,1.0,1.0
25,train,458,12933,3.306516408920288,3.1261041164398193,-0.18041229248046875,1.0,1.0
25,train,459,10401,2.1837220191955566,2.003344774246216,-0.18037724494934082,1.0,1.0
25,train,460,6763,2.266747236251831,2.4471216201782227,0.1803743839263916,1.0,1.0
25,train,461,4462,4.56830358505249,4.3879780769348145,-0.18032550811767578,1.0,1.0
25,train,462,23296,3.6338460445404053,3.4535505771636963,-0.18029546737670898,1.0,1.0
25,train,463,21556,2.4297308921813965,2.249455690383911,-0.18027520179748535,1.0,1.0
25,train,464,13395,2.6728572845458984,2.4926979541778564,-0.180159330368042,1.0,1.0
25,train,465,16361,2.7439966201782227,2.924107551574707,0.18011093139648438,1.0,1.0
25,train,466,18161,2.4686992168426514,2.6487364768981934,0.180037260055542,1.0,1.0
25,train,467,22970,3.296142816543579,3.1161110401153564,-0.18003177642822266,1.0,1.0
25,train,468,23930,2.3165996074676514,2.1365880966186523,-0.18001151084899902,1.0,1.0
25,train,469,3523,4.170803070068359,4.350784778594971,0.17998170852661133,1.0,1.0
25,train,470,18285,2.789825201034546,2.6098501682281494,-0.17997503280639648,1.0,1.0
25,train,471,22180,4.094812393188477,3.914865255355835,-0.1799471378326416,1.0,1.0
25,train,472,26036,1.897586703300476,1.7176629304885864,-0.17992377281188965,1.0,1.0
25,train,473,907,2.815917730331421,2.99582839012146,0.17991065979003906,1.0,1.0
25,train,474,14461,2.04125714302063,1.8613510131835938,-0.17990612983703613,1.0,1.0
25,train,475,26399,2.0692217350006104,1.889426589012146,-0.17979514598846436,1.0,1.0
25,train,476,20304,3.94150710105896,3.761734962463379,-0.17977213859558105,1.0,1.0
25,train,477,20440,3.5099010467529297,3.3301289081573486,-0.17977213859558105,1.0,1.0
25,train,478,4140,2.628690481185913,2.4489285945892334,-0.1797618865966797,1.0,1.0
25,train,479,21830,3.711278200149536,3.890974760055542,0.17969655990600586,1.0,1.0
25,train,480,2465,2.2448980808258057,2.0652248859405518,-0.1796731948852539,1.0,1.0
25,train,481,15824,2.8469324111938477,2.6672682762145996,-0.17966413497924805,1.0,1.0
25,train,482,17410,3.468149185180664,3.288515329360962,-0.17963385581970215,1.0,1.0
25,train,483,731,2.518080949783325,2.338559150695801,-0.17952179908752441,1.0,1.0
25,train,484,15883,2.5786683559417725,2.7581095695495605,0.17944121360778809,1.0,1.0
25,train,485,1982,2.8310320377349854,2.651606559753418,-0.17942547798156738,1.0,1.0
25,train,486,6155,2.693732500076294,2.514317750930786,-0.1794147491455078,1.0,1.0
25,train,487,6714,4.0790629386901855,3.899732828140259,-0.17933011054992676,1.0,1.0
25,train,488,15463,3.6153342723846436,3.436011552810669,-0.1793227195739746,1.0,1.0
25,train,489,28180,3.621291160583496,3.44197154045105,-0.1793196201324463,1.0,1.0
25,train,490,1623,3.016653060913086,3.195901393890381,0.17924833297729492,1.0,1.0
25,train,491,10084,1.8248289823532104,1.6456551551818848,-0.17917382717132568,1.0,1.0
25,train,492,28600,3.934741735458374,3.7556276321411133,-0.17911410331726074,1.0,1.0
25,train,493,21038,3.7939865589141846,3.6149837970733643,-0.1790027618408203,1.0,1.0
25,train,494,17671,3.3907527923583984,3.569753885269165,0.1790010929107666,1.0,1.0
25,train,495,13676,4.256275653839111,4.077470302581787,-0.17880535125732422,1.0,1.0
25,train,496,6668,3.523847818374634,3.345139741897583,-0.17870807647705078,1.0,1.0
25,train,497,25667,3.3284358978271484,3.1497578620910645,-0.17867803573608398,1.0,1.0
25,train,498,19113,3.356628656387329,3.1780831813812256,-0.17854547500610352,1.0,1.0
25,train,499,14030,2.3053598403930664,2.126821994781494,-0.17853784561157227,1.0,1.0
25,train,500,27151,3.234308958053589,3.05580997467041,-0.1784989833831787,1.0,1.0
25,eval,1,25864,4.561117649078369,4.162012100219727,-0.3991055488586426,1.0,1.0
25,eval,2,14838,2.8660871982574463,3.2460782527923584,0.3799910545349121,1.0,1.0
25,eval,3,9097,3.023681402206421,2.663801908493042,-0.3598794937133789,1.0,1.0
25,eval,4,19384,8.333250045776367,7.977836608886719,-0.35541343688964844,1.0,1.0
25,eval,5,23434,3.244776964187622,2.905015468597412,-0.33976149559020996,1.0,1.0
25,eval,6,8538,3.138406753540039,2.8021676540374756,-0.3362390995025635,1.0,1.0
25,eval,7,34,2.474104404449463,2.1379566192626953,-0.3361477851867676,1.0,1.0
25,eval,8,25555,4.214104652404785,3.8804309368133545,-0.33367371559143066,1.0,1.0
25,eval,9,20778,2.8894731998443604,3.218000888824463,0.32852768898010254,1.0,1.0
25,eval,10,11364,9.129744529724121,9.453487396240234,0.3237428665161133,1.0,1.0
25,eval,11,8130,9.067008972167969,8.744298934936523,-0.3227100372314453,1.0,1.0
25,eval,12,4370,4.191957950592041,3.8724470138549805,-0.31951093673706055,1.0,1.0
25,eval,13,17357,2.59185791015625,2.2768030166625977,-0.31505489349365234,1.0,1.0
25,eval,14,15185,2.363616704940796,2.0497958660125732,-0.31382083892822266,1.0,1.0
25,eval,15,3764,3.9263153076171875,3.614842414855957,-0.31147289276123047,1.0,1.0
25,eval,16,23351,3.7441909313201904,3.4340059757232666,-0.31018495559692383,1.0,1.0
25,eval,17,24869,4.241374969482422,3.932152271270752,-0.3092226982116699,1.0,1.0
25,eval,18,18558,4.011366367340088,3.7084202766418457,-0.3029460906982422,1.0,1.0
25,eval,19,1902,2.7760536670684814,2.4773035049438477,-0.2987501621246338,1.0,1.0
25,eval,20,27762,2.844158887863159,2.5473928451538086,-0.2967660427093506,1.0,1.0
25,eval,21,19356,4.445102214813232,4.151773452758789,-0.29332876205444336,1.0,1.0
25,eval,22,20413,3.975142240524292,3.6863136291503906,-0.28882861137390137,1.0,1.0
25,eval,23,4433,6.726433277130127,7.01365852355957,0.28722524642944336,1.0,1.0
25,eval,24,2424,3.6076343059539795,3.3243234157562256,-0.2833108901977539,1.0,1.0
25,eval,25,15780,3.164098024368286,2.8810176849365234,-0.2830803394317627,1.0,1.0
25,eval,26,27053,2.5231270790100098,2.2429616451263428,-0.280165433883667,1.0,1.0
25,eval,27,2790,2.659672975540161,2.3798418045043945,-0.2798311710357666,1.0,1.0
25,eval,28,22368,2.898268699645996,2.619216203689575,-0.2790524959564209,1.0,1.0
25,eval,29,8373,1.9627891778945923,1.6852240562438965,-0.2775651216506958,1.0,1.0
25,eval,30,12081,2.636688709259033,2.359494686126709,-0.2771940231323242,1.0,1.0
25,eval,31,1576,3.56620192527771,3.2931361198425293,-0.27306580543518066,1.0,1.0
25,eval,32,3875,1.2988940477371216,1.0320435762405396,-0.26685047149658203,1.0,1.0
25,eval,33,14029,3.501185655593872,3.2343757152557373,-0.26680994033813477,1.0,1.0
25,eval,34,26889,2.1305718421936035,1.864768385887146,-0.2658034563064575,1.0,1.0
25,eval,35,19081,3.3329055309295654,3.067854881286621,-0.26505064964294434,1.0,1.0
25,eval,36,19705,3.4821150302886963,3.2173116207122803,-0.264803409576416,1.0,1.0
25,eval,37,13163,3.5285375118255615,3.264925241470337,-0.2636122703552246,1.0,1.0
25,eval,38,21862,2.705427408218384,2.4423415660858154,-0.26308584213256836,1.0,1.0
25,eval,39,14019,6.747107982635498,6.4855217933654785,-0.26158618927001953,1.0,1.0
25,eval,40,23587,3.7903521060943604,3.5333449840545654,-0.2570071220397949,1.0,1.0
25,eval,41,28529,2.577422857284546,2.320897102355957,-0.25652575492858887,1.0,1.0
25,eval,42,5603,1.7349591255187988,1.990782380104065,0.2558232545852661,1.0,1.0
25,eval,43,4963,3.8894102573394775,3.6338119506835938,-0.2555983066558838,1.0,1.0
25,eval,44,22168,2.6382033824920654,2.3833258152008057,-0.25487756729125977,1.0,1.0
25,eval,45,16898,5.197707653045654,5.452555179595947,0.25484752655029297,1.0,1.0
25,eval,46,24699,1.744255542755127,1.9982411861419678,0.2539856433868408,1.0,1.0
25,eval,47,18291,1.726744532585144,1.4737696647644043,-0.25297486782073975,1.0,1.0
25,eval,48,5700,2.7059545516967773,2.4533655643463135,-0.25258898735046387,1.0,1.0
25,eval,49,3350,3.3419017791748047,3.089545488357544,-0.25235629081726074,1.0,1.0
25,eval,50,20369,3.025984525680542,2.7745285034179688,-0.25145602226257324,1.0,1.0
25,eval,51,3958,2.5117504596710205,2.260587453842163,-0.2511630058288574,1.0,1.0
25,eval,52,27183,6.247988224029541,6.49889612197876,0.25090789794921875,1.0,1.0
25,eval,53,8147,3.732069730758667,3.4812259674072266,-0.25084376335144043,1.0,1.0
25,eval,54,16250,2.292490243911743,2.0420782566070557,-0.2504119873046875,1.0,1.0
25,eval,55,6649,2.6413252353668213,2.891141414642334,0.2498161792755127,1.0,1.0
25,eval,56,1822,3.963587760925293,4.213221073150635,0.2496333122253418,1.0,1.0
25,eval,57,22834,1.786755084991455,1.5382256507873535,-0.24852943420410156,1.0,1.0
25,eval,58,3705,2.4688479900360107,2.2206900119781494,-0.24815797805786133,1.0,1.0
25,eval,59,17957,2.0327727794647217,1.7852693796157837,-0.247503399848938,1.0,1.0
25,eval,60,2048,2.782733201980591,2.5362040996551514,-0.24652910232543945,1.0,1.0
25,eval,61,11715,2.5789599418640137,2.334176540374756,-0.2447834014892578,1.0,1.0
25,eval,62,8062,2.0135393142700195,2.2581069469451904,0.2445676326751709,1.0,1.0
25,eval,63,3354,3.10713791847229,2.8627655506134033,-0.24437236785888672,1.0,1.0
25,eval,64,482,2.567251443862915,2.324143409729004,-0.24310803413391113,1.0,1.0
25,eval,65,18495,3.0043647289276123,2.762108325958252,-0.24225640296936035,1.0,1.0
25,eval,66,9424,2.7724926471710205,2.530302047729492,-0.24219059944152832,1.0,1.0
25,eval,67,14465,2.6890971660614014,2.4478423595428467,-0.2412548065185547,1.0,1.0
25,eval,68,6754,3.1651487350463867,3.406141996383667,0.24099326133728027,1.0,1.0
25,eval,69,22163,5.366541385650635,5.6075310707092285,0.24098968505859375,1.0,1.0
25,eval,70,13200,3.354593276977539,3.1145317554473877,-0.24006152153015137,1.0,1.0
25,eval,71,16184,3.431645631790161,3.1921050548553467,-0.23954057693481445,1.0,1.0
25,eval,72,3133,2.6100990772247314,2.370633125305176,-0.23946595191955566,1.0,1.0
25,eval,73,19825,4.109421730041504,3.870068073272705,-0.23935365676879883,1.0,1.0
25,eval,74,10503,2.503943920135498,2.26503849029541,-0.2389054298400879,1.0,1.0
25,eval,75,21538,3.9169657230377197,3.678105592727661,-0.2388601303100586,1.0,1.0
25,eval,76,5379,5.289557456970215,5.050994873046875,-0.23856258392333984,1.0,1.0
25,eval,77,12383,2.4206995964050293,2.182403087615967,-0.2382965087890625,1.0,1.0
25,eval,78,6405,3.4137306213378906,3.1759679317474365,-0.2377626895904541,1.0,1.0
25,eval,79,21960,3.3081753253936768,3.070733070373535,-0.2374422550201416,1.0,1.0
25,eval,80,11116,1.7895230054855347,1.5521352291107178,-0.2373877763748169,1.0,1.0
25,eval,81,24909,2.7695724964141846,2.5322396755218506,-0.23733282089233398,1.0,1.0
25,eval,82,2155,2.8708598613739014,2.633761405944824,-0.23709845542907715,1.0,1.0
25,eval,83,7216,2.1371829509735107,2.374213695526123,0.2370307445526123,1.0,1.0
25,eval,84,9822,2.6997926235198975,2.4628031253814697,-0.23698949813842773,1.0,1.0
25,eval,85,13574,2.227309465408325,1.9904354810714722,-0.23687398433685303,1.0,1.0
25,eval,86,21188,3.0823309421539307,2.845642328262329,-0.23668861389160156,1.0,1.0
25,eval,87,27871,2.89335560798645,2.6566760540008545,-0.2366795539855957,1.0,1.0
25,eval,88,20730,4.301449775695801,4.065176963806152,-0.23627281188964844,1.0,1.0
25,eval,89,28033,3.25213360786438,3.4880292415618896,0.23589563369750977,1.0,1.0
25,eval,90,28006,2.6965205669403076,2.4607245922088623,-0.2357959747314453,1.0,1.0
25,eval,91,2667,3.331176996231079,3.096816062927246,-0.234360933303833,1.0,1.0
25,eval,92,14097,3.3210155963897705,3.087113857269287,-0.2339017391204834,1.0,1.0
25,eval,93,12368,3.366445541381836,3.133333921432495,-0.23311161994934082,1.0,1.0
25,eval,94,13779,3.3883450031280518,3.1552562713623047,-0.23308873176574707,1.0,1.0
25,eval,95,28539,3.1104354858398438,2.8774001598358154,-0.23303532600402832,1.0,1.0
25,eval,96,6157,2.1654164791107178,1.9325084686279297,-0.23290801048278809,1.0,1.0
25,eval,97,3358,2.7102339267730713,2.943129539489746,0.2328956127166748,1.0,1.0
25,eval,98,19208,2.675372838973999,2.4425668716430664,-0.23280596733093262,1.0,1.0
25,eval,99,22151,3.3751142024993896,3.1426706314086914,-0.23244357109069824,1.0,1.0
25,eval,100,2504,4.061530590057373,3.829535961151123,-0.23199462890625,1.0,1.0
25,eval,101,9164,2.8431293964385986,2.611285448074341,-0.2318439483642578,1.0,1.0
25,eval,102,23992,4.163955211639404,3.932284116744995,-0.23167109489440918,1.0,1.0
25,eval,103,7169,3.2801854610443115,3.0485422611236572,-0.2316431999206543,1.0,1.0
25,eval,104,23908,2.126668691635132,1.8950799703598022,-0.2315887212753296,1.0,1.0
25,eval,105,1305,3.3090620040893555,3.077561378479004,-0.23150062561035156,1.0,1.0
25,eval,106,8574,3.539048194885254,3.308351993560791,-0.2306962013244629,1.0,1.0
25,eval,107,14534,3.366119623184204,3.1362452507019043,-0.2298743724822998,1.0,1.0
25,eval,108,388,4.9559712409973145,4.726415634155273,-0.22955560684204102,1.0,1.0
25,eval,109,12682,1.8001219034194946,1.5706534385681152,-0.2294684648513794,1.0,1.0
25,eval,110,27654,1.5937973260879517,1.3644189834594727,-0.229378342628479,1.0,1.0
25,eval,111,26683,2.3114187717437744,2.082390308380127,-0.22902846336364746,1.0,1.0
25,eval,112,22435,2.6429617404937744,2.414015769958496,-0.22894597053527832,1.0,1.0
25,eval,113,20839,2.3239223957061768,2.0956995487213135,-0.22822284698486328,1.0,1.0
25,eval,114,12625,2.716376543045044,2.944596290588379,0.22821974754333496,1.0,1.0
25,eval,115,9915,2.9726076126098633,3.2007670402526855,0.22815942764282227,1.0,1.0
25,eval,116,25970,2.4585092067718506,2.230456829071045,-0.22805237770080566,1.0,1.0
25,eval,117,22495,3.5177438259124756,3.289937734603882,-0.22780609130859375,1.0,1.0
25,eval,118,10706,1.4573049545288086,1.2295284271240234,-0.22777652740478516,1.0,1.0
25,eval,119,25669,4.106653690338135,3.8789148330688477,-0.2277388572692871,1.0,1.0
25,eval,120,1814,3.662867546081543,3.435445547103882,-0.22742199897766113,1.0,1.0
25,eval,121,2486,4.247466564178467,4.020608425140381,-0.22685813903808594,1.0,1.0
25,eval,122,6042,2.2881381511688232,2.514878988265991,0.22674083709716797,1.0,1.0
25,eval,123,413,2.4072115421295166,2.180602788925171,-0.2266087532043457,1.0,1.0
25,eval,124,21202,4.068195819854736,4.294362545013428,0.2261667251586914,1.0,1.0
25,eval,125,6628,3.7312400341033936,3.505159616470337,-0.22608041763305664,1.0,1.0
25,eval,126,26717,2.519381046295166,2.2940292358398438,-0.22535181045532227,1.0,1.0
25,eval,127,20061,2.1169662475585938,1.8917677402496338,-0.22519850730895996,1.0,1.0
25,eval,128,1897,5.704469680786133,5.479361534118652,-0.22510814666748047,1.0,1.0
25,eval,129,22256,2.4725112915039062,2.247837543487549,-0.22467374801635742,1.0,1.0
25,eval,130,26703,3.2376649379730225,3.013964891433716,-0.22370004653930664,1.0,1.0
25,eval,131,17113,2.895963430404663,2.6726315021514893,-0.22333192825317383,1.0,1.0
25,eval,132,21060,3.9507219791412354,3.728043794631958,-0.22267818450927734,1.0,1.0
25,eval,133,13214,2.497103452682495,2.27490496635437,-0.222198486328125,1.0,1.0
25,eval,134,16833,4.011194705963135,3.789095163345337,-0.22209954261779785,1.0,1.0
25,eval,135,6668,3.5350587368011475,3.3130557537078857,-0.22200298309326172,1.0,1.0
25,eval,136,6209,3.611281156539917,3.389371633529663,-0.2219095230102539,1.0,1.0
25,eval,137,20632,5.0336408615112305,4.811764240264893,-0.2218766212463379,1.0,1.0
25,eval,138,17502,2.2069714069366455,1.985963225364685,-0.22100818157196045,1.0,1.0
25,eval,139,11942,2.088892936706543,1.8678902387619019,-0.2210026979446411,1.0,1.0
25,eval,140,13731,4.509418964385986,4.730245590209961,0.2208266258239746,1.0,1.0
25,eval,141,20687,2.713070869445801,2.492471933364868,-0.22059893608093262,1.0,1.0
25,eval,142,20388,3.3390047550201416,3.119732618331909,-0.21927213668823242,1.0,1.0
25,eval,143,4198,2.7448012828826904,2.525851249694824,-0.2189500331878662,1.0,1.0
25,eval,144,7987,2.3091328144073486,2.5279555320739746,0.21882271766662598,1.0,1.0
25,eval,145,23971,4.137743949890137,3.919306755065918,-0.21843719482421875,1.0,1.0
25,eval,146,8178,2.2394044399261475,2.0209808349609375,-0.21842360496520996,1.0,1.0
25,eval,147,7957,3.4975929260253906,3.7159581184387207,0.21836519241333008,1.0,1.0
25,eval,148,15978,2.2680552005767822,2.0498239994049072,-0.218231201171875,1.0,1.0
25,eval,149,21004,2.7903549671173096,2.5729846954345703,-0.21737027168273926,1.0,1.0
25,eval,150,17141,3.3886072635650635,3.1712427139282227,-0.21736454963684082,1.0,1.0
25,eval,151,6430,3.748873710632324,3.5315237045288086,-0.21735000610351562,1.0,1.0
25,eval,152,30,2.4564402103424072,2.6735990047454834,0.21715879440307617,1.0,1.0
25,eval,153,28394,2.7918970584869385,3.0090131759643555,0.217116117477417,1.0,1.0
25,eval,154,20440,3.4923689365386963,3.2753076553344727,-0.21706128120422363,1.0,1.0
25,eval,155,6757,2.413654327392578,2.196866273880005,-0.21678805351257324,1.0,1.0
25,eval,156,13933,1.14835786819458,0.9318616390228271,-0.21649622917175293,1.0,1.0
25,eval,157,25099,3.6411733627319336,3.424687623977661,-0.21648573875427246,1.0,1.0
25,eval,158,13970,1.612583041191101,1.828987717628479,0.21640467643737793,1.0,1.0
25,eval,159,6410,3.513352394104004,3.297145128250122,-0.21620726585388184,1.0,1.0
25,eval,160,2689,3.0012903213500977,3.2174952030181885,0.21620488166809082,1.0,1.0
25,eval,161,18978,2.8246309757232666,2.608525514602661,-0.21610546112060547,1.0,1.0
25,eval,162,17734,2.6049163341522217,2.8209095001220703,0.21599316596984863,1.0,1.0
25,eval,163,15824,2.8411264419555664,2.6251516342163086,-0.2159748077392578,1.0,1.0
25,eval,164,24266,2.9677248001098633,2.7523114681243896,-0.21541333198547363,1.0,1.0
25,eval,165,11012,3.219265937805176,3.004188299179077,-0.21507763862609863,1.0,1.0
25,eval,166,28018,6.015560150146484,6.230424880981445,0.21486473083496094,1.0,1.0
25,eval,167,17750,2.0810158252716064,2.295841693878174,0.21482586860656738,1.0,1.0
25,eval,168,23419,2.8466145992279053,2.631826162338257,-0.21478843688964844,1.0,1.0
25,eval,169,4070,3.2473154067993164,3.0325348377227783,-0.21478056907653809,1.0,1.0
25,eval,170,2554,2.9093358516693115,2.69474196434021,-0.21459388732910156,1.0,1.0
25,eval,171,24752,5.810459613800049,6.024961471557617,0.21450185775756836,1.0,1.0
25,eval,172,23510,2.8412113189697266,2.626744270324707,-0.21446704864501953,1.0,1.0
25,eval,173,7518,3.2442009449005127,3.0298075675964355,-0.21439337730407715,1.0,1.0
25,eval,174,21703,3.9954864978790283,3.7815752029418945,-0.2139112949371338,1.0,1.0
25,eval,175,25287,2.958261728286743,3.1721372604370117,0.21387553215026855,1.0,1.0
25,eval,176,3083,2.058403730392456,1.8447235822677612,-0.21368014812469482,1.0,1.0
25,eval,177,3287,3.7649316787719727,3.5512521266937256,-0.21367955207824707,1.0,1.0
25,eval,178,20375,3.5806424617767334,3.7942140102386475,0.21357154846191406,1.0,1.0
25,eval,179,26253,3.7775096893310547,3.5641043186187744,-0.21340537071228027,1.0,1.0
25,eval,180,9531,1.5165640115737915,1.7295117378234863,0.21294772624969482,1.0,1.0
25,eval,181,1102,1.1184148788452148,1.3313592672348022,0.2129443883895874,1.0,1.0
25,eval,182,10106,2.1140058040618896,1.9011993408203125,-0.21280646324157715,1.0,1.0
25,eval,183,18321,2.423687696456909,2.2109639644622803,-0.2127237319946289,1.0,1.0
25,eval,184,3633,6.226949691772461,6.014256954193115,-0.2126927375793457,1.0,1.0
25,eval,185,1048,3.0362672805786133,2.8235902786254883,-0.212677001953125,1.0,1.0
25,eval,186,4860,5.416078090667725,5.203462600708008,-0.2126154899597168,1.0,1.0
25,eval,187,20480,3.215749502182007,3.0032639503479004,-0.21248555183410645,1.0,1.0
25,eval,188,17639,3.6837358474731445,3.471731185913086,-0.2120046615600586,1.0,1.0
25,eval,189,25928,5.6134867668151855,5.8253960609436035,0.21190929412841797,1.0,1.0
25,eval,190,8831,3.3515913486480713,3.139718532562256,-0.21187281608581543,1.0,1.0
25,eval,191,1317,3.336954355239868,3.1254818439483643,-0.2114725112915039,1.0,1.0
25,eval,192,3247,4.114529609680176,3.9031147956848145,-0.21141481399536133,1.0,1.0
25,eval,193,3593,2.2761385440826416,2.0648651123046875,-0.2112734317779541,1.0,1.0
25,eval,194,21757,2.4274704456329346,2.2164576053619385,-0.2110128402709961,1.0,1.0
25,eval,195,15874,2.8075809478759766,2.596604347229004,-0.21097660064697266,1.0,1.0
25,eval,196,3152,2.796139717102051,2.5851809978485107,-0.21095871925354004,1.0,1.0
25,eval,197,8392,5.330311298370361,5.541156768798828,0.2108454704284668,1.0,1.0
25,eval,198,12501,3.0792229175567627,3.2900662422180176,0.21084332466125488,1.0,1.0
25,eval,199,20138,2.598616600036621,2.3878087997436523,-0.21080780029296875,1.0,1.0
25,eval,200,1918,3.3955163955688477,3.1847167015075684,-0.2107996940612793,1.0,1.0
25,eval,201,2935,2.352786064147949,2.1424505710601807,-0.21033549308776855,1.0,1.0
25,eval,202,20761,2.4238219261169434,2.63405179977417,0.21022987365722656,1.0,1.0
25,eval,203,23930,2.3083386421203613,2.0984840393066406,-0.2098546028137207,1.0,1.0
25,eval,204,22028,3.0230491161346436,2.8132517337799072,-0.20979738235473633,1.0,1.0
25,eval,205,13438,2.003432035446167,1.793897032737732,-0.20953500270843506,1.0,1.0
25,eval,206,14320,2.207561492919922,1.9980816841125488,-0.20947980880737305,1.0,1.0
25,eval,207,9773,3.0628201961517334,2.853461980819702,-0.20935821533203125,1.0,1.0
25,eval,208,13490,3.0274412631988525,2.818150758743286,-0.2092905044555664,1.0,1.0
25,eval,209,25290,2.8110599517822266,2.601771593093872,-0.2092883586883545,1.0,1.0
25,eval,210,10011,3.126685857772827,2.9176576137542725,-0.2090282440185547,1.0,1.0
25,eval,211,25427,3.5376269817352295,3.3290021419525146,-0.20862483978271484,1.0,1.0
25,eval,212,24935,2.4105827808380127,2.202199697494507,-0.20838308334350586,1.0,1.0
25,eval,213,15665,2.5652973651885986,2.356999397277832,-0.2082979679107666,1.0,1.0
25,eval,214,27208,3.149106979370117,2.9409263134002686,-0.20818066596984863,1.0,1.0
25,eval,215,9019,3.9810736179351807,3.7731921672821045,-0.20788145065307617,1.0,1.0
25,eval,216,14174,3.0447757244110107,2.8369762897491455,-0.20779943466186523,1.0,1.0
25,eval,217,25632,3.8471298217773438,4.05478572845459,0.2076559066772461,1.0,1.0
25,eval,218,12849,3.5136537551879883,3.3061418533325195,-0.20751190185546875,1.0,1.0
25,eval,219,13764,2.501775026321411,2.709238290786743,0.20746326446533203,1.0,1.0
25,eval,220,1359,2.864156723022461,2.6569907665252686,-0.20716595649719238,1.0,1.0
25,eval,221,16572,2.8802530765533447,3.087155342102051,0.20690226554870605,1.0,1.0
25,eval,222,10971,2.4777414798736572,2.6846323013305664,0.20689082145690918,1.0,1.0
25,eval,223,6960,2.674121618270874,2.4672317504882812,-0.20688986778259277,1.0,1.0
25,eval,224,3068,2.5970652103424072,2.390270948410034,-0.20679426193237305,1.0,1.0
25,eval,225,28354,2.430581569671631,2.637235164642334,0.20665359497070312,1.0,1.0
25,eval,226,18777,3.68253493309021,3.475902795791626,-0.20663213729858398,1.0,1.0
25,eval,227,27034,3.054485321044922,2.8481101989746094,-0.2063751220703125,1.0,1.0
25,eval,228,2887,2.1866557598114014,1.9803657531738281,-0.20629000663757324,1.0,1.0
25,eval,229,23074,3.008716583251953,3.2149713039398193,0.2062547206878662,1.0,1.0
25,eval,230,11976,2.932960271835327,2.7267305850982666,-0.20622968673706055,1.0,1.0
25,eval,231,26399,2.068361282348633,1.862133264541626,-0.20622801780700684,1.0,1.0
25,eval,232,21575,4.07603120803833,3.8700380325317383,-0.2059931755065918,1.0,1.0
25,eval,233,20656,2.375736951828003,2.1700265407562256,-0.20571041107177734,1.0,1.0
25,eval,234,15218,2.6453006267547607,2.4395971298217773,-0.2057034969329834,1.0,1.0
25,eval,235,21230,2.3294425010681152,2.1237399578094482,-0.205702543258667,1.0,1.0
25,eval,236,6417,3.9655821323394775,3.759896993637085,-0.20568513870239258,1.0,1.0
25,eval,237,23984,2.954597234725952,2.749037981033325,-0.20555925369262695,1.0,1.0
25,eval,238,4252,2.8589799404144287,2.6534268856048584,-0.2055530548095703,1.0,1.0
25,eval,239,16059,3.027672529220581,2.822439432144165,-0.20523309707641602,1.0,1.0
25,eval,240,3969,2.6510612964630127,2.4459190368652344,-0.20514225959777832,1.0,1.0
25,eval,241,4927,2.697528123855591,2.4926204681396484,-0.20490765571594238,1.0,1.0
25,eval,242,1587,2.9216468334198,3.126486301422119,0.20483946800231934,1.0,1.0
25,eval,243,5100,4.778349876403809,4.573579788208008,-0.20477008819580078,1.0,1.0
25,eval,244,4712,2.345970869064331,2.1412203311920166,-0.20475053787231445,1.0,1.0
25,eval,245,18043,2.654724597930908,2.4500935077667236,-0.20463109016418457,1.0,1.0
25,eval,246,27956,2.098524808883667,1.893951654434204,-0.2045731544494629,1.0,1.0
25,eval,247,3027,1.8882560729980469,2.0926661491394043,0.20441007614135742,1.0,1.0
25,eval,248,18120,2.6462574005126953,2.4418933391571045,-0.20436406135559082,1.0,1.0
25,eval,249,22958,2.7636215686798096,2.5593607425689697,-0.20426082611083984,1.0,1.0
25,eval,250,13348,2.6064846515655518,2.402437925338745,-0.20404672622680664,1.0,1.0
25,eval,251,22385,1.846410870552063,2.0504355430603027,0.20402467250823975,1.0,1.0
25,eval,252,6375,5.563724994659424,5.359768867492676,-0.20395612716674805,1.0,1.0
25,eval,253,91,1.7241805791854858,1.5202466249465942,-0.2039339542388916,1.0,1.0
25,eval,254,7916,2.4182679653167725,2.214690923690796,-0.20357704162597656,1.0,1.0
25,eval,255,4616,3.245016098022461,3.0417325496673584,-0.20328354835510254,1.0,1.0
25,eval,256,25010,2.8432846069335938,2.640228748321533,-0.20305585861206055,1.0,1.0
25,eval,257,731,2.5175909996032715,2.3145761489868164,-0.20301485061645508,1.0,1.0
25,eval,258,6771,3.1971633434295654,2.9943671226501465,-0.20279622077941895,1.0,1.0
25,eval,259,14020,2.4712414741516113,2.6738853454589844,0.20264387130737305,1.0,1.0
25,eval,260,17313,2.766004800796509,2.563900947570801,-0.202103853225708,1.0,1.0
25,eval,261,19238,1.5512272119522095,1.3491672277450562,-0.20205998420715332,1.0,1.0
25,eval,262,5147,3.5927658081054688,3.3908185958862305,-0.20194721221923828,1.0,1.0
25,eval,263,12898,3.0114171504974365,2.809483528137207,-0.2019336223602295,1.0,1.0
25,eval,264,10060,2.8310537338256836,2.629220485687256,-0.20183324813842773,1.0,1.0
25,eval,265,13719,2.7700212001800537,2.568246603012085,-0.20177459716796875,1.0,1.0
25,eval,266,24789,2.927159070968628,2.7257747650146484,-0.2013843059539795,1.0,1.0
25,eval,267,16640,3.6423234939575195,3.440969467163086,-0.2013540267944336,1.0,1.0
25,eval,268,7389,2.475825786590576,2.274477005004883,-0.20134878158569336,1.0,1.0
25,eval,269,4589,2.83758544921875,2.6363484859466553,-0.20123696327209473,1.0,1.0
25,eval,270,9787,4.385024547576904,4.183914661407471,-0.2011098861694336,1.0,1.0
25,eval,271,6312,1.2337603569030762,1.0327264070510864,-0.20103394985198975,1.0,1.0
25,eval,272,8496,3.7892820835113525,3.990309476852417,0.20102739334106445,1.0,1.0
25,eval,273,24733,3.389329195022583,3.188323497772217,-0.2010056972503662,1.0,1.0
25,eval,274,21332,3.2747042179107666,3.0737085342407227,-0.20099568367004395,1.0,1.0
25,eval,275,8577,2.7547781467437744,2.5539615154266357,-0.20081663131713867,1.0,1.0
25,eval,276,5089,2.7892005443573,2.58847713470459,-0.20072340965270996,1.0,1.0
25,eval,277,27088,3.83450984954834,3.6338233947753906,-0.20068645477294922,1.0,1.0
25,eval,278,13395,2.668700933456421,2.46805477142334,-0.20064616203308105,1.0,1.0
25,eval,279,17121,3.4369304180145264,3.2364208698272705,-0.20050954818725586,1.0,1.0
25,eval,280,26097,2.6229419708251953,2.422492742538452,-0.20044922828674316,1.0,1.0
25,eval,281,3572,3.4659693241119385,3.66634202003479,0.20037269592285156,1.0,1.0
25,eval,282,14987,3.7353999614715576,3.535374641418457,-0.20002532005310059,1.0,1.0
25,eval,283,11788,3.147345781326294,2.947333812713623,-0.2000119686126709,1.0,1.0
25,eval,284,15476,2.9375689029693604,3.137497901916504,0.19992899894714355,1.0,1.0
25,eval,285,11588,2.432234287261963,2.2323083877563477,-0.19992589950561523,1.0,1.0
25,eval,286,18533,3.14846134185791,2.9487032890319824,-0.19975805282592773,1.0,1.0
25,eval,287,11069,3.255531072616577,3.055893898010254,-0.19963717460632324,1.0,1.0
25,eval,288,11567,3.2432124614715576,3.043621063232422,-0.19959139823913574,1.0,1.0
25,eval,289,27404,2.2339324951171875,2.034367561340332,-0.19956493377685547,1.0,1.0
25,eval,290,15804,1.8007014989852905,1.6011446714401245,-0.19955682754516602,1.0,1.0
25,eval,291,16990,3.695713996887207,3.4961774349212646,-0.19953656196594238,1.0,1.0
25,eval,292,17473,3.1208083629608154,3.3202292919158936,0.19942092895507812,1.0,1.0
25,eval,293,21338,2.010845422744751,1.8114981651306152,-0.19934725761413574,1.0,1.0
25,eval,294,23023,3.7275803089141846,3.92659330368042,0.19901299476623535,1.0,1.0
25,eval,295,3937,3.0673668384552,2.868373155593872,-0.19899368286132812,1.0,1.0
25,eval,296,12521,4.240097522735596,4.041188716888428,-0.19890880584716797,1.0,1.0
25,eval,297,10033,1.881028175354004,1.6822476387023926,-0.19878053665161133,1.0,1.0
25,eval,298,16196,3.2974612712860107,3.4962282180786133,0.19876694679260254,1.0,1.0
25,eval,299,1479,3.920790910720825,3.7221155166625977,-0.19867539405822754,1.0,1.0
25,eval,300,12250,3.4617092609405518,3.2631022930145264,-0.1986069679260254,1.0,1.0
25,eval,301,12448,4.175845146179199,3.9774529933929443,-0.19839215278625488,1.0,1.0
25,eval,302,19342,3.2397468090057373,3.4381113052368164,0.1983644962310791,1.0,1.0
25,eval,303,4308,3.7976608276367188,3.5994725227355957,-0.19818830490112305,1.0,1.0
25,eval,304,26742,4.284924030303955,4.482975006103516,0.19805097579956055,1.0,1.0
25,eval,305,25078,1.700513243675232,1.898552417755127,0.19803917407989502,1.0,1.0
25,eval,306,22743,2.6218154430389404,2.4237775802612305,-0.19803786277770996,1.0,1.0
25,eval,307,16793,3.1101138591766357,2.912075996398926,-0.19803786277770996,1.0,1.0
25,eval,308,12011,4.069085121154785,4.267114639282227,0.1980295181274414,1.0,1.0
25,eval,309,10389,2.6045849323272705,2.4067490100860596,-0.19783592224121094,1.0,1.0
25,eval,310,6339,2.363921880722046,2.166127920150757,-0.19779396057128906,1.0,1.0
25,eval,311,16138,3.6790847778320312,3.876711845397949,0.19762706756591797,1.0,1.0
25,eval,312,8912,1.7639693021774292,1.5663504600524902,-0.19761884212493896,1.0,1.0
25,eval,313,12204,3.6387312412261963,3.4411637783050537,-0.19756746292114258,1.0,1.0
25,eval,314,10963,2.2918386459350586,2.094438076019287,-0.19740056991577148,1.0,1.0
25,eval,315,28162,3.3940188884735107,3.1966779232025146,-0.1973409652709961,1.0,1.0
25,eval,316,12950,2.748215436935425,2.5509071350097656,-0.19730830192565918,1.0,1.0
25,eval,317,1301,3.198742628097534,3.0015368461608887,-0.1972057819366455,1.0,1.0
25,eval,318,2161,3.4697179794311523,3.66630220413208,0.19658422470092773,1.0,1.0
25,eval,319,28346,3.4498045444488525,3.2532453536987305,-0.19655919075012207,1.0,1.0
25,eval,320,19757,2.5898420810699463,2.3933279514312744,-0.19651412963867188,1.0,1.0
25,eval,321,27552,2.773036241531372,2.9691851139068604,0.19614887237548828,1.0,1.0
25,eval,322,1623,3.0233089923858643,3.2194480895996094,0.19613909721374512,1.0,1.0
25,eval,323,1201,2.1117966175079346,1.9159183502197266,-0.195878267288208,1.0,1.0
25,eval,324,7719,2.750631332397461,2.5547635555267334,-0.19586777687072754,1.0,1.0
25,eval,325,17374,3.246504068374634,3.050666570663452,-0.19583749771118164,1.0,1.0
25,eval,326,27566,3.5928452014923096,3.3970136642456055,-0.1958315372467041,1.0,1.0
25,eval,327,23875,2.5891473293304443,2.7849674224853516,0.19582009315490723,1.0,1.0
25,eval,328,3330,3.4808034896850586,3.2850141525268555,-0.19578933715820312,1.0,1.0
25,eval,329,1093,2.6335530281066895,2.437779188156128,-0.19577383995056152,1.0,1.0
25,eval,330,13953,3.2897958755493164,3.485522747039795,0.19572687149047852,1.0,1.0
25,eval,331,5389,3.1058690547943115,2.9102253913879395,-0.19564366340637207,1.0,1.0
25,eval,332,12776,4.910226821899414,4.714620590209961,-0.19560623168945312,1.0,1.0
25,eval,333,8583,2.6712846755981445,2.866591215133667,0.19530653953552246,1.0,1.0
25,eval,334,21165,3.7196204662323,3.524416923522949,-0.19520354270935059,1.0,1.0
25,eval,335,16315,2.8745498657226562,3.069688320159912,0.19513845443725586,1.0,1.0
25,eval,336,26878,2.4542617797851562,2.259331703186035,-0.1949300765991211,1.0,1.0
25,eval,337,14059,2.674650192260742,2.8694705963134766,0.19482040405273438,1.0,1.0
25,eval,338,13691,4.390542507171631,4.195806503295898,-0.19473600387573242,1.0,1.0
25,eval,339,18060,5.507567882537842,5.312894821166992,-0.1946730613708496,1.0,1.0
25,eval,340,14066,3.2788479328155518,3.084336280822754,-0.19451165199279785,1.0,1.0
25,eval,341,27495,1.6929794549942017,1.887470006942749,0.19449055194854736,1.0,1.0
25,eval,342,23125,3.6913459300994873,3.497020721435547,-0.19432520866394043,1.0,1.0
25,eval,343,21830,3.730268716812134,3.9245710372924805,0.19430232048034668,1.0,1.0
25,eval,344,5597,2.3346779346466064,2.1404154300689697,-0.19426250457763672,1.0,1.0
25,eval,345,2877,3.251077890396118,3.0568978786468506,-0.19418001174926758,1.0,1.0
25,eval,346,20607,3.777343511581421,3.5832319259643555,-0.19411158561706543,1.0,1.0
25,eval,347,12031,2.731480836868286,2.5373897552490234,-0.1940910816192627,1.0,1.0
25,eval,348,26848,1.8491312265396118,1.655045747756958,-0.1940854787826538,1.0,1.0
25,eval,349,22092,2.690140724182129,2.4961206912994385,-0.19402003288269043,1.0,1.0
25,eval,350,14549,4.409994602203369,4.21599006652832,-0.19400453567504883,1.0,1.0
25,eval,351,5313,4.108292102813721,3.9142961502075195,-0.19399595260620117,1.0,1.0
25,eval,352,18103,2.5441064834594727,2.350125312805176,-0.19398117065429688,1.0,1.0
25,eval,353,19823,2.0270214080810547,1.8330949544906616,-0.19392645359039307,1.0,1.0
25,eval,354,9801,2.6103456020355225,2.4165232181549072,-0.19382238388061523,1.0,1.0
25,eval,355,16025,4.051827907562256,3.858135223388672,-0.19369268417358398,1.0,1.0
25,eval,356,9751,1.6753387451171875,1.4817125797271729,-0.19362616539001465,1.0,1.0
25,eval,357,27004,3.795313835144043,3.6017587184906006,-0.19355511665344238,1.0,1.0
25,eval,358,23486,2.789517402648926,2.5959932804107666,-0.19352412223815918,1.0,1.0
25,eval,359,25956,2.4893910884857178,2.2958927154541016,-0.1934983730316162,1.0,1.0
25,eval,360,24293,2.3685388565063477,2.175107002258301,-0.19343185424804688,1.0,1.0
25,eval,361,27094,1.7275123596191406,1.5340940952301025,-0.19341826438903809,1.0,1.0
25,eval,362,28216,4.1303582191467285,3.9370336532592773,-0.19332456588745117,1.0,1.0
25,eval,363,2023,2.745432138442993,2.5523221492767334,-0.19310998916625977,1.0,1.0
25,eval,364,14547,1.956694483757019,1.7636935710906982,-0.1930009126663208,1.0,1.0
25,eval,365,26780,2.34683895111084,2.1539602279663086,-0.19287872314453125,1.0,1.0
25,eval,366,21556,2.4077820777893066,2.2149319648742676,-0.19285011291503906,1.0,1.0
25,eval,367,16686,2.321704626083374,2.5145156383514404,0.1928110122680664,1.0,1.0
25,eval,368,11151,2.023097276687622,1.8302993774414062,-0.19279789924621582,1.0,1.0
25,eval,369,2737,3.4675662517547607,3.2747766971588135,-0.19278955459594727,1.0,1.0
25,eval,370,26569,2.700848340988159,2.508305549621582,-0.19254279136657715,1.0,1.0
25,eval,371,10146,3.0719356536865234,2.8794138431549072,-0.1925218105316162,1.0,1.0
25,eval,372,23847,2.663214921951294,2.470777988433838,-0.19243693351745605,1.0,1.0
25,eval,373,11805,4.589183807373047,4.396812438964844,-0.19237136840820312,1.0,1.0
25,eval,374,257,2.505495071411133,2.3131909370422363,-0.19230413436889648,1.0,1.0
25,eval,375,590,2.268773078918457,2.076472520828247,-0.19230055809020996,1.0,1.0
25,eval,376,2465,2.236581802368164,2.044356107711792,-0.19222569465637207,1.0,1.0
25,eval,377,11177,2.9700117111206055,2.7777891159057617,-0.19222259521484375,1.0,1.0
25,eval,378,13676,4.233468532562256,4.041315078735352,-0.1921534538269043,1.0,1.0
25,eval,379,7750,3.451136350631714,3.2590250968933105,-0.19211125373840332,1.0,1.0
25,eval,380,4140,2.621149778366089,2.429133653640747,-0.1920161247253418,1.0,1.0
25,eval,381,24609,3.02240252494812,2.8304600715637207,-0.19194245338439941,1.0,1.0
25,eval,382,4150,3.1284618377685547,2.936567783355713,-0.1918940544128418,1.0,1.0
25,eval,383,19958,3.4598934650421143,3.268033504486084,-0.19185996055603027,1.0,1.0
25,eval,384,25057,2.9884536266326904,2.796748638153076,-0.19170498847961426,1.0,1.0
25,eval,385,9912,2.5601394176483154,2.3684685230255127,-0.19167089462280273,1.0,1.0
25,eval,386,25247,3.5183913707733154,3.3269357681274414,-0.19145560264587402,1.0,1.0
25,eval,387,28621,3.0487632751464844,2.857327699661255,-0.1914355754852295,1.0,1.0
25,eval,388,6139,2.6682310104370117,2.476917028427124,-0.1913139820098877,1.0,1.0
25,eval,389,27955,2.3634769916534424,2.1723530292510986,-0.19112396240234375,1.0,1.0
25,eval,390,2312,2.115522861480713,1.9244685173034668,-0.1910543441772461,1.0,1.0
25,eval,391,15333,2.388092279434204,2.1970815658569336,-0.1910107135772705,1.0,1.0
25,eval,392,22177,2.8668582439422607,2.6758487224578857,-0.191009521484375,1.0,1.0
25,eval,393,15850,3.779073476791382,3.5881636142730713,-0.19090986251831055,1.0,1.0
25,eval,394,21690,4.383511066436768,4.57425594329834,0.19074487686157227,1.0,1.0
25,eval,395,17185,4.0069098472595215,3.8161709308624268,-0.19073891639709473,1.0,1.0
25,eval,396,16247,2.7022323608398438,2.5115950107574463,-0.19063735008239746,1.0,1.0
25,eval,397,12566,3.1965043544769287,3.0058679580688477,-0.19063639640808105,1.0,1.0
25,eval,398,26080,3.556180000305176,3.3655779361724854,-0.19060206413269043,1.0,1.0
25,eval,399,21364,3.89371395111084,3.703216552734375,-0.19049739837646484,1.0,1.0
25,eval,400,21176,2.5829966068267822,2.3925604820251465,-0.19043612480163574,1.0,1.0
25,eval,401,28600,3.9143097400665283,3.7239091396331787,-0.1904006004333496,1.0,1.0
25,eval,402,10472,2.8683879375457764,2.6784706115722656,-0.18991732597351074,1.0,1.0
25,eval,403,10950,3.7919371128082275,3.6020491123199463,-0.18988800048828125,1.0,1.0
25,eval,404,12200,3.544428586959839,3.3547096252441406,-0.18971896171569824,1.0,1.0
25,eval,405,21420,2.0458791255950928,1.8562757968902588,-0.18960332870483398,1.0,1.0
25,eval,406,5356,3.419534921646118,3.2300171852111816,-0.18951773643493652,1.0,1.0
25,eval,407,15743,3.2946550846099854,3.1052722930908203,-0.18938279151916504,1.0,1.0
25,eval,408,9891,2.5433197021484375,2.35400652885437,-0.18931317329406738,1.0,1.0
25,eval,409,21974,1.92256498336792,1.7332698106765747,-0.18929517269134521,1.0,1.0
25,eval,410,27170,2.342547655105591,2.153261184692383,-0.189286470413208,1.0,1.0
25,eval,411,16511,3.7174978256225586,3.5282363891601562,-0.18926143646240234,1.0,1.0
25,eval,412,22525,2.7233102321624756,2.534054756164551,-0.1892554759979248,1.0,1.0
25,eval,413,8445,2.1727240085601807,1.9834810495376587,-0.18924295902252197,1.0,1.0
25,eval,414,12584,1.6296072006225586,1.4404964447021484,-0.18911075592041016,1.0,1.0
25,eval,415,18193,3.078012228012085,2.8889081478118896,-0.1891040802001953,1.0,1.0
25,eval,416,11439,2.6044554710388184,2.4153616428375244,-0.18909382820129395,1.0,1.0
25,eval,417,24463,4.264035701751709,4.074956893920898,-0.18907880783081055,1.0,1.0
25,eval,418,28407,3.984180212020874,3.7952206134796143,-0.18895959854125977,1.0,1.0
25,eval,419,3147,3.355581521987915,3.166769504547119,-0.1888120174407959,1.0,1.0
25,eval,420,8572,2.75431752204895,2.565617799758911,-0.18869972229003906,1.0,1.0
25,eval,421,25641,2.4390249252319336,2.2504608631134033,-0.18856406211853027,1.0,1.0
25,eval,422,28574,2.6382815837860107,2.450113296508789,-0.18816828727722168,1.0,1.0
25,eval,423,1715,2.1744046211242676,1.9862602949142456,-0.18814432621002197,1.0,1.0
25,eval,424,21401,2.2926409244537354,2.104649543762207,-0.18799138069152832,1.0,1.0
25,eval,425,10496,2.8687775135040283,2.6808996200561523,-0.18787789344787598,1.0,1.0
25,eval,426,25241,3.437042236328125,3.249217987060547,-0.18782424926757812,1.0,1.0
25,eval,427,3074,2.0393946170806885,1.8516430854797363,-0.18775153160095215,1.0,1.0
25,eval,428,1886,2.4781875610351562,2.6659011840820312,0.187713623046875,1.0,1.0
25,eval,429,5867,2.884357452392578,2.696791887283325,-0.18756556510925293,1.0,1.0
25,eval,430,7415,3.0767714977264404,2.8893134593963623,-0.18745803833007812,1.0,1.0
25,eval,431,22228,2.952664375305176,2.765259027481079,-0.18740534782409668,1.0,1.0
25,eval,432,13308,2.350727081298828,2.163355827331543,-0.18737125396728516,1.0,1.0
25,eval,433,17410,3.47099232673645,3.2836451530456543,-0.1873471736907959,1.0,1.0
25,eval,434,25973,5.55629301071167,5.36914587020874,-0.1871471405029297,1.0,1.0
25,eval,435,9609,2.2165839672088623,2.4037232398986816,0.18713927268981934,1.0,1.0
25,eval,436,2494,2.777561902999878,2.5904788970947266,-0.18708300590515137,1.0,1.0
25,eval,437,3407,3.698077917098999,3.511009693145752,-0.18706822395324707,1.0,1.0
25,eval,438,9711,3.299530267715454,3.1125621795654297,-0.18696808815002441,1.0,1.0
25,eval,439,21207,4.4882354736328125,4.301319122314453,-0.18691635131835938,1.0,1.0
25,eval,440,28596,3.026432752609253,2.8395631313323975,-0.18686962127685547,1.0,1.0
25,eval,441,13837,4.374429702758789,4.187603950500488,-0.18682575225830078,1.0,1.0
25,eval,442,17042,3.644012212753296,3.4572105407714844,-0.18680167198181152,1.0,1.0
25,eval,443,14099,2.6521670818328857,2.465385675430298,-0.1867814064025879,1.0,1.0
25,eval,444,3676,3.2309000492095947,3.044140338897705,-0.18675971031188965,1.0,1.0
25,eval,445,1369,2.4378693103790283,2.2511157989501953,-0.186753511428833,1.0,1.0
25,eval,446,23365,3.3243377208709717,3.1375858783721924,-0.1867518424987793,1.0,1.0
25,eval,447,7550,3.2595536708831787,3.4462437629699707,0.186690092086792,1.0,1.0
25,eval,448,6333,1.9438576698303223,1.7572212219238281,-0.18663644790649414,1.0,1.0
25,eval,449,10470,3.7553555965423584,3.5687246322631836,-0.1866309642791748,1.0,1.0
25,eval,450,15139,3.332550287246704,3.519171714782715,0.18662142753601074,1.0,1.0
25,eval,451,8056,2.4836080074310303,2.2971572875976562,-0.18645071983337402,1.0,1.0
25,eval,452,13701,2.8569486141204834,2.6705636978149414,-0.186384916305542,1.0,1.0
25,eval,453,15338,3.72090220451355,3.534583568572998,-0.18631863594055176,1.0,1.0
25,eval,454,18775,3.633509635925293,3.447584390640259,-0.18592524528503418,1.0,1.0
25,eval,455,1175,3.4670379161834717,3.281226396560669,-0.18581151962280273,1.0,1.0
25,eval,456,20122,2.0147745609283447,1.829071283340454,-0.18570327758789062,1.0,1.0
25,eval,457,21290,3.2230968475341797,3.4087536334991455,0.18565678596496582,1.0,1.0
25,eval,458,20052,3.3001410961151123,3.114499568939209,-0.18564152717590332,1.0,1.0
25,eval,459,9281,2.612726926803589,2.427100896835327,-0.18562602996826172,1.0,1.0
25,eval,460,22322,2.496622085571289,2.3112385272979736,-0.18538355827331543,1.0,1.0
25,eval,461,13406,2.2078630924224854,2.022556781768799,-0.18530631065368652,1.0,1.0
25,eval,462,24745,2.432004451751709,2.2468042373657227,-0.18520021438598633,1.0,1.0
25,eval,463,24147,3.2926597595214844,3.4777963161468506,0.1851365566253662,1.0,1.0
25,eval,464,25601,3.5187747478485107,3.3336691856384277,-0.185105562210083,1.0,1.0
25,eval,465,25994,4.632513046264648,4.817592620849609,0.18507957458496094,1.0,1.0
25,eval,466,8333,3.7597415447235107,3.9447457790374756,0.18500423431396484,1.0,1.0
25,eval,467,14030,2.2566139698028564,2.071613073348999,-0.18500089645385742,1.0,1.0
25,eval,468,9590,3.231947898864746,3.0469837188720703,-0.18496417999267578,1.0,1.0
25,eval,469,689,3.599367141723633,3.4144585132598877,-0.18490862846374512,1.0,1.0
25,eval,470,9174,3.822789430618286,3.637885093688965,-0.1849043369293213,1.0,1.0
25,eval,471,25149,3.0648841857910156,2.8800175189971924,-0.18486666679382324,1.0,1.0
25,eval,472,3111,2.6567647457122803,2.4719297885894775,-0.18483495712280273,1.0,1.0
25,eval,473,289,3.290332078933716,3.105503559112549,-0.184828519821167,1.0,1.0
25,eval,474,3791,2.905102491378784,2.7202882766723633,-0.1848142147064209,1.0,1.0
25,eval,475,1200,3.2674291133880615,3.08267879486084,-0.18475031852722168,1.0,1.0
25,eval,476,1530,3.025726079940796,2.8409786224365234,-0.18474745750427246,1.0,1.0
25,eval,477,907,2.872352361679077,3.056912899017334,0.18456053733825684,1.0,1.0
25,eval,478,20486,2.3897318840026855,2.2053143978118896,-0.1844174861907959,1.0,1.0
25,eval,479,2012,3.5340890884399414,3.349761962890625,-0.1843271255493164,1.0,1.0
25,eval,480,16752,5.066128730773926,5.250417709350586,0.18428897857666016,1.0,1.0
25,eval,481,19019,1.7449885606765747,1.929228663444519,0.18424010276794434,1.0,1.0
25,eval,482,16811,2.926276445388794,2.742067337036133,-0.18420910835266113,1.0,1.0
25,eval,483,27338,2.385009765625,2.2010087966918945,-0.18400096893310547,1.0,1.0
25,eval,484,25298,2.4930288791656494,2.309049129486084,-0.18397974967956543,1.0,1.0
25,eval,485,24122,2.959383249282837,2.775419235229492,-0.18396401405334473,1.0,1.0
25,eval,486,12496,4.0069661140441895,3.823072671890259,-0.18389344215393066,1.0,1.0
25,eval,487,12872,3.6525251865386963,3.468853712081909,-0.1836714744567871,1.0,1.0
25,eval,488,2002,4.370368957519531,4.554036617279053,0.18366765975952148,1.0,1.0
25,eval,489,9567,2.995321273803711,2.811709403991699,-0.18361186981201172,1.0,1.0
25,eval,490,7115,2.234682559967041,2.4182024002075195,0.18351984024047852,1.0,1.0
25,eval,491,17714,3.6886956691741943,3.5054359436035156,-0.1832597255706787,1.0,1.0
25,eval,492,27754,3.0262515544891357,2.843101978302002,-0.1831495761871338,1.0,1.0
25,eval,493,6695,2.440368175506592,2.257242441177368,-0.18312573432922363,1.0,1.0
25,eval,494,2805,3.0581839084625244,2.8750617504119873,-0.1831221580505371,1.0,1.0
25,eval,495,7022,2.7250566482543945,2.908137321472168,0.18308067321777344,1.0,1.0
25,eval,496,952,3.6560118198394775,3.8390769958496094,0.18306517601013184,1.0,1.0
25,eval,497,14067,3.652399778366089,3.4694769382476807,-0.1829228401184082,1.0,1.0
25,eval,498,7556,2.45135760307312,2.634099006652832,0.18274140357971191,1.0,1.0
25,eval,499,9105,3.227846145629883,3.0451979637145996,-0.1826481819152832,1.0,1.0
25,eval,500,22719,2.131887435913086,1.9493016004562378,-0.18258583545684814,1.0,1.0
