layer,split,rank_abs_mean_difference,feature_id,mean_safe,mean_unsafe,unsafe_minus_safe,prevalence_safe,prevalence_unsafe
4,train,1,4188,0.32797080278396606,0.3165196478366852,-0.011451154947280884,1.0,1.0
4,train,2,23678,0.3372090756893158,0.3473626375198364,0.01015356183052063,1.0,1.0
4,train,3,24433,0.5067946314811707,0.4968882203102112,-0.009906411170959473,1.0,1.0
4,train,4,667,0.7630603909492493,0.7533328533172607,-0.009727537631988525,1.0,1.0
4,train,5,26152,0.362440824508667,0.3529997169971466,-0.009441107511520386,1.0,1.0
4,train,6,22710,0.014433175325393677,0.02382480911910534,0.009391633793711662,0.5208333333333334,0.7604166666666666
4,train,7,13448,0.41982007026672363,0.41061750054359436,-0.009202569723129272,1.0,1.0
4,train,8,2887,0.2702381908893585,0.26104605197906494,-0.009192138910293579,1.0,1.0
4,train,9,16181,0.33592578768730164,0.32677242159843445,-0.009153366088867188,1.0,1.0
4,train,10,7318,0.35060060024261475,0.3420449495315552,-0.00855565071105957,1.0,1.0
4,train,11,24582,0.23108725249767303,0.23954421281814575,0.008456960320472717,1.0,1.0
4,train,12,10951,0.25298261642456055,0.24462297558784485,-0.008359640836715698,1.0,1.0
4,train,13,16163,0.14658024907112122,0.13825219869613647,-0.008328050374984741,1.0,1.0
4,train,14,10266,0.1749829202890396,0.1832941174507141,0.0083111971616745,1.0,1.0
4,train,15,11702,0.09288441389799118,0.10106200724840164,0.008177593350410461,1.0,1.0
4,train,16,8068,0.12470722198486328,0.1328582614660263,0.008151039481163025,1.0,1.0
4,train,17,27383,0.20289504528045654,0.2108805626630783,0.007985517382621765,1.0,1.0
4,train,18,5106,0.20937073230743408,0.21732136607170105,0.007950633764266968,1.0,1.0
4,train,19,15251,0.3049265444278717,0.29704850912094116,-0.007878035306930542,1.0,1.0
4,train,20,17669,0.3887316882610321,0.3965359926223755,0.007804304361343384,1.0,1.0
4,train,21,22542,0.2299996018409729,0.2222127765417099,-0.0077868252992630005,1.0,1.0
4,train,22,17528,0.36511465907096863,0.37290123105049133,0.007786571979522705,1.0,1.0
4,train,23,22466,0.24360321462154388,0.23582498729228973,-0.00777822732925415,1.0,1.0
4,train,24,4601,0.27291133999824524,0.2806684970855713,0.00775715708732605,1.0,1.0
4,train,25,12853,0.13952502608299255,0.13180190324783325,-0.007723122835159302,1.0,1.0
4,train,26,26015,0.28469619154930115,0.29241278767585754,0.0077165961265563965,1.0,1.0
4,train,27,7356,0.11316028982400894,0.12081240117549896,0.007652111351490021,1.0,1.0
4,train,28,4156,0.16914016008377075,0.16154462099075317,-0.007595539093017578,1.0,1.0
4,train,29,21438,0.298679381608963,0.2910884618759155,-0.007590919733047485,1.0,1.0
4,train,30,4201,0.18771027028560638,0.19528834521770477,0.007578074932098389,1.0,1.0
4,train,31,8173,0.24957124888896942,0.25709468126296997,0.007523432374000549,1.0,1.0
4,train,32,26203,0.17718853056430817,0.18470384180545807,0.007515311241149902,1.0,1.0
4,train,33,7539,0.28749582171440125,0.2799922823905945,-0.007503539323806763,1.0,1.0
4,train,34,13719,0.2891845405101776,0.2817385196685791,-0.007446020841598511,1.0,1.0
4,train,35,27912,0.20704342424869537,0.2144775688648224,0.007434144616127014,1.0,1.0
4,train,36,23361,0.21583789587020874,0.20842112600803375,-0.007416769862174988,1.0,1.0
4,train,37,13896,0.27991506457328796,0.2725045382976532,-0.007410526275634766,1.0,1.0
4,train,38,6938,0.1849948763847351,0.19239865243434906,0.007403776049613953,1.0,1.0
4,train,39,17951,0.3484301269054413,0.341030478477478,-0.007399648427963257,1.0,1.0
4,train,40,9904,0.2545956075191498,0.24720165133476257,-0.007393956184387207,1.0,1.0
4,train,41,1900,0.1455165147781372,0.15289336442947388,0.00737684965133667,1.0,1.0
4,train,42,16182,0.2861732542514801,0.29351580142974854,0.007342547178268433,1.0,1.0
4,train,43,13888,0.14270713925361633,0.1353774219751358,-0.00732971727848053,1.0,1.0
4,train,44,26340,0.28588607907295227,0.29319941997528076,0.007313340902328491,1.0,1.0
4,train,45,17667,0.1757327765226364,0.1684674322605133,-0.007265344262123108,1.0,1.0
4,train,46,24888,0.3189152181148529,0.3116852343082428,-0.007229983806610107,1.0,1.0
4,train,47,4116,0.1559261828660965,0.16313576698303223,0.00720958411693573,1.0,1.0
4,train,48,17017,0.3001818060874939,0.29298290610313416,-0.007198899984359741,1.0,1.0
4,train,49,85,0.17760424315929413,0.17042885720729828,-0.00717538595199585,1.0,1.0
4,train,50,25055,0.6903005242347717,0.683140218257904,-0.007160305976867676,1.0,1.0
4,train,51,6909,0.2540875971317291,0.2612464725971222,0.007158875465393066,1.0,1.0
4,train,52,27059,0.3086371123790741,0.30147987604141235,-0.007157236337661743,1.0,1.0
4,train,53,5110,0.29421666264533997,0.3013721704483032,0.007155507802963257,1.0,1.0
4,train,54,23347,0.2566004693508148,0.26373064517974854,0.007130175828933716,1.0,1.0
4,train,55,4466,0.1471942514181137,0.15431174635887146,0.0071174949407577515,1.0,1.0
4,train,56,5065,0.31905731558799744,0.31194746494293213,-0.007109850645065308,1.0,1.0
4,train,57,23388,0.24959369003772736,0.24248409271240234,-0.007109597325325012,1.0,1.0
4,train,58,3092,0.15949465334415436,0.15239256620407104,-0.007102087140083313,1.0,1.0
4,train,59,4263,0.16451753675937653,0.1574249565601349,-0.007092580199241638,1.0,1.0
4,train,60,24614,0.2255687713623047,0.2184939980506897,-0.00707477331161499,1.0,1.0
4,train,61,19116,0.1895434707403183,0.18247999250888824,-0.007063478231430054,1.0,1.0
4,train,62,26,0.6066322922706604,0.5995750427246094,-0.007057249546051025,1.0,1.0
4,train,63,4913,0.49379873275756836,0.4867469072341919,-0.007051825523376465,1.0,1.0
4,train,64,7955,0.29723092913627625,0.29018640518188477,-0.0070445239543914795,1.0,1.0
4,train,65,824,0.24271070957183838,0.23566704988479614,-0.007043659687042236,1.0,1.0
4,train,66,17231,0.2837464511394501,0.2767232060432434,-0.007023245096206665,1.0,1.0
4,train,67,28101,0.20961512625217438,0.2025924026966095,-0.00702272355556488,1.0,1.0
4,train,68,18916,0.17624057829380035,0.18326318264007568,0.00702260434627533,1.0,1.0
4,train,69,18236,0.1786852926015854,0.18570660054683685,0.007021307945251465,1.0,1.0
4,train,70,26350,0.43659889698028564,0.42958295345306396,-0.00701594352722168,1.0,1.0
4,train,71,4119,0.38114187121391296,0.3741353750228882,-0.00700649619102478,1.0,1.0
4,train,72,26925,0.125778928399086,0.11877451837062836,-0.007004410028457642,1.0,1.0
4,train,73,12228,0.380460649728775,0.3734622895717621,-0.0069983601570129395,1.0,1.0
4,train,74,21595,0.28172221779823303,0.2747725248336792,-0.006949692964553833,1.0,1.0
4,train,75,8072,0.3905393183231354,0.3835931122303009,-0.006946206092834473,1.0,1.0
4,train,76,2129,0.22579915821552277,0.21885856986045837,-0.006940588355064392,1.0,1.0
4,train,77,1915,0.2818438708782196,0.28878286480903625,0.00693899393081665,1.0,1.0
4,train,78,25824,0.2564939260482788,0.24956387281417847,-0.006930053234100342,1.0,1.0
4,train,79,15613,0.15337876975536346,0.16030830144882202,0.006929531693458557,1.0,1.0
4,train,80,12372,0.3210083842277527,0.3140857219696045,-0.006922662258148193,1.0,1.0
4,train,81,14418,0.22754059731960297,0.2344609647989273,0.006920367479324341,1.0,1.0
4,train,82,18367,0.1392848789691925,0.14620402455329895,0.006919145584106445,1.0,1.0
4,train,83,21017,0.20798037946224213,0.21486902236938477,0.006888642907142639,1.0,1.0
4,train,84,8542,0.13403671979904175,0.1409197449684143,0.006883025169372559,1.0,1.0
4,train,85,21999,0.15664079785346985,0.16351638734340668,0.006875589489936829,1.0,1.0
4,train,86,19979,0.14356231689453125,0.15041744709014893,0.006855130195617676,1.0,1.0
4,train,87,21304,0.42574167251586914,0.43258318305015564,0.006841510534286499,1.0,1.0
4,train,88,24722,0.35561680793762207,0.3624546527862549,0.0068378448486328125,1.0,1.0
4,train,89,3367,0.2619573175907135,0.268793523311615,0.006836205720901489,1.0,1.0
4,train,90,24244,0.15194229781627655,0.15877662599086761,0.0068343281745910645,1.0,1.0
4,train,91,13467,0.1571197509765625,0.16391919553279877,0.006799444556236267,1.0,1.0
4,train,92,25356,0.17118899524211884,0.1643916368484497,-0.006797358393669128,1.0,1.0
4,train,93,3522,0.10170639306306839,0.10849891602993011,0.006792522966861725,1.0,1.0
4,train,94,12200,0.20949101448059082,0.21628223359584808,0.006791219115257263,1.0,1.0
4,train,95,11403,0.39938127994537354,0.4061705470085144,0.006789267063140869,1.0,1.0
4,train,96,25328,0.2556602656841278,0.26243525743484497,0.006774991750717163,1.0,1.0
4,train,97,21694,0.5262736082077026,0.519498884677887,-0.006774723529815674,1.0,1.0
4,train,98,25631,0.22921888530254364,0.23597969114780426,0.00676080584526062,1.0,1.0
4,train,99,27484,0.2662469744682312,0.27300557494163513,0.006758600473403931,1.0,1.0
4,train,100,18533,0.2539011538028717,0.24714964628219604,-0.006751507520675659,1.0,1.0
4,train,101,17789,0.131373792886734,0.12462335079908371,-0.006750442087650299,1.0,1.0
4,train,102,13024,0.3203103244304657,0.3270353376865387,0.006725013256072998,1.0,1.0
4,train,103,12304,0.28742820024490356,0.2941220998764038,0.006693899631500244,1.0,1.0
4,train,104,15292,0.14425666630268097,0.1509486734867096,0.0066920071840286255,1.0,1.0
4,train,105,6830,0.26517054438591003,0.2584828734397888,-0.006687670946121216,1.0,1.0
4,train,106,778,0.22896288335323334,0.22227692604064941,-0.006685957312583923,1.0,1.0
4,train,107,4598,0.1948414295911789,0.18817821145057678,-0.006663218140602112,1.0,1.0
4,train,108,1022,0.2668282389640808,0.27348431944847107,0.006656080484390259,1.0,1.0
4,train,109,4615,0.26427409052848816,0.27092698216438293,0.006652891635894775,1.0,1.0
4,train,110,25616,0.1992083042860031,0.19255954027175903,-0.00664876401424408,1.0,1.0
4,train,111,7471,0.21609674394130707,0.22274534404277802,0.006648600101470947,1.0,1.0
4,train,112,27354,0.297425776720047,0.2907787561416626,-0.006647020578384399,1.0,1.0
4,train,113,8858,0.15913407504558563,0.1657794564962387,0.006645381450653076,1.0,1.0
4,train,114,6961,0.3353634178638458,0.3287256956100464,-0.0066377222537994385,1.0,1.0
4,train,115,15687,0.18249128758907318,0.175859272480011,-0.006632015109062195,1.0,1.0
4,train,116,21307,0.3735518753528595,0.36692455410957336,-0.006627321243286133,1.0,1.0
4,train,117,14078,0.17824216187000275,0.1848662793636322,0.006624117493629456,1.0,1.0
4,train,118,16378,0.1685744673013687,0.1751934438943863,0.006618976593017578,1.0,1.0
4,train,119,13828,0.48036661744117737,0.48694324493408203,0.006576627492904663,1.0,1.0
4,train,120,25942,0.26760199666023254,0.27417588233947754,0.006573885679244995,1.0,1.0
4,train,121,1041,0.21832720935344696,0.22490030527114868,0.006573095917701721,1.0,1.0
4,train,122,7886,0.16401740908622742,0.17058227956295013,0.006564870476722717,1.0,1.0
4,train,123,27814,0.13121819496154785,0.13778270781040192,0.006564512848854065,1.0,1.0
4,train,124,15453,0.2362712025642395,0.2428293526172638,0.006558150053024292,1.0,1.0
4,train,125,5437,0.2135743647813797,0.22013181447982788,0.006557449698448181,1.0,1.0
4,train,126,4946,0.23937702178955078,0.24591967463493347,0.00654265284538269,1.0,1.0
4,train,127,10012,0.16062818467617035,0.15408781170845032,-0.006540372967720032,1.0,1.0
4,train,128,5716,0.2560700476169586,0.2495313286781311,-0.006538718938827515,1.0,1.0
4,train,129,8268,0.24164779484272003,0.2351120561361313,-0.006535738706588745,1.0,1.0
4,train,130,9106,0.15376323461532593,0.16029466688632965,0.006531432271003723,1.0,1.0
4,train,131,12454,0.2679345905780792,0.2744557857513428,0.00652119517326355,1.0,1.0
4,train,132,12833,0.3480452001094818,0.3545583188533783,0.006513118743896484,1.0,1.0
4,train,133,10905,0.21714967489242554,0.2106572538614273,-0.00649242103099823,1.0,1.0
4,train,134,11472,0.21491146087646484,0.20843113958835602,-0.006480321288108826,1.0,1.0
4,train,135,17570,0.2565332353115082,0.2630104720592499,0.006477236747741699,1.0,1.0
4,train,136,10115,0.016979290172457695,0.023443616926670074,0.0064643267542123795,0.5729166666666666,0.7465277777777778
4,train,137,23929,0.2952027916908264,0.2887542247772217,-0.006448566913604736,1.0,1.0
4,train,138,12027,0.21162427961826324,0.21807214617729187,0.0064478665590286255,1.0,1.0
4,train,139,13319,0.2685382068157196,0.26209884881973267,-0.0064393579959869385,1.0,1.0
4,train,140,17292,0.32463741302490234,0.3310765326023102,0.006439119577407837,1.0,1.0
4,train,141,16348,0.28987497091293335,0.28344210982322693,-0.006432861089706421,1.0,1.0
4,train,142,2459,0.18982307612895966,0.18339607119560242,-0.006427004933357239,1.0,1.0
4,train,143,18215,0.26128360629081726,0.2548660635948181,-0.0064175426959991455,1.0,1.0
4,train,144,14233,0.3344991207122803,0.34090158343315125,0.006402462720870972,1.0,1.0
4,train,145,26672,0.16191311180591583,0.16830992698669434,0.006396815180778503,1.0,1.0
4,train,146,71,0.15722092986106873,0.1508283168077469,-0.006392613053321838,1.0,1.0
4,train,147,14013,0.15499256551265717,0.14860345423221588,-0.006389111280441284,1.0,1.0
4,train,148,15080,0.0964156910777092,0.10280048102140427,0.006384789943695068,1.0,1.0
4,train,149,477,0.22760243713855743,0.23396815359592438,0.006365716457366943,1.0,1.0
4,train,150,21075,0.1859445571899414,0.17957986891269684,-0.006364688277244568,1.0,1.0
4,train,151,4806,0.1340997964143753,0.14046379923820496,0.006364002823829651,1.0,1.0
4,train,152,8366,0.23518472909927368,0.22882205247879028,-0.0063626766204833984,1.0,1.0
4,train,153,28489,0.1477072387933731,0.14136824011802673,-0.0063389986753463745,1.0,1.0
4,train,154,24877,0.21382226049900055,0.20749421417713165,-0.0063280463218688965,1.0,1.0
4,train,155,20675,0.28741970658302307,0.28109660744667053,-0.006323099136352539,1.0,1.0
4,train,156,751,0.15210604667663574,0.1584155261516571,0.006309479475021362,1.0,1.0
4,train,157,14220,0.1334819197654724,0.13978061079978943,0.006298691034317017,1.0,1.0
4,train,158,10368,0.2741146385669708,0.26784059405326843,-0.006274044513702393,1.0,1.0
4,train,159,12229,0.11106551438570023,0.11733269691467285,0.006267182528972626,1.0,1.0
4,train,160,17067,0.1708003729581833,0.16454492509365082,-0.006255447864532471,1.0,1.0
4,train,161,15950,0.4088289439678192,0.41508349776268005,0.00625455379486084,1.0,1.0
4,train,162,11042,0.37005677819252014,0.3763043284416199,0.0062475502490997314,1.0,1.0
4,train,163,17312,0.12439630180597305,0.11815725266933441,-0.006239049136638641,1.0,1.0
4,train,164,24509,0.2436230629682541,0.24985837936401367,0.0062353163957595825,1.0,1.0
4,train,165,8185,0.1557464301586151,0.14951235055923462,-0.006234079599380493,1.0,1.0
4,train,166,20496,0.2249353677034378,0.21870695054531097,-0.006228417158126831,1.0,1.0
4,train,167,27128,0.09674930572509766,0.1029723584651947,0.006223052740097046,1.0,1.0
4,train,168,6119,0.29426708817481995,0.3004875183105469,0.006220430135726929,1.0,1.0
4,train,169,21966,0.09273531287908554,0.09894880652427673,0.006213493645191193,1.0,1.0
4,train,170,24459,0.23356033861637115,0.22734886407852173,-0.006211474537849426,1.0,1.0
4,train,171,2525,0.17211408913135529,0.16590657830238342,-0.006207510828971863,1.0,1.0
4,train,172,12549,0.14061826467514038,0.14681869745254517,0.006200432777404785,1.0,1.0
4,train,173,28178,0.10811766982078552,0.11429677903652191,0.006179109215736389,1.0,1.0
4,train,174,5323,0.3799896240234375,0.37381383776664734,-0.006175786256790161,1.0,1.0
4,train,175,16073,0.16470636427402496,0.15853433310985565,-0.0061720311641693115,1.0,1.0
4,train,176,15006,0.24797771871089935,0.25414395332336426,0.006166234612464905,1.0,1.0
4,train,177,11817,0.21656674146652222,0.21040213108062744,-0.006164610385894775,1.0,1.0
4,train,178,4656,0.21174363791942596,0.21790534257888794,0.006161704659461975,1.0,1.0
4,train,179,8835,0.15618796646595,0.16233830153942108,0.006150335073471069,1.0,1.0
4,train,180,14567,0.15250666439533234,0.14637643098831177,-0.006130233407020569,1.0,1.0
4,train,181,828,0.23561866581439972,0.24174568057060242,0.006127014756202698,1.0,1.0
4,train,182,16559,0.1724669188261032,0.1663513332605362,-0.006115585565567017,1.0,1.0
4,train,183,13621,0.14929628372192383,0.14318937063217163,-0.006106913089752197,1.0,1.0
4,train,184,6847,0.11596829444169998,0.12207303941249847,0.006104744970798492,1.0,1.0
4,train,185,19652,0.2725276052951813,0.26642313599586487,-0.006104469299316406,1.0,1.0
4,train,186,25897,0.18576329946517944,0.19185945391654968,0.006096154451370239,1.0,1.0
4,train,187,8187,0.16805684566497803,0.17414747178554535,0.006090626120567322,1.0,1.0
4,train,188,6492,0.23504102230072021,0.22895091772079468,-0.006090104579925537,1.0,1.0
4,train,189,7361,0.24177111685276031,0.24785542488098145,0.00608430802822113,1.0,1.0
4,train,190,26238,0.23244263231754303,0.2263633906841278,-0.006079241633415222,1.0,1.0
4,train,191,5457,0.10494852811098099,0.11101509630680084,0.006066568195819855,1.0,1.0
4,train,192,14683,0.41228652000427246,0.4062292277812958,-0.006057292222976685,1.0,1.0
4,train,193,6957,0.15739114582538605,0.16344712674617767,0.006055980920791626,1.0,1.0
4,train,194,13999,0.13610754907131195,0.14216190576553345,0.006054356694221497,1.0,1.0
4,train,195,5767,0.32315298914909363,0.32920706272125244,0.0060540735721588135,1.0,1.0
4,train,196,3508,0.19086302816867828,0.19690486788749695,0.0060418397188186646,1.0,1.0
4,train,197,5891,0.33639582991600037,0.34242886304855347,0.006033033132553101,1.0,1.0
4,train,198,20026,0.6326255202293396,0.6265973448753357,-0.006028175354003906,1.0,1.0
4,train,199,8761,0.24104398488998413,0.23501886427402496,-0.0060251206159591675,1.0,1.0
4,train,200,2046,0.17797215282917023,0.17195504903793335,-0.0060171037912368774,1.0,1.0
4,train,201,16687,0.1905904859304428,0.1966034471988678,0.006012961268424988,1.0,1.0
4,train,202,4418,0.09930438548326492,0.093292735517025,-0.006011649966239929,1.0,1.0
4,train,203,18328,0.2709656059741974,0.2649654746055603,-0.006000131368637085,1.0,1.0
4,train,204,2155,0.17097900807857513,0.16498690843582153,-0.005992099642753601,1.0,1.0
4,train,205,12659,0.13403856754302979,0.14002813398838043,0.005989566445350647,1.0,1.0
4,train,206,10176,0.3427561819553375,0.33676937222480774,-0.005986809730529785,1.0,1.0
4,train,207,7718,0.15134409070014954,0.15733009576797485,0.005986005067825317,1.0,1.0
4,train,208,21497,0.18460167944431305,0.19058717787265778,0.0059854984283447266,1.0,1.0
4,train,209,10553,0.1760956197977066,0.1820804625749588,0.005984842777252197,1.0,1.0
4,train,210,23319,0.20152898132801056,0.19554758071899414,-0.0059814006090164185,1.0,1.0
4,train,211,6424,0.14703308045864105,0.14105454087257385,-0.0059785395860672,1.0,1.0
4,train,212,8290,0.13221140205860138,0.13818541169166565,0.00597400963306427,1.0,1.0
4,train,213,11690,0.21384216845035553,0.2198096066713333,0.005967438220977783,1.0,1.0
4,train,214,2107,0.2611529529094696,0.267106831073761,0.005953878164291382,1.0,1.0
4,train,215,10349,0.16689330339431763,0.1728469729423523,0.005953669548034668,1.0,1.0
4,train,216,13001,0.19464723765850067,0.20059895515441895,0.005951717495918274,1.0,1.0
4,train,217,25630,0.30525627732276917,0.2993049919605255,-0.005951285362243652,1.0,1.0
4,train,218,5775,0.19527804851531982,0.20122091472148895,0.005942866206169128,1.0,1.0
4,train,219,9037,0.20801608264446259,0.20207537710666656,-0.0059407055377960205,1.0,1.0
4,train,220,6223,0.0782351866364479,0.08417510241270065,0.005939915776252747,1.0,1.0
4,train,221,13644,0.18521620333194733,0.1792849898338318,-0.0059312134981155396,1.0,1.0
4,train,222,12508,0.11578383296728134,0.12171134352684021,0.005927510559558868,1.0,1.0
4,train,223,28372,0.2487168312072754,0.2427920699119568,-0.0059247612953186035,1.0,1.0
4,train,224,18862,0.1374126672744751,0.14333586394786835,0.0059231966733932495,1.0,1.0
4,train,225,28587,0.48200976848602295,0.48792898654937744,0.005919218063354492,1.0,1.0
4,train,226,21987,0.2066129893064499,0.20069898664951324,-0.0059140026569366455,1.0,1.0
4,train,227,8140,0.2574893832206726,0.25158217549324036,-0.005907207727432251,1.0,1.0
4,train,228,26994,0.18579436838626862,0.19170142710208893,0.0059070587158203125,1.0,1.0
4,train,229,3788,0.29532960057258606,0.3012334704399109,0.005903869867324829,1.0,1.0
4,train,230,18188,0.20358960330486298,0.19768787920475006,-0.005901724100112915,1.0,1.0
4,train,231,16570,0.006827350240200758,0.012727264314889908,0.00589991407468915,0.234375,0.4201388888888889
4,train,232,22345,0.17375922203063965,0.17965823411941528,0.005899012088775635,1.0,1.0
4,train,233,4621,0.28621426224708557,0.2921096682548523,0.005895406007766724,1.0,1.0
4,train,234,22649,0.3240682780742645,0.31817346811294556,-0.00589480996131897,1.0,1.0
4,train,235,18315,0.20599037408828735,0.21188026666641235,0.005889892578125,1.0,1.0
4,train,236,14353,0.351218581199646,0.3453340530395508,-0.005884528160095215,1.0,1.0
4,train,237,9145,0.2905139625072479,0.2846311330795288,-0.005882829427719116,1.0,1.0
4,train,238,18038,0.1856461614370346,0.19152456521987915,0.0058784037828445435,1.0,1.0
4,train,239,22807,0.14686666429042816,0.15274207293987274,0.00587540864944458,1.0,1.0
4,train,240,9553,0.2364785224199295,0.242353618144989,0.005875095725059509,1.0,1.0
4,train,241,12164,0.20233315229415894,0.19646196067333221,-0.005871191620826721,1.0,1.0
4,train,242,27621,0.46526265144348145,0.47112715244293213,0.005864500999450684,1.0,1.0
4,train,243,23362,0.1490878015756607,0.15495111048221588,0.005863308906555176,1.0,1.0
4,train,244,24258,0.24218277633190155,0.23632343113422394,-0.005859345197677612,1.0,1.0
4,train,245,28292,0.18051278591156006,0.17465491592884064,-0.005857869982719421,1.0,1.0
4,train,246,10800,0.1212284192442894,0.12708312273025513,0.005854703485965729,1.0,1.0
4,train,247,20575,0.23240844905376434,0.23825669288635254,0.005848243832588196,1.0,1.0
4,train,248,19770,0.19194887578487396,0.19779668748378754,0.005847811698913574,1.0,1.0
4,train,249,4889,0.2668364346027374,0.26099011301994324,-0.0058463215827941895,1.0,1.0
4,train,250,227,0.29609450697898865,0.30193468928337097,0.005840182304382324,1.0,1.0
4,train,251,10177,0.1324174851179123,0.1382562220096588,0.005838736891746521,1.0,1.0
4,train,252,20037,0.2266988307237625,0.22086922824382782,-0.005829602479934692,1.0,1.0
4,train,253,19361,0.20740555226802826,0.20158131420612335,-0.005824238061904907,1.0,1.0
4,train,254,21222,0.14703069627285004,0.14120930433273315,-0.005821391940116882,1.0,1.0
4,train,255,20574,0.20222042500972748,0.19640380144119263,-0.005816623568534851,1.0,1.0
4,train,256,5572,0.27632758021354675,0.2821386754512787,0.005811095237731934,1.0,1.0
4,train,257,6939,0.2674204409122467,0.2616100013256073,-0.005810439586639404,1.0,1.0
4,train,258,14999,0.3089502155780792,0.3031397759914398,-0.005810439586639404,1.0,1.0
4,train,259,4341,0.28702107071876526,0.28121063113212585,-0.005810439586639404,1.0,1.0
4,train,260,3677,0.08602059632539749,0.09182865917682648,0.005808062851428986,1.0,1.0
4,train,261,23749,0.22822777926921844,0.22242365777492523,-0.005804121494293213,1.0,1.0
4,train,262,5393,0.3194843828678131,0.32528841495513916,0.00580403208732605,1.0,1.0
4,train,263,2437,0.28730908036231995,0.28151237964630127,-0.005796700716018677,1.0,1.0
4,train,264,15438,0.21169738471508026,0.21749137341976166,0.0057939887046813965,1.0,1.0
4,train,265,13284,0.19330833852291107,0.18751436471939087,-0.005793973803520203,1.0,1.0
4,train,266,6606,0.2754330635070801,0.2812241017818451,0.005791038274765015,1.0,1.0
4,train,267,10155,0.17728114128112793,0.1830708533525467,0.005789712071418762,1.0,1.0
4,train,268,9123,0.20786643028259277,0.2136515974998474,0.005785167217254639,1.0,1.0
4,train,269,11089,0.3969123363494873,0.40269359946250916,0.005781263113021851,1.0,1.0
4,train,270,7913,0.2391553372144699,0.24492795765399933,0.005772620439529419,1.0,1.0
4,train,271,14728,0.25821176171302795,0.2524527311325073,-0.00575903058052063,1.0,1.0
4,train,272,6076,0.1670285314321518,0.17278754711151123,0.005759015679359436,1.0,1.0
4,train,273,24432,0.14700059592723846,0.15275469422340393,0.005754098296165466,1.0,1.0
4,train,274,27999,0.2622807025909424,0.2565341293811798,-0.005746573209762573,1.0,1.0
4,train,275,9668,0.15540668368339539,0.16114795207977295,0.0057412683963775635,1.0,1.0
4,train,276,27662,0.21783913671970367,0.2235729694366455,0.0057338327169418335,1.0,1.0
4,train,277,20605,0.25384822487831116,0.24811485409736633,-0.005733370780944824,1.0,1.0
4,train,278,18775,0.25373324751853943,0.24800017476081848,-0.005733072757720947,1.0,1.0
4,train,279,21436,0.13366517424583435,0.1393970251083374,0.005731850862503052,1.0,1.0
4,train,280,23000,0.2741098403930664,0.2798365354537964,0.0057266950607299805,1.0,1.0
4,train,281,2871,0.23810921609401703,0.24383412301540375,0.005724906921386719,1.0,1.0
4,train,282,24297,0.20731692016124725,0.2015933394432068,-0.005723580718040466,1.0,1.0
4,train,283,24133,0.21355916559696198,0.2192736119031906,0.005714446306228638,1.0,1.0
4,train,284,28391,0.18902616202831268,0.19473886489868164,0.0057127028703689575,1.0,1.0
4,train,285,26650,0.19775640964508057,0.19205331802368164,-0.005703091621398926,1.0,1.0
4,train,286,26813,0.19384586811065674,0.19953981041908264,0.005693942308425903,1.0,1.0
4,train,287,13783,0.767284095287323,0.772972822189331,0.005688726902008057,1.0,1.0
4,train,288,7837,0.008401921950280666,0.014086861163377762,0.0056849392130970955,0.4375,0.6944444444444444
4,train,289,26052,0.17524047195911407,0.1809205710887909,0.005680099129676819,1.0,1.0
4,train,290,21763,0.22740714251995087,0.2330867499113083,0.005679607391357422,1.0,1.0
4,train,291,19658,0.12446648627519608,0.13014565408229828,0.005679167807102203,1.0,1.0
4,train,292,19182,0.2897726595401764,0.2954511344432831,0.0056784749031066895,1.0,1.0
4,train,293,27491,0.16449511051177979,0.1588267832994461,-0.005668327212333679,1.0,1.0
4,train,294,17289,0.23325367271900177,0.22758729755878448,-0.005666375160217285,1.0,1.0
4,train,295,1463,0.15935368835926056,0.15369080007076263,-0.005662888288497925,1.0,1.0
4,train,296,16912,0.2021964192390442,0.2078552544116974,0.005658835172653198,1.0,1.0
4,train,297,3489,0.09582993388175964,0.10148850083351135,0.005658566951751709,1.0,1.0
4,train,298,20945,0.08134869486093521,0.08700419962406158,0.005655504763126373,1.0,1.0
4,train,299,12141,0.2139822095632553,0.20832844078540802,-0.00565376877784729,1.0,1.0
4,train,300,5819,0.14436258375644684,0.15001627802848816,0.005653694272041321,1.0,1.0
4,train,301,2170,0.18271662294864655,0.18836063146591187,0.00564400851726532,1.0,1.0
4,train,302,16389,0.27851441502571106,0.27287358045578003,-0.00564083456993103,1.0,1.0
4,train,303,28558,0.18790298700332642,0.18226468563079834,-0.005638301372528076,1.0,1.0
4,train,304,28053,0.2223823517560959,0.21674826741218567,-0.005634084343910217,1.0,1.0
4,train,305,14961,0.24782288074493408,0.24219359457492828,-0.005629286170005798,1.0,1.0
4,train,306,13747,0.22930729389190674,0.223678320646286,-0.0056289732456207275,1.0,1.0
4,train,307,24345,0.2629578411579132,0.26857516169548035,0.005617320537567139,1.0,1.0
4,train,308,2881,0.26331445574760437,0.257699191570282,-0.005615264177322388,1.0,1.0
4,train,309,13867,0.14963363111019135,0.1440201848745346,-0.005613446235656738,1.0,1.0
4,train,310,24000,0.2731407582759857,0.2675274908542633,-0.005613267421722412,1.0,1.0
4,train,311,11062,0.24769669771194458,0.24208757281303406,-0.0056091248989105225,1.0,1.0
4,train,312,8351,0.30314692854881287,0.3087540864944458,0.005607157945632935,1.0,1.0
4,train,313,16964,0.1639290750026703,0.15832287073135376,-0.005606204271316528,1.0,1.0
4,train,314,15270,0.5920817255973816,0.5864761471748352,-0.005605578422546387,1.0,1.0
4,train,315,5764,0.20975764095783234,0.20415416359901428,-0.005603477358818054,1.0,1.0
4,train,316,10839,0.14754466712474823,0.15314467251300812,0.005600005388259888,1.0,1.0
4,train,317,10931,0.3431341350078583,0.34872737526893616,0.005593240261077881,1.0,1.0
4,train,318,11166,0.1591658741235733,0.1535811871290207,-0.005584686994552612,1.0,1.0
4,train,319,7847,0.39468148350715637,0.3891015350818634,-0.005579948425292969,1.0,1.0
4,train,320,2508,0.23456241190433502,0.22898274660110474,-0.005579665303230286,1.0,1.0
4,train,321,4722,0.15568368136882782,0.16126316785812378,0.0055794864892959595,1.0,1.0
4,train,322,21230,0.19983740150928497,0.20541302859783173,0.005575627088546753,1.0,1.0
4,train,323,9671,0.16914533078670502,0.1635739952325821,-0.005571335554122925,1.0,1.0
4,train,324,6716,0.10485395789146423,0.11042500287294388,0.005571044981479645,1.0,1.0
4,train,325,27617,0.1372910588979721,0.14285755157470703,0.005566492676734924,1.0,1.0
4,train,326,18977,0.16976569592952728,0.1641998440027237,-0.005565851926803589,1.0,1.0
4,train,327,15936,0.18801617622375488,0.1824544072151184,-0.005561769008636475,1.0,1.0
4,train,328,27898,0.2147839069366455,0.20922808349132538,-0.005555823445320129,1.0,1.0
4,train,329,4169,0.12233123183250427,0.12787958979606628,0.005548357963562012,1.0,1.0
4,train,330,21449,0.11612441390752792,0.11057785898447037,-0.005546554923057556,1.0,1.0
4,train,331,20028,0.1760415881872177,0.17049671709537506,-0.005544871091842651,1.0,1.0
4,train,332,11948,0.09528293460607529,0.089738629758358,-0.005544304847717285,1.0,0.9965277777777778
4,train,333,1229,0.28245481848716736,0.27691125869750977,-0.005543559789657593,1.0,1.0
4,train,334,6313,0.31172192096710205,0.30618104338645935,-0.0055408775806427,1.0,1.0
4,train,335,28504,0.14118997752666473,0.1356566697359085,-0.005533307790756226,1.0,1.0
4,train,336,13983,0.23216158151626587,0.23769351840019226,0.005531936883926392,1.0,1.0
4,train,337,16829,0.24180780351161957,0.23627819120883942,-0.005529612302780151,1.0,1.0
4,train,338,21792,0.15309132635593414,0.15861408412456512,0.0055227577686309814,1.0,1.0
4,train,339,25072,0.24179135262966156,0.2362724393606186,-0.005518913269042969,1.0,1.0
4,train,340,12635,0.29719769954681396,0.29168328642845154,-0.005514413118362427,1.0,1.0
4,train,341,9550,0.23807352781295776,0.23255926370620728,-0.005514264106750488,1.0,1.0
4,train,342,16872,0.10497987270355225,0.09947317093610764,-0.005506701767444611,1.0,1.0
4,train,343,14126,0.12074068188667297,0.1152346283197403,-0.005506053566932678,1.0,1.0
4,train,344,12311,0.3569270670413971,0.36243221163749695,0.0055051445960998535,1.0,1.0
4,train,345,20616,0.15379968285560608,0.15930430591106415,0.005504623055458069,1.0,1.0
4,train,346,3655,0.19081701338291168,0.1963193565607071,0.00550234317779541,1.0,1.0
4,train,347,14809,0.30318185687065125,0.2976836562156677,-0.0054982006549835205,1.0,1.0
4,train,348,28399,0.17927801609039307,0.18477532267570496,0.00549730658531189,1.0,1.0
4,train,349,8345,0.18862496316432953,0.1941196322441101,0.005494669079780579,1.0,1.0
4,train,350,3070,0.16653236746788025,0.1610395610332489,-0.005492806434631348,1.0,1.0
4,train,351,7075,0.2452431172132492,0.25073379278182983,0.0054906755685806274,1.0,1.0
4,train,352,7101,0.1922486424446106,0.18675944209098816,-0.0054892003536224365,1.0,1.0
4,train,353,12505,0.21339507400989532,0.2079082578420639,-0.005486816167831421,1.0,1.0
4,train,354,22647,0.1874249428510666,0.18194371461868286,-0.005481228232383728,1.0,1.0
4,train,355,24356,0.263151079416275,0.26862677931785583,0.0054756999015808105,1.0,1.0
4,train,356,22503,0.1358335167169571,0.14129796624183655,0.005464449524879456,1.0,1.0
4,train,357,22011,0.21518175303936005,0.20972265303134918,-0.005459100008010864,1.0,1.0
4,train,358,836,0.1566760092973709,0.1512266993522644,-0.005449309945106506,1.0,1.0
4,train,359,21988,0.24894237518310547,0.2434939295053482,-0.005448445677757263,1.0,1.0
4,train,360,25954,0.23690052330493927,0.23145733773708344,-0.005443185567855835,1.0,1.0
4,train,361,25020,0.14805454015731812,0.15349739789962769,0.00544285774230957,1.0,1.0
4,train,362,9107,0.1466471403837204,0.15208862721920013,0.005441486835479736,1.0,1.0
4,train,363,21601,0.2659779489040375,0.26054203510284424,-0.005435913801193237,1.0,1.0
4,train,364,1943,0.16477124392986298,0.17020513117313385,0.005433887243270874,1.0,1.0
4,train,365,15182,0.38965246081352234,0.38422858715057373,-0.005423873662948608,1.0,1.0
4,train,366,13761,0.17339961230754852,0.17882254719734192,0.005422934889793396,1.0,1.0
4,train,367,9077,0.2498611956834793,0.24443930387496948,-0.005421891808509827,1.0,1.0
4,train,368,17771,0.19083519279956818,0.19624826312065125,0.005413070321083069,1.0,1.0
4,train,369,8038,0.10788774490356445,0.10247672349214554,-0.005411021411418915,1.0,1.0
4,train,370,28134,0.11151387542486191,0.11692479997873306,0.005410924553871155,1.0,1.0
4,train,371,18394,0.21076230704784393,0.20535577833652496,-0.00540652871131897,1.0,1.0
4,train,372,362,0.16858001053333282,0.17398343980312347,0.005403429269790649,1.0,1.0
4,train,373,3319,0.14281804859638214,0.1374148726463318,-0.005403175950050354,1.0,1.0
4,train,374,3039,0.21726614236831665,0.21186445653438568,-0.005401685833930969,1.0,1.0
4,train,375,13275,0.26677408814430237,0.27217522263526917,0.005401134490966797,1.0,1.0
4,train,376,28333,0.1836264580488205,0.17822642624378204,-0.005400031805038452,1.0,1.0
4,train,377,9895,0.36788690090179443,0.3624872863292694,-0.005399614572525024,1.0,1.0
4,train,378,10116,0.5306411981582642,0.525246262550354,-0.005394935607910156,1.0,1.0
4,train,379,11653,0.10789057612419128,0.11328443139791489,0.005393855273723602,1.0,1.0
4,train,380,12002,0.17517268657684326,0.18056601285934448,0.005393326282501221,1.0,1.0
4,train,381,6627,0.2727937400341034,0.27818506956100464,0.005391329526901245,1.0,1.0
4,train,382,17704,0.4816077947616577,0.48699527978897095,0.005387485027313232,1.0,1.0
4,train,383,21784,0.1570885330438614,0.16247354447841644,0.005385011434555054,1.0,1.0
4,train,384,4567,0.39915546774864197,0.3937737047672272,-0.005381762981414795,1.0,1.0
4,train,385,14147,0.15917232632637024,0.15380467474460602,-0.005367651581764221,1.0,1.0
4,train,386,26122,0.20022307336330414,0.1948598474264145,-0.0053632259368896484,1.0,1.0
4,train,387,799,0.15177707374095917,0.14641627669334412,-0.005360797047615051,1.0,1.0
4,train,388,1910,0.2792900502681732,0.2846471667289734,0.005357116460800171,1.0,1.0
4,train,389,21367,0.19955168664455414,0.19419890642166138,-0.005352780222892761,1.0,1.0
4,train,390,16811,0.17246466875076294,0.16711844503879547,-0.005346223711967468,1.0,1.0
4,train,391,19538,0.20992058515548706,0.21526660025119781,0.005346015095710754,1.0,1.0
4,train,392,28444,0.31363722681999207,0.30829325318336487,-0.005343973636627197,1.0,1.0
4,train,393,5886,0.4005134403705597,0.405856728553772,0.00534328818321228,1.0,1.0
4,train,394,20684,0.10513141751289368,0.1104716807603836,0.005340263247489929,1.0,1.0
4,train,395,22364,0.005937403067946434,0.01127590797841549,0.005338504910469055,0.15104166666666666,0.21875
4,train,396,19625,0.5893303751945496,0.5946616530418396,0.005331277847290039,1.0,1.0
4,train,397,17204,0.1074855625629425,0.11281038820743561,0.005324825644493103,1.0,1.0
4,train,398,1652,0.14095045626163483,0.13562601804733276,-0.005324438214302063,1.0,1.0
4,train,399,20313,0.2929478585720062,0.298269659280777,0.005321800708770752,1.0,1.0
4,train,400,5878,0.061960265040397644,0.0566488578915596,-0.005311407148838043,1.0,0.9340277777777778
4,train,401,8152,0.13134410977363586,0.13665524125099182,0.005311131477355957,1.0,1.0
4,train,402,26461,0.3422780930995941,0.33697521686553955,-0.005302876234054565,1.0,1.0
4,train,403,19708,0.22288556396961212,0.2175857424736023,-0.005299821496009827,1.0,1.0
4,train,404,11625,0.2742377519607544,0.27953264117240906,0.005294889211654663,1.0,1.0
4,train,405,1096,0.2432592511177063,0.24855130910873413,0.005292057991027832,1.0,1.0
4,train,406,22486,0.24931536614894867,0.24402731657028198,-0.005288049578666687,1.0,1.0
4,train,407,6463,0.2604431211948395,0.25516390800476074,-0.005279213190078735,1.0,1.0
4,train,408,2821,0.38294658064842224,0.3882243037223816,0.005277723073959351,1.0,1.0
4,train,409,11471,0.22263599932193756,0.21735882759094238,-0.005277171730995178,1.0,1.0
4,train,410,21484,0.24046163260936737,0.24573776125907898,0.005276128649711609,1.0,1.0
4,train,411,19333,0.18284781277179718,0.18812161684036255,0.005273804068565369,1.0,1.0
4,train,412,19859,0.09530778974294662,0.10057886689901352,0.0052710771560668945,1.0,1.0
4,train,413,27777,0.1934465616941452,0.18817740678787231,-0.005269154906272888,1.0,1.0
4,train,414,16882,0.41965028643608093,0.4143819212913513,-0.005268365144729614,1.0,1.0
4,train,415,1893,0.6623840928077698,0.6676497459411621,0.005265653133392334,1.0,1.0
4,train,416,1762,0.25015169382095337,0.24488766491413116,-0.005264028906822205,1.0,1.0
4,train,417,4063,0.10475876927375793,0.11002261936664581,0.005263850092887878,1.0,1.0
4,train,418,26616,0.18016429245471954,0.17490272223949432,-0.00526157021522522,1.0,1.0
4,train,419,27422,0.19129879772663116,0.19655580818653107,0.005257010459899902,1.0,1.0
4,train,420,26128,0.26423296332359314,0.2694858908653259,0.005252927541732788,1.0,1.0
4,train,421,7225,0.2419981211423874,0.2472507655620575,0.005252644419670105,1.0,1.0
4,train,422,15284,0.34704065322875977,0.35228627920150757,0.005245625972747803,1.0,1.0
4,train,423,2033,0.23455333709716797,0.2293110489845276,-0.005242288112640381,1.0,1.0
4,train,424,25327,0.1915050894021988,0.18626509606838226,-0.005239993333816528,1.0,1.0
4,train,425,19716,0.21961183845996857,0.2143726348876953,-0.005239203572273254,1.0,1.0
4,train,426,24486,0.244172140955925,0.24940985441207886,0.00523771345615387,1.0,1.0
4,train,427,20423,0.09718433022499084,0.10242123156785965,0.005236901342868805,1.0,1.0
4,train,428,5403,0.25518423318862915,0.26041334867477417,0.0052291154861450195,1.0,1.0
4,train,429,5406,0.17408286035060883,0.1793116182088852,0.005228757858276367,1.0,1.0
4,train,430,22094,0.2618440091609955,0.2566228210926056,-0.005221188068389893,1.0,1.0
4,train,431,12330,0.20289666950702667,0.20811563730239868,0.005218967795372009,1.0,1.0
4,train,432,26533,0.21842074394226074,0.21320891380310059,-0.005211830139160156,1.0,1.0
4,train,433,12213,0.22652536630630493,0.2213187962770462,-0.005206570029258728,1.0,1.0
4,train,434,10283,0.24482083320617676,0.2500261068344116,0.005205273628234863,1.0,1.0
4,train,435,3650,0.13258470594882965,0.13778828084468842,0.005203574895858765,1.0,1.0
4,train,436,22758,0.3750039041042328,0.36980316042900085,-0.005200743675231934,1.0,1.0
4,train,437,20567,0.29310187697410583,0.29830119013786316,0.005199313163757324,1.0,1.0
4,train,438,5704,0.11883018165826797,0.12402800470590591,0.0051978230476379395,1.0,1.0
4,train,439,5809,0.2847312390804291,0.27953436970710754,-0.005196869373321533,1.0,1.0
4,train,440,17175,0.1098015233874321,0.11499463021755219,0.005193106830120087,1.0,1.0
4,train,441,20192,0.20312665402889252,0.20831914246082306,0.005192488431930542,1.0,1.0
4,train,442,24589,0.23283885419368744,0.23803091049194336,0.00519205629825592,1.0,1.0
4,train,443,11879,0.32145288586616516,0.3162623941898346,-0.005190491676330566,1.0,1.0
4,train,444,12370,0.41245654225349426,0.40726783871650696,-0.005188703536987305,1.0,1.0
4,train,445,9050,0.1986376792192459,0.20382581651210785,0.0051881372928619385,1.0,1.0
4,train,446,17891,0.13674940168857574,0.14193549752235413,0.005186095833778381,1.0,1.0
4,train,447,20025,0.21003933250904083,0.2152249664068222,0.005185633897781372,1.0,1.0
4,train,448,6539,0.3501185178756714,0.3449375033378601,-0.005181014537811279,1.0,1.0
4,train,449,9978,0.10556059330701828,0.11074122041463852,0.005180627107620239,1.0,1.0
4,train,450,21346,0.21736980974674225,0.21218936145305634,-0.005180448293685913,1.0,1.0
4,train,451,21325,0.16563202440738678,0.17080698907375336,0.005174964666366577,1.0,1.0
4,train,452,11383,0.20635247230529785,0.20117853581905365,-0.005173936486244202,1.0,1.0
4,train,453,20859,0.07308699935674667,0.07825896143913269,0.005171962082386017,1.0,1.0
4,train,454,3160,0.11613591760396957,0.1213068962097168,0.005170978605747223,1.0,1.0
4,train,455,2003,0.11800406128168106,0.11283358931541443,-0.005170471966266632,1.0,1.0
4,train,456,22545,0.10528361797332764,0.11045289039611816,0.005169272422790527,1.0,1.0
4,train,457,28210,0.04765741899609566,0.05282595381140709,0.005168534815311432,1.0,1.0
4,train,458,24283,0.45772361755371094,0.46288904547691345,0.005165427923202515,1.0,1.0
4,train,459,2505,0.21577177941799164,0.2209351807832718,0.005163401365280151,1.0,1.0
4,train,460,6723,0.33086636662483215,0.3257046043872833,-0.005161762237548828,1.0,1.0
4,train,461,27360,0.23423822224140167,0.2290779948234558,-0.005160227417945862,1.0,1.0
4,train,462,26463,0.17080311477184296,0.1759585589170456,0.005155444145202637,1.0,1.0
4,train,463,643,0.1438794732093811,0.13872717320919037,-0.005152300000190735,1.0,1.0
4,train,464,21533,0.16665108501911163,0.17180022597312927,0.005149140954017639,1.0,1.0
4,train,465,7207,0.19507348537445068,0.20021744072437286,0.00514395534992218,1.0,1.0
4,train,466,19778,0.31082504987716675,0.30568915605545044,-0.005135893821716309,1.0,1.0
4,train,467,4103,0.17167110741138458,0.17680661380290985,0.0051355063915252686,1.0,1.0
4,train,468,24280,0.22416365146636963,0.21902823448181152,-0.0051354169845581055,1.0,1.0
4,train,469,22309,0.088471420109272,0.09360606223344803,0.005134642124176025,1.0,1.0
4,train,470,23477,0.3293232023715973,0.3344535231590271,0.00513032078742981,1.0,1.0
4,train,471,27071,0.06488987058401108,0.07001318782567978,0.005123317241668701,1.0,1.0
4,train,472,12647,0.11338075250387192,0.11850077658891678,0.005120024085044861,1.0,1.0
4,train,473,23846,0.26969653367996216,0.2748161554336548,0.005119621753692627,1.0,1.0
4,train,474,2132,0.2507433295249939,0.24562785029411316,-0.005115479230880737,1.0,1.0
4,train,475,20854,0.20450055599212646,0.2096146047115326,0.005114048719406128,1.0,1.0
4,train,476,10297,0.32903796434402466,0.32393401861190796,-0.005103945732116699,1.0,1.0
4,train,477,22502,0.24520450830459595,0.24010345339775085,-0.005101054906845093,1.0,1.0
4,train,478,10709,0.12614525854587555,0.13124603033065796,0.00510077178478241,1.0,1.0
4,train,479,2967,0.09847218543291092,0.10357271134853363,0.005100525915622711,1.0,1.0
4,train,480,24727,0.38799118995666504,0.3930894434452057,0.005098253488540649,1.0,1.0
4,train,481,4504,0.17632798850536346,0.181425079703331,0.005097091197967529,1.0,1.0
4,train,482,11470,0.28578120470046997,0.2806883752346039,-0.005092829465866089,1.0,1.0
4,train,483,27766,0.164132222533226,0.1692236214876175,0.0050913989543914795,1.0,1.0
4,train,484,13202,0.08348140865564346,0.08856699615716934,0.005085587501525879,1.0,1.0
4,train,485,17791,0.3043035566806793,0.2992209792137146,-0.005082577466964722,1.0,1.0
4,train,486,64,0.2444307953119278,0.23934823274612427,-0.005082562565803528,1.0,1.0
4,train,487,12530,0.17719416320323944,0.1721121370792389,-0.005082026124000549,1.0,1.0
4,train,488,16700,0.1563345342874527,0.15125374495983124,-0.00508078932762146,1.0,1.0
4,train,489,27378,0.22929607331752777,0.22422058880329132,-0.00507548451423645,1.0,1.0
4,train,490,7228,0.32955190539360046,0.32447659969329834,-0.005075305700302124,1.0,1.0
4,train,491,2841,0.14204041659832,0.14711466431617737,0.005074247717857361,1.0,1.0
4,train,492,19444,0.09552767127752304,0.10059676319360733,0.0050690919160842896,1.0,1.0
4,train,493,15465,0.44941651821136475,0.4544844627380371,0.005067944526672363,1.0,1.0
4,train,494,25524,0.2867482900619507,0.2918156385421753,0.005067348480224609,1.0,1.0
4,train,495,28316,0.23072226345539093,0.23578661680221558,0.005064353346824646,1.0,1.0
4,train,496,26049,0.13660477101802826,0.13154199719429016,-0.005062773823738098,1.0,1.0
4,train,497,23960,0.43125560879707336,0.42619478702545166,-0.005060821771621704,1.0,1.0
4,train,498,18578,0.17071790993213654,0.16566263139247894,-0.005055278539657593,1.0,1.0
4,train,499,7266,0.18861238658428192,0.19365759193897247,0.005045205354690552,1.0,1.0
4,train,500,9909,0.28430137038230896,0.2792568802833557,-0.005044490098953247,1.0,1.0
4,eval,1,18285,0.10964811593294144,0.1017533391714096,-0.00789477676153183,1.0,1.0
4,eval,2,22710,0.017859982326626778,0.025332409888505936,0.007472427561879158,0.5833333333333334,0.8472222222222222
4,eval,3,10116,0.5341589450836182,0.5268633365631104,-0.0072956085205078125,1.0,1.0
4,eval,4,19822,0.19336079061031342,0.20065264403820038,0.007291853427886963,1.0,1.0
4,eval,5,28587,0.4809061586856842,0.4881223440170288,0.0072161853313446045,1.0,1.0
4,eval,6,9758,0.25190597772598267,0.2591126561164856,0.00720667839050293,1.0,1.0
4,eval,7,10266,0.1722412109375,0.17922884225845337,0.006987631320953369,1.0,1.0
4,eval,8,18315,0.20745347440242767,0.2144409716129303,0.0069874972105026245,1.0,1.0
4,eval,9,16912,0.1989162713289261,0.20587857067584991,0.006962299346923828,1.0,1.0
4,eval,10,10915,0.3429393768310547,0.33605673909187317,-0.0068826377391815186,1.0,1.0
4,eval,11,5110,0.29301711916923523,0.2998806834220886,0.0068635642528533936,1.0,1.0
4,eval,12,14978,0.2220151275396347,0.22863131761550903,0.006616190075874329,1.0,1.0
4,eval,13,2885,0.251841276884079,0.24522921442985535,-0.006612062454223633,1.0,1.0
4,eval,14,21648,0.3463243544101715,0.3398035168647766,-0.0065208375453948975,1.0,1.0
4,eval,15,14845,0.3149031400680542,0.3084530532360077,-0.006450086832046509,1.0,1.0
4,eval,16,19182,0.2852555215358734,0.2916771173477173,0.006421595811843872,1.0,1.0
4,eval,17,28554,0.2108866423368454,0.20449508726596832,-0.006391555070877075,1.0,1.0
4,eval,18,16163,0.146831214427948,0.1404590904712677,-0.006372123956680298,1.0,1.0
4,eval,19,6119,0.2909998893737793,0.29737159609794617,0.00637170672416687,1.0,1.0
4,eval,20,2256,0.02124466560781002,0.01487914752215147,-0.00636551808565855,0.8541666666666666,0.6944444444444444
4,eval,21,16065,0.22186626493930817,0.2282203882932663,0.00635412335395813,1.0,1.0
4,eval,22,19534,0.4608907401561737,0.4545668959617615,-0.0063238441944122314,1.0,1.0
4,eval,23,18028,0.16021917760372162,0.166527658700943,0.0063084810972213745,1.0,1.0
4,eval,24,824,0.24534332752227783,0.23904003202915192,-0.0063032954931259155,1.0,1.0
4,eval,25,4188,0.3329392373561859,0.32666704058647156,-0.0062721967697143555,1.0,1.0
4,eval,26,14567,0.1548711210489273,0.14861932396888733,-0.006251797080039978,1.0,1.0
4,eval,27,16235,0.21841804683208466,0.21218448877334595,-0.0062335580587387085,1.0,1.0
4,eval,28,28467,0.02004151977598667,0.013814151287078857,-0.006227368488907814,0.8333333333333334,0.5694444444444444
4,eval,29,3655,0.18722914159297943,0.19344580173492432,0.006216660141944885,1.0,1.0
4,eval,30,21686,0.19593091309070587,0.2021368443965912,0.006205931305885315,1.0,1.0
4,eval,31,4615,0.2600751519203186,0.26627758145332336,0.006202429533004761,1.0,1.0
4,eval,32,1308,0.2760083079338074,0.26986947655677795,-0.006138831377029419,1.0,1.0
4,eval,33,25976,0.027517719194293022,0.02138466387987137,-0.006133055314421654,0.7916666666666666,0.6944444444444444
4,eval,34,14084,0.22247983515262604,0.22861093282699585,0.006131097674369812,1.0,1.0
4,eval,35,13699,0.12767305970191956,0.13379710912704468,0.006124049425125122,1.0,1.0
4,eval,36,24686,0.18146361410617828,0.18755021691322327,0.006086602807044983,1.0,1.0
4,eval,37,17318,0.15591472387313843,0.14983472228050232,-0.006080001592636108,1.0,1.0
4,eval,38,5813,0.19730015099048615,0.19122272729873657,-0.006077423691749573,1.0,1.0
4,eval,39,654,0.1830417960882187,0.17698226869106293,-0.006059527397155762,1.0,1.0
4,eval,40,6129,0.2691704332828522,0.26311594247817993,-0.006054490804672241,1.0,1.0
4,eval,41,10771,0.009309876710176468,0.003305773250758648,-0.00600410345941782,0.375,0.1111111111111111
4,eval,42,13448,0.42180928587913513,0.41590631008148193,-0.005902975797653198,1.0,1.0
4,eval,43,3507,0.009437614120543003,0.01532671693712473,0.005889102816581726,0.3958333333333333,0.6527777777777778
4,eval,44,24258,0.2442847639322281,0.23840774595737457,-0.005877017974853516,1.0,1.0
4,eval,45,26616,0.18061257898807526,0.17473912239074707,-0.005873456597328186,1.0,1.0
4,eval,46,15613,0.15210680663585663,0.15791961550712585,0.005812808871269226,1.0,1.0
4,eval,47,2108,0.23422956466674805,0.2400367558002472,0.0058071911334991455,1.0,1.0
4,eval,48,24865,0.2178223729133606,0.22361819446086884,0.00579582154750824,1.0,1.0
4,eval,49,18331,0.2677639126777649,0.26197758316993713,-0.005786329507827759,1.0,1.0
4,eval,50,28282,0.3616802394390106,0.36746519804000854,0.005784958600997925,1.0,1.0
4,eval,51,23644,0.35992714762687683,0.3656963109970093,0.005769163370132446,1.0,1.0
4,eval,52,18754,0.07962832599878311,0.08539477735757828,0.005766451358795166,1.0,1.0
4,eval,53,2914,0.11402758955955505,0.10826268047094345,-0.005764909088611603,1.0,1.0
4,eval,54,12455,0.19734172523021698,0.2030988335609436,0.0057571083307266235,1.0,1.0
4,eval,55,245,0.26758769154548645,0.2733280062675476,0.005740314722061157,1.0,1.0
4,eval,56,8982,0.3593340218067169,0.36506780982017517,0.005733788013458252,1.0,1.0
4,eval,57,20621,0.14693792164325714,0.14120443165302277,-0.005733489990234375,1.0,1.0
4,eval,58,17080,0.3900626599788666,0.3957931399345398,0.005730479955673218,1.0,1.0
4,eval,59,24433,0.5071889162063599,0.5014770030975342,-0.005711913108825684,1.0,1.0
4,eval,60,11387,0.17465247213840485,0.180364191532135,0.005711719393730164,1.0,1.0
4,eval,61,196,0.17733967304229736,0.18305033445358276,0.0057106614112854,1.0,1.0
4,eval,62,5205,0.3033266067504883,0.30902692675590515,0.00570032000541687,1.0,1.0
4,eval,63,25328,0.2549835741519928,0.2606712877750397,0.005687713623046875,1.0,1.0
4,eval,64,4987,0.31888508796691895,0.32454246282577515,0.005657374858856201,1.0,1.0
4,eval,65,15084,0.2941684424877167,0.2998024821281433,0.005634039640426636,1.0,1.0
4,eval,66,11172,0.1917733997106552,0.18615177273750305,-0.005621626973152161,1.0,1.0
4,eval,67,18602,0.38108375668525696,0.38669106364250183,0.005607306957244873,1.0,1.0
4,eval,68,6809,0.3461378812789917,0.34053122997283936,-0.005606651306152344,1.0,1.0
4,eval,69,3374,0.24215847253799438,0.23655615746974945,-0.005602315068244934,1.0,1.0
4,eval,70,8858,0.15969674289226532,0.16529518365859985,0.005598440766334534,1.0,1.0
4,eval,71,14948,0.08672201633453369,0.09231077879667282,0.00558876246213913,1.0,1.0
4,eval,72,2895,0.23286396265029907,0.22727984189987183,-0.005584120750427246,1.0,1.0
4,eval,73,13867,0.14897578954696655,0.1433941125869751,-0.005581676959991455,1.0,1.0
4,eval,74,20496,0.2259804755449295,0.2204018086194992,-0.005578666925430298,1.0,1.0
4,eval,75,21560,0.25914880633354187,0.25357550382614136,-0.005573302507400513,1.0,1.0
4,eval,76,6038,0.12492486089468002,0.1304953694343567,0.005570508539676666,1.0,1.0
4,eval,77,9847,0.3189631402492523,0.3245275318622589,0.005564391613006592,1.0,1.0
4,eval,78,21308,0.09077444672584534,0.08522098511457443,-0.0055534616112709045,1.0,1.0
4,eval,79,14604,0.1722095012664795,0.16666476428508759,-0.005544736981391907,1.0,1.0
4,eval,80,6699,0.2589218020439148,0.25339174270629883,-0.005530059337615967,1.0,1.0
4,eval,81,20575,0.23087622225284576,0.2364058792591095,0.005529657006263733,1.0,1.0
4,eval,82,9803,0.199655219912529,0.2051721066236496,0.0055168867111206055,1.0,1.0
4,eval,83,6313,0.31274402141571045,0.30727002024650574,-0.005474001169204712,1.0,1.0
4,eval,84,2868,0.2146095186471939,0.2091466784477234,-0.00546284019947052,1.0,1.0
4,eval,85,23688,0.19099418818950653,0.19644123315811157,0.0054470449686050415,1.0,1.0
4,eval,86,25701,0.26599276065826416,0.2605554461479187,-0.005437314510345459,1.0,1.0
4,eval,87,22846,0.0913243293762207,0.09675536304712296,0.005431033670902252,1.0,1.0
4,eval,88,9123,0.20670485496520996,0.21211561560630798,0.0054107606410980225,1.0,1.0
4,eval,89,17791,0.3084438741207123,0.3030540645122528,-0.005389809608459473,1.0,1.0
4,eval,90,11472,0.21168635785579681,0.2063109278678894,-0.00537542998790741,1.0,1.0
4,eval,91,10300,0.2565930187702179,0.2512251138687134,-0.005367904901504517,1.0,1.0
4,eval,92,6517,0.17749488353729248,0.18284307420253754,0.005348190665245056,1.0,1.0
4,eval,93,17850,0.2188146859407425,0.22415950894355774,0.005344823002815247,1.0,1.0
4,eval,94,28372,0.2520735561847687,0.24677306413650513,-0.00530049204826355,1.0,1.0
4,eval,95,12074,0.2429688721895218,0.23767291009426117,-0.00529596209526062,1.0,1.0
4,eval,96,25576,0.21167029440402985,0.2169521003961563,0.005281805992126465,1.0,1.0
4,eval,97,4169,0.12350478768348694,0.12878185510635376,0.005277067422866821,1.0,1.0
4,eval,98,12714,0.13584087789058685,0.14111684262752533,0.0052759647369384766,1.0,1.0
4,eval,99,8141,0.39897409081459045,0.40424755215644836,0.00527346134185791,1.0,1.0
4,eval,100,1816,0.23870836198329926,0.24397097527980804,0.005262613296508789,1.0,1.0
4,eval,101,10182,0.12115994095802307,0.12640784680843353,0.005247905850410461,1.0,1.0
4,eval,102,5240,0.1560869812965393,0.161331444978714,0.005244463682174683,1.0,1.0
4,eval,103,19716,0.21980972588062286,0.2145662009716034,-0.00524352490901947,1.0,1.0
4,eval,104,10115,0.016524773091077805,0.021766724064946175,0.00524195097386837,0.5625,0.7916666666666666
4,eval,105,15478,0.34885671734809875,0.35408538579940796,0.005228668451309204,1.0,1.0
4,eval,106,11837,0.27440232038497925,0.2691758871078491,-0.005226433277130127,1.0,1.0
4,eval,107,7677,0.3485303819179535,0.3433050811290741,-0.0052253007888793945,1.0,1.0
4,eval,108,14853,0.3138674795627594,0.3190886378288269,0.005221158266067505,1.0,1.0
4,eval,109,21953,0.19849787652492523,0.193283811211586,-0.005214065313339233,1.0,1.0
4,eval,110,9973,0.20494818687438965,0.2101515829563141,0.0052033960819244385,1.0,1.0
4,eval,111,27067,0.11334347724914551,0.11853453516960144,0.005191057920455933,1.0,1.0
4,eval,112,4119,0.38084128499031067,0.37565386295318604,-0.005187422037124634,1.0,1.0
4,eval,113,22705,0.2216501384973526,0.2268328070640564,0.005182668566703796,1.0,1.0
4,eval,114,21902,0.18985722959041595,0.1846877932548523,-0.00516943633556366,1.0,1.0
4,eval,115,3225,0.16668589413166046,0.1718444675207138,0.005158573389053345,1.0,1.0
4,eval,116,12164,0.20832405984401703,0.2031809240579605,-0.0051431357860565186,1.0,1.0
4,eval,117,14729,0.37525197863578796,0.37011006474494934,-0.005141913890838623,1.0,1.0
4,eval,118,22434,0.4194850027561188,0.41435134410858154,-0.0051336586475372314,1.0,1.0
4,eval,119,7266,0.18711327016353607,0.1922277808189392,0.005114510655403137,1.0,1.0
4,eval,120,6961,0.3359236717224121,0.33081352710723877,-0.00511014461517334,1.0,1.0
4,eval,121,4061,0.4727006256580353,0.47780853509902954,0.005107909440994263,1.0,1.0
4,eval,122,27621,0.4631767272949219,0.46828019618988037,0.005103468894958496,1.0,1.0
4,eval,123,25582,0.12661677598953247,0.12151703238487244,-0.005099743604660034,1.0,1.0
4,eval,124,4251,0.05293877795338631,0.04784556105732918,-0.005093216896057129,1.0,1.0
4,eval,125,10044,0.12709632515907288,0.13218499720096588,0.005088672041893005,1.0,1.0
4,eval,126,21272,0.2572159469127655,0.26230141520500183,0.005085468292236328,1.0,1.0
4,eval,127,18955,0.30291423201560974,0.30799752473831177,0.005083292722702026,1.0,1.0
4,eval,128,24915,0.32225799560546875,0.31717705726623535,-0.0050809383392333984,1.0,1.0
4,eval,129,20713,0.17832688987255096,0.18340179324150085,0.00507490336894989,1.0,1.0
4,eval,130,7386,0.26104217767715454,0.2559691369533539,-0.005073040723800659,1.0,1.0
4,eval,131,5572,0.27597442269325256,0.2810474634170532,0.005073040723800659,1.0,1.0
4,eval,132,15453,0.23656527698040009,0.24163460731506348,0.005069330334663391,1.0,1.0
4,eval,133,2888,0.12582559883594513,0.13089360296726227,0.005068004131317139,1.0,1.0
4,eval,134,25457,0.17857889831066132,0.18363924324512482,0.005060344934463501,1.0,1.0
4,eval,135,18743,0.17832018435001373,0.183377206325531,0.005057021975517273,1.0,1.0
4,eval,136,2646,0.14226104319095612,0.13721342384815216,-0.005047619342803955,1.0,1.0
4,eval,137,26030,0.40401491522789,0.4090528190135956,0.005037903785705566,1.0,1.0
4,eval,138,2647,0.14910274744033813,0.15412631630897522,0.005023568868637085,1.0,1.0
4,eval,139,6539,0.3501618802547455,0.3451443016529083,-0.005017578601837158,1.0,1.0
4,eval,140,24509,0.24500234425067902,0.25001537799835205,0.005013033747673035,1.0,1.0
4,eval,141,24888,0.32060369849205017,0.31559211015701294,-0.0050115883350372314,1.0,1.0
4,eval,142,10452,0.21535982191562653,0.21034952998161316,-0.005010291934013367,1.0,1.0
4,eval,143,6909,0.25316211581230164,0.25816863775253296,0.005006521940231323,1.0,1.0
4,eval,144,21677,0.2299647182226181,0.23496103286743164,0.004996314644813538,1.0,1.0
4,eval,145,15938,0.27826443314552307,0.27327674627304077,-0.0049876868724823,1.0,1.0
4,eval,146,25619,0.30680611729621887,0.3018195927143097,-0.00498652458190918,1.0,1.0
4,eval,147,9107,0.1450129896402359,0.14998486638069153,0.0049718767404556274,1.0,1.0
4,eval,148,16348,0.289838582277298,0.2848687767982483,-0.004969805479049683,1.0,1.0
4,eval,149,8694,0.32357707619667053,0.32854580879211426,0.004968732595443726,1.0,1.0
4,eval,150,17204,0.10414543002843857,0.10911253839731216,0.004967108368873596,1.0,1.0
4,eval,151,3948,0.19279199838638306,0.18782928586006165,-0.004962712526321411,1.0,1.0
4,eval,152,4181,0.19584357738494873,0.20079964399337769,0.004956066608428955,1.0,1.0
4,eval,153,20793,0.1511039137840271,0.14614909887313843,-0.004954814910888672,1.0,1.0
4,eval,154,12657,0.1880154013633728,0.19296792149543762,0.004952520132064819,1.0,1.0
4,eval,155,19135,0.16962628066539764,0.17457522451877594,0.004948943853378296,1.0,1.0
4,eval,156,12550,0.32700106501579285,0.3220530152320862,-0.004948049783706665,1.0,1.0
4,eval,157,7536,0.28496912121772766,0.2899133861064911,0.004944264888763428,1.0,1.0
4,eval,158,14220,0.13195937871932983,0.13689570128917694,0.004936322569847107,1.0,1.0
4,eval,159,8490,0.15868225693702698,0.16361209750175476,0.004929840564727783,1.0,1.0
4,eval,160,5800,0.26250043511390686,0.26743024587631226,0.0049298107624053955,1.0,1.0
4,eval,161,5862,0.22235019505023956,0.2272726148366928,0.004922419786453247,1.0,1.0
4,eval,162,23481,0.16456249356269836,0.15964190661907196,-0.004920586943626404,1.0,1.0
4,eval,163,28480,0.09000425785779953,0.09492345154285431,0.004919193685054779,1.0,1.0
4,eval,164,26122,0.2041848748922348,0.1992715448141098,-0.004913330078125,1.0,1.0
4,eval,165,14470,0.1442345827817917,0.14913016557693481,0.0048955827951431274,1.0,1.0
4,eval,166,5103,0.18225283920764923,0.17735856771469116,-0.004894271492958069,1.0,1.0
4,eval,167,8728,0.185590922832489,0.1904757022857666,0.004884779453277588,1.0,1.0
4,eval,168,11700,0.16282784938812256,0.15794987976551056,-0.0048779696226119995,1.0,1.0
4,eval,169,17540,0.2342088222503662,0.2293359637260437,-0.00487285852432251,1.0,1.0
4,eval,170,6926,0.24803729355335236,0.24317152798175812,-0.004865765571594238,1.0,1.0
4,eval,171,7739,0.35568010807037354,0.3508147895336151,-0.004865318536758423,1.0,1.0
4,eval,172,14502,0.18088681995868683,0.17602697014808655,-0.004859849810600281,1.0,1.0
4,eval,173,21082,0.2909163534641266,0.29577121138572693,0.004854857921600342,1.0,1.0
4,eval,174,15979,0.22548092901706696,0.23033377528190613,0.004852846264839172,1.0,1.0
4,eval,175,28039,0.07562055438756943,0.0707826241850853,-0.004837930202484131,1.0,1.0
4,eval,176,16176,0.17369240522384644,0.1688559204339981,-0.004836484789848328,1.0,1.0
4,eval,177,7637,0.28750747442245483,0.2923377752304077,0.004830300807952881,1.0,1.0
4,eval,178,4002,0.35552334785461426,0.3506961464881897,-0.0048272013664245605,1.0,1.0
4,eval,179,24639,0.14887124300003052,0.14404456317424774,-0.004826679825782776,1.0,1.0
4,eval,180,25811,0.21225780248641968,0.20743589103221893,-0.004821911454200745,1.0,1.0
4,eval,181,20744,0.13832809031009674,0.13354302942752838,-0.004785060882568359,1.0,1.0
4,eval,182,13571,0.11849791556596756,0.11371564865112305,-0.004782266914844513,1.0,1.0
4,eval,183,748,0.17921243607997894,0.1839885711669922,0.004776135087013245,1.0,1.0
4,eval,184,27720,0.2172129601240158,0.21244025230407715,-0.00477270781993866,1.0,1.0
4,eval,185,28504,0.1417384147644043,0.13696694374084473,-0.00477147102355957,1.0,1.0
4,eval,186,856,0.0122944675385952,0.01706472411751747,0.004770256578922272,0.4583333333333333,0.625
4,eval,187,7988,0.2987847626209259,0.29402321577072144,-0.004761546850204468,1.0,1.0
4,eval,188,16862,0.4043741226196289,0.3996165692806244,-0.004757553339004517,1.0,1.0
4,eval,189,26755,0.20137418806552887,0.1966177374124527,-0.004756450653076172,1.0,1.0
4,eval,190,4643,0.17705051600933075,0.18180276453495026,0.004752248525619507,1.0,1.0
4,eval,191,21601,0.2656993269920349,0.260951966047287,-0.004747360944747925,1.0,1.0
4,eval,192,15643,0.12480568885803223,0.12953823804855347,0.00473254919052124,1.0,1.0
4,eval,193,24982,0.027529017999768257,0.022802870720624924,-0.0047261472791433334,0.8333333333333334,0.7638888888888888
4,eval,194,3121,0.14297960698604584,0.1477024257183075,0.004722818732261658,1.0,1.0
4,eval,195,10419,0.164775088429451,0.16005326807498932,-0.00472182035446167,1.0,1.0
4,eval,196,10431,0.20206119120121002,0.19734160602092743,-0.004719585180282593,1.0,1.0
4,eval,197,3426,0.2834968864917755,0.27877914905548096,-0.004717737436294556,1.0,1.0
4,eval,198,20313,0.29485711455345154,0.2995716333389282,0.004714518785476685,1.0,1.0
4,eval,199,19361,0.20934242010116577,0.20463807880878448,-0.004704341292381287,1.0,1.0
4,eval,200,14341,0.32629236578941345,0.3215991258621216,-0.00469323992729187,1.0,1.0
4,eval,201,16992,0.1043577566742897,0.10904897749423981,0.004691220819950104,1.0,1.0
4,eval,202,21003,0.5050532817840576,0.5003637075424194,-0.004689574241638184,1.0,1.0
4,eval,203,8496,0.3095456063747406,0.3142300546169281,0.0046844482421875,1.0,1.0
4,eval,204,15847,0.12638309597969055,0.12169919908046722,-0.004683896899223328,1.0,1.0
4,eval,205,4935,0.25546538829803467,0.2507893443107605,-0.00467604398727417,1.0,1.0
4,eval,206,23036,0.3411446809768677,0.33647993206977844,-0.004664748907089233,1.0,1.0
4,eval,207,11227,0.11235111951828003,0.11701348423957825,0.004662364721298218,1.0,1.0
4,eval,208,347,0.2198011875152588,0.21514925360679626,-0.004651933908462524,1.0,1.0
4,eval,209,6816,0.14705350995063782,0.15169641375541687,0.004642903804779053,1.0,1.0
4,eval,210,3193,0.319859117269516,0.3152167499065399,-0.004642367362976074,1.0,1.0
4,eval,211,11403,0.4023994207382202,0.4070408046245575,0.00464138388633728,1.0,1.0
4,eval,212,1887,0.024129802361130714,0.028765341266989708,0.0046355389058589935,0.8125,0.9444444444444444
4,eval,213,5137,0.19840304553508759,0.19376902282238007,-0.0046340227127075195,1.0,1.0
4,eval,214,22576,0.205858051776886,0.2104904055595398,0.004632353782653809,1.0,1.0
4,eval,215,2750,0.1584167629480362,0.16304655373096466,0.004629790782928467,1.0,1.0
4,eval,216,2165,0.24478298425674438,0.2401537150144577,-0.004629269242286682,1.0,1.0
4,eval,217,4595,0.18408270180225372,0.18871144950389862,0.0046287477016448975,1.0,1.0
4,eval,218,27814,0.13004757463932037,0.13467296957969666,0.004625394940376282,1.0,1.0
4,eval,219,14165,0.2449379563331604,0.24956294894218445,0.004624992609024048,1.0,1.0
4,eval,220,3222,0.19936519861221313,0.19474121928215027,-0.004623979330062866,1.0,1.0
4,eval,221,9845,0.2068946212530136,0.21151645481586456,0.004621833562850952,1.0,1.0
4,eval,222,27491,0.16611726582050323,0.16149605810642242,-0.0046212077140808105,1.0,1.0
4,eval,223,26791,0.13338762521743774,0.12876886129379272,-0.0046187639236450195,1.0,1.0
4,eval,224,7006,0.17046934366226196,0.17508380115032196,0.0046144574880599976,1.0,1.0
4,eval,225,15414,0.260498046875,0.26510605216026306,0.0046080052852630615,1.0,1.0
4,eval,226,19652,0.2726089060306549,0.26800739765167236,-0.004601508378982544,1.0,1.0
4,eval,227,25112,0.12371290475130081,0.12831340730190277,0.004600502550601959,1.0,1.0
4,eval,228,28555,0.18290172517299652,0.17830604314804077,-0.0045956820249557495,1.0,1.0
4,eval,229,17968,0.18170388042926788,0.18629688024520874,0.004592999815940857,1.0,1.0
4,eval,230,15143,0.2990162670612335,0.2944258749485016,-0.004590392112731934,1.0,1.0
4,eval,231,18636,0.37924060225486755,0.3746517598628998,-0.0045888423919677734,1.0,1.0
4,eval,232,6991,0.29564225673675537,0.2910548746585846,-0.004587382078170776,1.0,1.0
4,eval,233,9904,0.25290852785110474,0.24832262098789215,-0.0045859068632125854,1.0,1.0
4,eval,234,11047,0.5255292057991028,0.5301147103309631,0.0045855045318603516,1.0,1.0
4,eval,235,17027,0.1154499426484108,0.12003382295370102,0.004583880305290222,1.0,1.0
4,eval,236,17129,0.224493145942688,0.2199106216430664,-0.004582524299621582,1.0,1.0
4,eval,237,13580,0.2224738448858261,0.22705547511577606,0.004581630229949951,1.0,1.0
4,eval,238,18627,0.4581480324268341,0.4535677134990692,-0.004580318927764893,1.0,1.0
4,eval,239,21497,0.18273454904556274,0.18731482326984406,0.004580274224281311,1.0,1.0
4,eval,240,4965,0.17561888694763184,0.17104551196098328,-0.00457337498664856,1.0,1.0
4,eval,241,9369,0.20496082305908203,0.20039011538028717,-0.004570707678794861,1.0,1.0
4,eval,242,7435,0.19961130619049072,0.2041787952184677,0.00456748902797699,1.0,1.0
4,eval,243,1482,0.23527123034000397,0.2307083010673523,-0.004562929272651672,1.0,1.0
4,eval,244,1024,0.13770024478435516,0.13313831388950348,-0.004561930894851685,1.0,1.0
4,eval,245,14316,0.30577054619789124,0.31033194065093994,0.004561394453048706,1.0,1.0
4,eval,246,18445,0.18637299537658691,0.19093161821365356,0.00455862283706665,1.0,1.0
4,eval,247,6215,0.16935475170612335,0.1647965908050537,-0.004558160901069641,1.0,1.0
4,eval,248,28391,0.19042806327342987,0.19498604536056519,0.004557982087135315,1.0,1.0
4,eval,249,8520,0.20565016567707062,0.20109321177005768,-0.0045569539070129395,1.0,1.0
4,eval,250,7318,0.3527785837650299,0.34822338819503784,-0.004555195569992065,1.0,1.0
4,eval,251,265,0.25060996413230896,0.25516006350517273,0.0045500993728637695,1.0,1.0
4,eval,252,23157,0.27904340624809265,0.28358718752861023,0.004543781280517578,1.0,1.0
4,eval,253,6646,0.1870100498199463,0.1824687123298645,-0.004541337490081787,1.0,1.0
4,eval,254,13024,0.32108205556869507,0.3256188929080963,0.004536837339401245,1.0,1.0
4,eval,255,6736,0.33074143528938293,0.33527716994285583,0.0045357346534729,1.0,1.0
4,eval,256,23871,0.3915732800960541,0.39610782265663147,0.004534542560577393,1.0,1.0
4,eval,257,22011,0.21843622624874115,0.21390798687934875,-0.004528239369392395,1.0,1.0
4,eval,258,2953,0.19327427446842194,0.18874722719192505,-0.004527047276496887,1.0,1.0
4,eval,259,12557,0.21388143301010132,0.20935659110546112,-0.004524841904640198,1.0,1.0
4,eval,260,24528,0.3445937931537628,0.34007155895233154,-0.004522234201431274,1.0,1.0
4,eval,261,9052,0.0734531581401825,0.06893374025821686,-0.004519417881965637,1.0,1.0
4,eval,262,13922,0.25835591554641724,0.2538395822048187,-0.004516333341598511,1.0,1.0
4,eval,263,9829,0.23149120807647705,0.2269839197397232,-0.004507288336753845,1.0,1.0
4,eval,264,14136,0.2377522587776184,0.23325283825397491,-0.004499420523643494,1.0,1.0
4,eval,265,19468,0.24759142100811005,0.24309390783309937,-0.004497513175010681,1.0,1.0
4,eval,266,8185,0.15866562724113464,0.15416906774044037,-0.004496559500694275,1.0,1.0
4,eval,267,28206,0.1512005478143692,0.14670617878437042,-0.004494369029998779,1.0,1.0
4,eval,268,3023,0.2334190011024475,0.2289249151945114,-0.004494085907936096,1.0,1.0
4,eval,269,5999,0.3582507371902466,0.35375797748565674,-0.004492759704589844,1.0,1.0
4,eval,270,25240,0.14598216116428375,0.1504659652709961,0.004483804106712341,1.0,1.0
4,eval,271,5225,0.23841531574726105,0.23393495380878448,-0.0044803619384765625,1.0,1.0
4,eval,272,15674,0.1586320847272873,0.16310906410217285,0.004476979374885559,1.0,1.0
4,eval,273,1849,0.29547059535980225,0.2909943759441376,-0.004476219415664673,1.0,1.0
4,eval,274,1761,0.0061843194998800755,0.010660041123628616,0.004475721623748541,0.25,0.5
4,eval,275,24978,0.2914104163646698,0.295879602432251,0.004469186067581177,1.0,1.0
4,eval,276,20916,0.17888057231903076,0.18334905803203583,0.004468485713005066,1.0,1.0
4,eval,277,10012,0.16194096207618713,0.1574729084968567,-0.004468053579330444,1.0,1.0
4,eval,278,4722,0.15444134175777435,0.15890778601169586,0.004466444253921509,1.0,1.0
4,eval,279,6164,0.2407422661781311,0.24520836770534515,0.00446610152721405,1.0,1.0
4,eval,280,15927,0.1568821519613266,0.15241901576519012,-0.004463136196136475,1.0,1.0
4,eval,281,22072,0.21165414154529572,0.207192063331604,-0.004462078213691711,1.0,1.0
4,eval,282,10088,0.1270328015089035,0.12257900834083557,-0.004453793168067932,1.0,1.0
4,eval,283,18,0.28134000301361084,0.28579166531562805,0.004451662302017212,1.0,1.0
4,eval,284,6059,0.26006966829299927,0.25561854243278503,-0.004451125860214233,1.0,1.0
4,eval,285,27165,0.16909222304821014,0.16464225947856903,-0.004449963569641113,1.0,1.0
4,eval,286,26383,0.4549066126346588,0.45045769214630127,-0.004448920488357544,1.0,1.0
4,eval,287,7593,0.13887697458267212,0.13442964851856232,-0.004447326064109802,1.0,1.0
4,eval,288,19368,0.14732004702091217,0.15176711976528168,0.004447072744369507,1.0,1.0
4,eval,289,28465,0.1999489665031433,0.20438991487026215,0.0044409483671188354,1.0,1.0
4,eval,290,23320,0.02250559628009796,0.018064672127366066,-0.0044409241527318954,0.8541666666666666,0.6944444444444444
4,eval,291,8216,0.21705007553100586,0.22148913145065308,0.004439055919647217,1.0,1.0
4,eval,292,9226,0.2709864377975464,0.27542373538017273,0.004437297582626343,1.0,1.0
4,eval,293,18550,0.2800108790397644,0.27557361125946045,-0.004437267780303955,1.0,1.0
4,eval,294,6509,0.1973637193441391,0.19292768836021423,-0.004436030983924866,1.0,1.0
4,eval,295,18923,0.2829454243183136,0.27850955724716187,-0.004435867071151733,1.0,1.0
4,eval,296,24329,0.23937101662158966,0.23493658006191254,-0.004434436559677124,1.0,1.0
4,eval,297,17268,0.16946031153202057,0.1738923192024231,0.004432007670402527,1.0,1.0
4,eval,298,541,0.18931518495082855,0.18488353490829468,-0.0044316500425338745,1.0,1.0
4,eval,299,13585,0.3516172468662262,0.34718579053878784,-0.0044314563274383545,1.0,1.0
4,eval,300,4551,0.2896615266799927,0.28523242473602295,-0.0044291019439697266,1.0,1.0
4,eval,301,13416,0.2617703676223755,0.2573421001434326,-0.004428267478942871,1.0,1.0
4,eval,302,21792,0.15176375210285187,0.15618939697742462,0.004425644874572754,1.0,1.0
4,eval,303,23678,0.33919358253479004,0.3436184823513031,0.0044248998165130615,1.0,1.0
4,eval,304,17618,0.14809735119342804,0.1525128036737442,0.004415452480316162,1.0,1.0
4,eval,305,10349,0.16558469831943512,0.16999484598636627,0.004410147666931152,1.0,1.0
4,eval,306,15484,0.19066263735294342,0.1950722336769104,0.00440959632396698,1.0,1.0
4,eval,307,3560,0.06796536594629288,0.06355814635753632,-0.004407219588756561,1.0,1.0
4,eval,308,1978,0.3688288629055023,0.37323516607284546,0.00440630316734314,1.0,1.0
4,eval,309,20084,0.26692184805870056,0.27132341265678406,0.004401564598083496,1.0,1.0
4,eval,310,2887,0.26791584491729736,0.2635154128074646,-0.004400432109832764,1.0,1.0
4,eval,311,2459,0.1897345781326294,0.18533501029014587,-0.0043995678424835205,1.0,1.0
4,eval,312,27610,0.35982629656791687,0.36422252655029297,0.004396229982376099,1.0,1.0
4,eval,313,15319,0.2125551551580429,0.2081621289253235,-0.004393026232719421,1.0,1.0
4,eval,314,21325,0.1657349020242691,0.1701255589723587,0.0043906569480896,1.0,1.0
4,eval,315,21757,0.1790245920419693,0.1746349185705185,-0.004389673471450806,1.0,1.0
4,eval,316,12649,0.017883582040667534,0.013502498157322407,-0.004381083883345127,0.8125,0.6388888888888888
4,eval,317,25039,0.27000993490219116,0.2656289339065552,-0.004381000995635986,1.0,1.0
4,eval,318,27972,0.20027244091033936,0.20465119183063507,0.004378750920295715,1.0,1.0
4,eval,319,12916,0.1976020336151123,0.19322742521762848,-0.004374608397483826,1.0,1.0
4,eval,320,10378,0.1607634276151657,0.16513243317604065,0.004369005560874939,1.0,1.0
4,eval,321,26495,0.13537488877773285,0.13100723922252655,-0.004367649555206299,1.0,1.0
4,eval,322,11625,0.2721009850502014,0.27646443247795105,0.004363447427749634,1.0,1.0
4,eval,323,10859,0.1423584669828415,0.14672057330608368,0.0043621063232421875,1.0,1.0
4,eval,324,25403,0.15211975574493408,0.15647976100444794,0.004360005259513855,1.0,1.0
4,eval,325,23437,0.1533709317445755,0.15773029625415802,0.0043593645095825195,1.0,1.0
4,eval,326,15558,0.1668674498796463,0.17122632265090942,0.0043588727712631226,1.0,1.0
4,eval,327,10905,0.21493549644947052,0.21057675778865814,-0.004358738660812378,1.0,1.0
4,eval,328,21988,0.24986331164836884,0.24550941586494446,-0.0043538957834243774,1.0,1.0
4,eval,329,5708,0.12774959206581116,0.13210290670394897,0.004353314638137817,1.0,1.0
4,eval,330,18724,0.2050374299287796,0.20068496465682983,-0.004352465271949768,1.0,1.0
4,eval,331,3219,0.16445516049861908,0.16010963916778564,-0.004345521330833435,1.0,1.0
4,eval,332,20578,0.15629513561725616,0.16063877940177917,0.00434364378452301,1.0,1.0
4,eval,333,627,0.22951221466064453,0.23385411500930786,0.00434190034866333,1.0,1.0
4,eval,334,17797,0.2103491574525833,0.2060074508190155,-0.00434170663356781,1.0,1.0
4,eval,335,17709,0.2561667561531067,0.25182509422302246,-0.0043416619300842285,1.0,1.0
4,eval,336,23361,0.21413497626781464,0.209795281291008,-0.004339694976806641,1.0,1.0
4,eval,337,7609,0.41184473037719727,0.40750932693481445,-0.0043354034423828125,1.0,1.0
4,eval,338,12313,0.4746280610561371,0.4789623022079468,0.004334241151809692,1.0,1.0
4,eval,339,4254,0.1644911766052246,0.16882279515266418,0.004331618547439575,1.0,1.0
4,eval,340,6406,0.1378399282693863,0.1421663761138916,0.00432644784450531,1.0,1.0
4,eval,341,3497,0.30325838923454285,0.298932820558548,-0.004325568675994873,1.0,1.0
4,eval,342,18160,0.6500638127326965,0.6457383632659912,-0.004325449466705322,1.0,1.0
4,eval,343,11817,0.2137964963912964,0.20947474241256714,-0.004321753978729248,1.0,1.0
4,eval,344,27268,0.07598475366830826,0.07166476547718048,-0.004319988191127777,1.0,1.0
4,eval,345,16053,0.17717194557189941,0.1728581041097641,-0.004313841462135315,1.0,1.0
4,eval,346,3522,0.10131745785474777,0.10563036054372787,0.0043129026889801025,1.0,1.0
4,eval,347,3492,0.2886892855167389,0.28438323736190796,-0.004306048154830933,1.0,1.0
4,eval,348,1573,0.7645211219787598,0.7602159976959229,-0.004305124282836914,1.0,1.0
4,eval,349,22309,0.08831223845481873,0.09261733293533325,0.004305094480514526,1.0,1.0
4,eval,350,3489,0.09658714383840561,0.10088896751403809,0.004301823675632477,1.0,1.0
4,eval,351,1341,0.21759344637393951,0.21329265832901,-0.004300788044929504,1.0,1.0
4,eval,352,4141,0.18318147957324982,0.17888113856315613,-0.004300341010093689,1.0,1.0
4,eval,353,17553,0.17758828401565552,0.1732892245054245,-0.004299059510231018,1.0,1.0
4,eval,354,24877,0.21394163370132446,0.20964862406253815,-0.004293009638786316,1.0,1.0
4,eval,355,10297,0.327640563249588,0.32334867119789124,-0.004291892051696777,1.0,1.0
4,eval,356,25423,0.22200877964496613,0.22629976272583008,0.004290983080863953,1.0,1.0
4,eval,357,17239,0.11846577376127243,0.12275653332471848,0.004290759563446045,1.0,1.0
4,eval,358,18291,0.5731867551803589,0.577476978302002,0.004290223121643066,1.0,1.0
4,eval,359,21552,0.14213640987873077,0.13784830272197723,-0.00428810715675354,1.0,1.0
4,eval,360,25954,0.23646549880504608,0.23217958211898804,-0.004285916686058044,1.0,1.0
4,eval,361,9278,0.21151304244995117,0.20722882449626923,-0.004284217953681946,1.0,1.0
4,eval,362,27653,0.24314536154270172,0.2388644963502884,-0.00428086519241333,1.0,1.0
4,eval,363,2537,0.1633157581090927,0.16759614646434784,0.004280388355255127,1.0,1.0
4,eval,364,10673,0.12647084891796112,0.12219050526618958,-0.004280343651771545,1.0,1.0
4,eval,365,15697,0.2140359878540039,0.2097601741552353,-0.004275813698768616,1.0,1.0
4,eval,366,24302,0.17385351657867432,0.1695779711008072,-0.0042755454778671265,1.0,1.0
4,eval,367,3604,0.25786229968070984,0.25358879566192627,-0.004273504018783569,1.0,1.0
4,eval,368,22498,0.16303883492946625,0.15876665711402893,-0.004272177815437317,1.0,1.0
4,eval,369,20028,0.1758607178926468,0.17159584164619446,-0.0042648762464523315,1.0,1.0
4,eval,370,22713,0.2074156403541565,0.21167857944965363,0.004262939095497131,1.0,1.0
4,eval,371,23576,0.199826180934906,0.20408420264720917,0.004258021712303162,1.0,1.0
4,eval,372,3123,0.3193321228027344,0.3150743544101715,-0.004257768392562866,1.0,1.0
4,eval,373,18747,0.18559779226779938,0.1898515820503235,0.004253789782524109,1.0,1.0
4,eval,374,9253,0.10034456104040146,0.10459534078836441,0.004250779747962952,1.0,1.0
4,eval,375,1741,0.20745976269245148,0.21171019971370697,0.004250437021255493,1.0,1.0
4,eval,376,15773,0.12971027195453644,0.1254599690437317,-0.0042503029108047485,1.0,1.0
4,eval,377,13449,0.18310387432575226,0.178854301571846,-0.00424957275390625,1.0,1.0
4,eval,378,17932,0.21179677546024323,0.21604005992412567,0.004243284463882446,1.0,1.0
4,eval,379,21101,0.25465986132621765,0.25041720271110535,-0.004242658615112305,1.0,1.0
4,eval,380,85,0.17808932065963745,0.1738477349281311,-0.004241585731506348,1.0,1.0
4,eval,381,3412,0.3220081627368927,0.3262486457824707,0.004240483045578003,1.0,1.0
4,eval,382,4532,0.21686811745166779,0.21262969076633453,-0.004238426685333252,1.0,1.0
4,eval,383,26152,0.3656080961227417,0.36137157678604126,-0.0042365193367004395,1.0,1.0
4,eval,384,27369,0.24831019341945648,0.2440740019083023,-0.004236191511154175,1.0,1.0
4,eval,385,19116,0.18833132088184357,0.1840960681438446,-0.004235252737998962,1.0,1.0
4,eval,386,18775,0.25689974427223206,0.2526661157608032,-0.004233628511428833,1.0,1.0
4,eval,387,24348,0.3328172266483307,0.337039589881897,0.004222363233566284,1.0,1.0
4,eval,388,20701,0.2264973372220993,0.23071898519992828,0.0042216479778289795,1.0,1.0
4,eval,389,13386,0.3068006932735443,0.3025791049003601,-0.004221588373184204,1.0,1.0
4,eval,390,2798,0.17701458930969238,0.18123434484004974,0.004219755530357361,1.0,1.0
4,eval,391,8617,0.2785068452358246,0.2827260494232178,0.0042192041873931885,1.0,1.0
4,eval,392,18075,0.23216237127780914,0.2363760769367218,0.004213705658912659,1.0,1.0
4,eval,393,9282,0.03257329389452934,0.028362909331917763,-0.00421038456261158,0.9375,0.9305555555555556
4,eval,394,5476,0.23702959716320038,0.24123992025852203,0.004210323095321655,1.0,1.0
4,eval,395,7091,0.20633257925510406,0.21054160594940186,0.0042090266942977905,1.0,1.0
4,eval,396,19776,0.2678057849407196,0.27201372385025024,0.00420793890953064,1.0,1.0
4,eval,397,16412,0.16381390392780304,0.15961144864559174,-0.004202455282211304,1.0,1.0
4,eval,398,25710,0.5623958110809326,0.5581934452056885,-0.004202365875244141,1.0,1.0
4,eval,399,7919,0.2454255372285843,0.24122388660907745,-0.004201650619506836,1.0,1.0
4,eval,400,28292,0.17952127754688263,0.17531967163085938,-0.004201605916023254,1.0,1.0
4,eval,401,6938,0.18471063673496246,0.18891184031963348,0.0042012035846710205,1.0,1.0
4,eval,402,24159,0.2178269624710083,0.21362577378749847,-0.004201188683509827,1.0,1.0
4,eval,403,20889,0.24756301939487457,0.2517622411251068,0.004199221730232239,1.0,1.0
4,eval,404,2869,0.2237960696220398,0.2279900461435318,0.004193976521492004,1.0,1.0
4,eval,405,3276,0.2853281497955322,0.2811380624771118,-0.00419008731842041,1.0,1.0
4,eval,406,15035,0.2735588252544403,0.26936960220336914,-0.004189223051071167,1.0,1.0
4,eval,407,3912,0.10651194304227829,0.11070071905851364,0.0041887760162353516,1.0,1.0
4,eval,408,26971,0.1815425306558609,0.17735500633716583,-0.004187524318695068,1.0,1.0
4,eval,409,1813,0.2814997732639313,0.27731287479400635,-0.004186898469924927,1.0,1.0
4,eval,410,23347,0.25912943482398987,0.2633017301559448,0.004172295331954956,1.0,1.0
4,eval,411,25642,0.2811128795146942,0.2769427001476288,-0.00417017936706543,1.0,1.0
4,eval,412,20380,0.23321175575256348,0.23738163709640503,0.004169881343841553,1.0,1.0
4,eval,413,25379,0.15483929216861725,0.1506711095571518,-0.004168182611465454,1.0,1.0
4,eval,414,4466,0.14861129224300385,0.15277409553527832,0.004162803292274475,1.0,1.0
4,eval,415,3122,0.19371189177036285,0.18954916298389435,-0.004162728786468506,1.0,1.0
4,eval,416,1797,0.22220002114772797,0.22636103630065918,0.004161015152931213,1.0,1.0
4,eval,417,11853,0.2476770430803299,0.2518327832221985,0.004155740141868591,1.0,1.0
4,eval,418,1837,0.3025168180465698,0.2983631193637848,-0.004153698682785034,1.0,1.0
4,eval,419,4616,0.16355201601982117,0.1594000905752182,-0.004151925444602966,1.0,1.0
4,eval,420,5557,0.11478547006845474,0.1106344684958458,-0.004151001572608948,1.0,1.0
4,eval,421,14307,0.14796681702136993,0.15211732685565948,0.004150509834289551,1.0,1.0
4,eval,422,12383,0.14529424905776978,0.14114543795585632,-0.004148811101913452,1.0,1.0
4,eval,423,18615,0.1828726977109909,0.17872659862041473,-0.004146099090576172,1.0,1.0
4,eval,424,22666,0.10392992943525314,0.09978397935628891,-0.004145950078964233,1.0,1.0
4,eval,425,25547,0.16521719098091125,0.1610742211341858,-0.004142969846725464,1.0,1.0
4,eval,426,11336,0.16408732533454895,0.15994565188884735,-0.004141673445701599,1.0,1.0
4,eval,427,4496,0.15122045576572418,0.15536125004291534,0.004140794277191162,1.0,1.0
4,eval,428,7958,0.09970425814390182,0.10384424030780792,0.004139982163906097,1.0,1.0
4,eval,429,7685,0.14895124733448029,0.15309004485607147,0.0041387975215911865,1.0,1.0
4,eval,430,563,0.1673407107591629,0.17147594690322876,0.004135236144065857,1.0,1.0
4,eval,431,25606,0.23111401498317719,0.2269817739725113,-0.0041322410106658936,1.0,1.0
4,eval,432,19225,0.17713965475559235,0.17300742864608765,-0.0041322261095047,1.0,1.0
4,eval,433,13314,0.16034455597400665,0.15621334314346313,-0.004131212830543518,1.0,1.0
4,eval,434,23552,0.14947347342967987,0.14534705877304077,-0.004126414656639099,1.0,1.0
4,eval,435,15091,0.22576904296875,0.22989147901535034,0.004122436046600342,1.0,1.0
4,eval,436,23786,0.145360067486763,0.1494816243648529,0.004121556878089905,1.0,1.0
4,eval,437,14598,0.22821033000946045,0.23233038187026978,0.004120051860809326,1.0,1.0
4,eval,438,21363,0.21234466135501862,0.20822566747665405,-0.004118993878364563,1.0,1.0
4,eval,439,5865,0.4995335340499878,0.49541527032852173,-0.0041182637214660645,1.0,1.0
4,eval,440,26737,0.2099340409040451,0.21405144035816193,0.004117399454116821,1.0,1.0
4,eval,441,20381,0.06608572602272034,0.07020124793052673,0.0041155219078063965,1.0,1.0
4,eval,442,18626,0.17376936972141266,0.1778838336467743,0.004114463925361633,1.0,1.0
4,eval,443,7471,0.21398957073688507,0.21810397505760193,0.004114404320716858,1.0,1.0
4,eval,444,16458,0.30221328139305115,0.3063275218009949,0.004114240407943726,1.0,1.0
4,eval,445,11885,0.20793567597866058,0.2038218080997467,-0.004113867878913879,1.0,1.0
4,eval,446,3207,0.3275392949581146,0.3316522538661957,0.004112958908081055,1.0,1.0
4,eval,447,13963,0.1579580157995224,0.1620701253414154,0.004112109541893005,1.0,1.0
4,eval,448,24776,0.10769400745630264,0.11180508136749268,0.004111073911190033,1.0,1.0
4,eval,449,5982,0.2328142672777176,0.23692253232002258,0.004108265042304993,1.0,1.0
4,eval,450,5221,0.1879831999540329,0.19209103286266327,0.004107832908630371,1.0,1.0
4,eval,451,6830,0.26746535301208496,0.2633620798587799,-0.004103273153305054,1.0,1.0
4,eval,452,3945,0.21067963540554047,0.2147820144891739,0.004102379083633423,1.0,1.0
4,eval,453,9126,0.1636795699596405,0.15957798063755035,-0.004101589322090149,1.0,1.0
4,eval,454,26787,0.06526759266853333,0.06116669625043869,-0.004100896418094635,1.0,1.0
4,eval,455,8044,0.1609119474887848,0.15681113302707672,-0.004100814461708069,1.0,1.0
4,eval,456,14536,0.14080481231212616,0.13670676946640015,-0.004098042845726013,1.0,1.0
4,eval,457,25704,0.061182763427495956,0.057086117565631866,-0.00409664586186409,1.0,1.0
4,eval,458,22135,0.1235845610499382,0.11949201673269272,-0.004092544317245483,1.0,1.0
4,eval,459,19688,0.17867426574230194,0.17458201944828033,-0.0040922462940216064,1.0,1.0
4,eval,460,14387,0.45436763763427734,0.4502776861190796,-0.004089951515197754,1.0,1.0
4,eval,461,24862,0.14864861965179443,0.14455896615982056,-0.004089653491973877,1.0,1.0
4,eval,462,9621,0.2874775826931,0.291564404964447,0.004086822271347046,1.0,1.0
4,eval,463,191,0.20083625614643097,0.1967528760433197,-0.004083380103111267,1.0,1.0
4,eval,464,661,0.3051210641860962,0.3010376989841461,-0.004083365201950073,1.0,1.0
4,eval,465,10662,0.2958736717700958,0.29179084300994873,-0.004082828760147095,1.0,1.0
4,eval,466,26,0.6076965928077698,0.611778199672699,0.004081606864929199,1.0,1.0
4,eval,467,863,0.21157117187976837,0.20749035477638245,-0.004080817103385925,1.0,1.0
4,eval,468,13906,0.22626490890979767,0.23034432530403137,0.004079416394233704,1.0,1.0
4,eval,469,13998,0.22830744087696075,0.2242308408021927,-0.004076600074768066,1.0,1.0
4,eval,470,1268,0.267837792634964,0.26376238465309143,-0.004075407981872559,1.0,1.0
4,eval,471,20,0.2272089123725891,0.2231339067220688,-0.004075005650520325,1.0,1.0
4,eval,472,18858,0.3063811659812927,0.31045156717300415,0.004070401191711426,1.0,1.0
4,eval,473,6314,0.2962507903575897,0.2921856641769409,-0.004065126180648804,1.0,1.0
4,eval,474,25419,0.18806254863739014,0.18399780988693237,-0.004064738750457764,1.0,1.0
4,eval,475,6360,0.24001704156398773,0.24408109486103058,0.004064053297042847,1.0,1.0
4,eval,476,24308,0.17463719844818115,0.1705741584300995,-0.004063040018081665,1.0,1.0
4,eval,477,11260,0.11679620295763016,0.12085750699043274,0.004061304032802582,1.0,1.0
4,eval,478,23617,0.1607435643672943,0.16480451822280884,0.004060953855514526,1.0,1.0
4,eval,479,3038,0.135833278298378,0.1398937851190567,0.004060506820678711,1.0,1.0
4,eval,480,6920,0.26752370595932007,0.2715836763381958,0.004059970378875732,1.0,1.0
4,eval,481,19152,0.20211179554462433,0.19805240631103516,-0.004059389233589172,1.0,1.0
4,eval,482,8661,0.1383732706308365,0.13431714475154877,-0.00405612587928772,1.0,1.0
4,eval,483,12001,0.035926591604948044,0.03187120333313942,-0.004055388271808624,0.9791666666666666,0.9861111111111112
4,eval,484,28186,0.27480238676071167,0.27075210213661194,-0.0040502846240997314,1.0,1.0
4,eval,485,17720,0.22198867797851562,0.22603768110275269,0.0040490031242370605,1.0,1.0
4,eval,486,21181,0.17846767604351044,0.17442095279693604,-0.004046723246574402,1.0,1.0
4,eval,487,16133,0.2112022191286087,0.21524877846240997,0.0040465593338012695,1.0,1.0
4,eval,488,25912,0.11806454509496689,0.12211097776889801,0.004046432673931122,1.0,1.0
4,eval,489,14959,0.07917036861181259,0.07512995600700378,-0.004040412604808807,1.0,1.0
4,eval,490,19708,0.2222198098897934,0.2181801199913025,-0.004039689898490906,1.0,1.0
4,eval,491,18480,0.28804054856300354,0.2920798361301422,0.004039287567138672,1.0,1.0
4,eval,492,9905,0.17255283892154694,0.17659114301204681,0.004038304090499878,1.0,1.0
4,eval,493,25631,0.2295592576265335,0.23359745740890503,0.004038199782371521,1.0,1.0
4,eval,494,25745,0.2558722198009491,0.25183454155921936,-0.004037678241729736,1.0,1.0
4,eval,495,5932,0.14611437916755676,0.14207689464092255,-0.004037484526634216,1.0,1.0
4,eval,496,6606,0.276821494102478,0.2808581292629242,0.004036635160446167,1.0,1.0
4,eval,497,6424,0.14800961315631866,0.1439756155014038,-0.004033997654914856,1.0,1.0
4,eval,498,24486,0.2470053881406784,0.25103840231895447,0.004033014178276062,1.0,1.0
4,eval,499,25363,0.12236722558736801,0.126399964094162,0.004032738506793976,1.0,1.0
4,eval,500,16996,0.1665109097957611,0.1624784618616104,-0.004032447934150696,1.0,1.0
12,train,1,16718,4.551462173461914,4.534450054168701,-0.01701211929321289,1.0,1.0
12,train,2,1707,2.732164144515991,2.717165470123291,-0.014998674392700195,1.0,1.0
12,train,3,313,2.97525954246521,2.961191415786743,-0.014068126678466797,1.0,1.0
12,train,4,3876,0.543827474117279,0.5298269987106323,-0.014000475406646729,1.0,1.0
12,train,5,18472,0.18350674211978912,0.17015761137008667,-0.013349130749702454,1.0,1.0
12,train,6,5443,0.38385048508644104,0.3705456554889679,-0.013304829597473145,1.0,1.0
12,train,7,5779,0.23118458688259125,0.2179049849510193,-0.01327960193157196,1.0,1.0
12,train,8,26138,0.32513099908828735,0.3121630549430847,-0.012967944145202637,1.0,1.0
12,train,9,14565,0.2305319905281067,0.21762919425964355,-0.012902796268463135,1.0,1.0
12,train,10,19577,1.3438361883163452,1.3310459852218628,-0.012790203094482422,1.0,1.0
12,train,11,937,2.0713751316070557,2.0590951442718506,-0.012279987335205078,1.0,1.0
12,train,12,5183,0.4832799434661865,0.471046507358551,-0.012233436107635498,1.0,1.0
12,train,13,13545,0.2937421500682831,0.2815206050872803,-0.012221544981002808,1.0,1.0
12,train,14,22442,1.243430495262146,1.2312554121017456,-0.01217508316040039,1.0,1.0
12,train,15,21625,3.0063469409942627,2.9942357540130615,-0.012111186981201172,1.0,1.0
12,train,16,14962,0.2727830111980438,0.2606814503669739,-0.012101560831069946,1.0,1.0
12,train,17,16614,0.552085280418396,0.5400131940841675,-0.012072086334228516,1.0,1.0
12,train,18,15159,0.4164765179157257,0.40444809198379517,-0.012028425931930542,1.0,1.0
12,train,19,12315,0.33403584361076355,0.3458904027938843,0.011854559183120728,1.0,1.0
12,train,20,16423,0.2982531189918518,0.31009700894355774,0.011843889951705933,1.0,1.0
12,train,21,18684,0.4533484876155853,0.4415918290615082,-0.011756658554077148,1.0,1.0
12,train,22,9935,0.7765039801597595,0.7648809552192688,-0.011623024940490723,1.0,1.0
12,train,23,1110,0.4503239095211029,0.4387916326522827,-0.01153227686882019,1.0,1.0
12,train,24,6570,0.2597569227218628,0.24830368161201477,-0.011453241109848022,1.0,1.0
12,train,25,26256,1.4698313474655151,1.4584003686904907,-0.011430978775024414,1.0,1.0
12,train,26,16484,0.22240830957889557,0.21107813715934753,-0.011330172419548035,1.0,1.0
12,train,27,10425,0.203532874584198,0.1922345906496048,-0.0112982839345932,1.0,1.0
12,train,28,1786,0.15578427910804749,0.16691893339157104,0.01113465428352356,1.0,1.0
12,train,29,17892,0.23283421993255615,0.22173207998275757,-0.011102139949798584,1.0,1.0
12,train,30,14833,0.3200533390045166,0.30897021293640137,-0.011083126068115234,1.0,1.0
12,train,31,10495,0.34395095705986023,0.33286991715431213,-0.011081039905548096,1.0,1.0
12,train,32,20915,0.3730132281780243,0.3619384467601776,-0.01107478141784668,1.0,1.0
12,train,33,18160,0.7286918759346008,0.7176222801208496,-0.01106959581375122,1.0,1.0
12,train,34,23852,0.2777355909347534,0.26672810316085815,-0.011007487773895264,1.0,1.0
12,train,35,11300,0.2965058386325836,0.2855159640312195,-0.010989874601364136,1.0,1.0
12,train,36,2644,0.4322056770324707,0.42132535576820374,-0.010880321264266968,1.0,1.0
12,train,37,15415,1.0238487720489502,1.0129740238189697,-0.010874748229980469,1.0,1.0
12,train,38,17025,0.2367156594991684,0.24749459326267242,0.010778933763504028,1.0,1.0
12,train,39,20924,0.4532613456249237,0.4425772726535797,-0.010684072971343994,1.0,1.0
12,train,40,19833,0.6187407374382019,0.6080567836761475,-0.010683953762054443,1.0,1.0
12,train,41,7707,0.21228615939617157,0.20166528224945068,-0.010620877146720886,1.0,1.0
12,train,42,9174,0.38360950350761414,0.3730049729347229,-0.010604530572891235,1.0,1.0
12,train,43,27835,0.2744852900505066,0.2639000117778778,-0.010585278272628784,1.0,1.0
12,train,44,28357,2.134442090988159,2.1238749027252197,-0.010567188262939453,1.0,1.0
12,train,45,26417,0.22187595069408417,0.211335226893425,-0.01054072380065918,1.0,1.0
12,train,46,1986,0.2845531105995178,0.2740207612514496,-0.010532349348068237,1.0,1.0
12,train,47,25043,0.5172358155250549,0.5277656316757202,0.010529816150665283,1.0,1.0
12,train,48,22943,0.07538408786058426,0.08588520437479019,0.010501116514205933,1.0,1.0
12,train,49,22737,0.0900738462805748,0.07958921790122986,-0.01048462837934494,1.0,1.0
12,train,50,9513,0.36699211597442627,0.3565354645252228,-0.010456651449203491,1.0,1.0
12,train,51,21026,0.44887402653694153,0.4384305775165558,-0.010443449020385742,1.0,1.0
12,train,52,2656,0.29896458983421326,0.2885260581970215,-0.010438531637191772,1.0,1.0
12,train,53,17884,0.31533223390579224,0.3049357533454895,-0.010396480560302734,1.0,1.0
12,train,54,14691,1.4271236658096313,1.4167317152023315,-0.010391950607299805,1.0,1.0
12,train,55,19315,0.2065962553024292,0.1962072253227234,-0.01038902997970581,1.0,1.0
12,train,56,22262,0.367552250623703,0.35720327496528625,-0.010348975658416748,1.0,1.0
12,train,57,18510,1.100258469581604,1.0900225639343262,-0.010235905647277832,1.0,1.0
12,train,58,14016,0.37791040539741516,0.38813185691833496,0.0102214515209198,1.0,1.0
12,train,59,21445,0.38992488384246826,0.3797060251235962,-0.01021885871887207,1.0,1.0
12,train,60,19866,0.2133156657218933,0.20311540365219116,-0.010200262069702148,1.0,1.0
12,train,61,16889,0.8633087277412415,0.8531753420829773,-0.01013338565826416,1.0,1.0
12,train,62,20602,0.31287550926208496,0.3027538061141968,-0.010121703147888184,1.0,1.0
12,train,63,5929,0.20146800577640533,0.19136624038219452,-0.010101765394210815,1.0,1.0
12,train,64,10543,0.4347544014453888,0.4246584475040436,-0.010095953941345215,1.0,1.0
12,train,65,10328,0.2861265242099762,0.2962064743041992,0.010079950094223022,1.0,1.0
12,train,66,5258,0.5017476677894592,0.5118157267570496,0.010068058967590332,1.0,1.0
12,train,67,13718,0.2786371409893036,0.28868404030799866,0.010046899318695068,1.0,1.0
12,train,68,3002,0.2810653746128082,0.2911098897457123,0.010044515132904053,1.0,1.0
12,train,69,20023,0.2286962866783142,0.21866948902606964,-0.010026797652244568,1.0,1.0
12,train,70,11395,0.21432994306087494,0.2043125331401825,-0.010017409920692444,1.0,1.0
12,train,71,6542,0.28774717450141907,0.27773505449295044,-0.010012120008468628,1.0,1.0
12,train,72,17326,0.4271809160709381,0.4171711206436157,-0.010009795427322388,1.0,1.0
12,train,73,26271,0.3779955208301544,0.36798617243766785,-0.010009348392486572,1.0,1.0
12,train,74,5422,0.5549090504646301,0.5449196696281433,-0.009989380836486816,1.0,1.0
12,train,75,1045,1.0090144872665405,0.999038815498352,-0.009975671768188477,1.0,1.0
12,train,76,2529,0.467507004737854,0.45753607153892517,-0.009970933198928833,1.0,1.0
12,train,77,6234,0.25836411118507385,0.24839383363723755,-0.009970277547836304,1.0,1.0
12,train,78,14167,1.455745816230774,1.4457775354385376,-0.009968280792236328,1.0,1.0
12,train,79,16043,0.32986101508140564,0.3199441134929657,-0.009916901588439941,1.0,1.0
12,train,80,24018,1.077033519744873,1.0671700239181519,-0.009863495826721191,1.0,1.0
12,train,81,13860,0.46197959780693054,0.4521206319332123,-0.009858965873718262,1.0,1.0
12,train,82,15932,0.2154661864042282,0.20562323927879333,-0.009842947125434875,1.0,1.0
12,train,83,10751,0.6553465723991394,0.6651692390441895,0.009822666645050049,1.0,1.0
12,train,84,22454,0.20687037706375122,0.1970844268798828,-0.009785950183868408,1.0,1.0
12,train,85,11376,0.43969836831092834,0.42995038628578186,-0.009747982025146484,1.0,1.0
12,train,86,1360,0.6085395812988281,0.5987938046455383,-0.009745776653289795,1.0,1.0
12,train,87,28389,0.293256014585495,0.2835271954536438,-0.009728819131851196,1.0,1.0
12,train,88,23814,0.36928483843803406,0.35957854986190796,-0.009706288576126099,1.0,1.0
12,train,89,11575,0.23661421239376068,0.22691839933395386,-0.009695813059806824,1.0,1.0
12,train,90,4870,0.317552387714386,0.3078645169734955,-0.009687870740890503,1.0,1.0
12,train,91,15124,0.28264808654785156,0.27298110723495483,-0.009666979312896729,1.0,1.0
12,train,92,21616,0.2306004762649536,0.22093498706817627,-0.009665489196777344,1.0,1.0
12,train,93,5984,0.30185672640800476,0.29219183325767517,-0.00966489315032959,1.0,1.0
12,train,94,20370,0.248182475566864,0.2385305017232895,-0.009651973843574524,1.0,1.0
12,train,95,10189,0.4197418987751007,0.41010475158691406,-0.009637147188186646,1.0,1.0
12,train,96,17079,0.30571448802948,0.29608121514320374,-0.009633272886276245,1.0,1.0
12,train,97,8125,0.5346511602401733,0.525027871131897,-0.009623289108276367,1.0,1.0
12,train,98,22202,0.3141949772834778,0.30457693338394165,-0.009618043899536133,1.0,1.0
12,train,99,14172,0.19290240108966827,0.18334706127643585,-0.009555339813232422,1.0,1.0
12,train,100,4416,1.1156660318374634,1.106118083000183,-0.009547948837280273,1.0,1.0
12,train,101,2127,0.1903620809316635,0.18081645667552948,-0.009545624256134033,1.0,1.0
12,train,102,17965,0.2837091088294983,0.2932497262954712,0.0095406174659729,1.0,1.0
12,train,103,12297,0.5474823117256165,0.5379623174667358,-0.009519994258880615,1.0,1.0
12,train,104,26860,0.24146486818790436,0.23195017874240875,-0.009514689445495605,1.0,1.0
12,train,105,775,0.3881235122680664,0.3786332905292511,-0.009490221738815308,1.0,1.0
12,train,106,21801,0.2270919233560562,0.21760617196559906,-0.009485751390457153,1.0,1.0
12,train,107,6212,0.25543031096458435,0.24596340954303741,-0.009466901421546936,1.0,1.0
12,train,108,11007,0.1803797334432602,0.17093126475811005,-0.009448468685150146,1.0,1.0
12,train,109,11939,0.6203795075416565,0.6109412312507629,-0.009438276290893555,1.0,1.0
12,train,110,11555,0.3403383791446686,0.330918550491333,-0.009419828653335571,1.0,1.0
12,train,111,1322,0.35813120007514954,0.34871187806129456,-0.00941932201385498,1.0,1.0
12,train,112,5756,0.4180234372615814,0.40860605239868164,-0.00941738486289978,1.0,1.0
12,train,113,6355,0.5981219410896301,0.5887091159820557,-0.009412825107574463,1.0,1.0
12,train,114,14107,1.2171356678009033,1.2077412605285645,-0.009394407272338867,1.0,1.0
12,train,115,1475,0.22952185571193695,0.2201419472694397,-0.009379908442497253,1.0,1.0
12,train,116,25331,0.507938802242279,0.4985741376876831,-0.009364664554595947,1.0,1.0
12,train,117,7248,0.8800005316734314,0.8706430792808533,-0.009357452392578125,1.0,1.0
12,train,118,3301,0.3690689504146576,0.35971948504447937,-0.009349465370178223,1.0,1.0
12,train,119,22549,0.6388915181159973,0.6295542120933533,-0.009337306022644043,1.0,1.0
12,train,120,15051,0.3869396448135376,0.3776087462902069,-0.009330898523330688,1.0,1.0
12,train,121,13051,0.11893764138221741,0.12826204299926758,0.009324401617050171,1.0,1.0
12,train,122,11138,0.292224258184433,0.2829308807849884,-0.00929337739944458,1.0,1.0
12,train,123,12017,0.2868960499763489,0.27761518955230713,-0.009280860424041748,1.0,1.0
12,train,124,15225,0.2540460228919983,0.2447655200958252,-0.009280502796173096,1.0,1.0
12,train,125,6043,0.2285652756690979,0.21930080652236938,-0.009264469146728516,1.0,1.0
12,train,126,15617,0.28028497099876404,0.27102187275886536,-0.009263098239898682,1.0,1.0
12,train,127,19932,0.3313162624835968,0.32206690311431885,-0.009249359369277954,1.0,1.0
12,train,128,256,0.2859942615032196,0.29523807764053345,0.009243816137313843,1.0,1.0
12,train,129,25181,0.8744739890098572,0.8652476072311401,-0.009226381778717041,1.0,1.0
12,train,130,17602,0.37432101368904114,0.36511313915252686,-0.009207874536514282,1.0,1.0
12,train,131,3987,0.358843058347702,0.3496463894844055,-0.009196668863296509,1.0,1.0
12,train,132,14332,0.310131698846817,0.30093616247177124,-0.009195536375045776,1.0,1.0
12,train,133,24074,0.2228621393442154,0.2136719822883606,-0.009190157055854797,1.0,1.0
12,train,134,17438,0.2683010995388031,0.25912073254585266,-0.00918036699295044,1.0,1.0
12,train,135,21880,0.3367536962032318,0.32757696509361267,-0.00917673110961914,1.0,1.0
12,train,136,10173,0.3816079795360565,0.3724488615989685,-0.009159117937088013,1.0,1.0
12,train,137,18111,0.7947563529014587,0.7856036424636841,-0.009152710437774658,1.0,1.0
12,train,138,3143,0.9214949011802673,0.9123463034629822,-0.009148597717285156,1.0,1.0
12,train,139,3696,0.32748910784721375,0.3183417022228241,-0.009147405624389648,1.0,1.0
12,train,140,27075,0.4919346868991852,0.48278918862342834,-0.009145498275756836,1.0,1.0
12,train,141,15755,0.27266621589660645,0.26356741786003113,-0.009098798036575317,1.0,1.0
12,train,142,25922,0.417542964220047,0.40844622254371643,-0.009096741676330566,1.0,1.0
12,train,143,26434,0.29733946919441223,0.28825101256370544,-0.009088456630706787,1.0,1.0
12,train,144,12379,0.361852765083313,0.35277149081230164,-0.009081274271011353,1.0,1.0
12,train,145,25542,0.48351749777793884,0.4744492769241333,-0.009068220853805542,1.0,1.0
12,train,146,3635,0.12083063274621964,0.1117631196975708,-0.009067513048648834,1.0,1.0
12,train,147,9074,0.2820548415184021,0.2729935050010681,-0.009061336517333984,1.0,1.0
12,train,148,12140,1.7710456848144531,1.7620052099227905,-0.009040474891662598,1.0,1.0
12,train,149,11623,0.1935432106256485,0.18450725078582764,-0.009035959839820862,1.0,1.0
12,train,150,16193,0.44661927223205566,0.43759119510650635,-0.009028077125549316,1.0,1.0
12,train,151,3474,0.8750700354576111,0.8660434484481812,-0.009026587009429932,1.0,1.0
12,train,152,13819,0.3349336087703705,0.3259311616420746,-0.009002447128295898,1.0,1.0
12,train,153,26255,0.20933584868907928,0.20033909380435944,-0.008996754884719849,1.0,1.0
12,train,154,23195,0.16942602396011353,0.16042956709861755,-0.008996456861495972,1.0,1.0
12,train,155,12982,0.29384753108024597,0.284856915473938,-0.008990615606307983,1.0,1.0
12,train,156,10829,0.23204641044139862,0.22306139767169952,-0.008985012769699097,1.0,1.0
12,train,157,8194,0.21228386461734772,0.20330378413200378,-0.008980080485343933,1.0,1.0
12,train,158,16983,0.48565053939819336,0.49458062648773193,0.008930087089538574,1.0,1.0
12,train,159,11621,0.2798788249492645,0.2709597647190094,-0.008919060230255127,1.0,1.0
12,train,160,27058,0.5008314847946167,0.49191251397132874,-0.008918970823287964,1.0,1.0
12,train,161,18001,0.37048444151878357,0.3794015347957611,0.008917093276977539,1.0,1.0
12,train,162,14367,0.32588887214660645,0.31697478890419006,-0.008914083242416382,1.0,1.0
12,train,163,24067,0.21967244148254395,0.2285805344581604,0.008908092975616455,1.0,1.0
12,train,164,5299,0.30268824100494385,0.2937856912612915,-0.008902549743652344,1.0,1.0
12,train,165,18820,0.3961443603038788,0.38725534081459045,-0.00888901948928833,1.0,1.0
12,train,166,23015,0.3316778242588043,0.3228025436401367,-0.008875280618667603,1.0,1.0
12,train,167,12430,1.1384198665618896,1.1295475959777832,-0.008872270584106445,1.0,1.0
12,train,168,11252,0.3544759750366211,0.3456155061721802,-0.008860468864440918,1.0,1.0
12,train,169,21210,0.36846092343330383,0.3596119284629822,-0.008848994970321655,1.0,1.0
12,train,170,23209,0.3340780735015869,0.3252314627170563,-0.00884661078453064,1.0,1.0
12,train,171,15926,0.19888989627361298,0.19005203247070312,-0.008837863802909851,1.0,1.0
12,train,172,8027,0.4382615387439728,0.4294385313987732,-0.008823007345199585,1.0,1.0
12,train,173,11293,0.1820077896118164,0.17318525910377502,-0.008822530508041382,1.0,1.0
12,train,174,4899,0.6094525456428528,0.6006301641464233,-0.008822381496429443,1.0,1.0
12,train,175,17374,0.4230838716030121,0.41427984833717346,-0.008804023265838623,1.0,1.0
12,train,176,5764,0.2790999114513397,0.27030399441719055,-0.00879591703414917,1.0,1.0
12,train,177,25971,0.29532864689826965,0.2865507900714874,-0.008777856826782227,1.0,1.0
12,train,178,18379,0.4309634268283844,0.43973731994628906,0.008773893117904663,1.0,1.0
12,train,179,24520,0.3196493089199066,0.3284178674221039,0.008768558502197266,1.0,1.0
12,train,180,7600,0.41726791858673096,0.40850189328193665,-0.008766025304794312,1.0,1.0
12,train,181,23930,1.2174495458602905,1.2086856365203857,-0.008763909339904785,1.0,1.0
12,train,182,14928,0.4421022832393646,0.43338537216186523,-0.00871691107749939,1.0,1.0
12,train,183,20855,0.34024742245674133,0.34896379709243774,0.008716374635696411,1.0,1.0
12,train,184,16343,0.36575961112976074,0.3570438623428345,-0.00871574878692627,1.0,1.0
12,train,185,21376,0.19520246982574463,0.18649698793888092,-0.008705481886863708,1.0,1.0
12,train,186,11632,0.2624194920063019,0.27111780643463135,0.008698314428329468,1.0,1.0
12,train,187,13963,0.23181432485580444,0.22311875224113464,-0.0086955726146698,1.0,1.0
12,train,188,15360,0.4112107753753662,0.4025157392024994,-0.008695036172866821,1.0,1.0
12,train,189,24183,0.2524257302284241,0.24373330175876617,-0.008692428469657898,1.0,1.0
12,train,190,2640,0.25096580386161804,0.24230922758579254,-0.0086565762758255,1.0,1.0
12,train,191,25314,0.21161361038684845,0.22026985883712769,0.008656248450279236,1.0,1.0
12,train,192,2168,0.6353283524513245,0.6266754269599915,-0.008652925491333008,1.0,1.0
12,train,193,17813,0.3139909505844116,0.3053401708602905,-0.008650779724121094,1.0,1.0
12,train,194,22841,0.22730976343154907,0.2359447479248047,0.008634984493255615,1.0,1.0
12,train,195,17529,0.22677730023860931,0.23540237545967102,0.008625075221061707,1.0,1.0
12,train,196,428,0.46680548787117004,0.4581810235977173,-0.008624464273452759,1.0,1.0
12,train,197,3631,0.10072781890630722,0.09210534393787384,-0.00862247496843338,1.0,1.0
12,train,198,2142,0.8200969099998474,0.8114879131317139,-0.008608996868133545,1.0,1.0
12,train,199,8426,0.2920691967010498,0.2834835946559906,-0.008585602045059204,1.0,1.0
12,train,200,14163,0.321179062128067,0.3125961124897003,-0.0085829496383667,1.0,1.0
12,train,201,14933,0.4174288511276245,0.4088553190231323,-0.008573532104492188,1.0,1.0
12,train,202,18922,0.40397489070892334,0.39540180563926697,-0.008573085069656372,1.0,1.0
12,train,203,15885,0.24483735859394073,0.2362823784351349,-0.008554980158805847,1.0,1.0
12,train,204,25157,0.12348365783691406,0.11492957174777985,-0.008554086089134216,1.0,1.0
12,train,205,21815,0.2708216905593872,0.2622777223587036,-0.008543968200683594,1.0,1.0
12,train,206,28540,1.0829212665557861,1.0743900537490845,-0.00853121280670166,1.0,1.0
12,train,207,20186,0.32297584414482117,0.3144474923610687,-0.008528351783752441,1.0,1.0
12,train,208,9762,0.4196219742298126,0.4281480014324188,0.008526027202606201,1.0,1.0
12,train,209,16009,1.0762680768966675,1.0677469968795776,-0.008521080017089844,1.0,1.0
12,train,210,15538,0.3431166410446167,0.3516291379928589,0.008512496948242188,1.0,1.0
12,train,211,20221,0.3779180347919464,0.3694068193435669,-0.008511215448379517,1.0,1.0
12,train,212,11117,0.2393324226140976,0.24783164262771606,0.00849922001361847,1.0,1.0
12,train,213,8546,0.2977270781993866,0.2892332375049591,-0.00849384069442749,1.0,1.0
12,train,214,4517,0.12671822309494019,0.13521035015583038,0.008492127060890198,1.0,1.0
12,train,215,1525,0.16296692192554474,0.17144998908042908,0.008483067154884338,1.0,1.0
12,train,216,12027,0.4455599784851074,0.4370838701725006,-0.008476108312606812,1.0,1.0
12,train,217,23851,0.23606832325458527,0.24453192949295044,0.008463606238365173,1.0,1.0
12,train,218,13809,0.1635531783103943,0.17200785875320435,0.008454680442810059,1.0,1.0
12,train,219,16739,0.2656785547733307,0.2572256922721863,-0.00845286250114441,1.0,1.0
12,train,220,4449,0.24558348953723907,0.23714300990104675,-0.008440479636192322,1.0,1.0
12,train,221,114,0.3380699157714844,0.32963827252388,-0.00843164324760437,1.0,1.0
12,train,222,8586,0.5823256969451904,0.590752363204956,0.008426666259765625,1.0,1.0
12,train,223,7597,0.48179924488067627,0.4733791947364807,-0.008420050144195557,1.0,1.0
12,train,224,2992,0.3030642569065094,0.2946490943431854,-0.008415162563323975,1.0,1.0
12,train,225,15544,1.0089632272720337,1.0005525350570679,-0.00841069221496582,1.0,1.0
12,train,226,4327,0.4364001452922821,0.42799896001815796,-0.008401185274124146,1.0,1.0
12,train,227,1384,2.707348585128784,2.6989479064941406,-0.008400678634643555,1.0,1.0
12,train,228,9221,0.35147595405578613,0.3598710596561432,0.008395105600357056,1.0,1.0
12,train,229,6635,0.582469642162323,0.5740786790847778,-0.008390963077545166,1.0,1.0
12,train,230,11548,0.256666362285614,0.24827715754508972,-0.008389204740524292,1.0,1.0
12,train,231,3419,0.24623823165893555,0.23785215616226196,-0.008386075496673584,1.0,1.0
12,train,232,11522,0.25796782970428467,0.24958685040473938,-0.008380979299545288,1.0,1.0
12,train,233,13636,0.1448526531457901,0.1532314568758011,0.008378803730010986,1.0,1.0
12,train,234,3171,0.3130863606929779,0.30471372604370117,-0.008372634649276733,1.0,1.0
12,train,235,8187,0.3699219524860382,0.3615597188472748,-0.008362233638763428,1.0,1.0
12,train,236,15949,0.2881030738353729,0.27974268794059753,-0.00836038589477539,1.0,1.0
12,train,237,21629,0.19761969149112701,0.20597447454929352,0.008354783058166504,1.0,1.0
12,train,238,13781,0.30980002880096436,0.3014453947544098,-0.008354634046554565,1.0,1.0
12,train,239,7833,0.23143577575683594,0.23975515365600586,0.008319377899169922,1.0,1.0
12,train,240,15747,0.20890261232852936,0.20058435201644897,-0.008318260312080383,1.0,1.0
12,train,241,13558,0.40274372696876526,0.394429087638855,-0.008314639329910278,1.0,1.0
12,train,242,11062,0.2016628235578537,0.1933571696281433,-0.008305653929710388,1.0,1.0
12,train,243,17768,0.2804163992404938,0.2721121907234192,-0.008304208517074585,1.0,1.0
12,train,244,12522,0.23409207165241241,0.22580286860466003,-0.00828920304775238,1.0,1.0
12,train,245,12446,0.3094469904899597,0.31773456931114197,0.008287578821182251,1.0,1.0
12,train,246,18889,0.3452574908733368,0.33697280287742615,-0.008284687995910645,1.0,1.0
12,train,247,17638,0.4537715017795563,0.44549015164375305,-0.008281350135803223,1.0,1.0
12,train,248,26755,0.38090190291404724,0.3891671597957611,0.008265256881713867,1.0,1.0
12,train,249,14099,0.47338929772377014,0.4651252329349518,-0.00826406478881836,1.0,1.0
12,train,250,27786,0.3102344274520874,0.30197176337242126,-0.008262664079666138,1.0,1.0
12,train,251,1087,0.5317681431770325,0.5235061049461365,-0.008262038230895996,1.0,1.0
12,train,252,20039,0.1288263350725174,0.12057515978813171,-0.008251175284385681,1.0,1.0
12,train,253,20818,0.6528162360191345,0.6445667147636414,-0.008249521255493164,1.0,1.0
12,train,254,9921,0.28933095932006836,0.29757997393608093,0.008249014616012573,1.0,1.0
12,train,255,25213,0.3629501163959503,0.35471224784851074,-0.008237868547439575,1.0,1.0
12,train,256,12367,0.4784533679485321,0.4702165424823761,-0.008236825466156006,1.0,1.0
12,train,257,3300,0.2788756787776947,0.2706540822982788,-0.008221596479415894,1.0,1.0
12,train,258,20691,0.9455413818359375,0.9373208284378052,-0.008220553398132324,1.0,1.0
12,train,259,15693,0.32448694109916687,0.31626737117767334,-0.00821956992149353,1.0,1.0
12,train,260,25740,0.9551055431365967,0.9469025731086731,-0.008202970027923584,1.0,1.0
12,train,261,23319,0.27767840027809143,0.2694776952266693,-0.00820070505142212,1.0,1.0
12,train,262,20769,0.5368861556053162,0.5287096500396729,-0.00817650556564331,1.0,1.0
12,train,263,17765,0.29167234897613525,0.2998412847518921,0.008168935775756836,1.0,1.0
12,train,264,20582,0.23205627501010895,0.22388850152492523,-0.008167773485183716,1.0,1.0
12,train,265,11589,0.2335725873708725,0.22540752589702606,-0.008165061473846436,1.0,1.0
12,train,266,13954,0.2535252273082733,0.2453683763742447,-0.008156850934028625,1.0,1.0
12,train,267,5936,0.31017500162124634,0.30202025175094604,-0.008154749870300293,1.0,1.0
12,train,268,12270,0.23885445296764374,0.2470059096813202,0.008151456713676453,1.0,1.0
12,train,269,21914,0.27323469519615173,0.2650870680809021,-0.008147627115249634,1.0,1.0
12,train,270,19247,0.22781287133693695,0.2359563559293747,0.008143484592437744,1.0,1.0
12,train,271,17245,0.4816320240497589,0.47351181507110596,-0.008120208978652954,1.0,1.0
12,train,272,6809,0.3039109408855438,0.2957955598831177,-0.008115381002426147,1.0,1.0
12,train,273,14034,0.2673693001270294,0.25925883650779724,-0.008110463619232178,1.0,1.0
12,train,274,24280,0.2736664116382599,0.26556193828582764,-0.008104473352432251,1.0,1.0
12,train,275,1883,0.4719853401184082,0.46388164162635803,-0.008103698492050171,1.0,1.0
12,train,276,24575,1.4796375036239624,1.4715367555618286,-0.008100748062133789,1.0,1.0
12,train,277,14557,0.4807531535625458,0.4726535975933075,-0.008099555969238281,1.0,1.0
12,train,278,14521,0.36787092685699463,0.35977473855018616,-0.008096188306808472,1.0,1.0
12,train,279,13206,2.683898687362671,2.675802707672119,-0.008095979690551758,1.0,1.0
12,train,280,1893,0.582035481929779,0.5739401578903198,-0.008095324039459229,1.0,1.0
12,train,281,17709,0.1874053031206131,0.17931050062179565,-0.008094802498817444,1.0,1.0
12,train,282,22679,0.26001331210136414,0.25191929936408997,-0.00809401273727417,1.0,1.0
12,train,283,2320,0.20083458721637726,0.1927480399608612,-0.008086547255516052,1.0,1.0
12,train,284,23976,0.4741983413696289,0.46612298488616943,-0.008075356483459473,1.0,1.0
12,train,285,17337,0.2974919378757477,0.2894173860549927,-0.008074551820755005,1.0,1.0
12,train,286,12699,0.41301968693733215,0.4049474000930786,-0.00807228684425354,1.0,1.0
12,train,287,17467,0.3227500319480896,0.3146793246269226,-0.008070707321166992,1.0,1.0
12,train,288,28479,0.21232520043849945,0.2042563259601593,-0.008068874478340149,1.0,1.0
12,train,289,4775,0.27705079317092896,0.26898193359375,-0.008068859577178955,1.0,1.0
12,train,290,5748,0.5226593017578125,0.5145919322967529,-0.00806736946105957,1.0,1.0
12,train,291,14615,0.5654996037483215,0.5574328899383545,-0.008066713809967041,1.0,1.0
12,train,292,2272,0.2015271931886673,0.1934719979763031,-0.008055195212364197,1.0,1.0
12,train,293,9824,0.7325415015220642,0.7244894504547119,-0.008052051067352295,1.0,1.0
12,train,294,22222,0.37393632531166077,0.3658851087093353,-0.00805121660232544,1.0,1.0
12,train,295,20605,0.38145431876182556,0.37340518832206726,-0.0080491304397583,1.0,1.0
12,train,296,5544,0.3028146028518677,0.29477548599243164,-0.008039116859436035,1.0,1.0
12,train,297,18133,0.22986076772212982,0.23789824545383453,0.008037477731704712,1.0,1.0
12,train,298,10001,0.25731804966926575,0.24928085505962372,-0.008037194609642029,1.0,1.0
12,train,299,9523,0.21738725900650024,0.20935045182704926,-0.008036807179450989,1.0,1.0
12,train,300,12020,0.3226687014102936,0.31463876366615295,-0.008029937744140625,1.0,1.0
12,train,301,14807,0.16731123626232147,0.17533215880393982,0.008020922541618347,1.0,1.0
12,train,302,14247,0.41273537278175354,0.4047202467918396,-0.00801512598991394,1.0,1.0
12,train,303,25089,0.3133311867713928,0.3053179681301117,-0.008013218641281128,1.0,1.0
12,train,304,6742,0.34492969512939453,0.336919367313385,-0.008010327816009521,1.0,1.0
12,train,305,12743,0.4089928865432739,0.40098807215690613,-0.008004814386367798,1.0,1.0
12,train,306,7331,0.2983119785785675,0.29031071066856384,-0.008001267910003662,1.0,1.0
12,train,307,27759,0.4768713712692261,0.4688751995563507,-0.007996171712875366,1.0,1.0
12,train,308,17005,0.2782195508480072,0.2702431380748749,-0.007976412773132324,1.0,1.0
12,train,309,21954,1.583052635192871,1.5750772953033447,-0.007975339889526367,1.0,1.0
12,train,310,17295,0.600989818572998,0.5930178165435791,-0.007972002029418945,1.0,1.0
12,train,311,16134,0.5534061193466187,0.5454400777816772,-0.007966041564941406,1.0,1.0
12,train,312,10133,0.23101116716861725,0.22306984663009644,-0.007941320538520813,1.0,1.0
12,train,313,25449,0.1830533891916275,0.17511698603630066,-0.007936403155326843,1.0,1.0
12,train,314,6506,0.6189956665039062,0.6110621094703674,-0.007933557033538818,1.0,1.0
12,train,315,16642,0.3582771122455597,0.35034453868865967,-0.007932573556900024,1.0,1.0
12,train,316,27406,0.30732202529907227,0.29939427971839905,-0.007927745580673218,1.0,1.0
12,train,317,5382,0.3562730848789215,0.3483520448207855,-0.007921040058135986,1.0,1.0
12,train,318,16457,0.33313438296318054,0.32521408796310425,-0.007920295000076294,1.0,1.0
12,train,319,20129,0.24027568101882935,0.24819493293762207,0.007919251918792725,1.0,1.0
12,train,320,24752,0.19822148978710175,0.2061353325843811,0.007913842797279358,1.0,1.0
12,train,321,4355,0.4292827844619751,0.43718695640563965,0.00790417194366455,1.0,1.0
12,train,322,2268,0.4243564307689667,0.416465163230896,-0.007891267538070679,1.0,1.0
12,train,323,3169,0.5608057975769043,0.552914559841156,-0.007891237735748291,1.0,1.0
12,train,324,28016,0.2636432945728302,0.27152931690216064,0.007886022329330444,1.0,1.0
12,train,325,16648,0.24239492416381836,0.23450997471809387,-0.007884949445724487,1.0,1.0
12,train,326,20282,0.30550479888916016,0.29762253165245056,-0.007882267236709595,1.0,1.0
12,train,327,21675,0.320327490568161,0.3124469816684723,-0.00788050889968872,1.0,1.0
12,train,328,18092,0.25874707102775574,0.25087255239486694,-0.007874518632888794,1.0,1.0
12,train,329,13676,0.23411233723163605,0.22623862326145172,-0.007873713970184326,1.0,1.0
12,train,330,13501,0.23905490338802338,0.24692170321941376,0.00786679983139038,1.0,1.0
12,train,331,21854,0.34146952629089355,0.3336038589477539,-0.007865667343139648,1.0,1.0
12,train,332,19452,0.10568684339523315,0.09783612936735153,-0.007850714027881622,1.0,1.0
12,train,333,25493,0.3051539361476898,0.29730501770973206,-0.007848918437957764,1.0,1.0
12,train,334,20628,0.16531099379062653,0.17315970361232758,0.00784870982170105,1.0,1.0
12,train,335,10410,0.4041254222393036,0.39628079533576965,-0.007844626903533936,1.0,1.0
12,train,336,17099,0.18333441019058228,0.17549128830432892,-0.007843121886253357,1.0,1.0
12,train,337,8415,0.11063199490308762,0.11846365034580231,0.007831655442714691,1.0,1.0
12,train,338,20070,0.09134510159492493,0.08352131396532059,-0.00782378762960434,1.0,1.0
12,train,339,15112,0.4969966411590576,0.4891740381717682,-0.007822602987289429,1.0,1.0
12,train,340,11140,0.23539070785045624,0.22757823765277863,-0.007812470197677612,1.0,1.0
12,train,341,19378,0.1839660406112671,0.17616532742977142,-0.0078007131814956665,1.0,1.0
12,train,342,7960,0.24109874665737152,0.2488953024148941,0.007796555757522583,1.0,1.0
12,train,343,4444,0.21735133230686188,0.22514571249485016,0.007794380187988281,1.0,1.0
12,train,344,24531,0.2843962013721466,0.27660489082336426,-0.007791310548782349,1.0,1.0
12,train,345,5491,0.36762988567352295,0.3598388433456421,-0.007791042327880859,1.0,1.0
12,train,346,14437,0.35287749767303467,0.34508800506591797,-0.007789492607116699,1.0,1.0
12,train,347,13732,0.2262955904006958,0.2185072898864746,-0.007788300514221191,1.0,1.0
12,train,348,1287,0.2045498490333557,0.19676373898983002,-0.007786110043525696,1.0,1.0
12,train,349,1665,0.30081841349601746,0.3086008131504059,0.007782399654388428,1.0,1.0
12,train,350,13327,0.21726222336292267,0.20948940515518188,-0.007772818207740784,1.0,1.0
12,train,351,2382,0.19602543115615845,0.18826910853385925,-0.007756322622299194,1.0,1.0
12,train,352,10058,0.8540113568305969,0.8462594151496887,-0.007751941680908203,1.0,1.0
12,train,353,491,0.20429694652557373,0.19654610753059387,-0.007750838994979858,1.0,1.0
12,train,354,27241,0.24967963993549347,0.24193842709064484,-0.007741212844848633,1.0,1.0
12,train,355,19304,0.2553243935108185,0.24759605526924133,-0.0077283382415771484,1.0,1.0
12,train,356,27110,0.5513632893562317,0.559078574180603,0.007715284824371338,1.0,1.0
12,train,357,8891,0.2403443604707718,0.2326328009366989,-0.007711559534072876,1.0,1.0
12,train,358,26215,0.6693572998046875,0.6616510152816772,-0.007706284523010254,1.0,1.0
12,train,359,12923,0.339958518743515,0.3322544991970062,-0.007704019546508789,1.0,1.0
12,train,360,15781,0.3336372673511505,0.32593995332717896,-0.007697314023971558,1.0,1.0
12,train,361,28544,0.23352569341659546,0.22583229839801788,-0.007693395018577576,1.0,1.0
12,train,362,23745,0.3409523665904999,0.33327552676200867,-0.007676839828491211,1.0,1.0
12,train,363,14863,1.178202748298645,1.1705403327941895,-0.007662415504455566,1.0,1.0
12,train,364,25155,0.18476693332195282,0.19242215156555176,0.007655218243598938,1.0,1.0
12,train,365,20697,0.20051299035549164,0.19286462664604187,-0.007648363709449768,1.0,1.0
12,train,366,17441,0.7611856460571289,0.7535486221313477,-0.00763702392578125,1.0,1.0
12,train,367,24411,0.6336004734039307,0.625967800617218,-0.0076326727867126465,1.0,1.0
12,train,368,23193,0.22860212624073029,0.22097361087799072,-0.007628515362739563,1.0,1.0
12,train,369,26505,0.3431900441646576,0.3355700671672821,-0.007619976997375488,1.0,1.0
12,train,370,27296,0.2695435881614685,0.26192373037338257,-0.0076198577880859375,1.0,1.0
12,train,371,13678,0.4107699692249298,0.40315455198287964,-0.007615417242050171,1.0,1.0
12,train,372,5325,0.24969728291034698,0.25731176137924194,0.0076144784688949585,1.0,1.0
12,train,373,13702,0.26174530386924744,0.25413522124290466,-0.0076100826263427734,1.0,1.0
12,train,374,18087,0.5108500123023987,0.5184575915336609,0.007607579231262207,1.0,1.0
12,train,375,15011,0.288616806268692,0.2962198853492737,0.007603079080581665,1.0,1.0
12,train,376,14693,0.39630791544914246,0.38870611786842346,-0.007601797580718994,1.0,1.0
12,train,377,10618,0.34920215606689453,0.34160080552101135,-0.007601350545883179,1.0,1.0
12,train,378,4767,0.4869743287563324,0.4793751537799835,-0.007599174976348877,1.0,1.0
12,train,379,2748,0.3418702185153961,0.34946930408477783,0.007599085569381714,1.0,1.0
12,train,380,2530,0.33186498284339905,0.3242674469947815,-0.007597535848617554,1.0,1.0
12,train,381,6225,0.3734695613384247,0.365886926651001,-0.007582634687423706,1.0,1.0
12,train,382,12891,0.2669145464897156,0.25933730602264404,-0.007577240467071533,1.0,1.0
12,train,383,7461,0.1694362312555313,0.1770126223564148,0.007576391100883484,1.0,1.0
12,train,384,26562,0.3652251064777374,0.37280023097991943,0.007575124502182007,1.0,1.0
12,train,385,17538,0.665679395198822,0.6581043004989624,-0.007575094699859619,1.0,1.0
12,train,386,7548,0.21701093018054962,0.20943590998649597,-0.00757502019405365,1.0,1.0
12,train,387,13077,0.3252423405647278,0.31766951084136963,-0.007572829723358154,1.0,1.0
12,train,388,27721,0.3015376329421997,0.293973445892334,-0.007564187049865723,1.0,1.0
12,train,389,24196,0.5360915660858154,0.5436538457870483,0.00756227970123291,1.0,1.0
12,train,390,1469,0.2667964994907379,0.25923457741737366,-0.007561922073364258,1.0,1.0
12,train,391,2916,0.3798019587993622,0.372241735458374,-0.007560223340988159,1.0,1.0
12,train,392,15518,0.23982733488082886,0.23227684199810028,-0.007550492882728577,1.0,1.0
12,train,393,13982,0.3633537292480469,0.3558063209056854,-0.00754740834236145,1.0,1.0
12,train,394,26227,0.28981155157089233,0.2973586618900299,0.007547110319137573,1.0,1.0
12,train,395,28281,0.2695760428905487,0.2620351314544678,-0.007540911436080933,1.0,1.0
12,train,396,7988,0.23486943542957306,0.2273309975862503,-0.007538437843322754,1.0,1.0
12,train,397,2177,0.4694589674472809,0.4619210958480835,-0.007537871599197388,1.0,1.0
12,train,398,5551,0.8607683181762695,0.8532319068908691,-0.007536411285400391,1.0,1.0
12,train,399,16472,0.31765493750572205,0.3101229667663574,-0.007531970739364624,1.0,1.0
12,train,400,19457,0.18194466829299927,0.18947623670101166,0.00753156840801239,1.0,1.0
12,train,401,59,0.35113823413848877,0.343620628118515,-0.007517606019973755,1.0,1.0
12,train,402,14768,0.2036927342414856,0.19617930054664612,-0.0075134336948394775,1.0,1.0
12,train,403,15096,0.5052297115325928,0.4977198839187622,-0.007509827613830566,1.0,1.0
12,train,404,20259,0.284628301858902,0.2771225869655609,-0.0075057148933410645,1.0,1.0
12,train,405,17436,0.3141994774341583,0.30669525265693665,-0.00750422477722168,1.0,1.0
12,train,406,19902,0.4874862730503082,0.49498844146728516,0.007502168416976929,1.0,1.0
12,train,407,20085,0.3839266002178192,0.37642836570739746,-0.007498234510421753,1.0,1.0
12,train,408,21259,0.1409802883863449,0.13348811864852905,-0.007492169737815857,1.0,1.0
12,train,409,15157,0.3014872074127197,0.29399731755256653,-0.007489889860153198,1.0,1.0
12,train,410,14061,0.21903741359710693,0.21155238151550293,-0.007485032081604004,1.0,1.0
12,train,411,4157,0.21202968060970306,0.2045484185218811,-0.0074812620878219604,1.0,1.0
12,train,412,23804,0.29424118995666504,0.2867599427700043,-0.007481247186660767,1.0,1.0
12,train,413,18159,0.3706258535385132,0.36314842104911804,-0.007477432489395142,1.0,1.0
12,train,414,10971,0.21013955771923065,0.20266705751419067,-0.007472500205039978,1.0,1.0
12,train,415,10852,0.1419001668691635,0.13443413376808167,-0.007466033101081848,1.0,1.0
12,train,416,17566,1.2051761150360107,1.1977124214172363,-0.007463693618774414,1.0,1.0
12,train,417,98,0.39692023396492004,0.3894570469856262,-0.007463186979293823,1.0,1.0
12,train,418,24791,0.3882838487625122,0.3808215856552124,-0.007462263107299805,1.0,1.0
12,train,419,18643,0.22053784132003784,0.21307867765426636,-0.007459163665771484,1.0,1.0
12,train,420,3434,0.4886208474636078,0.48116937279701233,-0.007451474666595459,1.0,1.0
12,train,421,21647,0.50511234998703,0.49766090512275696,-0.007451444864273071,1.0,1.0
12,train,422,18187,0.35878488421440125,0.35133740305900574,-0.007447481155395508,1.0,1.0
12,train,423,19730,0.23724055290222168,0.24468795955181122,0.007447406649589539,1.0,1.0
12,train,424,11792,0.21225003898143768,0.21969537436962128,0.007445335388183594,1.0,1.0
12,train,425,7624,0.3881290853023529,0.38068389892578125,-0.007445186376571655,1.0,1.0
12,train,426,640,0.41884884238243103,0.41140490770339966,-0.007443934679031372,1.0,1.0
12,train,427,22645,0.3865964710712433,0.3791579008102417,-0.007438570261001587,1.0,1.0
12,train,428,2919,0.21352677047252655,0.20608924329280853,-0.007437527179718018,1.0,1.0
12,train,429,3173,0.38476407527923584,0.3773270845413208,-0.007436990737915039,1.0,1.0
12,train,430,24793,0.6276907324790955,0.6202596426010132,-0.007431089878082275,1.0,1.0
12,train,431,18792,0.6483023762702942,0.6557325124740601,0.007430136203765869,1.0,1.0
12,train,432,967,0.32430973649024963,0.31688010692596436,-0.007429629564285278,1.0,1.0
12,train,433,2816,0.24147991836071014,0.2489052563905716,0.00742533802986145,1.0,1.0
12,train,434,6232,0.3413114845752716,0.33389464020729065,-0.007416844367980957,1.0,1.0
12,train,435,9215,0.26200607419013977,0.25459107756614685,-0.00741499662399292,1.0,1.0
12,train,436,19529,0.09200120717287064,0.0845877006649971,-0.007413506507873535,1.0,1.0
12,train,437,15792,0.347272127866745,0.3398597240447998,-0.00741240382194519,1.0,1.0
12,train,438,14899,0.3996291160583496,0.3922168016433716,-0.007412314414978027,1.0,1.0
12,train,439,17022,0.38557204604148865,0.37816107273101807,-0.007410973310470581,1.0,1.0
12,train,440,5780,0.5665488243103027,0.5739574432373047,0.007408618927001953,1.0,1.0
12,train,441,15548,0.20444048941135406,0.19703301787376404,-0.007407471537590027,1.0,1.0
12,train,442,28032,0.3550359308719635,0.3476293683052063,-0.007406562566757202,1.0,1.0
12,train,443,26187,0.240090474486351,0.24749428033828735,0.00740380585193634,1.0,1.0
12,train,444,27504,0.3042202293872833,0.29681646823883057,-0.007403761148452759,1.0,1.0
12,train,445,22010,0.37850508093833923,0.37110239267349243,-0.007402688264846802,1.0,1.0
12,train,446,14988,0.2560824751853943,0.24868719279766083,-0.0073952823877334595,1.0,1.0
12,train,447,26716,0.17435894906520844,0.1817503124475479,0.0073913633823394775,1.0,1.0
12,train,448,272,0.16926153004169464,0.17665132880210876,0.0073897987604141235,1.0,1.0
12,train,449,17257,0.15696652233600616,0.14958004653453827,-0.0073864758014678955,1.0,1.0
12,train,450,8436,0.314352422952652,0.3069703280925751,-0.007382094860076904,1.0,1.0
12,train,451,9378,1.0620437860488892,1.0546666383743286,-0.007377147674560547,1.0,1.0
12,train,452,8878,0.41971921920776367,0.41234278678894043,-0.007376432418823242,1.0,1.0
12,train,453,9815,0.2623809278011322,0.2550060749053955,-0.007374852895736694,1.0,1.0
12,train,454,14701,0.21757574379444122,0.21020859479904175,-0.007367148995399475,1.0,1.0
12,train,455,22121,0.29715096950531006,0.30451786518096924,0.00736689567565918,1.0,1.0
12,train,456,27396,0.3591292202472687,0.3664938509464264,0.007364630699157715,1.0,1.0
12,train,457,16948,0.25000888109207153,0.25737264752388,0.007363766431808472,1.0,1.0
12,train,458,10057,0.31959113478660583,0.31223055720329285,-0.007360577583312988,1.0,1.0
12,train,459,11343,0.2285992056131363,0.22124090790748596,-0.00735829770565033,1.0,1.0
12,train,460,2866,0.4128131866455078,0.40545549988746643,-0.007357686758041382,1.0,1.0
12,train,461,4021,0.4129149913787842,0.4055585563182831,-0.007356435060501099,1.0,1.0
12,train,462,13450,0.1538209617137909,0.16117647290229797,0.00735551118850708,1.0,1.0
12,train,463,3263,0.613064706325531,0.6057093739509583,-0.007355332374572754,1.0,1.0
12,train,464,21075,0.4642205536365509,0.4568693935871124,-0.0073511600494384766,1.0,1.0
12,train,465,12436,0.37284764647483826,0.365496963262558,-0.0073506832122802734,1.0,1.0
12,train,466,13987,0.48447373509407043,0.49182426929473877,0.007350534200668335,1.0,1.0
12,train,467,24388,0.11765947192907333,0.11031045764684677,-0.0073490142822265625,1.0,1.0
12,train,468,2495,0.38398993015289307,0.37664228677749634,-0.0073476433753967285,1.0,1.0
12,train,469,18711,0.48475703597068787,0.4774138629436493,-0.007343173027038574,1.0,1.0
12,train,470,26228,0.38945892453193665,0.38211655616760254,-0.0073423683643341064,1.0,1.0
12,train,471,5610,0.41121259331703186,0.40387043356895447,-0.007342159748077393,1.0,1.0
12,train,472,449,0.1229110062122345,0.13025306165218353,0.007342055439949036,1.0,1.0
12,train,473,1491,0.6151586174964905,0.6078213453292847,-0.0073372721672058105,1.0,1.0
12,train,474,6145,0.23962844908237457,0.24696189165115356,0.007333442568778992,1.0,1.0
12,train,475,23631,0.2521825134754181,0.24485084414482117,-0.007331669330596924,1.0,1.0
12,train,476,22523,0.2584632933139801,0.2511332929134369,-0.007330000400543213,1.0,1.0
12,train,477,8980,0.282365083694458,0.27503907680511475,-0.007326006889343262,1.0,1.0
12,train,478,26763,0.32646846771240234,0.3191438317298889,-0.007324635982513428,1.0,1.0
12,train,479,23134,0.2863959074020386,0.2790718078613281,-0.007324099540710449,1.0,1.0
12,train,480,3285,0.12513308227062225,0.11781379580497742,-0.007319286465644836,1.0,1.0
12,train,481,26962,0.7133398652076721,0.7060270309448242,-0.0073128342628479,1.0,1.0
12,train,482,20866,0.2400447130203247,0.2327333241701126,-0.007311388850212097,1.0,1.0
12,train,483,22263,0.4703231155872345,0.46301254630088806,-0.0073105692863464355,1.0,1.0
12,train,484,4134,0.15683861076831818,0.16414828598499298,0.007309675216674805,1.0,1.0
12,train,485,13823,0.2448289543390274,0.23752008378505707,-0.007308870553970337,1.0,1.0
12,train,486,11008,0.24847136437892914,0.24116457998752594,-0.007306784391403198,1.0,1.0
12,train,487,24777,0.31315895915031433,0.3058542311191559,-0.007304728031158447,1.0,1.0
12,train,488,9664,0.5758729577064514,0.5685769319534302,-0.00729602575302124,1.0,1.0
12,train,489,15147,0.3873555660247803,0.38005971908569336,-0.007295846939086914,1.0,1.0
12,train,490,24005,0.430944561958313,0.4236604869365692,-0.007284075021743774,1.0,1.0
12,train,491,20737,0.39554014801979065,0.3882627487182617,-0.007277399301528931,1.0,1.0
12,train,492,759,0.3125745952129364,0.30529987812042236,-0.007274717092514038,1.0,1.0
12,train,493,5597,0.2733881175518036,0.26611435413360596,-0.007273763418197632,1.0,1.0
12,train,494,22016,0.5951114296913147,0.5878391861915588,-0.007272243499755859,1.0,1.0
12,train,495,14329,0.1495274156332016,0.1567983776330948,0.0072709619998931885,1.0,1.0
12,train,496,9339,0.3670351505279541,0.35976719856262207,-0.007267951965332031,1.0,1.0
12,train,497,10516,0.4149880111217499,0.40772563219070435,-0.007262378931045532,1.0,1.0
12,train,498,12981,0.49680447578430176,0.4895423352718353,-0.007262140512466431,1.0,1.0
12,train,499,24581,0.30711206793785095,0.29985153675079346,-0.007260531187057495,1.0,1.0
12,train,500,1411,0.29328253865242004,0.2860225737094879,-0.007259964942932129,1.0,1.0
12,eval,1,21625,3.001002311706543,2.982761859893799,-0.01824045181274414,1.0,1.0
12,eval,2,20935,0.5556938648223877,0.5721070766448975,0.016413211822509766,1.0,1.0
12,eval,3,10425,0.2024727463722229,0.1867491900920868,-0.01572355628013611,1.0,1.0
12,eval,4,16718,4.5507941246032715,4.535539627075195,-0.015254497528076172,1.0,1.0
12,eval,5,13206,2.680603265762329,2.665616035461426,-0.01498723030090332,1.0,1.0
12,eval,6,1707,2.7284061908721924,2.7135324478149414,-0.014873743057250977,1.0,1.0
12,eval,7,11376,0.4387652575969696,0.42434069514274597,-0.014424562454223633,1.0,1.0
12,eval,8,13894,0.18911679089069366,0.20344583690166473,0.01432904601097107,1.0,1.0
12,eval,9,17566,1.202622890472412,1.188930630683899,-0.013692259788513184,1.0,1.0
12,eval,10,26434,0.29004088044166565,0.2765750288963318,-0.013465851545333862,1.0,1.0
12,eval,11,12430,1.1354734897613525,1.1222845315933228,-0.013188958168029785,1.0,1.0
12,eval,12,23072,1.9934521913528442,1.9802908897399902,-0.013161301612854004,1.0,1.0
12,eval,13,313,2.972180128097534,2.959320306777954,-0.012859821319580078,1.0,1.0
12,eval,14,7248,0.8814191818237305,0.8686797022819519,-0.012739479541778564,1.0,1.0
12,eval,15,26138,0.32723474502563477,0.31457483768463135,-0.012659907341003418,1.0,1.0
12,eval,16,23851,0.2361714392900467,0.24882954359054565,0.012658104300498962,1.0,1.0
12,eval,17,11008,0.24783800542354584,0.23536480963230133,-0.012473195791244507,1.0,1.0
12,eval,18,27913,0.4246416389942169,0.4370700418949127,0.0124284029006958,1.0,1.0
12,eval,19,7548,0.2152278572320938,0.20281651616096497,-0.012411341071128845,1.0,1.0
12,eval,20,22737,0.08785278350114822,0.07552054524421692,-0.012332238256931305,1.0,1.0
12,eval,21,26187,0.24061192572116852,0.2528609037399292,0.012248978018760681,1.0,1.0
12,eval,22,25043,0.5173055529594421,0.529491662979126,0.012186110019683838,1.0,1.0
12,eval,23,11117,0.24066048860549927,0.2526434361934662,0.011982947587966919,1.0,1.0
12,eval,24,5855,0.5315749049186707,0.5196151733398438,-0.011959731578826904,1.0,1.0
12,eval,25,20924,0.4469062089920044,0.4349468946456909,-0.011959314346313477,1.0,1.0
12,eval,26,2325,0.5601155161857605,0.5720360279083252,0.011920511722564697,1.0,1.0
12,eval,27,19127,0.26171526312828064,0.2734636962413788,0.011748433113098145,1.0,1.0
12,eval,28,25939,0.4272556006908417,0.41551676392555237,-0.011738836765289307,1.0,1.0
12,eval,29,19866,0.2120395302772522,0.20032772421836853,-0.011711806058883667,1.0,1.0
12,eval,30,11395,0.21065372228622437,0.19898851215839386,-0.011665210127830505,1.0,1.0
12,eval,31,19277,0.29973840713500977,0.2881873846054077,-0.01155102252960205,1.0,1.0
12,eval,32,2177,0.4658249318599701,0.4542948305606842,-0.011530101299285889,1.0,1.0
12,eval,33,6361,0.26920729875564575,0.2805059254169464,0.01129862666130066,1.0,1.0
12,eval,34,3285,0.12294396013021469,0.11165739595890045,-0.01128656417131424,1.0,1.0
12,eval,35,27441,0.6197262406349182,0.6084847450256348,-0.011241495609283447,1.0,1.0
12,eval,36,5262,0.3317183554172516,0.32062602043151855,-0.011092334985733032,1.0,1.0
12,eval,37,24280,0.2689466178417206,0.2578657269477844,-0.011080890893936157,1.0,1.0
12,eval,38,28501,1.1020139455795288,1.0910524129867554,-0.010961532592773438,1.0,1.0
12,eval,39,12270,0.2445627897977829,0.2554686367511749,0.010905846953392029,1.0,1.0
12,eval,40,27018,0.06914542615413666,0.05824093520641327,-0.010904490947723389,1.0,1.0
12,eval,41,26256,1.4637064933776855,1.452844262123108,-0.010862231254577637,1.0,1.0
12,eval,42,25836,0.28437554836273193,0.2735828459262848,-0.010792702436447144,1.0,1.0
12,eval,43,18949,0.0650806650519371,0.054325565695762634,-0.010755099356174469,1.0,1.0
12,eval,44,20691,0.9486522078514099,0.9378988742828369,-0.010753333568572998,1.0,1.0
12,eval,45,27835,0.26997122168540955,0.2593458890914917,-0.010625332593917847,1.0,1.0
12,eval,46,11288,0.7913815379142761,0.8019837737083435,0.010602235794067383,1.0,1.0
12,eval,47,21688,0.20975475013256073,0.1992129683494568,-0.010541781783103943,1.0,1.0
12,eval,48,20602,0.3088132441043854,0.2982728183269501,-0.010540425777435303,1.0,1.0
12,eval,49,18561,0.6310674548149109,0.6205313205718994,-0.010536134243011475,1.0,1.0
12,eval,50,15749,0.3786529302597046,0.3681403398513794,-0.010512590408325195,1.0,1.0
12,eval,51,23309,0.3068499267101288,0.29634231328964233,-0.01050761342048645,1.0,1.0
12,eval,52,1475,0.22447796165943146,0.21406789124011993,-0.010410070419311523,1.0,1.0
12,eval,53,9163,0.31638723611831665,0.30598095059394836,-0.010406285524368286,1.0,1.0
12,eval,54,21970,0.3118341863155365,0.3222181797027588,0.01038399338722229,1.0,1.0
12,eval,55,8688,0.35096272826194763,0.3613382875919342,0.010375559329986572,1.0,1.0
12,eval,56,9654,0.402390718460083,0.39204031229019165,-0.010350406169891357,1.0,1.0
12,eval,57,20605,0.37574902176856995,0.365414023399353,-0.010334998369216919,1.0,1.0
12,eval,58,20309,0.16581900417804718,0.15549588203430176,-0.010323122143745422,1.0,1.0
12,eval,59,26274,0.7781669497489929,0.7678725123405457,-0.010294437408447266,1.0,1.0
12,eval,60,13564,0.3560830056667328,0.34580913186073303,-0.010273873805999756,1.0,1.0
12,eval,61,6702,0.5208527445793152,0.5105980038642883,-0.010254740715026855,1.0,1.0
12,eval,62,24095,0.33676043152809143,0.34692010283470154,0.010159671306610107,1.0,1.0
12,eval,63,11007,0.1798449009656906,0.16968832910060883,-0.010156571865081787,1.0,1.0
12,eval,64,9883,0.24854226410388947,0.23839610815048218,-0.010146155953407288,1.0,1.0
12,eval,65,26169,0.3566814661026001,0.366817831993103,0.01013636589050293,1.0,1.0
12,eval,66,27241,0.2530920207500458,0.24295981228351593,-0.010132208466529846,1.0,1.0
12,eval,67,5063,0.382173627614975,0.37207266688346863,-0.010100960731506348,1.0,1.0
12,eval,68,1357,0.09283695369958878,0.08273886889219284,-0.010098084807395935,1.0,1.0
12,eval,69,5253,0.43284380435943604,0.4227564334869385,-0.010087370872497559,1.0,1.0
12,eval,70,4767,0.48482975363731384,0.47475945949554443,-0.01007029414176941,1.0,1.0
12,eval,71,6649,0.31982436776161194,0.30975526571273804,-0.010069102048873901,1.0,1.0
12,eval,72,11036,0.24204741418361664,0.23198029398918152,-0.01006712019443512,1.0,1.0
12,eval,73,3419,0.24587982892990112,0.23581579327583313,-0.010064035654067993,1.0,1.0
12,eval,74,12699,0.40974846482276917,0.39969637989997864,-0.010052084922790527,1.0,1.0
12,eval,75,22262,0.3622088134288788,0.3521772623062134,-0.010031551122665405,1.0,1.0
12,eval,76,7781,0.281886488199234,0.27191054821014404,-0.009975939989089966,1.0,1.0
12,eval,77,8829,0.1545204371213913,0.16448427736759186,0.009963840246200562,1.0,1.0
12,eval,78,5488,0.15883536636829376,0.14890897274017334,-0.009926393628120422,1.0,1.0
12,eval,79,13732,0.22290880978107452,0.2130005657672882,-0.009908244013786316,1.0,1.0
12,eval,80,8891,0.23914599418640137,0.2292381376028061,-0.009907856583595276,1.0,1.0
12,eval,81,14247,0.4089678227901459,0.39907142519950867,-0.009896397590637207,1.0,1.0
12,eval,82,17436,0.3109133243560791,0.3010237514972687,-0.009889572858810425,1.0,1.0
12,eval,83,1211,0.2838042080402374,0.29367196559906006,0.009867757558822632,1.0,1.0
12,eval,84,14332,0.3063049912452698,0.2964446246623993,-0.009860366582870483,1.0,1.0
12,eval,85,7857,0.2870023548603058,0.27717071771621704,-0.009831637144088745,1.0,1.0
12,eval,86,25740,0.9478407502174377,0.938019871711731,-0.009820878505706787,1.0,1.0
12,eval,87,18160,0.7258286476135254,0.7160263061523438,-0.00980234146118164,1.0,1.0
12,eval,88,13545,0.2908276617527008,0.2810291051864624,-0.009798556566238403,1.0,1.0
12,eval,89,26515,0.32388582825660706,0.3141379654407501,-0.009747862815856934,1.0,1.0
12,eval,90,23813,0.210823193192482,0.2010912448167801,-0.009731948375701904,1.0,1.0
12,eval,91,14016,0.38201645016670227,0.39173179864883423,0.009715348482131958,1.0,1.0
12,eval,92,20527,0.8396586775779724,0.8299829959869385,-0.009675681591033936,1.0,1.0
12,eval,93,5209,0.4812260866165161,0.4908056855201721,0.009579598903656006,1.0,1.0
12,eval,94,1110,0.4478537142276764,0.4382767677307129,-0.009576946496963501,1.0,1.0
12,eval,95,14713,0.30988702178001404,0.30032727122306824,-0.0095597505569458,1.0,1.0
12,eval,96,9567,0.2791893780231476,0.2696465253829956,-0.009542852640151978,1.0,1.0
12,eval,97,7128,0.7244725227355957,0.7340071201324463,0.009534597396850586,1.0,1.0
12,eval,98,14807,0.1690407246351242,0.17853623628616333,0.009495511651039124,1.0,1.0
12,eval,99,20078,0.29017820954322815,0.28070175647735596,-0.009476453065872192,1.0,1.0
12,eval,100,6808,0.33259186148643494,0.3231184184551239,-0.009473443031311035,1.0,1.0
12,eval,101,10534,0.3954658508300781,0.4049244523048401,0.009458601474761963,1.0,1.0
12,eval,102,17022,0.3825172483921051,0.37306392192840576,-0.00945332646369934,1.0,1.0
12,eval,103,15686,0.2608914375305176,0.2514837980270386,-0.009407639503479004,1.0,1.0
12,eval,104,7759,0.16020411252975464,0.16960972547531128,0.00940561294555664,1.0,1.0
12,eval,105,14192,0.20294158160686493,0.2123396247625351,0.009398043155670166,1.0,1.0
12,eval,106,9824,0.7311663031578064,0.721792995929718,-0.009373307228088379,1.0,1.0
12,eval,107,3710,0.3000144064426422,0.29064399003982544,-0.009370416402816772,1.0,1.0
12,eval,108,8125,0.5320407748222351,0.5226719379425049,-0.009368836879730225,1.0,1.0
12,eval,109,23536,0.394696444272995,0.3853377401828766,-0.009358704090118408,1.0,1.0
12,eval,110,4498,0.30208778381347656,0.31144264340400696,0.009354859590530396,1.0,1.0
12,eval,111,3194,0.16220903396606445,0.17152923345565796,0.009320199489593506,1.0,1.0
12,eval,112,3806,0.3580528795719147,0.36737188696861267,0.009319007396697998,1.0,1.0
12,eval,113,25779,0.21092693507671356,0.2202429622411728,0.009316027164459229,1.0,1.0
12,eval,114,8435,0.4070621728897095,0.39777469635009766,-0.009287476539611816,1.0,1.0
12,eval,115,24752,0.20006513595581055,0.2093508243560791,0.009285688400268555,1.0,1.0
12,eval,116,7707,0.20956212282180786,0.20027777552604675,-0.009284347295761108,1.0,1.0
12,eval,117,22514,0.3528384268283844,0.34355488419532776,-0.00928354263305664,1.0,1.0
12,eval,118,8835,0.3166811764240265,0.3259595036506653,0.009278327226638794,1.0,1.0
12,eval,119,5443,0.37847840785980225,0.3692014515399933,-0.00927695631980896,1.0,1.0
12,eval,120,2238,0.26553258299827576,0.2562556564807892,-0.009276926517486572,1.0,1.0
12,eval,121,26059,0.4168873727321625,0.4076283276081085,-0.009259045124053955,1.0,1.0
12,eval,122,22261,0.21682436764240265,0.20756766200065613,-0.009256705641746521,1.0,1.0
12,eval,123,22959,0.5538154244422913,0.5445677638053894,-0.009247660636901855,1.0,1.0
12,eval,124,1944,0.14341787993907928,0.15265803039073944,0.009240150451660156,1.0,1.0
12,eval,125,9935,0.7699845433235168,0.7607519626617432,-0.009232580661773682,1.0,1.0
12,eval,126,28493,0.26451972126960754,0.2552911639213562,-0.009228557348251343,1.0,1.0
12,eval,127,24482,0.28654658794403076,0.2773183286190033,-0.009228259325027466,1.0,1.0
12,eval,128,28357,2.1280908584594727,2.1188926696777344,-0.009198188781738281,1.0,1.0
12,eval,129,1383,0.26559922099113464,0.25640296936035156,-0.009196251630783081,1.0,1.0
12,eval,130,17840,0.3528575897216797,0.343664288520813,-0.0091933012008667,1.0,1.0
12,eval,131,11803,0.2644111216068268,0.273563027381897,0.00915190577507019,1.0,1.0
12,eval,132,14172,0.1920763999223709,0.1829293817281723,-0.009147018194198608,1.0,1.0
12,eval,133,16939,0.1502574235200882,0.14112572371959686,-0.009131699800491333,1.0,1.0
12,eval,134,6299,0.20982486009597778,0.21894486248493195,0.009120002388954163,1.0,1.0
12,eval,135,27422,0.24806393682956696,0.23894432187080383,-0.009119614958763123,1.0,1.0
12,eval,136,11923,0.9032433032989502,0.8941442966461182,-0.009099006652832031,1.0,1.0
12,eval,137,7256,0.20310980081558228,0.19401733577251434,-0.009092465043067932,1.0,1.0
12,eval,138,9406,0.1837739497423172,0.17468848824501038,-0.009085461497306824,1.0,1.0
12,eval,139,5780,0.5653045773506165,0.5743849277496338,0.009080350399017334,1.0,1.0
12,eval,140,27588,0.34283506870269775,0.3337923288345337,-0.009042739868164062,1.0,1.0
12,eval,141,3631,0.09771635383367538,0.08869800716638565,-0.009018346667289734,1.0,1.0
12,eval,142,5398,0.4058677852153778,0.41487786173820496,0.009010076522827148,1.0,1.0
12,eval,143,17659,0.3067525625228882,0.29774710536003113,-0.009005457162857056,1.0,1.0
12,eval,144,23350,0.3798457682132721,0.370844304561615,-0.009001463651657104,1.0,1.0
12,eval,145,17004,0.7691147327423096,0.7601150870323181,-0.008999645709991455,1.0,1.0
12,eval,146,5984,0.29975759983062744,0.29076701402664185,-0.008990585803985596,1.0,1.0
12,eval,147,24675,0.3857930898666382,0.37680506706237793,-0.008988022804260254,1.0,1.0
12,eval,148,20628,0.1689147800207138,0.17789794504642487,0.00898316502571106,1.0,1.0
12,eval,149,4153,0.19406217336654663,0.18508997559547424,-0.008972197771072388,1.0,1.0
12,eval,150,18434,0.18552148342132568,0.17655114829540253,-0.008970335125923157,1.0,1.0
12,eval,151,15397,0.2774021625518799,0.26843327283859253,-0.008968889713287354,1.0,1.0
12,eval,152,16618,0.169918954372406,0.17887145280838013,0.008952498435974121,1.0,1.0
12,eval,153,25622,0.7602167725563049,0.7691333293914795,0.00891655683517456,1.0,1.0
12,eval,154,11939,0.617560863494873,0.6086450219154358,-0.008915841579437256,1.0,1.0
12,eval,155,19394,0.22574345767498016,0.21683086454868317,-0.008912593126296997,1.0,1.0
12,eval,156,15354,0.22325165569782257,0.23215444386005402,0.008902788162231445,1.0,1.0
12,eval,157,10003,0.3620546758174896,0.3709496259689331,0.008894950151443481,1.0,1.0
12,eval,158,11623,0.19076007604599,0.1818772852420807,-0.008882790803909302,1.0,1.0
12,eval,159,6795,0.024433808401226997,0.03330589458346367,0.008872086182236671,0.4375,0.4722222222222222
12,eval,160,6065,0.10230734199285507,0.09343753755092621,-0.008869804441928864,1.0,1.0
12,eval,161,1986,0.28037020564079285,0.27150243520736694,-0.008867770433425903,1.0,1.0
12,eval,162,27161,0.6980606913566589,0.6891949772834778,-0.008865714073181152,1.0,1.0
12,eval,163,26361,1.2572541236877441,1.2660967111587524,0.0088425874710083,1.0,1.0
12,eval,164,9896,0.3995300233364105,0.39068999886512756,-0.008840024471282959,1.0,1.0
12,eval,165,25756,0.2113335281610489,0.20249775052070618,-0.008835777640342712,1.0,1.0
12,eval,166,10798,0.3956584930419922,0.40448078513145447,0.00882229208946228,1.0,1.0
12,eval,167,8186,0.14067618548870087,0.1318546086549759,-0.008821576833724976,1.0,1.0
12,eval,168,8398,0.11898674815893173,0.12779301404953003,0.008806265890598297,1.0,1.0
12,eval,169,23319,0.27664506435394287,0.2678506672382355,-0.008794397115707397,1.0,1.0
12,eval,170,3324,0.4508305490016937,0.45961517095565796,0.008784621953964233,1.0,1.0
12,eval,171,3745,0.1888457089662552,0.1800653636455536,-0.008780345320701599,1.0,1.0
12,eval,172,17892,0.23275543749332428,0.22398120164871216,-0.008774235844612122,1.0,1.0
12,eval,173,16614,0.5463340878486633,0.5375701189041138,-0.00876396894454956,1.0,1.0
12,eval,174,1331,0.3047126233577728,0.2959512174129486,-0.008761405944824219,1.0,1.0
12,eval,175,15488,0.2968944311141968,0.2881367802619934,-0.00875765085220337,1.0,1.0
12,eval,176,5573,0.5766443610191345,0.5678907036781311,-0.008753657341003418,1.0,1.0
12,eval,177,10384,0.3106411099433899,0.30189669132232666,-0.008744418621063232,1.0,1.0
12,eval,178,7705,0.27330461144447327,0.2645621597766876,-0.008742451667785645,1.0,1.0
12,eval,179,5373,0.15349872410297394,0.14475783705711365,-0.00874088704586029,1.0,1.0
12,eval,180,3154,0.40604808926582336,0.41478797793388367,0.008739888668060303,1.0,1.0
12,eval,181,26245,0.28060612082481384,0.289338082075119,0.008731961250305176,1.0,1.0
12,eval,182,23015,0.326887309551239,0.31815922260284424,-0.008728086948394775,1.0,1.0
12,eval,183,15617,0.27902594208717346,0.2703001797199249,-0.008725762367248535,1.0,1.0
12,eval,184,1665,0.2995474934577942,0.30827316641807556,0.008725672960281372,1.0,1.0
12,eval,185,11167,0.9949552416801453,0.9862324595451355,-0.008722782135009766,1.0,1.0
12,eval,186,12199,0.19021274149417877,0.18149155378341675,-0.008721187710762024,1.0,1.0
12,eval,187,629,0.4047984182834625,0.41350188851356506,0.008703470230102539,1.0,1.0
12,eval,188,3058,0.1790871024131775,0.17039358615875244,-0.008693516254425049,1.0,1.0
12,eval,189,17228,0.3339667320251465,0.3252910375595093,-0.008675694465637207,1.0,1.0
12,eval,190,21376,0.19682548940181732,0.18816159665584564,-0.00866389274597168,1.0,1.0
12,eval,191,16033,0.40226244926452637,0.393621563911438,-0.008640885353088379,1.0,1.0
12,eval,192,17575,0.3337234556674957,0.3250848650932312,-0.008638590574264526,1.0,1.0
12,eval,193,11568,0.13950902223587036,0.13087423145771027,-0.008634790778160095,1.0,1.0
12,eval,194,14742,0.2538222074508667,0.26245376467704773,0.00863155722618103,1.0,1.0
12,eval,195,16356,0.17384453117847443,0.16521389782428741,-0.008630633354187012,1.0,1.0
12,eval,196,15580,0.6607967019081116,0.6521710157394409,-0.008625686168670654,1.0,1.0
12,eval,197,27470,0.7854468822479248,0.7768246531486511,-0.008622229099273682,1.0,1.0
12,eval,198,20125,0.3313179314136505,0.3226982653141022,-0.00861966609954834,1.0,1.0
12,eval,199,15372,0.2509167790412903,0.24230782687664032,-0.008608952164649963,1.0,1.0
12,eval,200,10005,0.2187061458826065,0.21010172367095947,-0.008604422211647034,1.0,1.0
12,eval,201,28165,0.2170923352241516,0.22569243609905243,0.008600100874900818,1.0,1.0
12,eval,202,22311,0.14530524611473083,0.13671036064624786,-0.008594885468482971,1.0,1.0
12,eval,203,19769,0.39034101366996765,0.38175714015960693,-0.008583873510360718,1.0,1.0
12,eval,204,17723,0.6175521612167358,0.6089788675308228,-0.008573293685913086,1.0,1.0
12,eval,205,9221,0.3555046021938324,0.3640747666358948,0.008570164442062378,1.0,1.0
12,eval,206,28070,0.24773043394088745,0.2562968134880066,0.00856637954711914,1.0,1.0
12,eval,207,5280,0.1499711573123932,0.15852153301239014,0.008550375699996948,1.0,1.0
12,eval,208,25213,0.356523722410202,0.34797418117523193,-0.008549541234970093,1.0,1.0
12,eval,209,10284,0.2637741267681122,0.2552250325679779,-0.008549094200134277,1.0,1.0
12,eval,210,12700,0.44172537326812744,0.45026910305023193,0.008543729782104492,1.0,1.0
12,eval,211,17463,0.2760014235973358,0.28454408049583435,0.008542656898498535,1.0,1.0
12,eval,212,3022,0.643316924571991,0.6347832083702087,-0.008533716201782227,1.0,1.0
12,eval,213,11737,0.5822564959526062,0.5737279653549194,-0.008528530597686768,1.0,1.0
12,eval,214,1883,0.46736106276512146,0.45884501934051514,-0.008516043424606323,1.0,1.0
12,eval,215,13860,0.4609649181365967,0.4524489939212799,-0.008515924215316772,1.0,1.0
12,eval,216,14518,0.3173300325870514,0.32584476470947266,0.008514732122421265,1.0,1.0
12,eval,217,5092,0.12604065239429474,0.11753862351179123,-0.00850202888250351,1.0,1.0
12,eval,218,18143,0.1350400298833847,0.12653988599777222,-0.008500143885612488,1.0,1.0
12,eval,219,8395,0.356437087059021,0.34794196486473083,-0.008495122194290161,1.0,1.0
12,eval,220,11220,0.20543907582759857,0.19694465398788452,-0.00849442183971405,1.0,1.0
12,eval,221,26577,0.400849312543869,0.3923557698726654,-0.008493542671203613,1.0,1.0
12,eval,222,7988,0.2316647320985794,0.2231755256652832,-0.008489206433296204,1.0,1.0
12,eval,223,10419,0.125383660197258,0.11689678579568863,-0.008486874401569366,1.0,1.0
12,eval,224,15989,0.20040494203567505,0.19192343950271606,-0.008481502532958984,1.0,1.0
12,eval,225,10001,0.2562503218650818,0.24777399003505707,-0.00847633183002472,1.0,1.0
12,eval,226,11252,0.34679245948791504,0.33831775188446045,-0.00847470760345459,1.0,1.0
12,eval,227,14758,0.5699959397315979,0.5615224838256836,-0.008473455905914307,1.0,1.0
12,eval,228,3987,0.35470664501190186,0.3462536633014679,-0.00845298171043396,1.0,1.0
12,eval,229,20113,0.20766310393810272,0.19921201467514038,-0.008451089262962341,1.0,1.0
12,eval,230,3171,0.3148626387119293,0.3064119517803192,-0.008450686931610107,1.0,1.0
12,eval,231,8828,0.49615392088890076,0.48770618438720703,-0.008447736501693726,1.0,1.0
12,eval,232,1595,0.2508784532546997,0.2424396127462387,-0.008438840508460999,1.0,1.0
12,eval,233,28251,0.2431601732969284,0.25159895420074463,0.008438780903816223,1.0,1.0
12,eval,234,11034,0.22377772629261017,0.21534563601016998,-0.008432090282440186,1.0,1.0
12,eval,235,19905,0.35522040724754333,0.3636426329612732,0.008422225713729858,1.0,1.0
12,eval,236,19305,0.2300308495759964,0.22160962224006653,-0.00842122733592987,1.0,1.0
12,eval,237,3640,0.29730063676834106,0.28888005018234253,-0.008420586585998535,1.0,1.0
12,eval,238,15879,0.27663421630859375,0.2682211399078369,-0.008413076400756836,1.0,1.0
12,eval,239,859,0.20960389077663422,0.2180057168006897,0.008401826024055481,1.0,1.0
12,eval,240,14471,0.2613382637500763,0.26973870396614075,0.008400440216064453,1.0,1.0
12,eval,241,21496,0.3655819892883301,0.35720953345298767,-0.008372455835342407,1.0,1.0
12,eval,242,10865,0.27675411105155945,0.26838409900665283,-0.008370012044906616,1.0,1.0
12,eval,243,8233,0.19174866378307343,0.18338127434253693,-0.008367389440536499,1.0,1.0
12,eval,244,2661,0.10634327679872513,0.09798402339220047,-0.008359253406524658,1.0,1.0
12,eval,245,11239,0.24021069705486298,0.23186299204826355,-0.008347705006599426,1.0,1.0
12,eval,246,15360,0.4059630334377289,0.3976203203201294,-0.008342713117599487,1.0,1.0
12,eval,247,13064,0.4221062660217285,0.41376397013664246,-0.00834229588508606,1.0,1.0
12,eval,248,6007,0.44121578335762024,0.43288302421569824,-0.008332759141921997,1.0,1.0
12,eval,249,22464,0.41210266947746277,0.40377676486968994,-0.008325904607772827,1.0,1.0
12,eval,250,4472,0.26670798659324646,0.2583833336830139,-0.008324652910232544,1.0,1.0
12,eval,251,10702,0.29700058698654175,0.30531954765319824,0.008318960666656494,1.0,1.0
12,eval,252,13823,0.24276310205459595,0.23444724082946777,-0.008315861225128174,1.0,1.0
12,eval,253,5929,0.19556035101413727,0.18724554777145386,-0.00831480324268341,1.0,1.0
12,eval,254,6043,0.22793716192245483,0.21963271498680115,-0.008304446935653687,1.0,1.0
12,eval,255,7336,0.5317753553390503,0.5234741568565369,-0.008301198482513428,1.0,1.0
12,eval,256,10328,0.2899516820907593,0.29825282096862793,0.008301138877868652,1.0,1.0
12,eval,257,18692,0.2755879759788513,0.26728758215904236,-0.00830039381980896,1.0,1.0
12,eval,258,15427,0.09472735971212387,0.08642752468585968,-0.00829983502626419,1.0,1.0
12,eval,259,18575,0.18315689265727997,0.19145092368125916,0.008294031023979187,1.0,1.0
12,eval,260,2816,0.24406589567661285,0.25235792994499207,0.008292034268379211,1.0,1.0
12,eval,261,8767,0.4506213366985321,0.45891109108924866,0.008289754390716553,1.0,1.0
12,eval,262,14167,1.4587749242782593,1.4504867792129517,-0.008288145065307617,1.0,1.0
12,eval,263,20770,0.48544538021087646,0.4771636426448822,-0.008281737565994263,1.0,1.0
12,eval,264,8904,0.4343692362308502,0.4260918200016022,-0.008277416229248047,1.0,1.0
12,eval,265,13954,0.25169914960861206,0.2434242069721222,-0.008274942636489868,1.0,1.0
12,eval,266,8620,0.3332078456878662,0.32493332028388977,-0.00827452540397644,1.0,1.0
12,eval,267,17129,0.20911937952041626,0.20085692405700684,-0.008262455463409424,1.0,1.0
12,eval,268,6542,0.28383690118789673,0.2755851745605469,-0.008251726627349854,1.0,1.0
12,eval,269,17745,0.3222215473651886,0.3139714002609253,-0.008250147104263306,1.0,1.0
12,eval,270,17199,0.38897404074668884,0.3807256817817688,-0.008248358964920044,1.0,1.0
12,eval,271,23807,0.19589488208293915,0.18764875829219818,-0.008246123790740967,1.0,1.0
12,eval,272,23239,0.36601921916007996,0.35777321457862854,-0.008246004581451416,1.0,1.0
12,eval,273,4164,0.32867732644081116,0.32043448090553284,-0.00824284553527832,1.0,1.0
12,eval,274,25647,0.29288893938064575,0.2846568822860718,-0.008232057094573975,1.0,1.0
12,eval,275,12171,0.1353110522031784,0.14353933930397034,0.008228287100791931,1.0,1.0
12,eval,276,21913,0.2844417095184326,0.27622050046920776,-0.008221209049224854,1.0,1.0
12,eval,277,17337,0.29657867550849915,0.2883589267730713,-0.008219748735427856,1.0,1.0
12,eval,278,25690,0.26239320635795593,0.2541764974594116,-0.008216708898544312,1.0,1.0
12,eval,279,26255,0.20498418807983398,0.19677048921585083,-0.008213698863983154,1.0,1.0
12,eval,280,11318,0.7770374417304993,0.7688310146331787,-0.008206427097320557,1.0,1.0
12,eval,281,18893,0.1958591341972351,0.20406323671340942,0.008204102516174316,1.0,1.0
12,eval,282,27507,0.29063308238983154,0.2988331615924835,0.008200079202651978,1.0,1.0
12,eval,283,188,0.18349124491214752,0.17529426515102386,-0.008196979761123657,1.0,1.0
12,eval,284,13558,0.40276262164115906,0.3945697546005249,-0.008192867040634155,1.0,1.0
12,eval,285,3002,0.281658411026001,0.2898481786251068,0.008189767599105835,1.0,1.0
12,eval,286,24779,0.29619255661964417,0.2880043089389801,-0.008188247680664062,1.0,1.0
12,eval,287,11503,0.17717896401882172,0.16899091005325317,-0.008188053965568542,1.0,1.0
12,eval,288,11299,0.5194973349571228,0.5113106369972229,-0.008186697959899902,1.0,1.0
12,eval,289,24126,0.3196459114551544,0.32781726121902466,0.00817134976387024,1.0,1.0
12,eval,290,2395,0.3568793535232544,0.36504656076431274,0.00816720724105835,1.0,1.0
12,eval,291,4328,0.39744603633880615,0.3892804980278015,-0.008165538311004639,1.0,1.0
12,eval,292,7639,0.2197386771440506,0.22790175676345825,0.008163079619407654,1.0,1.0
12,eval,293,3876,0.5440772771835327,0.5359340906143188,-0.008143186569213867,1.0,1.0
12,eval,294,12923,0.336275577545166,0.3281356394290924,-0.008139938116073608,1.0,1.0
12,eval,295,23528,0.1403951495885849,0.13225753605365753,-0.008137613534927368,1.0,1.0
12,eval,296,26420,0.32529208064079285,0.3334196209907532,0.008127540349960327,1.0,1.0
12,eval,297,18725,0.3090502619743347,0.3009313941001892,-0.008118867874145508,1.0,1.0
12,eval,298,13501,0.24290840327739716,0.2510228753089905,0.008114472031593323,1.0,1.0
12,eval,299,23028,0.4609171450138092,0.4690264165401459,0.00810927152633667,1.0,1.0
12,eval,300,10648,0.1057937741279602,0.09768503159284592,-0.008108742535114288,1.0,1.0
12,eval,301,9252,0.20513837039470673,0.19703158736228943,-0.008106783032417297,1.0,1.0
12,eval,302,5258,0.5060411691665649,0.514133095741272,0.008091926574707031,1.0,1.0
12,eval,303,12421,0.2126842886209488,0.204600989818573,-0.008083298802375793,1.0,1.0
12,eval,304,24479,0.3272513449192047,0.33532848954200745,0.008077144622802734,1.0,1.0
12,eval,305,17482,0.38392534852027893,0.3758496046066284,-0.008075743913650513,1.0,1.0
12,eval,306,12821,0.4363425076007843,0.42826923727989197,-0.008073270320892334,1.0,1.0
12,eval,307,9681,0.4034133851528168,0.3953481614589691,-0.008065223693847656,1.0,1.0
12,eval,308,19315,0.20685778558254242,0.19879645109176636,-0.008061334490776062,1.0,1.0
12,eval,309,25160,0.2743425667285919,0.26628273725509644,-0.008059829473495483,1.0,1.0
12,eval,310,17467,0.31994757056236267,0.3118923604488373,-0.00805521011352539,1.0,1.0
12,eval,311,11632,0.26302021741867065,0.2710736095905304,0.008053392171859741,1.0,1.0
12,eval,312,2748,0.34465572237968445,0.35270607471466064,0.008050352334976196,1.0,1.0
12,eval,313,21880,0.33462223410606384,0.32657331228256226,-0.008048921823501587,1.0,1.0
12,eval,314,20023,0.22672195732593536,0.2186833620071411,-0.00803859531879425,1.0,1.0
12,eval,315,9125,0.6931200623512268,0.701155424118042,0.008035361766815186,1.0,1.0
12,eval,316,11976,0.25684264302253723,0.264877587556839,0.008034944534301758,1.0,1.0
12,eval,317,2112,0.3402097523212433,0.33217653632164,-0.008033215999603271,1.0,1.0
12,eval,318,14163,0.3211793601512909,0.3131549656391144,-0.008024394512176514,1.0,1.0
12,eval,319,82,0.22262658178806305,0.2306414693593979,0.008014887571334839,1.0,1.0
12,eval,320,25184,0.2786586582660675,0.28667086362838745,0.008012205362319946,1.0,1.0
12,eval,321,1285,0.10683869570493698,0.11483919620513916,0.008000500500202179,1.0,1.0
12,eval,322,18794,0.640383243560791,0.6323868036270142,-0.007996439933776855,1.0,1.0
12,eval,323,11300,0.29314208030700684,0.28515368700027466,-0.007988393306732178,1.0,1.0
12,eval,324,13299,0.4926225244998932,0.48464033007621765,-0.007982194423675537,1.0,1.0
12,eval,325,9339,0.36593392491340637,0.35795608162879944,-0.007977843284606934,1.0,1.0
12,eval,326,26271,0.37498486042022705,0.36701348423957825,-0.007971376180648804,1.0,1.0
12,eval,327,114,0.3360113799571991,0.3280412554740906,-0.00797012448310852,1.0,1.0
12,eval,328,21065,0.4282335340976715,0.4202686846256256,-0.007964849472045898,1.0,1.0
12,eval,329,1151,0.28489580750465393,0.2769332528114319,-0.007962554693222046,1.0,1.0
12,eval,330,12593,0.4566906690597534,0.4487295150756836,-0.007961153984069824,1.0,1.0
12,eval,331,5109,0.2746259868144989,0.26666802167892456,-0.00795796513557434,1.0,1.0
12,eval,332,10023,0.21258796751499176,0.20463624596595764,-0.007951721549034119,1.0,1.0
12,eval,333,14961,0.29121312499046326,0.28326234221458435,-0.007950782775878906,1.0,1.0
12,eval,334,24712,0.22569818794727325,0.21775202453136444,-0.007946163415908813,1.0,1.0
12,eval,335,623,0.3868241310119629,0.39476293325424194,0.007938802242279053,1.0,1.0
12,eval,336,19443,0.24410931766033173,0.2520437240600586,0.007934406399726868,1.0,1.0
12,eval,337,1466,0.7481622695922852,0.7402312755584717,-0.007930994033813477,1.0,1.0
12,eval,338,25129,0.2600248157978058,0.2520945072174072,-0.00793030858039856,1.0,1.0
12,eval,339,16695,0.3092023730278015,0.3171297609806061,0.007927387952804565,1.0,1.0
12,eval,340,13982,0.36244162917137146,0.3545266389846802,-0.007914990186691284,1.0,1.0
12,eval,341,24485,0.24010241031646729,0.23219197988510132,-0.007910430431365967,1.0,1.0
12,eval,342,12275,0.28668415546417236,0.2945934534072876,0.007909297943115234,1.0,1.0
12,eval,343,9921,0.2926129400730133,0.30052077770233154,0.007907837629318237,1.0,1.0
12,eval,344,5921,0.04203396663069725,0.03412685915827751,-0.007907107472419739,0.9166666666666666,0.8611111111111112
12,eval,345,18905,0.31108108162879944,0.30317655205726624,-0.007904529571533203,1.0,1.0
12,eval,346,5583,0.1251366287469864,0.13304078578948975,0.007904157042503357,1.0,1.0
12,eval,347,23742,0.21547065675258636,0.2233746349811554,0.00790397822856903,1.0,1.0
12,eval,348,2168,0.6300510764122009,0.6221478581428528,-0.007903218269348145,1.0,1.0
12,eval,349,5015,0.16428561508655548,0.17217983305454254,0.00789421796798706,1.0,1.0
12,eval,350,1384,2.7006499767303467,2.692760944366455,-0.007889032363891602,1.0,1.0
12,eval,351,4856,0.33625078201293945,0.3283662497997284,-0.00788453221321106,1.0,1.0
12,eval,352,16377,0.3401581943035126,0.3322739005088806,-0.007884293794631958,1.0,1.0
12,eval,353,14785,0.33086737990379333,0.3229838013648987,-0.007883578538894653,1.0,1.0
12,eval,354,11019,0.4706708490848541,0.4785543978214264,0.007883548736572266,1.0,1.0
12,eval,355,21963,0.18489272892475128,0.17701047658920288,-0.007882252335548401,1.0,1.0
12,eval,356,15544,1.0054221153259277,0.9975430369377136,-0.007879078388214111,1.0,1.0
12,eval,357,10543,0.43033018708229065,0.4224608242511749,-0.007869362831115723,1.0,1.0
12,eval,358,18590,0.271840363740921,0.26397931575775146,-0.007861047983169556,1.0,1.0
12,eval,359,25314,0.21358434855937958,0.22144269943237305,0.00785835087299347,1.0,1.0
12,eval,360,22358,0.25453341007232666,0.26239049434661865,0.007857084274291992,1.0,1.0
12,eval,361,14510,0.42707720398902893,0.4192265272140503,-0.007850676774978638,1.0,1.0
12,eval,362,7430,0.23450477421283722,0.24235256016254425,0.007847785949707031,1.0,1.0
12,eval,363,24366,0.1978166699409485,0.20566387474536896,0.007847204804420471,1.0,1.0
12,eval,364,25382,0.11475721746683121,0.10691234469413757,-0.007844872772693634,1.0,1.0
12,eval,365,21733,0.5888209939002991,0.5966507196426392,0.007829725742340088,1.0,1.0
12,eval,366,4503,0.3930557072162628,0.40088364481925964,0.007827937602996826,1.0,1.0
12,eval,367,24793,0.6268965601921082,0.6190698146820068,-0.007826745510101318,1.0,1.0
12,eval,368,12522,0.2306906133890152,0.22286398708820343,-0.007826626300811768,1.0,1.0
12,eval,369,20617,0.5200607180595398,0.5122344493865967,-0.007826268672943115,1.0,1.0
12,eval,370,13376,0.4507227838039398,0.45854780077934265,0.007825016975402832,1.0,1.0
12,eval,371,27964,0.4115019738674164,0.4036778509616852,-0.007824122905731201,1.0,1.0
12,eval,372,14528,0.17041413486003876,0.1625903844833374,-0.007823750376701355,1.0,1.0
12,eval,373,6244,0.16991324722766876,0.16208988428115845,-0.007823362946510315,1.0,1.0
12,eval,374,27233,0.6632643342018127,0.6554412245750427,-0.00782310962677002,1.0,1.0
12,eval,375,7115,0.22711443901062012,0.21929240226745605,-0.007822036743164062,1.0,1.0
12,eval,376,16642,0.3576408326625824,0.3498251736164093,-0.007815659046173096,1.0,1.0
12,eval,377,15444,0.3633512556552887,0.3555361330509186,-0.007815122604370117,1.0,1.0
12,eval,378,25801,0.2030651569366455,0.19525210559368134,-0.007813051342964172,1.0,1.0
12,eval,379,1178,0.42277753353118896,0.430584579706192,0.007807046175003052,1.0,1.0
12,eval,380,6225,0.37250328063964844,0.36469799280166626,-0.007805287837982178,1.0,1.0
12,eval,381,24596,0.26055634021759033,0.252752423286438,-0.007803916931152344,1.0,1.0
12,eval,382,21954,1.5786396265029907,1.5708367824554443,-0.007802844047546387,1.0,1.0
12,eval,383,12722,0.21115458011627197,0.2033529281616211,-0.007801651954650879,1.0,1.0
12,eval,384,2432,0.26928460597991943,0.2770789563655853,0.0077943503856658936,1.0,1.0
12,eval,385,12151,0.40314027667045593,0.3953475058078766,-0.007792770862579346,1.0,1.0
12,eval,386,9851,0.2979312241077423,0.3057197332382202,0.007788509130477905,1.0,1.0
12,eval,387,2866,0.40894007682800293,0.40117552876472473,-0.007764548063278198,1.0,1.0
12,eval,388,16793,0.35983312129974365,0.3520733416080475,-0.007759779691696167,1.0,1.0
12,eval,389,1087,0.5298473834991455,0.5220978260040283,-0.0077495574951171875,1.0,1.0
12,eval,390,18394,0.26407504081726074,0.2718234956264496,0.007748454809188843,1.0,1.0
12,eval,391,167,0.3515746593475342,0.343831330537796,-0.007743328809738159,1.0,1.0
12,eval,392,5841,0.40560659766197205,0.41334810853004456,0.00774151086807251,1.0,1.0
12,eval,393,23804,0.29047465324401855,0.28273531794548035,-0.007739335298538208,1.0,1.0
12,eval,394,5048,0.7299918532371521,0.7377310395240784,0.0077391862869262695,1.0,1.0
12,eval,395,8426,0.28798413276672363,0.2802470922470093,-0.0077370405197143555,1.0,1.0
12,eval,396,584,0.39077675342559814,0.3830398619174957,-0.007736891508102417,1.0,1.0
12,eval,397,15949,0.2853280007839203,0.2775925397872925,-0.007735460996627808,1.0,1.0
12,eval,398,5090,0.16801567375659943,0.16028043627738953,-0.0077352374792099,1.0,1.0
12,eval,399,8590,0.23120974004268646,0.23893959820270538,0.007729858160018921,1.0,1.0
12,eval,400,27581,0.2596227526664734,0.25189411640167236,-0.007728636264801025,1.0,1.0
12,eval,401,11676,0.29316291213035583,0.2854374349117279,-0.00772547721862793,1.0,1.0
12,eval,402,26528,0.5610952973365784,0.5533702373504639,-0.007725059986114502,1.0,1.0
12,eval,403,11417,0.25970497727394104,0.2519919276237488,-0.007713049650192261,1.0,1.0
12,eval,404,5422,0.5513482689857483,0.5436376333236694,-0.007710635662078857,1.0,1.0
12,eval,405,10880,0.13955773413181305,0.13184955716133118,-0.0077081769704818726,1.0,1.0
12,eval,406,10495,0.33833274245262146,0.3306324779987335,-0.0077002644538879395,1.0,1.0
12,eval,407,27414,0.23374392092227936,0.24142275750637054,0.0076788365840911865,1.0,1.0
12,eval,408,14759,0.15025943517684937,0.1425890177488327,-0.007670417428016663,1.0,1.0
12,eval,409,2614,0.3973292410373688,0.38966405391693115,-0.007665187120437622,1.0,1.0
12,eval,410,26598,0.4101153314113617,0.4024510681629181,-0.0076642632484436035,1.0,1.0
12,eval,411,10771,0.06625473499298096,0.058596961200237274,-0.007657773792743683,0.9375,0.9305555555555556
12,eval,412,16471,0.1310073584318161,0.123350128531456,-0.007657229900360107,1.0,1.0
12,eval,413,25384,0.2646331787109375,0.2722815275192261,0.007648348808288574,1.0,1.0
12,eval,414,26257,0.23655445873737335,0.22890669107437134,-0.007647767663002014,1.0,1.0
12,eval,415,21406,0.4458099901676178,0.438181072473526,-0.007628917694091797,1.0,1.0
12,eval,416,19886,0.2508649528026581,0.24323678016662598,-0.0076281726360321045,1.0,1.0
12,eval,417,979,0.03599974140524864,0.02837226167321205,-0.007627479732036591,1.0,1.0
12,eval,418,98,0.39849379658699036,0.3908706605434418,-0.007623136043548584,1.0,1.0
12,eval,419,17907,0.18575792014598846,0.17814476788043976,-0.007613152265548706,1.0,1.0
12,eval,420,12413,0.3154800236225128,0.3078705072402954,-0.007609516382217407,1.0,1.0
12,eval,421,9728,0.20585209131240845,0.19824974238872528,-0.0076023489236831665,1.0,1.0
12,eval,422,7961,0.3120110332965851,0.30441024899482727,-0.0076007843017578125,1.0,1.0
12,eval,423,12990,0.5265688300132751,0.5341556072235107,0.007586777210235596,1.0,1.0
12,eval,424,12359,0.19710151851177216,0.18951869010925293,-0.007582828402519226,1.0,1.0
12,eval,425,13838,0.38315901160240173,0.37557974457740784,-0.0075792670249938965,1.0,1.0
12,eval,426,2656,0.2933615744113922,0.2857866883277893,-0.007574886083602905,1.0,1.0
12,eval,427,4021,0.41191384196281433,0.4043411910533905,-0.007572650909423828,1.0,1.0
12,eval,428,16983,0.4902065694332123,0.49777206778526306,0.007565498352050781,1.0,1.0
12,eval,429,24830,0.2582022547721863,0.26576706767082214,0.007564812898635864,1.0,1.0
12,eval,430,28189,0.3091623783111572,0.3015991151332855,-0.007563263177871704,1.0,1.0
12,eval,431,23653,0.21621470153331757,0.22377777099609375,0.007563069462776184,1.0,1.0
12,eval,432,2833,0.38378608226776123,0.3762314021587372,-0.007554680109024048,1.0,1.0
12,eval,433,26215,0.6666948795318604,0.6591429114341736,-0.007551968097686768,1.0,1.0
12,eval,434,11500,0.25160688161849976,0.2591536343097687,0.007546752691268921,1.0,1.0
12,eval,435,9911,0.2760642170906067,0.26851823925971985,-0.007545977830886841,1.0,1.0
12,eval,436,26264,0.40406563878059387,0.41161155700683594,0.007545918226242065,1.0,1.0
12,eval,437,10619,0.238845095038414,0.2463873028755188,0.007542207837104797,1.0,1.0
12,eval,438,14935,0.28691890835762024,0.2944602370262146,0.00754132866859436,1.0,1.0
12,eval,439,3466,0.9984365105628967,1.005973219871521,0.007536709308624268,1.0,1.0
12,eval,440,4926,0.16199897229671478,0.1544630378484726,-0.0075359344482421875,1.0,1.0
12,eval,441,15995,0.14198151230812073,0.1495172083377838,0.007535696029663086,1.0,1.0
12,eval,442,12180,0.26484060287475586,0.2573060989379883,-0.007534503936767578,1.0,1.0
12,eval,443,2955,0.3125148117542267,0.3049915134906769,-0.007523298263549805,1.0,1.0
12,eval,444,24851,0.18344257771968842,0.17592866718769073,-0.007513910531997681,1.0,1.0
12,eval,445,2522,0.21601180732250214,0.20849964022636414,-0.0075121670961380005,1.0,1.0
12,eval,446,2268,0.4226655960083008,0.41515472531318665,-0.007510870695114136,1.0,1.0
12,eval,447,5419,0.32832542061805725,0.320818156003952,-0.007507264614105225,1.0,1.0
12,eval,448,1783,0.5097430944442749,0.5022367835044861,-0.007506310939788818,1.0,1.0
12,eval,449,24690,0.15972401201725006,0.15222103893756866,-0.0075029730796813965,1.0,1.0
12,eval,450,16134,0.5553401112556458,0.5478389263153076,-0.007501184940338135,1.0,1.0
12,eval,451,15150,0.24611274898052216,0.2386157214641571,-0.007497027516365051,1.0,1.0
12,eval,452,27566,0.23677922785282135,0.22928282618522644,-0.00749640166759491,1.0,1.0
12,eval,453,18199,0.24766363203525543,0.24017055332660675,-0.007493078708648682,1.0,1.0
12,eval,454,541,0.24880069494247437,0.24131101369857788,-0.007489681243896484,1.0,1.0
12,eval,455,8963,0.346597284078598,0.3391161262989044,-0.0074811577796936035,1.0,1.0
12,eval,456,19667,0.4475252628326416,0.4400441348552704,-0.007481127977371216,1.0,1.0
12,eval,457,17675,0.3089624345302582,0.31644007563591003,0.0074776411056518555,1.0,1.0
12,eval,458,5224,0.4149782657623291,0.40750062465667725,-0.0074776411056518555,1.0,1.0
12,eval,459,5562,0.26515936851501465,0.2576858401298523,-0.0074735283851623535,1.0,1.0
12,eval,460,16880,0.4975135326385498,0.4900420606136322,-0.0074714720249176025,1.0,1.0
12,eval,461,27860,0.14464852213859558,0.13718277215957642,-0.007465749979019165,1.0,1.0
12,eval,462,13086,0.2849796414375305,0.2775225043296814,-0.007457137107849121,1.0,1.0
12,eval,463,788,0.4356284439563751,0.42818117141723633,-0.007447272539138794,1.0,1.0
12,eval,464,8557,0.2175208479166031,0.21007616817951202,-0.0074446797370910645,1.0,1.0
12,eval,465,20338,0.10096696764230728,0.10840936750173569,0.007442399859428406,1.0,1.0
12,eval,466,3696,0.32500022649765015,0.3175680637359619,-0.007432162761688232,1.0,1.0
12,eval,467,1440,0.1656077653169632,0.15817749500274658,-0.007430270314216614,1.0,1.0
12,eval,468,19340,0.5755739808082581,0.5681450963020325,-0.007428884506225586,1.0,1.0
12,eval,469,1021,0.4695643186569214,0.46213605999946594,-0.007428258657455444,1.0,1.0
12,eval,470,25695,0.20691537857055664,0.19948822259902954,-0.0074271559715271,1.0,1.0
12,eval,471,13630,0.4646255075931549,0.45719847083091736,-0.007427036762237549,1.0,1.0
12,eval,472,28227,0.47410523891448975,0.46667909622192383,-0.007426142692565918,1.0,1.0
12,eval,473,15184,0.33248284459114075,0.33990395069122314,0.0074211061000823975,1.0,1.0
12,eval,474,19325,0.20733754336833954,0.21475297212600708,0.0074154287576675415,1.0,1.0
12,eval,475,26874,0.3052586615085602,0.2978484332561493,-0.007410228252410889,1.0,1.0
12,eval,476,15926,0.19496570527553558,0.18756355345249176,-0.007402151823043823,1.0,1.0
12,eval,477,10731,0.30079248547554016,0.2933911383152008,-0.0074013471603393555,1.0,1.0
12,eval,478,14653,0.12969070672988892,0.13709095120429993,0.007400244474411011,1.0,1.0
12,eval,479,5909,0.24014174938201904,0.23274286091327667,-0.007398888468742371,1.0,1.0
12,eval,480,566,0.3941800892353058,0.4015786051750183,0.007398515939712524,1.0,1.0
12,eval,481,4183,0.21824347972869873,0.21085235476493835,-0.007391124963760376,1.0,1.0
12,eval,482,4175,0.2294890433549881,0.23687516152858734,0.007386118173599243,1.0,1.0
12,eval,483,1206,0.43278613686561584,0.4254019260406494,-0.007384210824966431,1.0,1.0
12,eval,484,6969,0.28508278727531433,0.277701735496521,-0.007381051778793335,1.0,1.0
12,eval,485,17761,0.31860050559043884,0.31121963262557983,-0.007380872964859009,1.0,1.0
12,eval,486,3795,0.38648083806037903,0.3791022300720215,-0.007378607988357544,1.0,1.0
12,eval,487,28335,0.3329140245914459,0.3255378305912018,-0.007376194000244141,1.0,1.0
12,eval,488,15441,0.3537006378173828,0.34632575511932373,-0.007374882698059082,1.0,1.0
12,eval,489,9074,0.27932867407798767,0.271956205368042,-0.007372468709945679,1.0,1.0
12,eval,490,20915,0.3703821897506714,0.3630136251449585,-0.007368564605712891,1.0,1.0
12,eval,491,9498,0.23830866813659668,0.23094484210014343,-0.007363826036453247,1.0,1.0
12,eval,492,2341,0.34314247965812683,0.3505033254623413,0.0073608458042144775,1.0,1.0
12,eval,493,19316,0.4611643850803375,0.4538038969039917,-0.007360488176345825,1.0,1.0
12,eval,494,16424,0.27708619832992554,0.28444531559944153,0.007359117269515991,1.0,1.0
12,eval,495,10026,0.20582860708236694,0.21318697929382324,0.007358372211456299,1.0,1.0
12,eval,496,3683,0.28482306003570557,0.2774662375450134,-0.007356822490692139,1.0,1.0
12,eval,497,14107,1.2112056016921997,1.203855037689209,-0.007350564002990723,1.0,1.0
12,eval,498,5996,0.44672611355781555,0.4393766522407532,-0.007349461317062378,1.0,1.0
12,eval,499,23171,0.18051262199878693,0.18786074221134186,0.007348120212554932,1.0,1.0
12,eval,500,25553,0.26798853278160095,0.27533549070358276,0.0073469579219818115,1.0,1.0
18,train,1,17122,1.1805990934371948,1.2325056791305542,0.051906585693359375,1.0,1.0
18,train,2,13794,1.0310440063476562,1.0824711322784424,0.05142712593078613,1.0,1.0
18,train,3,1057,1.2881245613098145,1.2381958961486816,-0.04992866516113281,1.0,1.0
18,train,4,16974,0.48240265250205994,0.4369615912437439,-0.04544106125831604,1.0,1.0
18,train,5,4963,1.0192325115203857,0.9800567626953125,-0.03917574882507324,1.0,1.0
18,train,6,2300,1.2533682584762573,1.2153079509735107,-0.03806030750274658,1.0,1.0
18,train,7,5888,0.4388259947299957,0.4029538631439209,-0.03587213158607483,1.0,1.0
18,train,8,16271,0.7354755401611328,0.7701777815818787,0.03470224142074585,1.0,1.0
18,train,9,23433,0.7818277478218079,0.7474747896194458,-0.03435295820236206,1.0,1.0
18,train,10,5661,1.2945374250411987,1.2603353261947632,-0.03420209884643555,1.0,1.0
18,train,11,8687,0.7255855202674866,0.7597324252128601,0.034146904945373535,1.0,1.0
18,train,12,19282,0.6871063113212585,0.653048038482666,-0.03405827283859253,1.0,1.0
18,train,13,10040,0.5024251341819763,0.4687801003456116,-0.033645033836364746,1.0,1.0
18,train,14,13450,0.39906367659568787,0.43251052498817444,0.03344684839248657,1.0,1.0
18,train,15,8456,1.2046397924423218,1.2372380495071411,0.032598257064819336,1.0,1.0
18,train,16,6779,0.8382557034492493,0.870507001876831,0.03225129842758179,1.0,1.0
18,train,17,28195,0.6610117554664612,0.6287949085235596,-0.03221684694290161,1.0,1.0
18,train,18,25638,0.8823254108428955,0.9145317077636719,0.03220629692077637,1.0,1.0
18,train,19,21912,1.1042841672897339,1.0721118450164795,-0.032172322273254395,1.0,1.0
18,train,20,8142,0.5016143918037415,0.46963179111480713,-0.031982600688934326,1.0,1.0
18,train,21,3536,0.6287122368812561,0.6605920195579529,0.03187978267669678,1.0,1.0
18,train,22,1876,0.7601029276847839,0.791981041431427,0.031878113746643066,1.0,1.0
18,train,23,17608,0.860396683216095,0.8286049962043762,-0.03179168701171875,1.0,1.0
18,train,24,9787,0.506013035774231,0.5377311706542969,0.03171813488006592,1.0,1.0
18,train,25,15996,0.5226443409919739,0.4912957549095154,-0.031348586082458496,1.0,1.0
18,train,26,3651,0.2755196690559387,0.24417240917682648,-0.031347259879112244,1.0,1.0
18,train,27,27316,0.531351625919342,0.5000776052474976,-0.03127402067184448,1.0,1.0
18,train,28,6312,0.5190025568008423,0.4877396821975708,-0.031262874603271484,1.0,1.0
18,train,29,18715,0.8163933753967285,0.7851894497871399,-0.031203925609588623,1.0,1.0
18,train,30,25518,0.3952241837978363,0.4263511598110199,0.031126976013183594,1.0,1.0
18,train,31,26653,0.8118776679039001,0.7808930277824402,-0.03098464012145996,1.0,1.0
18,train,32,24090,1.0620180368423462,1.0929995775222778,0.03098154067993164,1.0,1.0
18,train,33,5614,0.648764967918396,0.6179263591766357,-0.030838608741760254,1.0,1.0
18,train,34,22825,0.7194793224334717,0.7502942681312561,0.030814945697784424,1.0,1.0
18,train,35,3878,0.7488434910774231,0.7181276679039001,-0.03071582317352295,1.0,1.0
18,train,36,19019,1.1055141687393188,1.1361125707626343,0.03059840202331543,1.0,1.0
18,train,37,26440,1.9485753774642944,1.9180779457092285,-0.030497431755065918,1.0,1.0
18,train,38,13963,0.40686872601509094,0.37643295526504517,-0.030435770750045776,1.0,1.0
18,train,39,18608,0.8497738242149353,0.819512128829956,-0.030261695384979248,1.0,1.0
18,train,40,27815,0.7009443640708923,0.7310803532600403,0.03013598918914795,1.0,1.0
18,train,41,28146,0.5003790259361267,0.47024768590927124,-0.03013134002685547,1.0,1.0
18,train,42,10166,0.8724815249443054,0.8423646688461304,-0.03011685609817505,1.0,1.0
18,train,43,6941,0.5389477610588074,0.5686153769493103,0.02966761589050293,1.0,1.0
18,train,44,11388,1.1507147550582886,1.1210521459579468,-0.029662609100341797,1.0,1.0
18,train,45,19824,0.7005500197410583,0.6709070801734924,-0.029642939567565918,1.0,1.0
18,train,46,8329,0.7975658774375916,0.7680044174194336,-0.02956146001815796,1.0,1.0
18,train,47,1915,1.7906259298324585,1.7611536979675293,-0.0294722318649292,1.0,1.0
18,train,48,11303,0.6329871416091919,0.6036351919174194,-0.02935194969177246,1.0,1.0
18,train,49,2499,1.1750314235687256,1.2043678760528564,0.02933645248413086,1.0,1.0
18,train,50,2289,0.84136563539505,0.8706918358802795,0.029326200485229492,1.0,1.0
18,train,51,26090,0.7533873915672302,0.724070131778717,-0.029317259788513184,1.0,1.0
18,train,52,15288,0.5886975526809692,0.6179208755493164,0.029223322868347168,1.0,1.0
18,train,53,2919,0.7302072048187256,0.7010429501533508,-0.029164254665374756,1.0,1.0
18,train,54,21730,0.41810062527656555,0.38896968960762024,-0.029130935668945312,1.0,1.0
18,train,55,25692,0.9023012518882751,0.8732966780662537,-0.029004573822021484,1.0,1.0
18,train,56,11385,2.0571095943450928,2.086083173751831,0.02897357940673828,1.0,1.0
18,train,57,1269,0.5578675866127014,0.5868238806724548,0.028956294059753418,1.0,1.0
18,train,58,22844,0.45695650577545166,0.42826026678085327,-0.02869623899459839,1.0,1.0
18,train,59,28019,0.7101549506187439,0.6815140247344971,-0.028640925884246826,1.0,1.0
18,train,60,3989,1.2772706747055054,1.2486894130706787,-0.02858126163482666,1.0,1.0
18,train,61,383,0.9607627987861633,0.9323573708534241,-0.028405427932739258,1.0,1.0
18,train,62,16221,0.6458494067192078,0.6742427945137024,0.02839338779449463,1.0,1.0
18,train,63,20906,0.4758811295032501,0.44757768511772156,-0.028303444385528564,1.0,1.0
18,train,64,537,0.9794593453407288,1.0076755285263062,0.028216183185577393,1.0,1.0
18,train,65,12285,0.632197916507721,0.6041316390037537,-0.028066277503967285,1.0,1.0
18,train,66,17620,1.1960550546646118,1.168012261390686,-0.02804279327392578,1.0,1.0
18,train,67,170,0.34823358058929443,0.3202139437198639,-0.028019636869430542,1.0,1.0
18,train,68,24227,0.5309900641441345,0.5031717419624329,-0.02781832218170166,1.0,1.0
18,train,69,3006,0.49931490421295166,0.5271324515342712,0.02781754732131958,1.0,1.0
18,train,70,2428,0.8265788555145264,0.7988284826278687,-0.027750372886657715,1.0,1.0
18,train,71,23506,0.24168984591960907,0.21404018998146057,-0.0276496559381485,1.0,1.0
18,train,72,16232,0.40695396065711975,0.43435242772102356,0.02739846706390381,1.0,1.0
18,train,73,8050,0.356909841299057,0.38424816727638245,0.02733832597732544,1.0,1.0
18,train,74,7903,0.5713794231414795,0.544043779373169,-0.027335643768310547,1.0,1.0
18,train,75,25639,0.5021845698356628,0.47486379742622375,-0.027320772409439087,1.0,1.0
18,train,76,8305,0.5894583463668823,0.5621601939201355,-0.027298152446746826,1.0,1.0
18,train,77,3257,1.3591185808181763,1.331919550895691,-0.02719902992248535,1.0,1.0
18,train,78,26142,0.8236638903617859,0.7964856624603271,-0.02717822790145874,1.0,1.0
18,train,79,21616,0.704908549785614,0.6778709292411804,-0.027037620544433594,1.0,1.0
18,train,80,6054,0.4629574716091156,0.4899508059024811,0.02699333429336548,1.0,1.0
18,train,81,234,0.6610386967658997,0.6879906058311462,0.026951909065246582,1.0,1.0
18,train,82,16272,1.9332695007324219,1.9063589572906494,-0.02691054344177246,1.0,1.0
18,train,83,2589,0.6134832501411438,0.6403766870498657,0.026893436908721924,1.0,1.0
18,train,84,19243,1.1640266180038452,1.1371854543685913,-0.026841163635253906,1.0,1.0
18,train,85,27199,2.010880947113037,1.9841872453689575,-0.02669370174407959,1.0,1.0
18,train,86,12284,0.7439289093017578,0.7172459959983826,-0.026682913303375244,1.0,1.0
18,train,87,6152,0.4364391565322876,0.46308448910713196,0.02664533257484436,1.0,1.0
18,train,88,11714,0.34977972507476807,0.32323718070983887,-0.0265425443649292,1.0,1.0
18,train,89,10179,0.640180766582489,0.6666919589042664,0.026511192321777344,1.0,1.0
18,train,90,17185,0.511693000793457,0.48521095514297485,-0.026482045650482178,1.0,1.0
18,train,91,14986,1.4538747072219849,1.4273982048034668,-0.026476502418518066,1.0,1.0
18,train,92,20063,0.9907254576683044,1.0171953439712524,0.026469886302947998,1.0,1.0
18,train,93,27737,1.5651313066482544,1.5387336015701294,-0.026397705078125,1.0,1.0
18,train,94,7675,0.5937526226043701,0.5674223899841309,-0.026330232620239258,1.0,1.0
18,train,95,18279,0.5361214876174927,0.5623888373374939,0.02626734972000122,1.0,1.0
18,train,96,26094,0.20822305977344513,0.18196052312850952,-0.026262536644935608,1.0,1.0
18,train,97,10756,0.4879859387874603,0.5142074227333069,0.026221483945846558,1.0,1.0
18,train,98,15511,0.5604729056358337,0.5343301892280579,-0.02614271640777588,1.0,1.0
18,train,99,10485,0.42058226466178894,0.3944629430770874,-0.026119321584701538,1.0,1.0
18,train,100,25967,0.6692545413970947,0.6953661441802979,0.026111602783203125,1.0,1.0
18,train,101,11876,1.2503734827041626,1.2764579057693481,0.026084423065185547,1.0,1.0
18,train,102,10011,0.5932779908180237,0.567216694355011,-0.026061296463012695,1.0,1.0
18,train,103,12622,0.36140501499176025,0.3353727459907532,-0.02603226900100708,1.0,1.0
18,train,104,9313,0.5627664923667908,0.5368126034736633,-0.02595388889312744,1.0,1.0
18,train,105,28482,0.33277708292007446,0.3068426251411438,-0.025934457778930664,1.0,1.0
18,train,106,1223,0.9413288235664368,0.9672391414642334,0.02591031789779663,1.0,1.0
18,train,107,6572,0.619359016418457,0.5934801697731018,-0.025878846645355225,1.0,1.0
18,train,108,8599,0.38621318340301514,0.36033934354782104,-0.025873839855194092,1.0,1.0
18,train,109,9966,0.699835479259491,0.6739646792411804,-0.025870800018310547,1.0,1.0
18,train,110,18682,0.384694367647171,0.35886988043785095,-0.02582448720932007,1.0,1.0
18,train,111,26689,2.9992682933807373,3.0250308513641357,0.025762557983398438,1.0,1.0
18,train,112,17790,0.5805323123931885,0.6062920093536377,0.02575969696044922,1.0,1.0
18,train,113,27858,0.5001371502876282,0.5258863568305969,0.02574920654296875,1.0,1.0
18,train,114,5826,0.6997379660606384,0.7254213094711304,0.025683343410491943,1.0,1.0
18,train,115,18461,0.8679611682891846,0.8936431407928467,0.02568197250366211,1.0,1.0
18,train,116,17911,0.7264748215675354,0.7521283030509949,0.025653481483459473,1.0,1.0
18,train,117,9156,0.5891287922859192,0.6147491931915283,0.02562040090560913,1.0,1.0
18,train,118,27667,0.37782445549964905,0.3522150218486786,-0.02560943365097046,1.0,1.0
18,train,119,3425,0.7818968296051025,0.8074926137924194,0.025595784187316895,1.0,1.0
18,train,120,18394,0.8050206303596497,0.8306077122688293,0.025587081909179688,1.0,1.0
18,train,121,9642,1.227648377418518,1.202093243598938,-0.025555133819580078,1.0,1.0
18,train,122,7534,0.6086692214012146,0.6342239379882812,0.02555471658706665,1.0,1.0
18,train,123,18968,1.0261601209640503,1.0006459951400757,-0.02551412582397461,1.0,1.0
18,train,124,27698,0.8390683531761169,0.8135941028594971,-0.025474250316619873,1.0,1.0
18,train,125,11771,0.4413128197193146,0.4667658805847168,0.02545306086540222,1.0,1.0
18,train,126,18605,0.47365596890449524,0.44820302724838257,-0.02545294165611267,1.0,1.0
18,train,127,24613,0.4396296441555023,0.4141885042190552,-0.025441139936447144,1.0,1.0
18,train,128,16122,0.5467094779014587,0.5213189125061035,-0.025390565395355225,1.0,1.0
18,train,129,19664,0.5166356563568115,0.491249144077301,-0.025386512279510498,1.0,1.0
18,train,130,28618,0.4612041413784027,0.43582722544670105,-0.02537691593170166,1.0,1.0
18,train,131,26720,0.3842822313308716,0.3589308261871338,-0.025351405143737793,1.0,1.0
18,train,132,5283,0.6529137492179871,0.6782293915748596,0.02531564235687256,1.0,1.0
18,train,133,19733,0.8339745998382568,0.8592797517776489,0.02530515193939209,1.0,1.0
18,train,134,324,0.2985466718673706,0.2732425034046173,-0.025304168462753296,1.0,1.0
18,train,135,9641,0.6515876650810242,0.6262843608856201,-0.025303304195404053,1.0,1.0
18,train,136,16407,0.6669127345085144,0.6416239738464355,-0.025288760662078857,1.0,1.0
18,train,137,634,0.490618497133255,0.4653639793395996,-0.025254517793655396,1.0,1.0
18,train,138,24728,0.4308401048183441,0.4056040346622467,-0.025236070156097412,1.0,1.0
18,train,139,10343,0.4678339660167694,0.4426072835922241,-0.025226682424545288,1.0,1.0
18,train,140,5824,1.3357774019241333,1.3105721473693848,-0.025205254554748535,1.0,1.0
18,train,141,7270,0.8447787761688232,0.8698766231536865,0.02509784698486328,1.0,1.0
18,train,142,12735,1.1535853147506714,1.1786140203475952,0.025028705596923828,1.0,1.0
18,train,143,11430,0.619956374168396,0.6449803113937378,0.025023937225341797,1.0,1.0
18,train,144,6039,0.9672424793243408,0.992263913154602,0.02502143383026123,1.0,1.0
18,train,145,16774,0.9882758259773254,0.9632752537727356,-0.025000572204589844,1.0,1.0
18,train,146,13441,1.1288912296295166,1.1538705825805664,0.024979352951049805,1.0,1.0
18,train,147,20391,1.0976579189300537,1.1226140260696411,0.024956107139587402,1.0,1.0
18,train,148,12069,0.5153606534004211,0.49041759967803955,-0.024943053722381592,1.0,1.0
18,train,149,12567,0.694709062576294,0.7196431159973145,0.024934053421020508,1.0,1.0
18,train,150,26728,0.4961990416049957,0.4713519513607025,-0.024847090244293213,1.0,1.0
18,train,151,8941,0.7604806423187256,0.7852621078491211,0.024781465530395508,1.0,1.0
18,train,152,3207,1.0748316049575806,1.0996112823486328,0.024779677391052246,1.0,1.0
18,train,153,23186,0.699431836605072,0.724189281463623,0.024757444858551025,1.0,1.0
18,train,154,2886,0.9917022585868835,0.9670021533966064,-0.0247001051902771,1.0,1.0
18,train,155,19318,0.6969110369682312,0.7216096520423889,0.024698615074157715,1.0,1.0
18,train,156,14284,0.5801883339881897,0.6048429012298584,0.0246545672416687,1.0,1.0
18,train,157,17138,0.7363250851631165,0.7117157578468323,-0.02460932731628418,1.0,1.0
18,train,158,22072,0.7473570704460144,0.722747802734375,-0.024609267711639404,1.0,1.0
18,train,159,730,0.412490576505661,0.3878985643386841,-0.02459201216697693,1.0,1.0
18,train,160,2958,0.8405387997627258,0.8159962296485901,-0.024542570114135742,1.0,1.0
18,train,161,18959,0.8309946656227112,0.8555359244346619,0.024541258811950684,1.0,1.0
18,train,162,9795,0.6366768479347229,0.6612074375152588,0.02453058958053589,1.0,1.0
18,train,163,11653,0.5597295165061951,0.5842500925064087,0.024520576000213623,1.0,1.0
18,train,164,17913,1.1911044120788574,1.2156033515930176,0.024498939514160156,1.0,1.0
18,train,165,12973,0.11769229173660278,0.09320657700300217,-0.024485714733600616,1.0,1.0
18,train,166,20807,0.4906971752643585,0.46623528003692627,-0.02446189522743225,1.0,1.0
18,train,167,23965,0.3579637110233307,0.33350670337677,-0.02445700764656067,1.0,1.0
18,train,168,14902,0.45644643902778625,0.48089197278022766,0.024445533752441406,1.0,1.0
18,train,169,988,0.2607857286930084,0.28522977232933044,0.02444404363632202,1.0,1.0
18,train,170,17530,0.7073392868041992,0.7317830920219421,0.02444380521774292,1.0,1.0
18,train,171,19351,0.8824841976165771,0.9069253206253052,0.024441123008728027,1.0,1.0
18,train,172,5499,0.2848181426525116,0.2604027986526489,-0.02441534399986267,1.0,1.0
18,train,173,13633,0.5290318131446838,0.5534397959709167,0.02440798282623291,1.0,1.0
18,train,174,8565,0.732994794845581,0.7573845386505127,0.02438974380493164,1.0,1.0
18,train,175,2587,0.7750975489616394,0.799483060836792,0.024385511875152588,1.0,1.0
18,train,176,8303,1.2955299615859985,1.319907546043396,0.02437758445739746,1.0,1.0
18,train,177,6342,0.47886165976524353,0.4544854760169983,-0.02437618374824524,1.0,1.0
18,train,178,16747,1.1383957862854004,1.1627037525177002,0.024307966232299805,1.0,1.0
18,train,179,10073,0.47641220688819885,0.5007200241088867,0.024307817220687866,1.0,1.0
18,train,180,24957,0.5088168382644653,0.48450911045074463,-0.024307727813720703,1.0,1.0
18,train,181,25422,0.40725603699684143,0.3830374777317047,-0.02421855926513672,1.0,1.0
18,train,182,27204,0.2905470132827759,0.26636236906051636,-0.02418464422225952,1.0,1.0
18,train,183,23698,0.22331885993480682,0.19917161762714386,-0.024147242307662964,1.0,1.0
18,train,184,21664,0.6566022038459778,0.6807363033294678,0.02413409948348999,1.0,1.0
18,train,185,15281,0.7408626675605774,0.7167462706565857,-0.0241163969039917,1.0,1.0
18,train,186,5426,0.3767893612384796,0.3526858985424042,-0.02410346269607544,1.0,1.0
18,train,187,23403,0.6403616666793823,0.6162973642349243,-0.024064302444458008,1.0,1.0
18,train,188,1776,0.7691025733947754,0.7450788021087646,-0.024023771286010742,1.0,1.0
18,train,189,8867,0.32722440361976624,0.30323657393455505,-0.02398782968521118,1.0,1.0
18,train,190,10345,0.487492173910141,0.46355098485946655,-0.02394118905067444,1.0,1.0
18,train,191,76,0.6478843688964844,0.6717780828475952,0.02389371395111084,1.0,1.0
18,train,192,27710,0.5161259770393372,0.4922482669353485,-0.023877710103988647,1.0,1.0
18,train,193,7410,0.47914978861808777,0.455276221036911,-0.023873567581176758,1.0,1.0
18,train,194,6666,0.4979185163974762,0.47406646609306335,-0.023852050304412842,1.0,1.0
18,train,195,5281,0.29501578211784363,0.27119743824005127,-0.02381834387779236,1.0,1.0
18,train,196,18971,0.3498896062374115,0.3260742723941803,-0.0238153338432312,1.0,1.0
18,train,197,13318,1.1940522193908691,1.2178444862365723,0.023792266845703125,1.0,1.0
18,train,198,21460,0.6717923283576965,0.6955549120903015,0.02376258373260498,1.0,1.0
18,train,199,6453,0.6291081309318542,0.6053515672683716,-0.023756563663482666,1.0,1.0
18,train,200,12583,0.49231716990470886,0.46857166290283203,-0.02374550700187683,1.0,1.0
18,train,201,837,0.4455432593822479,0.46928277611732483,0.023739516735076904,1.0,1.0
18,train,202,19443,0.34879234433174133,0.32505476474761963,-0.023737579584121704,1.0,1.0
18,train,203,24755,0.41125378012657166,0.3875488042831421,-0.023704975843429565,1.0,1.0
18,train,204,21999,0.5936814546585083,0.6173843741416931,0.023702919483184814,1.0,1.0
18,train,205,14124,0.606332004070282,0.5826375484466553,-0.02369445562362671,1.0,1.0
18,train,206,27361,0.6002389192581177,0.5765630006790161,-0.023675918579101562,1.0,1.0
18,train,207,17873,0.4591793715953827,0.4828515648841858,0.0236721932888031,1.0,1.0
18,train,208,24006,0.4866853952407837,0.5103318095207214,0.023646414279937744,1.0,1.0
18,train,209,1317,0.654844343662262,0.6784473657608032,0.02360302209854126,1.0,1.0
18,train,210,669,0.9453421235084534,0.9689352512359619,0.023593127727508545,1.0,1.0
18,train,211,11524,0.5682128667831421,0.544637143611908,-0.02357572317123413,1.0,1.0
18,train,212,13474,0.7364925742149353,0.7600501775741577,0.023557603359222412,1.0,1.0
18,train,213,12834,0.8762015700340271,0.8526484370231628,-0.023553133010864258,1.0,1.0
18,train,214,13413,0.7003726363182068,0.6768502593040466,-0.023522377014160156,1.0,1.0
18,train,215,11706,0.7395628094673157,0.7160441875457764,-0.023518621921539307,1.0,1.0
18,train,216,25998,0.6661131381988525,0.6425961256027222,-0.02351701259613037,1.0,1.0
18,train,217,21304,0.6727020740509033,0.6491914391517639,-0.023510634899139404,1.0,1.0
18,train,218,15462,0.5792049765586853,0.6026971340179443,0.023492157459259033,1.0,1.0
18,train,219,22164,0.4043984115123749,0.3809145987033844,-0.02348381280899048,1.0,1.0
18,train,220,21527,0.7253825068473816,0.7488224506378174,0.02343994379043579,1.0,1.0
18,train,221,23016,0.7152336239814758,0.6918209195137024,-0.023412704467773438,1.0,1.0
18,train,222,13152,0.6159793734550476,0.5925769209861755,-0.02340245246887207,1.0,1.0
18,train,223,22623,0.7503914833068848,0.7270041704177856,-0.02338731288909912,1.0,1.0
18,train,224,27812,0.5027318596839905,0.5261151790618896,0.02338331937789917,1.0,1.0
18,train,225,10413,0.5183334350585938,0.4949509799480438,-0.023382455110549927,1.0,1.0
18,train,226,15752,0.3531123399734497,0.32973119616508484,-0.023381143808364868,1.0,1.0
18,train,227,17645,0.5164768099784851,0.4931018054485321,-0.023375004529953003,1.0,1.0
18,train,228,19999,0.6799008250236511,0.7032676935195923,0.023366868495941162,1.0,1.0
18,train,229,27463,0.6369505524635315,0.6602885127067566,0.023337960243225098,1.0,1.0
18,train,230,4503,0.9150672554969788,0.93840092420578,0.02333366870880127,1.0,1.0
18,train,231,23676,0.7523045539855957,0.7289726734161377,-0.023331880569458008,1.0,1.0
18,train,232,516,0.863154411315918,0.8398263454437256,-0.023328065872192383,1.0,1.0
18,train,233,9766,0.8075500130653381,0.7842559814453125,-0.023294031620025635,1.0,1.0
18,train,234,19870,0.4795091152191162,0.5027846097946167,0.02327549457550049,1.0,1.0
18,train,235,10471,0.7340536713600159,0.7107996344566345,-0.023254036903381348,1.0,1.0
18,train,236,23122,0.5188625454902649,0.49561309814453125,-0.023249447345733643,1.0,1.0
18,train,237,25369,0.6100673675537109,0.5868241786956787,-0.023243188858032227,1.0,1.0
18,train,238,27124,0.5054155588150024,0.4821842610836029,-0.023231297731399536,1.0,1.0
18,train,239,10953,0.6846674084663391,0.7078983187675476,0.023230910301208496,1.0,1.0
18,train,240,6455,0.7112465500831604,0.7344582676887512,0.02321171760559082,1.0,1.0
18,train,241,6303,0.8156207203865051,0.7924532890319824,-0.023167431354522705,1.0,1.0
18,train,242,25428,0.466402530670166,0.4432409703731537,-0.02316156029701233,1.0,1.0
18,train,243,2176,0.5847483277320862,0.561590313911438,-0.023158013820648193,1.0,1.0
18,train,244,16002,0.45346900820732117,0.4303194284439087,-0.023149579763412476,1.0,1.0
18,train,245,14487,0.8327021598815918,0.8095659017562866,-0.023136258125305176,1.0,1.0
18,train,246,2670,2.638827323913574,2.6619434356689453,0.023116111755371094,1.0,1.0
18,train,247,4866,0.8015022873878479,0.8245974183082581,0.023095130920410156,1.0,1.0
18,train,248,22977,0.4596891701221466,0.4366075396537781,-0.02308163046836853,1.0,1.0
18,train,249,4804,0.6020904183387756,0.5790165662765503,-0.023073852062225342,1.0,1.0
18,train,250,23096,0.5657588839530945,0.5887562036514282,0.02299731969833374,1.0,1.0
18,train,251,3700,0.8646730780601501,0.8417003750801086,-0.022972702980041504,1.0,1.0
18,train,252,27844,0.7463601231575012,0.769318163394928,0.022958040237426758,1.0,1.0
18,train,253,17589,0.42552340030670166,0.40257176756858826,-0.022951632738113403,1.0,1.0
18,train,254,5589,0.4980059564113617,0.5209372043609619,0.02293124794960022,1.0,1.0
18,train,255,12101,0.5633448958396912,0.58626389503479,0.022918999195098877,1.0,1.0
18,train,256,13838,0.482124924659729,0.4592091143131256,-0.022915810346603394,1.0,1.0
18,train,257,6264,1.853814721107483,1.8308995962142944,-0.022915124893188477,1.0,1.0
18,train,258,14637,0.683911144733429,0.661006510257721,-0.022904634475708008,1.0,1.0
18,train,259,20502,0.6138712763786316,0.5909686088562012,-0.02290266752243042,1.0,1.0
18,train,260,3717,0.44175493717193604,0.4188654124736786,-0.022889524698257446,1.0,1.0
18,train,261,22077,0.44397714734077454,0.4210912585258484,-0.022885888814926147,1.0,1.0
18,train,262,19203,0.8777874112129211,0.9006533026695251,0.022865891456604004,1.0,1.0
18,train,263,3017,0.696784496307373,0.7196300029754639,0.02284550666809082,1.0,1.0
18,train,264,17931,0.6144112348556519,0.5915871262550354,-0.022824108600616455,1.0,1.0
18,train,265,23293,0.48558536171913147,0.5083823800086975,0.02279701828956604,1.0,1.0
18,train,266,23179,0.703889787197113,0.6811080574989319,-0.022781729698181152,1.0,1.0
18,train,267,12796,0.27329763770103455,0.25052410364151,-0.022773534059524536,1.0,1.0
18,train,268,15919,0.8366140723228455,0.813845157623291,-0.022768914699554443,1.0,1.0
18,train,269,2109,0.4914185702800751,0.4686945676803589,-0.022724002599716187,1.0,1.0
18,train,270,25402,0.9350247979164124,0.957748293876648,0.022723495960235596,1.0,1.0
18,train,271,3991,0.37065792083740234,0.34794771671295166,-0.022710204124450684,1.0,1.0
18,train,272,13551,0.541656494140625,0.5189605951309204,-0.02269589900970459,1.0,1.0
18,train,273,7037,2.3367598056793213,2.3140687942504883,-0.022691011428833008,1.0,1.0
18,train,274,16985,0.37398162484169006,0.3512935936450958,-0.02268803119659424,1.0,1.0
18,train,275,24899,0.5856956839561462,0.6083822846412659,0.02268660068511963,1.0,1.0
18,train,276,15846,0.5554951429367065,0.5328122973442078,-0.02268284559249878,1.0,1.0
18,train,277,7656,0.34218084812164307,0.3648602366447449,0.022679388523101807,1.0,1.0
18,train,278,4869,0.6375485062599182,0.6148812770843506,-0.022667229175567627,1.0,1.0
18,train,279,17281,0.4474307596683502,0.42477625608444214,-0.02265450358390808,1.0,1.0
18,train,280,21175,0.4547680914402008,0.43212124705314636,-0.022646844387054443,1.0,1.0
18,train,281,15962,0.5345225930213928,0.5118772983551025,-0.022645294666290283,1.0,1.0
18,train,282,14718,1.047896146774292,1.0252519845962524,-0.02264416217803955,1.0,1.0
18,train,283,8020,0.5722445845603943,0.5496022701263428,-0.022642314434051514,1.0,1.0
18,train,284,7442,0.42617562413215637,0.40356501936912537,-0.022610604763031006,1.0,1.0
18,train,285,13616,0.4575718343257904,0.434966117143631,-0.022605717182159424,1.0,1.0
18,train,286,6506,0.5201770663261414,0.5427811145782471,0.022604048252105713,1.0,1.0
18,train,287,17094,0.6204628348350525,0.6430604457855225,0.02259761095046997,1.0,1.0
18,train,288,4365,0.7818496823310852,0.7592687606811523,-0.02258092164993286,1.0,1.0
18,train,289,11933,0.7777422070503235,0.8003032207489014,0.02256101369857788,1.0,1.0
18,train,290,20720,0.5829349756240845,0.5603914260864258,-0.02254354953765869,1.0,1.0
18,train,291,15589,0.48043346405029297,0.457893967628479,-0.022539496421813965,1.0,1.0
18,train,292,15191,0.7176163792610168,0.7401310205459595,0.022514641284942627,1.0,1.0
18,train,293,28616,0.9951900839805603,1.0176950693130493,0.022504985332489014,1.0,1.0
18,train,294,9688,0.43744930624961853,0.41495344042778015,-0.02249586582183838,1.0,1.0
18,train,295,25031,0.727405846118927,0.7498891353607178,0.02248328924179077,1.0,1.0
18,train,296,13473,0.5235294699668884,0.54600590467453,0.0224764347076416,1.0,1.0
18,train,297,8853,0.7204504609107971,0.7429232597351074,0.022472798824310303,1.0,1.0
18,train,298,4471,0.5468015670776367,0.5243687033653259,-0.02243286371231079,1.0,1.0
18,train,299,18507,0.7258334159851074,0.7482409477233887,0.02240753173828125,1.0,1.0
18,train,300,9844,0.5282959342002869,0.505908727645874,-0.022387206554412842,1.0,1.0
18,train,301,20226,0.7909688353538513,0.8133529424667358,0.02238410711288452,1.0,1.0
18,train,302,11475,0.43750104308128357,0.415121853351593,-0.022379189729690552,1.0,1.0
18,train,303,6071,0.367529034614563,0.34515002369880676,-0.022379010915756226,1.0,1.0
18,train,304,2697,0.28474947810173035,0.26237258315086365,-0.0223768949508667,1.0,1.0
18,train,305,1165,0.8542690873146057,0.8319002985954285,-0.022368788719177246,1.0,1.0
18,train,306,24643,0.6789624094963074,0.7013298273086548,0.022367417812347412,1.0,1.0
18,train,307,22574,1.523943543434143,1.5015796422958374,-0.022363901138305664,1.0,1.0
18,train,308,2591,0.542431652545929,0.5200684070587158,-0.022363245487213135,1.0,1.0
18,train,309,5410,0.370890736579895,0.3485323488712311,-0.02235838770866394,1.0,1.0
18,train,310,2299,0.5332871079444885,0.5556076765060425,0.022320568561553955,1.0,1.0
18,train,311,2561,0.8310514092445374,0.8533674478530884,0.022316038608551025,1.0,1.0
18,train,312,7711,0.7066590785980225,0.6843520402908325,-0.02230703830718994,1.0,1.0
18,train,313,7739,0.42671728134155273,0.4490163028240204,0.02229902148246765,1.0,1.0
18,train,314,16474,0.41685816645622253,0.3945631980895996,-0.022294968366622925,1.0,1.0
18,train,315,12287,0.43590983748435974,0.41361647844314575,-0.02229335904121399,1.0,1.0
18,train,316,5729,0.5646270513534546,0.5423358082771301,-0.022291243076324463,1.0,1.0
18,train,317,13486,0.9407517313957214,0.9184650778770447,-0.022286653518676758,1.0,1.0
18,train,318,13166,0.17736732959747314,0.19964510202407837,0.022277772426605225,1.0,1.0
18,train,319,15999,0.5243648886680603,0.502091109752655,-0.022273778915405273,1.0,1.0
18,train,320,22564,0.5024673342704773,0.48020294308662415,-0.02226439118385315,1.0,1.0
18,train,321,26275,0.38120928406715393,0.4034610986709595,0.022251814603805542,1.0,1.0
18,train,322,22035,0.4180298149585724,0.3957879841327667,-0.022241830825805664,1.0,1.0
18,train,323,27018,1.1733816862106323,1.1511441469192505,-0.022237539291381836,1.0,1.0
18,train,324,26638,0.626459538936615,0.6486680507659912,0.02220851182937622,1.0,1.0
18,train,325,848,0.3279249668121338,0.3057323396205902,-0.02219262719154358,1.0,1.0
18,train,326,6341,0.701832115650177,0.7240041494369507,0.02217203378677368,1.0,1.0
18,train,327,22144,0.29190951585769653,0.31407395005226135,0.02216443419456482,1.0,1.0
18,train,328,11866,0.3117081820964813,0.33386754989624023,0.02215936779975891,1.0,1.0
18,train,329,2137,0.7900949120521545,0.8122327327728271,0.022137820720672607,1.0,1.0
18,train,330,26983,0.22684043645858765,0.20471236109733582,-0.02212807536125183,1.0,1.0
18,train,331,3791,0.3800183832645416,0.4021379351615906,0.02211955189704895,1.0,1.0
18,train,332,13357,0.4761563241481781,0.4982696771621704,0.02211335301399231,1.0,1.0
18,train,333,3682,1.2625083923339844,1.284618854522705,0.022110462188720703,1.0,1.0
18,train,334,15709,0.2399238795042038,0.26203373074531555,0.022109851241111755,1.0,1.0
18,train,335,18199,0.6580334901809692,0.6359434127807617,-0.02209007740020752,1.0,1.0
18,train,336,21429,0.461452454328537,0.48354053497314453,0.022088080644607544,1.0,1.0
18,train,337,4234,0.6364539265632629,0.6585286855697632,0.022074759006500244,1.0,1.0
18,train,338,5346,0.8917738795280457,0.913837194442749,0.02206331491470337,1.0,1.0
18,train,339,28637,1.0768738985061646,1.0989251136779785,0.022051215171813965,1.0,1.0
18,train,340,24373,0.8390331268310547,0.8610700368881226,0.02203691005706787,1.0,1.0
18,train,341,14862,0.4993765652179718,0.47736772894859314,-0.022008836269378662,1.0,1.0
18,train,342,4952,0.7385686039924622,0.7165751457214355,-0.02199345827102661,1.0,1.0
18,train,343,11830,0.45847272872924805,0.4364866614341736,-0.021986067295074463,1.0,1.0
18,train,344,4052,0.8076612949371338,0.8296429514884949,0.021981656551361084,1.0,1.0
18,train,345,11184,0.5664982199668884,0.5884788036346436,0.021980583667755127,1.0,1.0
18,train,346,6188,0.8541036248207092,0.8321395516395569,-0.021964073181152344,1.0,1.0
18,train,347,2879,0.327575147151947,0.3056204915046692,-0.021954655647277832,1.0,1.0
18,train,348,1152,0.9149599075317383,0.8930318355560303,-0.021928071975708008,1.0,1.0
18,train,349,21229,0.7200478911399841,0.7419739961624146,0.02192610502243042,1.0,1.0
18,train,350,19063,0.5602570176124573,0.5383355617523193,-0.02192145586013794,1.0,1.0
18,train,351,17134,0.6421332955360413,0.6202121376991272,-0.021921157836914062,1.0,1.0
18,train,352,28208,0.7140578627586365,0.6921488046646118,-0.021909058094024658,1.0,1.0
18,train,353,22253,1.1204314231872559,1.1423029899597168,0.021871566772460938,1.0,1.0
18,train,354,117,0.7599760890007019,0.7818448543548584,0.021868765354156494,1.0,1.0
18,train,355,819,0.2692290246486664,0.24736298620700836,-0.02186603844165802,1.0,1.0
18,train,356,1411,0.5860401391983032,0.5641798377037048,-0.02186030149459839,1.0,1.0
18,train,357,2577,0.3703266382217407,0.348470538854599,-0.021856099367141724,1.0,1.0
18,train,358,8477,1.741513729095459,1.7196825742721558,-0.021831154823303223,1.0,1.0
18,train,359,19222,0.2623373866081238,0.24051383137702942,-0.02182355523109436,1.0,1.0
18,train,360,18220,0.7257400155067444,0.7475517392158508,0.021811723709106445,1.0,1.0
18,train,361,23980,0.5246620178222656,0.5464695692062378,0.021807551383972168,1.0,1.0
18,train,362,12211,0.8721222877502441,0.8939192295074463,0.02179694175720215,1.0,1.0
18,train,363,9626,0.6939064860343933,0.6721309423446655,-0.021775543689727783,1.0,1.0
18,train,364,5595,1.3473061323165894,1.3690788745880127,0.02177274227142334,1.0,1.0
18,train,365,25070,0.6172574162483215,0.6390264630317688,0.021769046783447266,1.0,1.0
18,train,366,1907,0.546610951423645,0.5248439311981201,-0.021767020225524902,1.0,1.0
18,train,367,25466,0.8142886757850647,0.792534589767456,-0.021754086017608643,1.0,1.0
18,train,368,21549,0.5316088199615479,0.5098680257797241,-0.02174079418182373,1.0,1.0
18,train,369,28291,0.25120094418525696,0.229469433426857,-0.021731510758399963,1.0,1.0
18,train,370,10561,0.4803438186645508,0.5020724534988403,0.02172863483428955,1.0,1.0
18,train,371,18309,0.42440149188041687,0.4461231827735901,0.021721690893173218,1.0,1.0
18,train,372,17409,0.5434774160385132,0.5217568874359131,-0.021720528602600098,1.0,1.0
18,train,373,24339,0.4410492479801178,0.4627596437931061,0.02171039581298828,1.0,1.0
18,train,374,11913,0.4965090751647949,0.5181882977485657,0.021679222583770752,1.0,1.0
18,train,375,18600,0.8638569712638855,0.8421786427497864,-0.02167832851409912,1.0,1.0
18,train,376,22719,0.4077209234237671,0.3860456049442291,-0.021675318479537964,1.0,1.0
18,train,377,22737,0.5290578007698059,0.5507190823554993,0.02166128158569336,1.0,1.0
18,train,378,24429,1.5568723678588867,1.5785179138183594,0.021645545959472656,1.0,1.0
18,train,379,26404,0.5582806468009949,0.5799227952957153,0.02164214849472046,1.0,1.0
18,train,380,14970,0.527839720249176,0.5494778156280518,0.021638095378875732,1.0,1.0
18,train,381,21046,1.262332558631897,1.2839703559875488,0.021637797355651855,1.0,1.0
18,train,382,831,1.676043152809143,1.6976202726364136,0.021577119827270508,1.0,1.0
18,train,383,11168,0.41370144486427307,0.3921303153038025,-0.02157112956047058,1.0,1.0
18,train,384,21054,0.8167309761047363,0.8382965922355652,0.021565616130828857,1.0,1.0
18,train,385,10459,0.751136064529419,0.7727010846138,0.021565020084381104,1.0,1.0
18,train,386,25457,0.4643748998641968,0.4859372675418854,0.0215623676776886,1.0,1.0
18,train,387,7595,1.3953500986099243,1.3737897872924805,-0.021560311317443848,1.0,1.0
18,train,388,24360,0.7251928448677063,0.703643262386322,-0.021549582481384277,1.0,1.0
18,train,389,16812,0.32431378960609436,0.30279088020324707,-0.02152290940284729,1.0,1.0
18,train,390,21136,0.7423505783081055,0.7208312749862671,-0.02151930332183838,1.0,1.0
18,train,391,7488,0.8340845108032227,0.8555997610092163,0.021515250205993652,1.0,1.0
18,train,392,6830,0.3063617944717407,0.327875018119812,0.02151322364807129,1.0,1.0
18,train,393,16076,1.136993169784546,1.1585049629211426,0.02151179313659668,1.0,1.0
18,train,394,13964,0.6652669906616211,0.6867678761482239,0.021500885486602783,1.0,1.0
18,train,395,2949,1.0596510171890259,1.0381579399108887,-0.021493077278137207,1.0,1.0
18,train,396,22116,0.41064152121543884,0.4321225583553314,0.021481037139892578,1.0,1.0
18,train,397,12578,0.8238667845726013,0.802390992641449,-0.021475791931152344,1.0,1.0
18,train,398,17034,0.37219467759132385,0.35075050592422485,-0.021444171667099,1.0,1.0
18,train,399,24709,0.35184165835380554,0.3732544779777527,0.021412819623947144,1.0,1.0
18,train,400,918,0.42513585090637207,0.4037278890609741,-0.02140796184539795,1.0,1.0
18,train,401,2628,0.7376298904418945,0.7590205073356628,0.02139061689376831,1.0,1.0
18,train,402,11007,0.824493944644928,0.8458814024925232,0.021387457847595215,1.0,1.0
18,train,403,26774,0.9059312343597412,0.9273040294647217,0.02137279510498047,1.0,1.0
18,train,404,26928,0.8808421492576599,0.8594736456871033,-0.02136850357055664,1.0,1.0
18,train,405,26585,0.4542493522167206,0.47561490535736084,0.02136555314064026,1.0,1.0
18,train,406,24302,0.5983328223228455,0.576972246170044,-0.021360576152801514,1.0,1.0
18,train,407,6171,0.5595507025718689,0.5809094309806824,0.021358728408813477,1.0,1.0
18,train,408,20461,0.4981788694858551,0.47682225704193115,-0.02135661244392395,1.0,1.0
18,train,409,4890,0.4789334535598755,0.457578182220459,-0.021355271339416504,1.0,1.0
18,train,410,19313,0.6343085169792175,0.612962543964386,-0.021345973014831543,1.0,1.0
18,train,411,7716,0.8437692523002625,0.8224300742149353,-0.02133917808532715,1.0,1.0
18,train,412,22811,0.6073057651519775,0.5859819650650024,-0.021323800086975098,1.0,1.0
18,train,413,21747,0.3462664783000946,0.3249729871749878,-0.02129349112510681,1.0,1.0
18,train,414,11075,0.5143485069274902,0.5355937480926514,0.021245241165161133,1.0,1.0
18,train,415,8744,0.39457079768180847,0.37333545088768005,-0.021235346794128418,1.0,1.0
18,train,416,28032,1.2295174598693848,1.2082865238189697,-0.02123093605041504,1.0,1.0
18,train,417,358,0.6499517560005188,0.6287286877632141,-0.021223068237304688,1.0,1.0
18,train,418,25571,0.5920292139053345,0.5708153247833252,-0.021213889122009277,1.0,1.0
18,train,419,21808,0.6452664136886597,0.6664743423461914,0.02120792865753174,1.0,1.0
18,train,420,27100,0.4602299928665161,0.4390283226966858,-0.021201670169830322,1.0,1.0
18,train,421,23956,1.00359308719635,0.9823970794677734,-0.02119600772857666,1.0,1.0
18,train,422,18315,0.5516287684440613,0.5304409265518188,-0.02118784189224243,1.0,1.0
18,train,423,1028,0.2622029185295105,0.2833852171897888,0.02118229866027832,1.0,1.0
18,train,424,17438,0.9534510970115662,0.9322793483734131,-0.021171748638153076,1.0,1.0
18,train,425,16399,0.5587878823280334,0.5376250147819519,-0.021162867546081543,1.0,1.0
18,train,426,22370,0.530972421169281,0.5521309971809387,0.021158576011657715,1.0,1.0
18,train,427,25023,0.65973299741745,0.6385767459869385,-0.021156251430511475,1.0,1.0
18,train,428,14121,0.5324801802635193,0.5536301136016846,0.021149933338165283,1.0,1.0
18,train,429,6422,0.7199237942695618,0.7410728931427002,0.021149098873138428,1.0,1.0
18,train,430,4075,0.7024738788604736,0.7236198782920837,0.021145999431610107,1.0,1.0
18,train,431,2738,0.8374157547950745,0.816280722618103,-0.021135032176971436,1.0,1.0
18,train,432,23584,0.7210957407951355,0.6999672651290894,-0.021128475666046143,1.0,1.0
18,train,433,5389,0.34398189187049866,0.3650980591773987,0.021116167306900024,1.0,1.0
18,train,434,24541,0.5682486891746521,0.5471376776695251,-0.021111011505126953,1.0,1.0
18,train,435,13815,0.5423871874809265,0.5212858319282532,-0.02110135555267334,1.0,1.0
18,train,436,14885,0.7307374477386475,0.7518278956413269,0.021090447902679443,1.0,1.0
18,train,437,14445,0.5344312191009521,0.513353168964386,-0.021078050136566162,1.0,1.0
18,train,438,4969,0.7727567553520203,0.7938244938850403,0.02106773853302002,1.0,1.0
18,train,439,2407,0.6638630032539368,0.6849282383918762,0.021065235137939453,1.0,1.0
18,train,440,24377,0.7808757424354553,0.8019408583641052,0.021065115928649902,1.0,1.0
18,train,441,20144,0.3208031952381134,0.29974672198295593,-0.02105647325515747,1.0,1.0
18,train,442,4606,0.4882794916629791,0.509326696395874,0.021047204732894897,1.0,1.0
18,train,443,10568,0.6219213604927063,0.600879967212677,-0.021041393280029297,1.0,1.0
18,train,444,15007,0.8899969458580017,0.9110329747200012,0.02103602886199951,1.0,1.0
18,train,445,4495,0.3588775396347046,0.379893958568573,0.021016418933868408,1.0,1.0
18,train,446,19188,0.49265801906585693,0.4716477394104004,-0.021010279655456543,1.0,1.0
18,train,447,11871,0.410765141248703,0.3897550404071808,-0.021010100841522217,1.0,1.0
18,train,448,26414,0.5274503231048584,0.5064471364021301,-0.02100318670272827,1.0,1.0
18,train,449,12309,0.9513737559318542,0.9723626375198364,0.020988881587982178,1.0,1.0
18,train,450,26560,0.48355230689048767,0.46256721019744873,-0.02098509669303894,1.0,1.0
18,train,451,15762,0.44284534454345703,0.42186418175697327,-0.020981162786483765,1.0,1.0
18,train,452,26157,0.48404860496520996,0.46307551860809326,-0.0209730863571167,1.0,1.0
18,train,453,7288,0.48641958832740784,0.5073920488357544,0.020972460508346558,1.0,1.0
18,train,454,8459,0.6045507192611694,0.6255152225494385,0.020964503288269043,1.0,1.0
18,train,455,2927,0.8581430912017822,0.879101574420929,0.02095848321914673,1.0,1.0
18,train,456,16796,0.5335007309913635,0.5125446915626526,-0.020956039428710938,1.0,1.0
18,train,457,15024,0.9065349698066711,0.8856096863746643,-0.020925283432006836,1.0,1.0
18,train,458,17689,0.7738585472106934,0.7947611212730408,0.020902574062347412,1.0,1.0
18,train,459,11190,0.45665237307548523,0.4775223135948181,0.020869940519332886,1.0,1.0
18,train,460,23897,0.37949347496032715,0.40036246180534363,0.02086898684501648,1.0,1.0
18,train,461,12539,0.5138179659843445,0.492956280708313,-0.020861685276031494,1.0,1.0
18,train,462,16040,0.9614049792289734,0.9405434727668762,-0.020861506462097168,1.0,1.0
18,train,463,6959,0.8838224411010742,0.9046723246574402,0.020849883556365967,1.0,1.0
18,train,464,19185,0.766766369342804,0.7876101136207581,0.0208437442779541,1.0,1.0
18,train,465,22659,0.646527111530304,0.6256915926933289,-0.020835518836975098,1.0,1.0
18,train,466,5655,0.7083051800727844,0.6874812245368958,-0.020823955535888672,1.0,1.0
18,train,467,867,0.7285492420196533,0.7493707537651062,0.02082151174545288,1.0,1.0
18,train,468,21417,0.7760284543037415,0.7968428134918213,0.020814359188079834,1.0,1.0
18,train,469,5016,0.8769145011901855,0.8977168202400208,0.020802319049835205,1.0,1.0
18,train,470,2194,0.5367121696472168,0.5575013756752014,0.02078920602798462,1.0,1.0
18,train,471,10231,0.5999496579170227,0.5791763663291931,-0.02077329158782959,1.0,1.0
18,train,472,17212,0.6518248319625854,0.631058394908905,-0.02076643705368042,1.0,1.0
18,train,473,17602,0.4175010919570923,0.3967365026473999,-0.020764589309692383,1.0,1.0
18,train,474,8701,0.5558487772941589,0.5350989103317261,-0.02074986696243286,1.0,1.0
18,train,475,8898,0.6547099947929382,0.6339722275733948,-0.020737767219543457,1.0,1.0
18,train,476,16933,0.5739976167678833,0.5947324633598328,0.020734846591949463,1.0,1.0
18,train,477,25343,0.6161115169525146,0.5953771471977234,-0.02073436975479126,1.0,1.0
18,train,478,13901,0.557964563369751,0.5372409224510193,-0.02072364091873169,1.0,1.0
18,train,479,25025,0.21814000606536865,0.2388632893562317,0.020723283290863037,1.0,1.0
18,train,480,1502,0.6587101221084595,0.6794207692146301,0.020710647106170654,1.0,1.0
18,train,481,26170,0.66656094789505,0.6458544731140137,-0.020706474781036377,1.0,1.0
18,train,482,18026,0.4576795995235443,0.4783775508403778,0.020697951316833496,1.0,1.0
18,train,483,6290,0.6565549373626709,0.6358603835105896,-0.0206945538520813,1.0,1.0
18,train,484,22161,0.6229079365730286,0.6435962319374084,0.020688295364379883,1.0,1.0
18,train,485,5679,0.4064895212650299,0.38580453395843506,-0.02068498730659485,1.0,1.0
18,train,486,12474,0.5056304335594177,0.48495209217071533,-0.020678341388702393,1.0,1.0
18,train,487,20275,0.9274598956108093,0.9481230974197388,0.020663201808929443,1.0,1.0
18,train,488,11373,0.6342024803161621,0.6548563838005066,0.020653903484344482,1.0,1.0
18,train,489,17490,0.5039055943489075,0.4832579791545868,-0.02064761519432068,1.0,1.0
18,train,490,19278,0.43150821328163147,0.4108671247959137,-0.020641088485717773,1.0,1.0
18,train,491,6355,0.8430624008178711,0.8224236369132996,-0.020638763904571533,1.0,1.0
18,train,492,6380,0.19082003831863403,0.2114494889974594,0.02062945067882538,1.0,1.0
18,train,493,21162,0.6052336096763611,0.625845193862915,0.020611584186553955,1.0,1.0
18,train,494,6294,0.32433897256851196,0.3449498116970062,0.020610839128494263,1.0,1.0
18,train,495,18689,0.6811695098876953,0.7017754316329956,0.020605921745300293,1.0,1.0
18,train,496,13721,0.8408222198486328,0.8202164173126221,-0.020605802536010742,1.0,1.0
18,train,497,3329,0.5124946236610413,0.4918895363807678,-0.020605087280273438,1.0,1.0
18,train,498,22728,0.49812328815460205,0.477526992559433,-0.020596295595169067,1.0,1.0
18,train,499,9679,0.784881591796875,0.764289915561676,-0.020591676235198975,1.0,1.0
18,train,500,22436,0.44099700450897217,0.46158844232559204,0.020591437816619873,1.0,1.0
18,eval,1,2670,2.6555557250976562,2.720043420791626,0.06448769569396973,1.0,1.0
18,eval,2,19243,1.1669071912765503,1.1060466766357422,-0.060860514640808105,1.0,1.0
18,eval,3,17122,1.1929889917373657,1.2516165971755981,0.05862760543823242,1.0,1.0
18,eval,4,16974,0.48808279633522034,0.43175143003463745,-0.056331366300582886,1.0,1.0
18,eval,5,9966,0.7050785422325134,0.6489059925079346,-0.05617254972457886,1.0,1.0
18,eval,6,17608,0.8525890707969666,0.8017966747283936,-0.050792396068573,1.0,1.0
18,eval,7,13794,1.02970290184021,1.0804530382156372,0.050750136375427246,1.0,1.0
18,eval,8,22845,2.1314139366149902,2.1819348335266113,0.050520896911621094,1.0,1.0
18,eval,9,26090,0.7550016045570374,0.7058896422386169,-0.04911196231842041,1.0,1.0
18,eval,10,21912,1.1145895719528198,1.065630555152893,-0.04895901679992676,1.0,1.0
18,eval,11,2171,1.3813165426254272,1.3324579000473022,-0.048858642578125,1.0,1.0
18,eval,12,2300,1.2576346397399902,1.2097058296203613,-0.047928810119628906,1.0,1.0
18,eval,13,13963,0.4041685163974762,0.3563253879547119,-0.04784312844276428,1.0,1.0
18,eval,14,3878,0.7554976940155029,0.7081187963485718,-0.04737889766693115,1.0,1.0
18,eval,15,5888,0.43436741828918457,0.3876481354236603,-0.04671928286552429,1.0,1.0
18,eval,16,26689,3.006209373474121,3.052726984024048,0.04651761054992676,1.0,1.0
18,eval,17,25970,0.67171311378479,0.7173459529876709,0.04563283920288086,1.0,1.0
18,eval,18,1057,1.292869210243225,1.2478066682815552,-0.04506254196166992,1.0,1.0
18,eval,19,16122,0.548821747303009,0.5038483142852783,-0.04497343301773071,1.0,1.0
18,eval,20,23433,0.7860002517700195,0.7420089244842529,-0.0439913272857666,1.0,1.0
18,eval,21,27667,0.38827136158943176,0.3443138897418976,-0.04395747184753418,1.0,1.0
18,eval,22,18608,0.8489234447479248,0.805084764957428,-0.043838679790496826,1.0,1.0
18,eval,23,537,0.9854814410209656,1.0292329788208008,0.043751537799835205,1.0,1.0
18,eval,24,24755,0.40769967436790466,0.364029198884964,-0.043670475482940674,1.0,1.0
18,eval,25,2499,1.1767597198486328,1.2203631401062012,0.04360342025756836,1.0,1.0
18,eval,26,8456,1.2290750741958618,1.2724628448486328,0.043387770652770996,1.0,1.0
18,eval,27,19668,0.2142193466424942,0.1717202216386795,-0.0424991250038147,1.0,1.0
18,eval,28,26440,1.947191834449768,1.9050898551940918,-0.04210197925567627,1.0,1.0
18,eval,29,5661,1.2911778688430786,1.2491182088851929,-0.04205965995788574,1.0,1.0
18,eval,30,4804,0.6082234382629395,0.5661737322807312,-0.04204970598220825,1.0,1.0
18,eval,31,28195,0.6529414057731628,0.6109902858734131,-0.041951119899749756,1.0,1.0
18,eval,32,19019,1.114917516708374,1.1568292379379272,0.04191172122955322,1.0,1.0
18,eval,33,10166,0.8696302771568298,0.8277272582054138,-0.041903018951416016,1.0,1.0
18,eval,34,13121,0.4723653495311737,0.5141919255256653,0.04182657599449158,1.0,1.0
18,eval,35,2684,0.4953141510486603,0.5368634462356567,0.04154929518699646,1.0,1.0
18,eval,36,24887,0.710425615310669,0.668976366519928,-0.04144924879074097,1.0,1.0
18,eval,37,26653,0.8182864189147949,0.7769659161567688,-0.04132050275802612,1.0,1.0
18,eval,38,25638,0.8915647864341736,0.9325838088989258,0.0410190224647522,1.0,1.0
18,eval,39,9787,0.5077311992645264,0.5487453937530518,0.04101419448852539,1.0,1.0
18,eval,40,26720,0.3891436755657196,0.3481895327568054,-0.040954142808914185,1.0,1.0
18,eval,41,28032,1.2266876697540283,1.1859819889068604,-0.04070568084716797,1.0,1.0
18,eval,42,10485,0.42249831557273865,0.38194510340690613,-0.04055321216583252,1.0,1.0
18,eval,43,17620,1.186692476272583,1.146342396736145,-0.04035007953643799,1.0,1.0
18,eval,44,2919,0.7277963161468506,0.6876051425933838,-0.0401911735534668,1.0,1.0
18,eval,45,11388,1.1447203159332275,1.1045738458633423,-0.040146470069885254,1.0,1.0
18,eval,46,15846,0.5608994960784912,0.5208759307861328,-0.0400235652923584,1.0,1.0
18,eval,47,16747,1.1528898477554321,1.1928057670593262,0.03991591930389404,1.0,1.0
18,eval,48,21747,0.35133877396583557,0.3114250600337982,-0.039913713932037354,1.0,1.0
18,eval,49,15589,0.47367092967033386,0.43384280800819397,-0.03982812166213989,1.0,1.0
18,eval,50,25639,0.5014098286628723,0.46159231662750244,-0.03981751203536987,1.0,1.0
18,eval,51,3651,0.2762990891933441,0.2365501970052719,-0.039748892188072205,1.0,1.0
18,eval,52,18959,0.8294247984886169,0.8689758777618408,0.03955107927322388,1.0,1.0
18,eval,53,2428,0.8267253041267395,0.7874904274940491,-0.03923487663269043,1.0,1.0
18,eval,54,9156,0.5905524492263794,0.6297531723976135,0.03920072317123413,1.0,1.0
18,eval,55,5346,0.897425651550293,0.9361038208007812,0.03867816925048828,1.0,1.0
18,eval,56,6779,0.8352096676826477,0.8738464117050171,0.038636744022369385,1.0,1.0
18,eval,57,19824,0.6902474761009216,0.6516215801239014,-0.038625895977020264,1.0,1.0
18,eval,58,18715,0.8112097382545471,0.7725937962532043,-0.03861594200134277,1.0,1.0
18,eval,59,16232,0.40099263191223145,0.43929794430732727,0.038305312395095825,1.0,1.0
18,eval,60,8305,0.5899924635887146,0.5517192482948303,-0.03827321529388428,1.0,1.0
18,eval,61,15996,0.5143076181411743,0.47604575753211975,-0.038261860609054565,1.0,1.0
18,eval,62,1876,0.7554354667663574,0.79367995262146,0.03824448585510254,1.0,1.0
18,eval,63,9642,1.2229349613189697,1.1847307682037354,-0.038204193115234375,1.0,1.0
18,eval,64,3177,0.6613045334815979,0.623201310634613,-0.03810322284698486,1.0,1.0
18,eval,65,11706,0.7431492209434509,0.70516037940979,-0.03798884153366089,1.0,1.0
18,eval,66,634,0.487356573343277,0.44938114285469055,-0.037975430488586426,1.0,1.0
18,eval,67,16040,0.95606929063797,0.9181045889854431,-0.037964701652526855,1.0,1.0
18,eval,68,20639,0.328961580991745,0.2910875082015991,-0.037874072790145874,1.0,1.0
18,eval,69,25212,0.9572563171386719,0.9194259643554688,-0.037830352783203125,1.0,1.0
18,eval,70,8303,1.27716863155365,1.3149256706237793,0.037757039070129395,1.0,1.0
18,eval,71,12309,0.9588041305541992,0.9965610504150391,0.037756919860839844,1.0,1.0
18,eval,72,14902,0.4599006175994873,0.4976433515548706,0.0377427339553833,1.0,1.0
18,eval,73,28184,1.5249260663986206,1.5626428127288818,0.03771674633026123,1.0,1.0
18,eval,74,16774,0.9817556738853455,0.9440592527389526,-0.03769642114639282,1.0,1.0
18,eval,75,730,0.4109105169773102,0.37324345111846924,-0.03766706585884094,1.0,1.0
18,eval,76,10040,0.49346569180488586,0.4558607339859009,-0.037604957818984985,1.0,1.0
18,eval,77,27812,0.5047832727432251,0.5419199466705322,0.03713667392730713,1.0,1.0
18,eval,78,16399,0.5577080845832825,0.520591139793396,-0.037116944789886475,1.0,1.0
18,eval,79,24227,0.5310862064361572,0.4940073788166046,-0.03707882761955261,1.0,1.0
18,eval,80,20226,0.8006078600883484,0.8376777172088623,0.037069857120513916,1.0,1.0
18,eval,81,20391,1.0991029739379883,1.1361526250839233,0.03704965114593506,1.0,1.0
18,eval,82,16711,0.47390231490135193,0.4368826150894165,-0.037019699811935425,1.0,1.0
18,eval,83,13450,0.40106046199798584,0.4380553960800171,0.03699493408203125,1.0,1.0
18,eval,84,5016,0.8772314190864563,0.9141556620597839,0.03692424297332764,1.0,1.0
18,eval,85,22574,1.5346450805664062,1.4978270530700684,-0.03681802749633789,1.0,1.0
18,eval,86,1958,0.7245422005653381,0.6877292990684509,-0.03681290149688721,1.0,1.0
18,eval,87,15288,0.5915619730949402,0.6283661723136902,0.03680419921875,1.0,1.0
18,eval,88,6455,0.7146795392036438,0.7514666318893433,0.03678709268569946,1.0,1.0
18,eval,89,19870,0.47539186477661133,0.5120769739151001,0.03668510913848877,1.0,1.0
18,eval,90,16632,0.8037229180335999,0.8403467535972595,0.03662383556365967,1.0,1.0
18,eval,91,5614,0.6439620852470398,0.6073848605155945,-0.03657722473144531,1.0,1.0
18,eval,92,6572,0.6144965291023254,0.5780000686645508,-0.03649646043777466,1.0,1.0
18,eval,93,19282,0.6858823299407959,0.6493937373161316,-0.03648859262466431,1.0,1.0
18,eval,94,2780,1.651463508605957,1.6878910064697266,0.03642749786376953,1.0,1.0
18,eval,95,24090,1.0619829893112183,1.098380208015442,0.03639721870422363,1.0,1.0
18,eval,96,11876,1.2488051652908325,1.2851881980895996,0.03638303279876709,1.0,1.0
18,eval,97,16083,0.666830837726593,0.703188419342041,0.036357581615448,1.0,1.0
18,eval,98,516,0.8634214401245117,0.8271182179450989,-0.03630322217941284,1.0,1.0
18,eval,99,19664,0.5167043805122375,0.48062652349472046,-0.03607785701751709,1.0,1.0
18,eval,100,3907,2.0828824043273926,2.118943929672241,0.03606152534484863,1.0,1.0
18,eval,101,20699,0.8216783404350281,0.7856239080429077,-0.03605443239212036,1.0,1.0
18,eval,102,17911,0.7200675010681152,0.7560974359512329,0.036029934883117676,1.0,1.0
18,eval,103,7136,0.5093142986297607,0.4733484089374542,-0.03596588969230652,1.0,1.0
18,eval,104,24851,2.237560987472534,2.2733616828918457,0.03580069541931152,1.0,1.0
18,eval,105,15281,0.7473419308662415,0.7115653157234192,-0.035776615142822266,1.0,1.0
18,eval,106,21664,0.6629256010055542,0.6986854076385498,0.035759806632995605,1.0,1.0
18,eval,107,17530,0.7141693234443665,0.7499063014984131,0.03573697805404663,1.0,1.0
18,eval,108,6312,0.5115094780921936,0.47577545046806335,-0.03573402762413025,1.0,1.0
18,eval,109,21730,0.4045162498950958,0.36897554993629456,-0.03554069995880127,1.0,1.0
18,eval,110,25428,0.4576849937438965,0.4221559166908264,-0.03552907705307007,1.0,1.0
18,eval,111,5212,0.5584318041801453,0.5229225754737854,-0.03550922870635986,1.0,1.0
18,eval,112,20991,0.5051204562187195,0.4696129560470581,-0.03550750017166138,1.0,1.0
18,eval,113,16221,0.6608940958976746,0.6963263154029846,0.03543221950531006,1.0,1.0
18,eval,114,26294,0.9528191685676575,0.9174231290817261,-0.035396039485931396,1.0,1.0
18,eval,115,4965,0.6802558898925781,0.644888699054718,-0.03536719083786011,1.0,1.0
18,eval,116,22144,0.29124191403388977,0.32655587792396545,0.035313963890075684,1.0,1.0
18,eval,117,21582,0.7961688041687012,0.7608749270439148,-0.03529387712478638,1.0,1.0
18,eval,118,14829,0.39983129501342773,0.3645499646663666,-0.03528133034706116,1.0,1.0
18,eval,119,21046,1.2651314735412598,1.3004002571105957,0.03526878356933594,1.0,1.0
18,eval,120,19318,0.6897549629211426,0.7249956727027893,0.03524070978164673,1.0,1.0
18,eval,121,7675,0.5952956676483154,0.5601027011871338,-0.03519296646118164,1.0,1.0
18,eval,122,21808,0.6410351395606995,0.676205575466156,0.03517043590545654,1.0,1.0
18,eval,123,5146,0.5273351073265076,0.4922911822795868,-0.035043925046920776,1.0,1.0
18,eval,124,18968,1.025729775428772,0.9906976222991943,-0.03503215312957764,1.0,1.0
18,eval,125,10011,0.5965545177459717,0.5616525411605835,-0.034901976585388184,1.0,1.0
18,eval,126,10179,0.6380540132522583,0.6726922988891602,0.034638285636901855,1.0,1.0
18,eval,127,19351,0.8847218155860901,0.919335126876831,0.03461331129074097,1.0,1.0
18,eval,128,22077,0.44792255759239197,0.4134152829647064,-0.03450727462768555,1.0,1.0
18,eval,129,4963,1.0341440439224243,0.9997444152832031,-0.03439962863922119,1.0,1.0
18,eval,130,17034,0.36736372113227844,0.3330661952495575,-0.03429752588272095,1.0,1.0
18,eval,131,7713,0.5866706967353821,0.5524035692214966,-0.0342671275138855,1.0,1.0
18,eval,132,15024,0.9045333862304688,0.8703649044036865,-0.03416848182678223,1.0,1.0
18,eval,133,21288,0.658682107925415,0.6245535612106323,-0.034128546714782715,1.0,1.0
18,eval,134,11714,0.346462607383728,0.3123389482498169,-0.03412365913391113,1.0,1.0
18,eval,135,24291,0.842806339263916,0.8086939454078674,-0.034112393856048584,1.0,1.0
18,eval,136,18682,0.3831407129764557,0.34908366203308105,-0.034057050943374634,1.0,1.0
18,eval,137,10343,0.4784180223941803,0.4444190561771393,-0.033998966217041016,1.0,1.0
18,eval,138,2176,0.5873695015907288,0.5533955097198486,-0.03397399187088013,1.0,1.0
18,eval,139,11825,0.5805630087852478,0.5466210246086121,-0.03394198417663574,1.0,1.0
18,eval,140,3817,2.999659776687622,2.965728998184204,-0.03393077850341797,1.0,1.0
18,eval,141,20267,0.7116806507110596,0.6777595281600952,-0.033921122550964355,1.0,1.0
18,eval,142,4280,1.2919107675552368,1.325742244720459,0.03383147716522217,1.0,1.0
18,eval,143,22844,0.4585782587528229,0.4247671365737915,-0.03381112217903137,1.0,1.0
18,eval,144,27199,2.0209286212921143,1.987159252166748,-0.03376936912536621,1.0,1.0
18,eval,145,21160,0.756277859210968,0.7900090217590332,0.033731162548065186,1.0,1.0
18,eval,146,26638,0.6330586075782776,0.6667624711990356,0.03370386362075806,1.0,1.0
18,eval,147,27316,0.522888720035553,0.4892219007015228,-0.03366681933403015,1.0,1.0
18,eval,148,11933,0.7746376395225525,0.8083031177520752,0.033665478229522705,1.0,1.0
18,eval,149,27817,1.023846983909607,0.9901978969573975,-0.03364908695220947,1.0,1.0
18,eval,150,12211,0.8749083876609802,0.908554196357727,0.033645808696746826,1.0,1.0
18,eval,151,13474,0.7353237271308899,0.7689603567123413,0.033636629581451416,1.0,1.0
18,eval,152,11524,0.5695823431015015,0.535961389541626,-0.03362095355987549,1.0,1.0
18,eval,153,1776,0.7749858498573303,0.7415107488632202,-0.03347510099411011,1.0,1.0
18,eval,154,17919,0.6383375525474548,0.6048972606658936,-0.03344029188156128,1.0,1.0
18,eval,155,13633,0.5368950963020325,0.5702941417694092,0.03339904546737671,1.0,1.0
18,eval,156,15999,0.5287640690803528,0.4954130947589874,-0.033350974321365356,1.0,1.0
18,eval,157,11787,0.5428563356399536,0.5095323324203491,-0.03332400321960449,1.0,1.0
18,eval,158,6582,0.673140823841095,0.6399176120758057,-0.03322321176528931,1.0,1.0
18,eval,159,23186,0.6998470425605774,0.7330642938613892,0.03321725130081177,1.0,1.0
18,eval,160,15511,0.5630618333816528,0.5298483371734619,-0.03321349620819092,1.0,1.0
18,eval,161,28481,0.29424652457237244,0.26103562116622925,-0.03321090340614319,1.0,1.0
18,eval,162,10333,0.44366028904914856,0.41047003865242004,-0.033190250396728516,1.0,1.0
18,eval,163,23965,0.3533010482788086,0.3201132118701935,-0.03318783640861511,1.0,1.0
18,eval,164,12556,0.4230717718601227,0.4562318027019501,0.03316003084182739,1.0,1.0
18,eval,165,11867,0.8708013892173767,0.8376601338386536,-0.033141255378723145,1.0,1.0
18,eval,166,20906,0.4694850444793701,0.43640410900115967,-0.03308093547821045,1.0,1.0
18,eval,167,18605,0.4714393615722656,0.43840473890304565,-0.03303462266921997,1.0,1.0
18,eval,168,170,0.3454943895339966,0.3124754726886749,-0.033018916845321655,1.0,1.0
18,eval,169,23365,0.7335153222084045,0.7005231380462646,-0.03299218416213989,1.0,1.0
18,eval,170,19188,0.48885276913642883,0.4558706283569336,-0.03298214077949524,1.0,1.0
18,eval,171,21460,0.6739886403083801,0.706899881362915,0.03291124105453491,1.0,1.0
18,eval,172,5362,0.9098427891731262,0.9426760077476501,0.032833218574523926,1.0,1.0
18,eval,173,12069,0.5124009251594543,0.47957441210746765,-0.032826513051986694,1.0,1.0
18,eval,174,21304,0.6760647892951965,0.6432464122772217,-0.032818377017974854,1.0,1.0
18,eval,175,26003,0.6352882981300354,0.6025211811065674,-0.03276711702346802,1.0,1.0
18,eval,176,26262,0.8017294406890869,0.8344951868057251,0.032765746116638184,1.0,1.0
18,eval,177,16474,0.4190427362918854,0.3863210380077362,-0.03272169828414917,1.0,1.0
18,eval,178,27698,0.8361325860023499,0.8034436106681824,-0.03268897533416748,1.0,1.0
18,eval,179,22623,0.743876039981842,0.7111939191818237,-0.03268212080001831,1.0,1.0
18,eval,180,2403,0.4569788873195648,0.4243188202381134,-0.032660067081451416,1.0,1.0
18,eval,181,11470,0.857994019985199,0.8253755569458008,-0.03261846303939819,1.0,1.0
18,eval,182,12285,0.6337122321128845,0.6010966897010803,-0.0326155424118042,1.0,1.0
18,eval,183,10055,0.48870933055877686,0.45611804723739624,-0.032591283321380615,1.0,1.0
18,eval,184,22035,0.4192427396774292,0.3866541385650635,-0.03258860111236572,1.0,1.0
18,eval,185,11190,0.45360448956489563,0.4861711263656616,0.03256663680076599,1.0,1.0
18,eval,186,8440,0.5269291996955872,0.4944092333316803,-0.03251996636390686,1.0,1.0
18,eval,187,3147,0.5597081780433655,0.5921772122383118,0.03246903419494629,1.0,1.0
18,eval,188,3425,0.7805082201957703,0.8129528164863586,0.03244459629058838,1.0,1.0
18,eval,189,17346,0.76102614402771,0.7285897135734558,-0.03243643045425415,1.0,1.0
18,eval,190,6152,0.4407648742198944,0.47316285967826843,0.03239798545837402,1.0,1.0
18,eval,191,27552,0.711607038974762,0.6792095303535461,-0.03239750862121582,1.0,1.0
18,eval,192,1907,0.5444843173027039,0.5121009349822998,-0.03238338232040405,1.0,1.0
18,eval,193,2561,0.8342750668525696,0.8666303157806396,0.03235524892807007,1.0,1.0
18,eval,194,22590,0.979562520980835,0.9472134113311768,-0.0323491096496582,1.0,1.0
18,eval,195,831,1.689198613166809,1.7215074300765991,0.03230881690979004,1.0,1.0
18,eval,196,26142,0.8257984519004822,0.793501079082489,-0.032297372817993164,1.0,1.0
18,eval,197,10681,0.17992691695690155,0.14762963354587555,-0.032297283411026,1.0,1.0
18,eval,198,314,0.8102954030036926,0.8425670266151428,0.032271623611450195,1.0,1.0
18,eval,199,18279,0.5472255945205688,0.579451322555542,0.032225728034973145,1.0,1.0
18,eval,200,21175,0.45527803897857666,0.4230668246746063,-0.03221121430397034,1.0,1.0
18,eval,201,17873,0.46752241253852844,0.49968793988227844,0.03216552734375,1.0,1.0
18,eval,202,9688,0.4339662790298462,0.4018172025680542,-0.03214907646179199,1.0,1.0
18,eval,203,24360,0.7241227030754089,0.6919837594032288,-0.032138943672180176,1.0,1.0
18,eval,204,12796,0.2747300863265991,0.24259397387504578,-0.032136112451553345,1.0,1.0
18,eval,205,1915,1.7876840829849243,1.7555724382400513,-0.03211164474487305,1.0,1.0
18,eval,206,10931,0.552135169506073,0.5200470089912415,-0.03208816051483154,1.0,1.0
18,eval,207,13318,1.19852614402771,1.230597972869873,0.032071828842163086,1.0,1.0
18,eval,208,23,0.6733943819999695,0.6413295269012451,-0.032064855098724365,1.0,1.0
18,eval,209,28291,0.2495841383934021,0.21752959489822388,-0.03205454349517822,1.0,1.0
18,eval,210,8599,0.3782578408718109,0.34623807668685913,-0.03201976418495178,1.0,1.0
18,eval,211,9558,0.7431008219718933,0.7111416459083557,-0.0319591760635376,1.0,1.0
18,eval,212,2289,0.8380439877510071,0.8699873685836792,0.03194338083267212,1.0,1.0
18,eval,213,6422,0.7244164943695068,0.7563531994819641,0.031936705112457275,1.0,1.0
18,eval,214,11913,0.5015951991081238,0.5334928631782532,0.031897664070129395,1.0,1.0
18,eval,215,20950,0.6398164629936218,0.6079259514808655,-0.03189051151275635,1.0,1.0
18,eval,216,24957,0.5082489252090454,0.4763603210449219,-0.031888604164123535,1.0,1.0
18,eval,217,2995,0.26439693570137024,0.23251138627529144,-0.031885549426078796,1.0,1.0
18,eval,218,12287,0.44078564643859863,0.4089173674583435,-0.03186827898025513,1.0,1.0
18,eval,219,14959,0.7623007297515869,0.7304418683052063,-0.031858861446380615,1.0,1.0
18,eval,220,162,0.6928413510322571,0.724682092666626,0.031840741634368896,1.0,1.0
18,eval,221,16304,1.334226131439209,1.3660571575164795,0.03183102607727051,1.0,1.0
18,eval,222,3939,0.40844833850860596,0.3766181170940399,-0.03183022141456604,1.0,1.0
18,eval,223,5824,1.343216896057129,1.311387300491333,-0.0318295955657959,1.0,1.0
18,eval,224,13307,0.538139283657074,0.5063133239746094,-0.0318259596824646,1.0,1.0
18,eval,225,5806,0.6370487809181213,0.6052559614181519,-0.03179281949996948,1.0,1.0
18,eval,226,23219,0.9519618153572083,0.9201815128326416,-0.03178030252456665,1.0,1.0
18,eval,227,5683,0.6735988259315491,0.7053663730621338,0.03176754713058472,1.0,1.0
18,eval,228,17913,1.2077053785324097,1.239465594291687,0.031760215759277344,1.0,1.0
18,eval,229,16544,0.7155036330223083,0.7472557425498962,0.03175210952758789,1.0,1.0
18,eval,230,26256,0.5498983263969421,0.5816147923469543,0.03171646595001221,1.0,1.0
18,eval,231,14757,0.7448058724403381,0.7765036821365356,0.03169780969619751,1.0,1.0
18,eval,232,5729,0.572502613067627,0.5408220291137695,-0.03168058395385742,1.0,1.0
18,eval,233,14069,0.7110897898674011,0.7427650690078735,0.03167527914047241,1.0,1.0
18,eval,234,28463,0.8423774838447571,0.8740198612213135,0.031642377376556396,1.0,1.0
18,eval,235,7410,0.4749823808670044,0.44334402680397034,-0.03163835406303406,1.0,1.0
18,eval,236,16292,0.3842070400714874,0.4158230721950531,0.031616032123565674,1.0,1.0
18,eval,237,17138,0.7411966323852539,0.7095880508422852,-0.03160858154296875,1.0,1.0
18,eval,238,2109,0.49113979935646057,0.4595489501953125,-0.03159084916114807,1.0,1.0
18,eval,239,633,0.4111231565475464,0.44264310598373413,0.031519949436187744,1.0,1.0
18,eval,240,13166,0.18500573933124542,0.21652042865753174,0.031514689326286316,1.0,1.0
18,eval,241,14284,0.5824504494667053,0.6139624118804932,0.03151196241378784,1.0,1.0
18,eval,242,8142,0.5009052157402039,0.46948105096817017,-0.03142416477203369,1.0,1.0
18,eval,243,9313,0.5549951791763306,0.5235931873321533,-0.031401991844177246,1.0,1.0
18,eval,244,11685,0.4320230782032013,0.40062928199768066,-0.03139379620552063,1.0,1.0
18,eval,245,6941,0.553568422794342,0.5849317908287048,0.03136336803436279,1.0,1.0
18,eval,246,16271,0.7437748312950134,0.7750990390777588,0.03132420778274536,1.0,1.0
18,eval,247,23698,0.22345103323459625,0.19213753938674927,-0.031313493847846985,1.0,1.0
18,eval,248,7438,0.8365411162376404,0.80523282289505,-0.03130829334259033,1.0,1.0
18,eval,249,9844,0.530622124671936,0.4994139075279236,-0.03120821714401245,1.0,1.0
18,eval,250,21136,0.7414960861206055,0.710292398929596,-0.03120368719100952,1.0,1.0
18,eval,251,13375,1.0542665719985962,1.0230705738067627,-0.031195998191833496,1.0,1.0
18,eval,252,10459,0.7558076977729797,0.78699791431427,0.031190216541290283,1.0,1.0
18,eval,253,23940,0.48780742287635803,0.45665040612220764,-0.03115701675415039,1.0,1.0
18,eval,254,19106,0.7914783358573914,0.7603241205215454,-0.031154215335845947,1.0,1.0
18,eval,255,21474,0.6167210340499878,0.6478655338287354,0.03114449977874756,1.0,1.0
18,eval,256,21054,0.8098464012145996,0.8409870266914368,0.031140625476837158,1.0,1.0
18,eval,257,26404,0.5582858324050903,0.5893974900245667,0.03111165761947632,1.0,1.0
18,eval,258,28208,0.717862069606781,0.6867973208427429,-0.031064748764038086,1.0,1.0
18,eval,259,13875,0.3192678391933441,0.2882114350795746,-0.03105640411376953,1.0,1.0
18,eval,260,15232,0.6254602074623108,0.5944057703018188,-0.031054437160491943,1.0,1.0
18,eval,261,6264,1.8566635847091675,1.8256179094314575,-0.03104567527770996,1.0,1.0
18,eval,262,25840,0.4574178457260132,0.4884544610977173,0.0310366153717041,1.0,1.0
18,eval,263,9409,0.5052710175514221,0.4743345081806183,-0.030936509370803833,1.0,1.0
18,eval,264,10435,0.6903137564659119,0.6594294905662537,-0.030884265899658203,1.0,1.0
18,eval,265,7064,0.6344819068908691,0.6036087870597839,-0.030873119831085205,1.0,1.0
18,eval,266,4623,0.5219538807868958,0.4911261200904846,-0.030827760696411133,1.0,1.0
18,eval,267,25518,0.40603435039520264,0.436853289604187,0.030818939208984375,1.0,1.0
18,eval,268,9294,0.8757359385490417,0.8449651002883911,-0.030770838260650635,1.0,1.0
18,eval,269,19464,0.5698836445808411,0.5391221046447754,-0.030761539936065674,1.0,1.0
18,eval,270,3134,0.6074830889701843,0.576724112033844,-0.030758976936340332,1.0,1.0
18,eval,271,24834,0.49593663215637207,0.4651821553707123,-0.03075447678565979,1.0,1.0
18,eval,272,19278,0.4306817352771759,0.3999280035495758,-0.030753731727600098,1.0,1.0
18,eval,273,26728,0.4912172555923462,0.4605009853839874,-0.030716270208358765,1.0,1.0
18,eval,274,11184,0.5694395899772644,0.6001307964324951,0.030691206455230713,1.0,1.0
18,eval,275,23579,0.4108767509460449,0.4415656328201294,0.030688881874084473,1.0,1.0
18,eval,276,4680,0.8010170459747314,0.7703348994255066,-0.030682146549224854,1.0,1.0
18,eval,277,13132,0.7609636783599854,0.7302854657173157,-0.030678212642669678,1.0,1.0
18,eval,278,2115,0.37074801325798035,0.34007418155670166,-0.030673831701278687,1.0,1.0
18,eval,279,3847,0.9519262313842773,0.98259437084198,0.030668139457702637,1.0,1.0
18,eval,280,8329,0.7919678688049316,0.7612998485565186,-0.030668020248413086,1.0,1.0
18,eval,281,26443,0.8479728102684021,0.8173221945762634,-0.030650615692138672,1.0,1.0
18,eval,282,13052,0.42071759700775146,0.4513680636882782,0.030650466680526733,1.0,1.0
18,eval,283,776,0.9693503379821777,0.9387289881706238,-0.030621349811553955,1.0,1.0
18,eval,284,17165,0.6902759671211243,0.6597309112548828,-0.030545055866241455,1.0,1.0
18,eval,285,17589,0.4180448055267334,0.38752657175064087,-0.03051823377609253,1.0,1.0
18,eval,286,21616,0.70281982421875,0.6723049879074097,-0.030514836311340332,1.0,1.0
18,eval,287,10845,0.48890164494514465,0.45839226245880127,-0.030509382486343384,1.0,1.0
18,eval,288,5306,0.42138567566871643,0.4518682062625885,0.03048253059387207,1.0,1.0
18,eval,289,21743,1.1460386514663696,1.1155725717544556,-0.030466079711914062,1.0,1.0
18,eval,290,12570,0.36390388011932373,0.3334554433822632,-0.030448436737060547,1.0,1.0
18,eval,291,3989,1.2758246660232544,1.2453891038894653,-0.030435562133789062,1.0,1.0
18,eval,292,22356,0.6550946831703186,0.6246681809425354,-0.030426502227783203,1.0,1.0
18,eval,293,17613,0.7667553424835205,0.7363662123680115,-0.030389130115509033,1.0,1.0
18,eval,294,26585,0.45710456371307373,0.48745501041412354,0.030350446701049805,1.0,1.0
18,eval,295,25166,0.486378937959671,0.4560531973838806,-0.030325740575790405,1.0,1.0
18,eval,296,65,0.39701390266418457,0.3666958808898926,-0.030318021774291992,1.0,1.0
18,eval,297,20239,0.6771236062049866,0.6468158960342407,-0.03030771017074585,1.0,1.0
18,eval,298,5148,0.40015602111816406,0.36985066533088684,-0.03030535578727722,1.0,1.0
18,eval,299,26414,0.5306898951530457,0.5003905892372131,-0.03029930591583252,1.0,1.0
18,eval,300,9795,0.6500150561332703,0.6803056001663208,0.030290544033050537,1.0,1.0
18,eval,301,4052,0.8074159026145935,0.8377019762992859,0.030286073684692383,1.0,1.0
18,eval,302,10568,0.6191586852073669,0.5888929963111877,-0.0302656888961792,1.0,1.0
18,eval,303,28146,0.5009375214576721,0.4706818163394928,-0.03025570511817932,1.0,1.0
18,eval,304,28162,0.32507947087287903,0.2948269844055176,-0.03025248646736145,1.0,1.0
18,eval,305,17438,0.950295627117157,0.9200537800788879,-0.030241847038269043,1.0,1.0
18,eval,306,14684,0.6221302151679993,0.591912031173706,-0.030218183994293213,1.0,1.0
18,eval,307,10388,0.7024033069610596,0.6721928119659424,-0.030210494995117188,1.0,1.0
18,eval,308,8916,0.7294389605522156,0.6992843151092529,-0.030154645442962646,1.0,1.0
18,eval,309,24262,0.5964213013648987,0.5662721395492554,-0.03014916181564331,1.0,1.0
18,eval,310,10592,0.6262030601501465,0.6563439965248108,0.030140936374664307,1.0,1.0
18,eval,311,14388,0.6357882618904114,0.6056475639343262,-0.030140697956085205,1.0,1.0
18,eval,312,24392,0.7237625122070312,0.753896951675415,0.03013443946838379,1.0,1.0
18,eval,313,13551,0.5458971858024597,0.5157641768455505,-0.03013300895690918,1.0,1.0
18,eval,314,5043,0.6201176047325134,0.6502066254615784,0.03008902072906494,1.0,1.0
18,eval,315,23913,0.7527896761894226,0.7227156162261963,-0.03007405996322632,1.0,1.0
18,eval,316,15919,0.835207462310791,0.8051357269287109,-0.030071735382080078,1.0,1.0
18,eval,317,22496,0.4431328773498535,0.47318771481513977,0.030054837465286255,1.0,1.0
18,eval,318,7903,0.569613516330719,0.5395824313163757,-0.03003108501434326,1.0,1.0
18,eval,319,23272,0.7864571213722229,0.7564370632171631,-0.030020058155059814,1.0,1.0
18,eval,320,10756,0.4831782877445221,0.5131979584693909,0.030019670724868774,1.0,1.0
18,eval,321,16407,0.666487991809845,0.636477530002594,-0.030010461807250977,1.0,1.0
18,eval,322,20624,0.9105752110481262,0.8806589841842651,-0.029916226863861084,1.0,1.0
18,eval,323,19222,0.25534787774086,0.2254400998353958,-0.029907777905464172,1.0,1.0
18,eval,324,645,0.4133465588092804,0.44322991371154785,0.029883354902267456,1.0,1.0
18,eval,325,4361,0.5647637248039246,0.5348930358886719,-0.029870688915252686,1.0,1.0
18,eval,326,18837,0.6180254817008972,0.588176965713501,-0.02984851598739624,1.0,1.0
18,eval,327,17594,0.34969791769981384,0.31985095143318176,-0.02984696626663208,1.0,1.0
18,eval,328,6076,0.21982751786708832,0.18999609351158142,-0.029831424355506897,1.0,1.0
18,eval,329,22343,0.5027638077735901,0.4729473292827606,-0.029816478490829468,1.0,1.0
18,eval,330,17631,0.3450155556201935,0.3152061402797699,-0.029809415340423584,1.0,1.0
18,eval,331,1317,0.6561605930328369,0.6859612464904785,0.0298006534576416,1.0,1.0
18,eval,332,14149,0.3785959780216217,0.34883442521095276,-0.029761552810668945,1.0,1.0
18,eval,333,19185,0.7707119584083557,0.8004446029663086,0.02973264455795288,1.0,1.0
18,eval,334,10276,0.6041554808616638,0.5744283199310303,-0.029727160930633545,1.0,1.0
18,eval,335,27215,1.3626714944839478,1.3329463005065918,-0.029725193977355957,1.0,1.0
18,eval,336,3700,0.8669994473457336,0.8372766971588135,-0.029722750186920166,1.0,1.0
18,eval,337,2194,0.5380120873451233,0.5677310824394226,0.029718995094299316,1.0,1.0
18,eval,338,19053,0.6759870648384094,0.6462713479995728,-0.02971571683883667,1.0,1.0
18,eval,339,25998,0.668657124042511,0.6389439105987549,-0.029713213443756104,1.0,1.0
18,eval,340,15767,0.5721616148948669,0.5424569845199585,-0.029704630374908447,1.0,1.0
18,eval,341,22825,0.7153263688087463,0.7450087070465088,0.02968233823776245,1.0,1.0
18,eval,342,28212,0.4305655062198639,0.4602424204349518,0.02967691421508789,1.0,1.0
18,eval,343,14941,0.4355177879333496,0.4651812016963959,0.029663413763046265,1.0,1.0
18,eval,344,23956,1.009391188621521,0.9797312617301941,-0.029659926891326904,1.0,1.0
18,eval,345,12539,0.5175642967224121,0.4879075288772583,-0.02965676784515381,1.0,1.0
18,eval,346,22395,0.561523973941803,0.5911698341369629,0.029645860195159912,1.0,1.0
18,eval,347,12516,0.6763123869895935,0.6466665863990784,-0.029645800590515137,1.0,1.0
18,eval,348,14739,0.3655465543270111,0.33590078353881836,-0.02964577078819275,1.0,1.0
18,eval,349,8088,0.6736063957214355,0.6439896821975708,-0.029616713523864746,1.0,1.0
18,eval,350,26041,0.5560788512229919,0.5856947898864746,0.029615938663482666,1.0,1.0
18,eval,351,4540,0.7049475312232971,0.7345512509346008,0.02960371971130371,1.0,1.0
18,eval,352,2958,0.8376178741455078,0.8080551028251648,-0.029562771320343018,1.0,1.0
18,eval,353,27551,0.5713385939598083,0.600898027420044,0.029559433460235596,1.0,1.0
18,eval,354,21926,0.19751089811325073,0.167955219745636,-0.029555678367614746,1.0,1.0
18,eval,355,5826,0.6998055577278137,0.7293589115142822,0.029553353786468506,1.0,1.0
18,eval,356,13815,0.5478999018669128,0.5183473229408264,-0.029552578926086426,1.0,1.0
18,eval,357,5410,0.3719496428966522,0.34240424633026123,-0.02954539656639099,1.0,1.0
18,eval,358,5668,0.6612558364868164,0.6317148208618164,-0.029541015625,1.0,1.0
18,eval,359,27089,0.4692475497722626,0.43972641229629517,-0.029521137475967407,1.0,1.0
18,eval,360,17212,0.6511916518211365,0.6216747164726257,-0.029516935348510742,1.0,1.0
18,eval,361,19313,0.6263283491134644,0.5968326926231384,-0.029495656490325928,1.0,1.0
18,eval,362,4495,0.3685721457004547,0.3980664014816284,0.029494255781173706,1.0,1.0
18,eval,363,24408,0.6422170996665955,0.6717103123664856,0.029493212699890137,1.0,1.0
18,eval,364,11475,0.44000244140625,0.41052699089050293,-0.02947545051574707,1.0,1.0
18,eval,365,14124,0.6090992093086243,0.5796310901641846,-0.029468119144439697,1.0,1.0
18,eval,366,11473,0.4309859573841095,0.46044859290122986,0.02946263551712036,1.0,1.0
18,eval,367,25349,0.547391951084137,0.5179323554039001,-0.029459595680236816,1.0,1.0
18,eval,368,10961,0.38223373889923096,0.3527800142765045,-0.02945372462272644,1.0,1.0
18,eval,369,13891,0.6138740181922913,0.5844365954399109,-0.02943742275238037,1.0,1.0
18,eval,370,358,0.6539430618286133,0.6245078444480896,-0.02943521738052368,1.0,1.0
18,eval,371,21549,0.531671404838562,0.5022402405738831,-0.029431164264678955,1.0,1.0
18,eval,372,25967,0.668400228023529,0.6978251934051514,0.029424965381622314,1.0,1.0
18,eval,373,26722,0.4545336961746216,0.42514121532440186,-0.029392480850219727,1.0,1.0
18,eval,374,14718,1.0443570613861084,1.0149770975112915,-0.029379963874816895,1.0,1.0
18,eval,375,19048,0.8419058322906494,0.8712832927703857,0.029377460479736328,1.0,1.0
18,eval,376,3537,0.5027552843093872,0.4733825922012329,-0.029372692108154297,1.0,1.0
18,eval,377,19872,0.6053940653800964,0.5760213732719421,-0.029372692108154297,1.0,1.0
18,eval,378,23666,0.42534610629081726,0.45471641421318054,0.02937030792236328,1.0,1.0
18,eval,379,5271,0.6768147349357605,0.6474630832672119,-0.029351651668548584,1.0,1.0
18,eval,380,13964,0.6754812598228455,0.704805850982666,0.029324591159820557,1.0,1.0
18,eval,381,9456,0.35096338391304016,0.32166627049446106,-0.0292971134185791,1.0,1.0
18,eval,382,13441,1.1279065608978271,1.1571986675262451,0.02929210662841797,1.0,1.0
18,eval,383,1269,0.5694593787193298,0.5987368822097778,0.029277503490447998,1.0,1.0
18,eval,384,5389,0.3512251377105713,0.38050001859664917,0.02927488088607788,1.0,1.0
18,eval,385,23442,0.9441423416137695,0.9148820042610168,-0.029260337352752686,1.0,1.0
18,eval,386,2098,0.38922107219696045,0.3599740266799927,-0.029247045516967773,1.0,1.0
18,eval,387,7815,0.4777275025844574,0.44848331809043884,-0.029244184494018555,1.0,1.0
18,eval,388,15550,0.7220200896263123,0.6927798986434937,-0.029240190982818604,1.0,1.0
18,eval,389,14818,0.8939273357391357,0.9231588840484619,0.029231548309326172,1.0,1.0
18,eval,390,21311,0.31203341484069824,0.28283464908599854,-0.029198765754699707,1.0,1.0
18,eval,391,12583,0.4933646619319916,0.46416711807250977,-0.02919754385948181,1.0,1.0
18,eval,392,27881,0.659415066242218,0.6886056065559387,0.029190540313720703,1.0,1.0
18,eval,393,6773,0.41039443016052246,0.3812163472175598,-0.029178082942962646,1.0,1.0
18,eval,394,4251,1.6247888803482056,1.6539474725723267,0.029158592224121094,1.0,1.0
18,eval,395,15472,0.6524158716201782,0.6232894062995911,-0.029126465320587158,1.0,1.0
18,eval,396,11673,1.4299726486206055,1.4590914249420166,0.029118776321411133,1.0,1.0
18,eval,397,4800,0.5279778242111206,0.49886786937713623,-0.029109954833984375,1.0,1.0
18,eval,398,14845,0.29108700156211853,0.2619805932044983,-0.02910640835762024,1.0,1.0
18,eval,399,8477,1.7621196508407593,1.7330185174942017,-0.029101133346557617,1.0,1.0
18,eval,400,12622,0.36114346981048584,0.3320543169975281,-0.029089152812957764,1.0,1.0
18,eval,401,20940,0.2902128994464874,0.26113414764404297,-0.029078751802444458,1.0,1.0
18,eval,402,6342,0.4751805067062378,0.44611871242523193,-0.02906179428100586,1.0,1.0
18,eval,403,13519,0.4374940097332001,0.40844130516052246,-0.029052704572677612,1.0,1.0
18,eval,404,12834,0.8808150887489319,0.851822018623352,-0.028993070125579834,1.0,1.0
18,eval,405,10021,0.9038754105567932,0.9328479766845703,0.0289725661277771,1.0,1.0
18,eval,406,28314,0.5599031448364258,0.530946671962738,-0.028956472873687744,1.0,1.0
18,eval,407,17281,0.44792333245277405,0.4189787209033966,-0.02894461154937744,1.0,1.0
18,eval,408,26220,0.44335028529167175,0.41442832350730896,-0.028921961784362793,1.0,1.0
18,eval,409,12973,0.11814110726118088,0.08925411105155945,-0.02888699620962143,1.0,1.0
18,eval,410,19082,0.8594377040863037,0.8883225917816162,0.0288848876953125,1.0,1.0
18,eval,411,6453,0.6269485354423523,0.5980672240257263,-0.028881311416625977,1.0,1.0
18,eval,412,5283,0.6556063294410706,0.6844725012779236,0.028866171836853027,1.0,1.0
18,eval,413,11751,0.5452720522880554,0.5164119601249695,-0.028860092163085938,1.0,1.0
18,eval,414,13711,0.7217668890953064,0.7506189942359924,0.028852105140686035,1.0,1.0
18,eval,415,28168,0.3250347673892975,0.2961949110031128,-0.028839856386184692,1.0,1.0
18,eval,416,22164,0.39864757657051086,0.3698444068431854,-0.02880316972732544,1.0,1.0
18,eval,417,21382,0.26598742604255676,0.23719263076782227,-0.028794795274734497,1.0,1.0
18,eval,418,12872,0.5636556148529053,0.5924489498138428,0.0287933349609375,1.0,1.0
18,eval,419,10840,0.826667308807373,0.7978963255882263,-0.02877098321914673,1.0,1.0
18,eval,420,6962,0.445605605840683,0.4168435335159302,-0.028762072324752808,1.0,1.0
18,eval,421,24707,0.8349153995513916,0.8061569929122925,-0.02875840663909912,1.0,1.0
18,eval,422,11018,0.5011665225028992,0.47241321206092834,-0.028753310441970825,1.0,1.0
18,eval,423,6666,0.49404704570770264,0.4653031527996063,-0.028743892908096313,1.0,1.0
18,eval,424,1257,0.2280147671699524,0.1992754489183426,-0.028739318251609802,1.0,1.0
18,eval,425,15068,0.3470773696899414,0.31834033131599426,-0.028737038373947144,1.0,1.0
18,eval,426,14497,0.366885781288147,0.3381885886192322,-0.028697192668914795,1.0,1.0
18,eval,427,17790,0.5863839983940125,0.6150805950164795,0.02869659662246704,1.0,1.0
18,eval,428,13934,0.7083818316459656,0.6796861290931702,-0.02869570255279541,1.0,1.0
18,eval,429,11168,0.41728675365448,0.3885997533798218,-0.028687000274658203,1.0,1.0
18,eval,430,28019,0.7125821709632874,0.6839001178741455,-0.028682053089141846,1.0,1.0
18,eval,431,22057,0.21074450016021729,0.18206626176834106,-0.02867823839187622,1.0,1.0
18,eval,432,22253,1.1308491230010986,1.1594973802566528,0.0286482572555542,1.0,1.0
18,eval,433,3536,0.6369535326957703,0.6655860543251038,0.028632521629333496,1.0,1.0
18,eval,434,2587,0.7737633585929871,0.8023908138275146,0.028627455234527588,1.0,1.0
18,eval,435,11896,0.4613572061061859,0.43273645639419556,-0.028620749711990356,1.0,1.0
18,eval,436,8623,0.43842554092407227,0.40980929136276245,-0.028616249561309814,1.0,1.0
18,eval,437,24045,0.7259374260902405,0.6973379254341125,-0.02859950065612793,1.0,1.0
18,eval,438,12280,0.440421462059021,0.4689895212650299,0.02856805920600891,1.0,1.0
18,eval,439,3682,1.2632644176483154,1.2918261289596558,0.028561711311340332,1.0,1.0
18,eval,440,22161,0.6283919215202332,0.6569395065307617,0.028547585010528564,1.0,1.0
18,eval,441,22413,0.5484760999679565,0.5199291110038757,-0.02854698896408081,1.0,1.0
18,eval,442,7037,2.3212015628814697,2.292661190032959,-0.028540372848510742,1.0,1.0
18,eval,443,2628,0.745213508605957,0.7737374901771545,0.02852398157119751,1.0,1.0
18,eval,444,23121,0.5903965830802917,0.6189102530479431,0.028513669967651367,1.0,1.0
18,eval,445,19576,0.43602609634399414,0.40751907229423523,-0.02850702404975891,1.0,1.0
18,eval,446,28611,0.417079359292984,0.388578861951828,-0.028500497341156006,1.0,1.0
18,eval,447,3566,0.6439526081085205,0.6154629588127136,-0.028489649295806885,1.0,1.0
18,eval,448,10273,0.7907833456993103,0.7623094916343689,-0.028473854064941406,1.0,1.0
18,eval,449,3124,0.31867000460624695,0.34713995456695557,0.028469949960708618,1.0,1.0
18,eval,450,11116,0.3464008867740631,0.3748687505722046,0.02846786379814148,1.0,1.0
18,eval,451,6146,0.33356693387031555,0.3051377534866333,-0.02842918038368225,1.0,1.0
18,eval,452,26601,1.6307554244995117,1.6023424863815308,-0.028412938117980957,1.0,1.0
18,eval,453,11261,0.5099398493766785,0.48156049847602844,-0.028379350900650024,1.0,1.0
18,eval,454,8547,0.8158507943153381,0.8442211747169495,0.028370380401611328,1.0,1.0
18,eval,455,4637,0.7069869041442871,0.7353426218032837,0.028355717658996582,1.0,1.0
18,eval,456,28482,0.3335357904434204,0.30518439412117004,-0.028351396322250366,1.0,1.0
18,eval,457,17822,0.7698617577552795,0.7981986999511719,0.028336942195892334,1.0,1.0
18,eval,458,19604,0.7244646549224854,0.6961299777030945,-0.02833467721939087,1.0,1.0
18,eval,459,9679,0.7916495203971863,0.7633169293403625,-0.02833259105682373,1.0,1.0
18,eval,460,20714,0.6093379855155945,0.5810143947601318,-0.028323590755462646,1.0,1.0
18,eval,461,12738,0.5482600331306458,0.5199569463729858,-0.028303086757659912,1.0,1.0
18,eval,462,21727,0.33020979166030884,0.30191943049430847,-0.028290361166000366,1.0,1.0
18,eval,463,18088,0.6636268496513367,0.6353365778923035,-0.028290271759033203,1.0,1.0
18,eval,464,20547,0.9022278785705566,0.9304578304290771,0.028229951858520508,1.0,1.0
18,eval,465,6058,0.5230954885482788,0.4948665201663971,-0.028228968381881714,1.0,1.0
18,eval,466,4757,0.3388831317424774,0.3670991063117981,0.02821597456932068,1.0,1.0
18,eval,467,10104,0.5698015093803406,0.541592001914978,-0.02820950746536255,1.0,1.0
18,eval,468,27437,0.8229014873504639,0.8511073589324951,0.02820587158203125,1.0,1.0
18,eval,469,23767,0.9157392382621765,0.9439297914505005,0.028190553188323975,1.0,1.0
18,eval,470,3163,0.5557735562324524,0.527610719203949,-0.028162837028503418,1.0,1.0
18,eval,471,11771,0.4512687027454376,0.4794165790081024,0.028147876262664795,1.0,1.0
18,eval,472,11430,0.626402735710144,0.6545258164405823,0.028123080730438232,1.0,1.0
18,eval,473,14862,0.4969067871570587,0.4687936007976532,-0.028113186359405518,1.0,1.0
18,eval,474,19999,0.6831331253051758,0.7112386226654053,0.028105497360229492,1.0,1.0
18,eval,475,11303,0.639072597026825,0.6109788417816162,-0.02809375524520874,1.0,1.0
18,eval,476,19566,0.4931095838546753,0.4650213420391083,-0.028088241815567017,1.0,1.0
18,eval,477,1545,0.26733583211898804,0.2392534464597702,-0.028082385659217834,1.0,1.0
18,eval,478,12213,0.536220908164978,0.5081871151924133,-0.028033792972564697,1.0,1.0
18,eval,479,23179,0.6994008421897888,0.6713825464248657,-0.028018295764923096,1.0,1.0
18,eval,480,15747,0.5033096671104431,0.5313206315040588,0.028010964393615723,1.0,1.0
18,eval,481,25734,0.7455965876579285,0.7175910472869873,-0.028005540370941162,1.0,1.0
18,eval,482,25830,0.46343091130256653,0.4354415833950043,-0.027989327907562256,1.0,1.0
18,eval,483,9714,0.9085822701454163,0.8806004524230957,-0.027981817722320557,1.0,1.0
18,eval,484,22742,0.799262285232544,0.7713167667388916,-0.027945518493652344,1.0,1.0
18,eval,485,18946,0.6422415375709534,0.6143041253089905,-0.02793741226196289,1.0,1.0
18,eval,486,16076,1.1395155191421509,1.1674392223358154,0.02792370319366455,1.0,1.0
18,eval,487,25692,0.9060195088386536,0.8781072497367859,-0.027912259101867676,1.0,1.0
18,eval,488,24467,0.6292101740837097,0.6013156175613403,-0.027894556522369385,1.0,1.0
18,eval,489,17909,0.35200390219688416,0.37989771366119385,0.027893811464309692,1.0,1.0
18,eval,490,22942,0.7655492424964905,0.7934296131134033,0.027880370616912842,1.0,1.0
18,eval,491,24702,0.3851753771305084,0.35733020305633545,-0.027845174074172974,1.0,1.0
18,eval,492,16961,0.5366494655609131,0.5088210701942444,-0.0278283953666687,1.0,1.0
18,eval,493,27974,0.6490203738212585,0.6768459677696228,0.027825593948364258,1.0,1.0
18,eval,494,11686,0.4114392101764679,0.439245343208313,0.027806133031845093,1.0,1.0
18,eval,495,8020,0.5693181753158569,0.5415160655975342,-0.027802109718322754,1.0,1.0
18,eval,496,19271,0.3557523190975189,0.3279702067375183,-0.02778211236000061,1.0,1.0
18,eval,497,16985,0.37238645553588867,0.34460631012916565,-0.027780145406723022,1.0,1.0
18,eval,498,26991,0.8435450196266174,0.8157700896263123,-0.027774930000305176,1.0,1.0
18,eval,499,6054,0.4635896384716034,0.49135759472846985,0.027767956256866455,1.0,1.0
18,eval,500,17602,0.4107224941253662,0.3829648494720459,-0.027757644653320312,1.0,1.0
